Step,PotEng,Press,KinEng,Temp,Lx,Ly,Lz,Pxx,Pyy,Pzz,SPCPU,Density
2971.0,186.69271,5419.7883,3948.8281,250.0,106.89119,106.89119,106.89119,5460.8603,5376.2733,5422.2314,0.0,1.6966378
3000.0,2890.7285,6040.7547,3681.0574,233.04746,106.89119,106.89119,106.89119,6099.4955,5982.7041,6040.0644,307.01517,1.6966378
4000.0,4020.0071,6410.113,4001.5409,253.33724,106.89119,106.89119,106.89119,6490.1979,6331.409,6408.7321,365.46404,1.6966378
5000.0,4117.4572,6428.3724,3967.696,251.19453,106.89119,106.89119,106.89119,6527.459,6366.7583,6390.8999,383.01615,1.6966378
6000.0,4060.2817,6392.8254,3934.0307,249.06318,106.89119,106.89119,106.89119,6409.5706,6391.0857,6377.8199,366.95281,1.6966378
7000.0,4094.8636,6413.8546,3988.8227,252.53205,106.89119,106.89119,106.89119,6464.3258,6373.3488,6403.8892,358.58351,1.6966378
8000.0,4175.0614,6458.9068,4046.6118,256.19068,106.89119,106.89119,106.89119,6512.0386,6417.0113,6447.6707,371.40454,1.6966378
9000.0,4136.6141,6440.2255,3975.9678,251.71821,106.89119,106.89119,106.89119,6405.367,6423.5566,6491.7529,360.38767,1.6966378
10000.0,4091.1581,6412.9702,4017.6994,254.36024,106.89119,106.89119,106.89119,6460.6542,6396.5715,6381.6848,349.73326,1.6966378
11000.0,4138.4958,6402.7355,3951.7732,250.18645,106.89119,106.89119,106.89119,6456.9009,6381.0284,6370.2772,356.54244,1.6966378
12000.0,3987.7645,6404.2268,4024.7414,254.80606,106.89119,106.89119,106.89119,6396.1643,6353.0451,6463.4708,372.18745,1.6966378
13000.0,4028.6107,6432.3821,4005.0146,253.55716,106.89119,106.89119,106.89119,6469.8067,6437.1218,6390.2177,361.93125,1.6966378
14000.0,4000.1995,6415.3668,3947.5556,249.91943,106.89119,106.89119,106.89119,6458.3516,6366.6885,6421.0601,352.14456,1.6966378
15000.0,3914.4598,6376.0791,3918.813,248.09975,106.89119,106.89119,106.89119,6335.8111,6342.6111,6449.8152,357.36497,1.6966378
16000.0,4031.2452,6406.3797,3937.7686,249.29982,106.89119,106.89119,106.89119,6453.4393,6392.9309,6372.7688,363.04912,1.6966378
17000.0,3916.3078,6381.0604,3888.1362,246.1576,106.89119,106.89119,106.89119,6417.6591,6331.3915,6394.1305,375.91948,1.6966378
18000.0,3923.1026,6384.1827,3905.2669,247.24214,106.89119,106.89119,106.89119,6423.7751,6392.2259,6336.5471,355.71295,1.6966378
19000.0,3935.0628,6373.9349,4005.132,253.5646,106.89119,106.89119,106.89119,6380.2413,6380.3744,6361.1889,352.71274,1.6966378
20000.0,3893.2364,6311.5562,3907.0983,247.35809,106.89119,106.89119,106.89119,6290.2994,6316.9394,6327.4298,343.74919,1.6966378
21000.0,3942.3737,6345.5344,3923.3244,248.38536,106.89119,106.89119,106.89119,6409.4239,6326.7948,6300.3845,328.09718,1.6966378
22000.0,3865.5187,6343.1076,3931.8811,248.92709,106.89119,106.89119,106.89119,6380.0403,6283.4001,6365.8824,352.01127,1.6966378
23000.0,3903.5027,6361.8151,3950.2674,250.09112,106.89119,106.89119,106.89119,6348.1423,6413.0451,6324.258,359.94243,1.6966378
24000.0,3859.4831,6362.7213,3981.2813,252.05461,106.89119,106.89119,106.89119,6325.2532,6386.7769,6376.1339,366.74221,1.6966378
25000.0,3833.8967,6346.0969,3986.4177,252.37979,106.89119,106.89119,106.89119,6358.9509,6334.3199,6345.0198,337.88967,1.6966378
26000.0,3892.7157,6353.2855,3863.9985,244.62944,106.89119,106.89119,106.89119,6301.9542,6331.6471,6426.2554,374.53249,1.6966378
27000.0,3809.4065,6336.5132,3913.0461,247.73465,106.89119,106.89119,106.89119,6289.6129,6402.5184,6317.4084,393.07226,1.6966378
28000.0,3834.7839,6308.5377,3972.389,251.49164,106.89119,106.89119,106.89119,6317.2168,6276.114,6332.2822,387.5131,1.6966378
29000.0,3726.9618,6326.9,3979.2809,251.92796,106.89119,106.89119,106.89119,6318.9483,6283.0301,6378.7215,407.53821,1.6966378
30000.0,3870.9595,6365.7551,3973.1206,251.53795,106.89119,106.89119,106.89119,6393.8133,6323.8289,6379.623,394.51226,1.6966378
31000.0,3880.8806,6351.4814,4060.9736,257.09992,106.89119,106.89119,106.89119,6337.5594,6394.8505,6322.0343,393.12535,1.6966378
32000.0,3775.8409,6324.7464,4034.1196,255.3998,106.89119,106.89119,106.89119,6396.6057,6241.2664,6336.3673,397.82949,1.6966378
33000.0,3734.1693,6299.0091,3986.4712,252.38318,106.89119,106.89119,106.89119,6260.6542,6298.3722,6338.0008,393.9521,1.6966378
34000.0,3717.1752,6313.6277,3908.9052,247.47248,106.89119,106.89119,106.89119,6320.4542,6307.0097,6313.4192,349.08996,1.6966378
35000.0,3740.65,6313.484,3939.5486,249.41252,106.89119,106.89119,106.89119,6317.4877,6299.8319,6323.1323,351.99024,1.6966378
36000.0,3827.1827,6302.6144,3921.2607,248.25471,106.89119,106.89119,106.89119,6304.7355,6280.5122,6322.5954,383.12138,1.6966378
37000.0,3765.953,6314.1503,3934.9894,249.12387,106.89119,106.89119,106.89119,6296.673,6286.1001,6359.6777,372.66804,1.6966378
38000.0,3654.8237,6272.2796,3967.5185,251.18329,106.89119,106.89119,106.89119,6363.0489,6231.8603,6221.9296,351.15219,1.6966378
39000.0,3714.9673,6298.0726,3944.689,249.73795,106.89119,106.89119,106.89119,6320.3842,6300.9914,6272.8423,352.25433,1.6966378
40000.0,3763.309,6304.4802,3989.6109,252.58196,106.89119,106.89119,106.89119,6305.7784,6253.8453,6353.8169,334.19411,1.6966378
41000.0,3744.8246,6303.5682,4019.0854,254.44798,106.89119,106.89119,106.89119,6376.075,6238.2707,6296.3588,333.70841,1.6966378
42000.0,3688.6761,6266.9682,3863.003,244.56642,106.89119,106.89119,106.89119,6284.6301,6247.9329,6268.3415,338.73665,1.6966378
43000.0,3762.1096,6279.6305,3872.842,245.18933,106.89119,106.89119,106.89119,6330.2545,6212.9676,6295.6694,379.35074,1.6966378
44000.0,3780.9339,6324.9271,3912.7181,247.71388,106.89119,106.89119,106.89119,6319.0699,6273.1625,6382.5488,370.88255,1.6966378
45000.0,3691.1388,6312.7075,4002.4813,253.39678,106.89119,106.89119,106.89119,6316.829,6312.5508,6308.7428,367.94696,1.6966378
46000.0,3622.7522,6288.2189,4030.5359,255.17291,106.89119,106.89119,106.89119,6304.5742,6249.9851,6310.0974,380.33152,1.6966378
47000.0,3669.4907,6278.2619,3898.9277,246.84081,106.89119,106.89119,106.89119,6281.1427,6211.4015,6342.2416,373.57419,1.6966378
48000.0,3584.7159,6257.7099,3925.5246,248.52466,106.89119,106.89119,106.89119,6304.5135,6173.2342,6295.382,347.95049,1.6966378
49000.0,3625.4237,6276.9595,3952.7211,250.24646,106.89119,106.89119,106.89119,6287.5567,6171.8073,6371.5144,391.98084,1.6966378
50000.0,3576.195,6233.7385,3930.298,248.82686,106.89119,106.89119,106.89119,6190.3777,6252.4289,6258.4088,350.41612,1.6966378
51000.0,3644.7127,6295.9462,3961.0647,250.7747,106.89119,106.89119,106.89119,6303.4076,6306.7736,6277.6574,359.57362,1.6966378
52000.0,3619.1567,6266.2932,3825.85,242.21427,106.89119,106.89119,106.89119,6293.3535,6244.0391,6261.4869,378.29076,1.6966378
53000.0,3569.4785,6251.3098,3944.1821,249.70586,106.89119,106.89119,106.89119,6247.806,6278.0403,6228.0831,353.18792,1.6966378
54000.0,3571.6543,6259.6332,3923.1289,248.37298,106.89119,106.89119,106.89119,6260.6807,6221.2676,6296.9512,342.55657,1.6966378
55000.0,3573.3899,6255.4929,3951.4813,250.16797,106.89119,106.89119,106.89119,6281.0966,6224.5577,6260.8245,324.72783,1.6966378
56000.0,3512.531,6246.3749,3968.62,251.25302,106.89119,106.89119,106.89119,6191.0812,6248.8498,6299.1936,341.16098,1.6966378
57000.0,3619.3289,6280.4953,4034.8175,255.44398,106.89119,106.89119,106.89119,6229.1271,6281.8992,6330.4595,342.39095,1.6966378
58000.0,3585.2586,6251.8474,3910.7665,247.59032,106.89119,106.89119,106.89119,6200.9559,6245.2371,6309.3491,347.9322,1.6966378
59000.0,3481.0018,6243.0673,3922.1033,248.30805,106.89119,106.89119,106.89119,6152.5526,6255.1615,6321.4876,352.58933,1.6966378
60000.0,3576.7821,6249.3771,3983.7112,252.20844,106.89119,106.89119,106.89119,6122.6101,6269.5683,6355.9529,353.83335,1.6966378
61000.0,3599.0653,6267.4203,3938.2953,249.33317,106.89119,106.89119,106.89119,6200.1071,6290.4156,6311.7382,375.07004,1.6966378
62000.0,3440.8767,6222.0159,3904.0054,247.16228,106.89119,106.89119,106.89119,6168.9442,6238.473,6258.6306,351.40669,1.6966378
63000.0,3592.3849,6262.3098,3882.9413,245.82871,106.89119,106.89119,106.89119,6257.8595,6247.7586,6281.3114,353.49862,1.6966378
64000.0,3554.3399,6247.1139,3973.514,251.56286,106.89119,106.89119,106.89119,6177.7985,6208.864,6354.6793,391.8379,1.6966378
65000.0,3507.8972,6239.3724,3871.2516,245.08864,106.89119,106.89119,106.89119,6251.9804,6218.3672,6247.7697,390.29854,1.6966378
66000.0,3534.3808,6257.1689,3940.109,249.44799,106.89119,106.89119,106.89119,6245.9855,6208.3885,6317.1326,348.7684,1.6966378
67000.0,3542.5323,6273.6882,4026.3237,254.90624,106.89119,106.89119,106.89119,6234.6959,6261.4751,6324.8935,339.26992,1.6966378
68000.0,3524.0217,6235.0453,3886.5466,246.05696,106.89119,106.89119,106.89119,6240.4923,6188.0243,6276.6193,349.11859,1.6966378
69000.0,3586.5565,6263.0686,4001.6071,253.34143,106.89119,106.89119,106.89119,6248.2462,6231.3152,6309.6444,335.37241,1.6966378
70000.0,3574.3553,6264.2379,3991.3996,252.69519,106.89119,106.89119,106.89119,6207.9528,6270.0901,6314.6708,334.43732,1.6966378
71000.0,3507.5036,6224.5487,3918.4233,248.07507,106.89119,106.89119,106.89119,6218.0804,6173.4294,6282.1362,337.80724,1.6966378
72000.0,3504.4931,6251.537,4018.1435,254.38835,106.89119,106.89119,106.89119,6244.5185,6184.4405,6325.6521,367.37526,1.6966378
73000.0,3583.2712,6277.3507,3921.5937,248.27579,106.89119,106.89119,106.89119,6237.2095,6241.4921,6353.3504,349.80385,1.6966378
74000.0,3449.8015,6215.2906,3966.7683,251.13579,106.89119,106.89119,106.89119,6156.6687,6206.6602,6282.5428,389.31618,1.6966378
75000.0,3523.6885,6247.7525,3827.7247,242.33295,106.89119,106.89119,106.89119,6241.7034,6206.4188,6295.1353,392.28125,1.6966378
76000.0,3530.3361,6245.3603,3942.5926,249.60523,106.89119,106.89119,106.89119,6249.4643,6224.6302,6261.9863,352.20652,1.6966378
77000.0,3401.0526,6214.9722,3947.9824,249.94646,106.89119,106.89119,106.89119,6213.1305,6220.6559,6211.1302,326.67773,1.6966378
78000.0,3371.0189,6208.0044,3961.6521,250.81189,106.89119,106.89119,106.89119,6190.4001,6160.3219,6273.2913,381.29971,1.6966378
79000.0,3462.3739,6251.345,3922.1847,248.31321,106.89119,106.89119,106.89119,6262.4975,6220.073,6271.4645,362.51866,1.6966378
80000.0,3369.2465,6202.1818,3963.2854,250.91529,106.89119,106.89119,106.89119,6169.7644,6177.8633,6258.9175,355.29197,1.6966378
81000.0,3416.8749,6195.96,3898.5294,246.81559,106.89119,106.89119,106.89119,6235.8763,6142.9766,6209.027,368.35854,1.6966378
82000.0,3422.2712,6200.5519,3956.3254,250.47465,106.89119,106.89119,106.89119,6158.9151,6170.312,6272.4285,340.7064,1.6966378
83000.0,3352.5834,6199.5247,3868.3928,244.90765,106.89119,106.89119,106.89119,6183.7041,6196.2545,6218.6155,343.5495,1.6966378
84000.0,3403.2111,6218.8787,3979.3995,251.93547,106.89119,106.89119,106.89119,6209.3592,6182.6338,6264.643,348.71494,1.6966378
85000.0,3345.1805,6213.8997,4047.7309,256.26153,106.89119,106.89119,106.89119,6220.4607,6248.7986,6172.4398,341.05108,1.6966378
86000.0,3396.0596,6225.1907,3961.7577,250.81857,106.89119,106.89119,106.89119,6214.6901,6209.7803,6251.1018,351.47442,1.6966378
87000.0,3291.8124,6199.9659,3960.0403,250.70985,106.89119,106.89119,106.89119,6163.0471,6223.2949,6213.5557,345.28209,1.6966378
88000.0,3331.7973,6222.2067,3987.2343,252.43149,106.89119,106.89119,106.89119,6199.8886,6199.1692,6267.5623,339.6349,1.6966378
89000.0,3370.3658,6236.3053,4027.5766,254.98556,106.89119,106.89119,106.89119,6218.6168,6220.1267,6270.1723,347.8075,1.6966378
90000.0,3411.4082,6248.7106,4010.5117,253.90518,106.89119,106.89119,106.89119,6286.3275,6218.9884,6240.8158,348.3915,1.6966378
91000.0,3316.1876,6212.6694,3892.6025,246.44036,106.89119,106.89119,106.89119,6186.4869,6201.4375,6250.0839,357.33124,1.6966378
92000.0,3361.5005,6210.5339,3886.6337,246.06248,106.89119,106.89119,106.89119,6218.6138,6199.8187,6213.1692,347.93433,1.6966378
93000.0,3284.447,6197.844,3973.0412,251.53293,106.89119,106.89119,106.89119,6172.5967,6197.0578,6223.8774,366.4236,1.6966378
94000.0,3308.6381,6197.1809,4012.3484,254.02147,106.89119,106.89119,106.89119,6147.2022,6190.0898,6254.2505,331.13066,1.6966378
95000.0,3226.4207,6195.2507,3956.5588,250.48943,106.89119,106.89119,106.89119,6163.3535,6192.4765,6229.9222,349.27872,1.6966378
96000.0,3246.9179,6204.1674,3948.0146,249.9485,106.89119,106.89119,106.89119,6209.534,6193.5036,6209.4647,362.46748,1.6966378
97000.0,3174.8218,6154.4974,3985.8953,252.34672,106.89119,106.89119,106.89119,6114.5998,6148.9516,6199.9409,365.37217,1.6966378
98000.0,3291.095,6204.9436,3956.1549,250.46386,106.89119,106.89119,106.89119,6195.8166,6178.0435,6240.9706,354.04019,1.6966378
99000.0,3273.8236,6184.2184,3837.3557,242.94269,106.89119,106.89119,106.89119,6150.1467,6187.3656,6215.1429,373.8933,1.6966378
100000.0,3307.8367,6208.1897,3912.16,247.67854,106.89119,106.89119,106.89119,6170.3361,6160.1369,6294.0961,360.30747,1.6966378
101000.0,3239.6197,6202.6174,3977.7489,251.83097,106.89119,106.89119,106.89119,6195.7366,6174.9711,6237.1447,365.69568,1.6966378
102000.0,3208.476,6176.6846,3898.7663,246.83059,106.89119,106.89119,106.89119,6181.7147,6174.4203,6173.919,344.51074,1.6966378
103000.0,3260.1497,6180.5792,3860.4142,244.40252,106.89119,106.89119,106.89119,6175.3525,6152.2709,6214.1142,340.94624,1.6966378
104000.0,3240.0548,6211.7525,4016.9822,254.31483,106.89119,106.89119,106.89119,6214.9021,6163.5507,6256.8048,350.32417,1.6966378
105000.0,3126.4629,6150.8897,3954.5942,250.36505,106.89119,106.89119,106.89119,6144.8314,6164.8708,6142.967,354.7932,1.6966378
106000.0,3152.7274,6179.5178,3941.8764,249.55989,106.89119,106.89119,106.89119,6184.2494,6138.2627,6216.0412,334.01565,1.6966378
107000.0,3177.7609,6184.489,3984.2748,252.24413,106.89119,106.89119,106.89119,6172.1363,6130.4265,6250.9042,338.30305,1.6966378
108000.0,3196.7608,6131.2334,3932.3674,248.95787,106.89119,106.89119,106.89119,6150.219,6091.3187,6152.1626,360.43236,1.6966378
109000.0,3197.469,6165.2188,3961.8433,250.82399,106.89119,106.89119,106.89119,6174.0297,6135.9846,6185.6422,384.39258,1.6966378
110000.0,3225.5682,6151.3532,3970.4498,251.36887,106.89119,106.89119,106.89119,6145.2837,6136.6147,6172.1612,379.73576,1.6966378
111000.0,3200.3449,6173.4243,3964.667,251.00276,106.89119,106.89119,106.89119,6194.0793,6179.6677,6146.526,384.77818,1.6966378
112000.0,3162.5203,6172.8114,3944.954,249.75473,106.89119,106.89119,106.89119,6163.2945,6177.3205,6177.8191,380.61203,1.6966378
113000.0,3241.3037,6179.1342,4007.2072,253.69598,106.89119,106.89119,106.89119,6192.8956,6132.6435,6211.8635,382.7819,1.6966378
114000.0,3226.5215,6193.376,3970.3851,251.36477,106.89119,106.89119,106.89119,6223.7831,6161.574,6194.771,371.14635,1.6966378
115000.0,3138.948,6154.0715,3937.5889,249.28845,106.89119,106.89119,106.89119,6164.2169,6152.404,6145.5937,372.86327,1.6966378
116000.0,3140.8014,6164.8723,3924.1845,248.43981,106.89119,106.89119,106.89119,6174.7759,6154.1927,6165.6484,367.66974,1.6966378
117000.0,3234.6377,6156.6076,4011.3976,253.96127,106.89119,106.89119,106.89119,6156.5499,6161.5865,6151.6865,381.68211,1.6966378
118000.0,3093.8629,6123.4102,3951.3289,250.15832,106.89119,106.89119,106.89119,6049.7995,6149.3146,6171.1166,386.97239,1.6966378
119000.0,3060.2896,6153.2858,3947.2847,249.90229,106.89119,106.89119,106.89119,6158.8101,6155.3046,6145.7428,334.62922,1.6966378
120000.0,3178.4074,6167.2336,3973.1118,251.5374,106.89119,106.89119,106.89119,6202.5483,6101.2059,6197.9465,363.63927,1.6966378
121000.0,3099.1627,6136.434,3984.326,252.24737,106.89119,106.89119,106.89119,6197.0113,6050.3659,6161.9249,349.7912,1.6966378
122000.0,3113.1021,6143.7807,3957.1096,250.5243,106.89119,106.89119,106.89119,6186.8919,6103.0404,6141.4098,368.14437,1.6966378
123000.0,3097.8796,6136.1563,3964.8359,251.01345,106.89119,106.89119,106.89119,6142.8491,6077.6454,6187.9743,377.56307,1.6966378
124000.0,3148.5698,6141.2475,3921.1251,248.24613,106.89119,106.89119,106.89119,6228.4027,6078.4899,6116.8498,378.58527,1.6966378
125000.0,3213.7603,6143.5438,3973.9661,251.59149,106.89119,106.89119,106.89119,6224.9419,6023.2803,6182.4092,367.14597,1.6966378
126000.0,3120.0419,6146.7725,3964.2566,250.97678,106.89119,106.89119,106.89119,6190.6074,6139.214,6110.4962,371.80549,1.6966378
127000.0,3103.6207,6150.6273,3958.0225,250.58209,106.89119,106.89119,106.89119,6165.3764,6067.9382,6218.5674,339.39952,1.6966378
128000.0,3089.6437,6124.7824,3922.7911,248.3516,106.89119,106.89119,106.89119,6134.4195,6087.1043,6152.8234,362.6583,1.6966378
129000.0,3143.053,6151.9029,3927.0524,248.62138,106.89119,106.89119,106.89119,6156.2551,6080.9873,6218.4664,350.52678,1.6966378
130000.0,3019.221,6086.0816,3931.9455,248.93116,106.89119,106.89119,106.89119,6098.6806,6065.6687,6093.8954,359.55385,1.6966378
131000.0,3075.3189,6121.2035,3952.3278,250.22157,106.89119,106.89119,106.89119,6178.2958,6094.1224,6091.1924,363.40586,1.6966378
132000.0,3071.0815,6125.527,3870.188,245.0213,106.89119,106.89119,106.89119,6145.5091,6101.9743,6129.0977,356.23684,1.6966378
133000.0,3111.4153,6162.844,3987.3432,252.43839,106.89119,106.89119,106.89119,6144.6467,6193.4394,6150.4458,344.48227,1.6966378
134000.0,3163.3077,6180.8502,3950.0841,250.07951,106.89119,106.89119,106.89119,6191.4434,6191.9714,6159.1359,374.04674,1.6966378
135000.0,3072.1002,6132.6683,3942.9667,249.62892,106.89119,106.89119,106.89119,6143.1855,6120.2961,6134.5233,362.84805,1.6966378
136000.0,3044.142,6155.635,4061.8114,257.15296,106.89119,106.89119,106.89119,6201.2814,6144.6453,6120.9783,350.32393,1.6966378
137000.0,3060.4314,6111.4318,3918.839,248.10139,106.89119,106.89119,106.89119,6142.7447,6076.2941,6115.2564,350.99907,1.6966378
138000.0,3039.8842,6105.5536,4013.6919,254.10652,106.89119,106.89119,106.89119,6144.7817,6063.758,6108.1211,333.68598,1.6966378
139000.0,3128.8491,6159.2624,3958.0191,250.58188,106.89119,106.89119,106.89119,6189.1407,6124.553,6164.0936,349.43014,1.6966378
140000.0,3025.6983,6143.9614,3979.0882,251.91577,106.89119,106.89119,106.89119,6134.0413,6163.383,6134.4599,351.44739,1.6966378
141000.0,3056.1137,6141.9138,3937.8678,249.3061,106.89119,106.89119,106.89119,6137.2705,6103.7526,6184.7183,353.86471,1.6966378
142000.0,3101.6738,6148.1285,3969.8179,251.32886,106.89119,106.89119,106.89119,6136.2255,6149.4841,6158.6761,325.3352,1.6966378
143000.0,3044.5416,6129.7751,3973.5504,251.56516,106.89119,106.89119,106.89119,6125.1864,6089.5451,6174.594,365.57392,1.6966378
144000.0,3001.406,6111.3007,3966.6705,251.1296,106.89119,106.89119,106.89119,6204.7462,6032.2517,6096.9042,364.2237,1.6966378
145000.0,3006.5528,6112.003,4006.15,253.62905,106.89119,106.89119,106.89119,6169.7446,6062.5372,6103.7272,361.25115,1.6966378
146000.0,3009.775,6123.8768,3917.49,248.01599,106.89119,106.89119,106.89119,6163.5294,6077.9926,6130.1084,343.46623,1.6966378
147000.0,3032.1649,6118.8831,3909.2338,247.49329,106.89119,106.89119,106.89119,6126.1328,6097.1688,6133.3477,349.28369,1.6966378
148000.0,3065.1096,6124.3726,3953.894,250.32072,106.89119,106.89119,106.89119,6125.9399,6128.773,6118.405,375.87537,1.6966378
149000.0,2983.8954,6114.8304,4024.195,254.77147,106.89119,106.89119,106.89119,6155.8108,6101.507,6087.1734,348.72924,1.6966378
150000.0,2995.7554,6119.369,3966.5511,251.12204,106.89119,106.89119,106.89119,6144.9807,6100.9793,6112.1469,387.02762,1.6966378
151000.0,3049.281,6148.0172,3975.3423,251.67861,106.89119,106.89119,106.89119,6168.8108,6178.5432,6096.6976,335.5902,1.6966378
152000.0,2989.1748,6091.841,3966.0044,251.08743,106.89119,106.89119,106.89119,6125.0227,6044.8999,6105.6004,344.12855,1.6966378
153000.0,2993.6111,6116.2458,3976.8551,251.77438,106.89119,106.89119,106.89119,6095.3831,6077.0629,6176.2913,345.80684,1.6966378
154000.0,3049.5009,6116.6894,3880.6108,245.68116,106.89119,106.89119,106.89119,6117.1981,6087.4051,6145.4651,359.01463,1.6966378
155000.0,2961.0701,6103.0856,3989.4346,252.5708,106.89119,106.89119,106.89119,6106.4657,6090.1452,6112.6459,348.30806,1.6966378
156000.0,2942.5013,6104.2235,3921.2127,248.25167,106.89119,106.89119,106.89119,6145.1219,6084.887,6082.6616,346.38961,1.6966378
157000.0,2981.3857,6095.0697,3980.1175,251.98093,106.89119,106.89119,106.89119,6104.5158,6058.5657,6122.1277,338.10738,1.6966378
158000.0,2950.0198,6103.3645,4027.2705,254.96618,106.89119,106.89119,106.89119,6088.3604,6085.8323,6135.9009,365.65228,1.6966378
159000.0,3055.5934,6131.5404,3919.7065,248.15631,106.89119,106.89119,106.89119,6180.0421,6054.7184,6159.8607,363.5579,1.6966378
160000.0,2959.3956,6092.6717,3965.6143,251.06273,106.89119,106.89119,106.89119,6029.9862,6125.9018,6122.1272,363.04674,1.6966378
161000.0,2907.1687,6074.6399,3986.7495,252.4008,106.89119,106.89119,106.89119,6082.993,6081.1893,6059.7375,344.91328,1.6966378
162000.0,2882.2794,6059.992,3912.6404,247.70896,106.89119,106.89119,106.89119,6112.8688,6029.6393,6037.4678,375.64171,1.6966378
163000.0,3099.0757,6140.1879,3942.1791,249.57905,106.89119,106.89119,106.89119,6183.0524,6077.2574,6160.2539,403.95352,1.6966378
164000.0,2932.5597,6085.4354,3955.2304,250.40533,106.89119,106.89119,106.89119,6123.9899,6091.7368,6040.5795,383.57413,1.6966378
165000.0,3014.1221,6097.3078,3901.9526,247.03232,106.89119,106.89119,106.89119,6102.2072,6076.7587,6112.9573,362.40162,1.6966378
166000.0,2969.6157,6087.561,3919.9944,248.17454,106.89119,106.89119,106.89119,6087.1442,6068.2534,6107.2854,360.84542,1.6966378
167000.0,3074.1891,6125.3181,3973.0737,251.53499,106.89119,106.89119,106.89119,6088.7708,6100.7122,6186.4714,343.74927,1.6966378
168000.0,2933.7765,6094.5567,3951.6122,250.17626,106.89119,106.89119,106.89119,6192.3275,6034.7436,6056.599,357.34464,1.6966378
169000.0,2931.6357,6078.4842,3934.9186,249.11939,106.89119,106.89119,106.89119,6103.1928,6015.5945,6116.6652,393.05018,1.6966378
170000.0,3002.2106,6125.2083,3963.9111,250.9549,106.89119,106.89119,106.89119,6125.1218,6116.3794,6134.1236,384.96632,1.6966378
171000.0,2956.5836,6093.0226,3938.53,249.34803,106.89119,106.89119,106.89119,6144.3018,6059.3467,6075.4192,362.09204,1.6966378
172000.0,3020.7006,6096.5798,3991.6784,252.71285,106.89119,106.89119,106.89119,6097.5518,6082.3825,6109.8052,366.15824,1.6966378
173000.0,2969.8313,6110.1009,3975.8643,251.71166,106.89119,106.89119,106.89119,6130.858,6109.051,6090.3937,367.07205,1.6966378
174000.0,2979.0021,6092.9855,3903.0042,247.09889,106.89119,106.89119,106.89119,6067.5266,6076.6992,6134.7306,351.69362,1.6966378
175000.0,3007.8159,6101.4769,3978.8095,251.89812,106.89119,106.89119,106.89119,6102.9102,6118.517,6083.0037,353.77015,1.6966378
176000.0,2987.8968,6113.7345,3893.2482,246.48124,106.89119,106.89119,106.89119,6125.6959,6096.5483,6118.9593,370.45062,1.6966378
177000.0,2995.6423,6091.5681,3987.2945,252.43531,106.89119,106.89119,106.89119,6068.398,6105.9715,6100.3348,358.29772,1.6966378
178000.0,2978.032,6089.2343,4007.4369,253.71052,106.89119,106.89119,106.89119,6086.26,6070.922,6110.5208,388.41672,1.6966378
179000.0,2946.7442,6119.1262,3993.7326,252.8429,106.89119,106.89119,106.89119,6071.2772,6125.2892,6160.8121,390.22627,1.6966378
180000.0,2939.2279,6097.6199,3995.4772,252.95335,106.89119,106.89119,106.89119,6112.0989,6038.5152,6142.2454,361.87462,1.6966378
181000.0,2933.6216,6089.292,3999.3907,253.20112,106.89119,106.89119,106.89119,6103.0296,6073.2001,6091.6463,353.29225,1.6966378
182000.0,2918.9235,6074.0439,3926.987,248.61724,106.89119,106.89119,106.89119,6103.8444,6059.9417,6058.3455,346.48406,1.6966378
183000.0,2992.931,6093.0921,3864.6402,244.67007,106.89119,106.89119,106.89119,6129.1903,6079.656,6070.4301,350.80386,1.6966378
184000.0,2943.7701,6075.7066,3992.6253,252.7728,106.89119,106.89119,106.89119,6055.0563,6059.8006,6112.2629,362.14754,1.6966378
185000.0,2926.9413,6103.4962,3987.587,252.45382,106.89119,106.89119,106.89119,6143.8827,6072.1655,6094.4403,328.72799,1.6966378
186000.0,2876.3559,6085.5007,3931.5017,248.90306,106.89119,106.89119,106.89119,6087.8116,6133.1242,6035.5664,371.37166,1.6966378
187000.0,2985.8033,6107.0795,3995.1543,252.93291,106.89119,106.89119,106.89119,6048.4568,6118.4897,6154.2921,380.67765,1.6966378
188000.0,2994.8117,6100.9871,3922.1741,248.31254,106.89119,106.89119,106.89119,6116.0186,6126.3497,6060.593,349.98096,1.6966378
189000.0,2922.6791,6089.1349,3971.0316,251.4057,106.89119,106.89119,106.89119,6070.1541,6113.5818,6083.6687,364.26215,1.6966378
190000.0,2994.3128,6127.9714,3973.0836,251.53561,106.89119,106.89119,106.89119,6091.8228,6128.5661,6163.5254,359.05312,1.6966378
191000.0,2979.0546,6113.5385,3939.6217,249.41714,106.89119,106.89119,106.89119,6130.273,6093.6992,6116.6434,368.40554,1.6966378
192000.0,2947.5426,6120.3635,3979.837,251.96317,106.89119,106.89119,106.89119,6077.4715,6127.6828,6155.9362,371.86514,1.6966378
193000.0,2855.4043,6075.1576,3952.0904,250.20654,106.89119,106.89119,106.89119,6100.613,6078.3472,6046.5125,363.62221,1.6966378
194000.0,2890.9295,6060.5473,3920.4737,248.20489,106.89119,106.89119,106.89119,6062.0265,6087.5698,6032.0456,366.71587,1.6966378
195000.0,2993.1801,6090.527,3934.2985,249.08013,106.89119,106.89119,106.89119,6106.2147,6095.4532,6069.9131,376.01622,1.6966378
196000.0,2981.9055,6100.9443,3967.9056,251.2078,106.89119,106.89119,106.89119,6093.8175,6103.4624,6105.5529,358.46166,1.6966378
197000.0,2927.7008,6097.3758,3911.139,247.61391,106.89119,106.89119,106.89119,6116.0726,6079.2892,6096.7656,369.87137,1.6966378
198000.0,2913.9389,6074.7124,3928.2456,248.69693,106.89119,106.89119,106.89119,6054.6918,6122.8634,6046.582,374.55009,1.6966378
199000.0,2886.5394,6080.1972,3947.3604,249.90708,106.89119,106.89119,106.89119,6119.916,6063.8815,6056.794,378.33842,1.6966378
200000.0,2860.4435,6063.634,3944.9066,249.75173,106.89119,106.89119,106.89119,6048.2674,6040.6943,6101.9402,354.56963,1.6966378
201000.0,2949.7241,6093.6943,3918.6422,248.08893,106.89119,106.89119,106.89119,6110.5648,6090.4383,6080.0798,357.48851,1.6966378
202000.0,2849.1218,6055.2134,3861.2671,244.45652,106.89119,106.89119,106.89119,6066.8961,6082.0625,6016.6816,361.46323,1.6966378
203000.0,2955.6687,6103.7604,3918.4416,248.07623,106.89119,106.89119,106.89119,6138.5558,6104.569,6068.1564,361.29732,1.6966378
204000.0,2948.8082,6098.7839,4013.0302,254.06463,106.89119,106.89119,106.89119,6130.6206,6115.0971,6050.634,348.23319,1.6966378
205000.0,2858.0804,6077.3632,3919.7923,248.16175,106.89119,106.89119,106.89119,6113.6591,6063.9577,6054.4727,334.48581,1.6966378
206000.0,2923.9211,6088.7159,4016.7439,254.29974,106.89119,106.89119,106.89119,6127.6983,6085.2024,6053.247,336.39093,1.6966378
207000.0,2891.5572,6058.6369,3846.3584,243.51265,106.89119,106.89119,106.89119,6036.297,6086.598,6053.0156,354.79149,1.6966378
208000.0,2986.935,6106.6159,3979.0329,251.91226,106.89119,106.89119,106.89119,6100.8533,6083.8974,6135.097,388.80094,1.6966378
209000.0,2853.9292,6095.1554,3893.1226,246.47329,106.89119,106.89119,106.89119,6078.9553,6071.9256,6134.5853,379.05112,1.6966378
210000.0,2885.577,6050.4829,3894.9312,246.58779,106.89119,106.89119,106.89119,6018.7062,6054.0909,6078.6516,349.48531,1.6966378
211000.0,2922.4082,6069.7514,4013.4672,254.0923,106.89119,106.89119,106.89119,6111.1828,5986.1085,6111.963,380.9667,1.6966378
212000.0,2874.0113,6065.1935,3968.2336,251.22856,106.89119,106.89119,106.89119,6095.3383,6023.0777,6077.1644,353.04819,1.6966378
213000.0,2873.0949,6086.8203,3986.6479,252.39437,106.89119,106.89119,106.89119,6038.1359,6087.9837,6134.3414,370.73581,1.6966378
214000.0,2850.7978,6045.0867,3930.677,248.85086,106.89119,106.89119,106.89119,6010.8834,6082.3193,6042.0573,379.06612,1.6966378
215000.0,2946.6179,6100.2197,3962.6538,250.8753,106.89119,106.89119,106.89119,6108.6743,6062.0574,6129.9275,381.22753,1.6966378
216000.0,2832.1607,6058.4872,4013.9432,254.12243,106.89119,106.89119,106.89119,6003.3264,6049.3811,6122.7541,382.77427,1.6966378
217000.0,2878.2324,6066.0861,3901.0759,246.97681,106.89119,106.89119,106.89119,6072.2417,6072.7305,6053.2861,368.47867,1.6966378
218000.0,2840.8047,6077.4958,4016.3812,254.27678,106.89119,106.89119,106.89119,6037.7494,6109.2634,6085.4745,348.99638,1.6966378
219000.0,2911.6574,6079.789,3940.24,249.45629,106.89119,106.89119,106.89119,6048.4346,6076.5229,6114.4095,346.8917,1.6966378
220000.0,2898.6211,6047.5009,3878.5236,245.54902,106.89119,106.89119,106.89119,6102.2108,6011.2471,6029.0448,354.96032,1.6966378
221000.0,2919.5591,6094.9822,3938.4585,249.3435,106.89119,106.89119,106.89119,6132.6278,6065.1624,6087.1563,349.13133,1.6966378
222000.0,2876.5688,6060.7335,3908.3699,247.4386,106.89119,106.89119,106.89119,6119.5306,6020.0844,6042.5855,338.20327,1.6966378
223000.0,2854.9217,6063.0837,3999.3569,253.19897,106.89119,106.89119,106.89119,6046.59,6035.3639,6107.2973,334.68629,1.6966378
224000.0,2882.8313,6065.5104,3910.0319,247.54382,106.89119,106.89119,106.89119,6020.9781,6109.131,6066.4222,341.51703,1.6966378
225000.0,2849.8606,6065.2598,3940.8962,249.49783,106.89119,106.89119,106.89119,6079.8733,6001.9672,6113.939,330.28775,1.6966378
226000.0,2809.9308,6058.0688,3878.4357,245.54346,106.89119,106.89119,106.89119,6099.9873,6052.6674,6021.5516,322.79798,1.6966378
227000.0,2851.606,6075.4008,4003.1852,253.44134,106.89119,106.89119,106.89119,6048.9161,6064.3865,6112.8999,328.54904,1.6966378
228000.0,2844.1148,6069.9321,3985.1924,252.30222,106.89119,106.89119,106.89119,6070.6125,6006.1825,6133.0014,332.88145,1.6966378
229000.0,2924.6139,6077.8362,3974.2058,251.60666,106.89119,106.89119,106.89119,6024.1818,6049.4286,6159.8983,369.83567,1.6966378
230000.0,2936.9668,6097.7779,4002.8831,253.42222,106.89119,106.89119,106.89119,6099.6937,6061.9338,6131.7063,378.64472,1.6966378
231000.0,2924.0992,6083.4803,3918.6161,248.08728,106.89119,106.89119,106.89119,5945.5314,6134.8426,6170.0668,352.0504,1.6966378
232000.0,2928.4744,6085.7144,3944.5041,249.72625,106.89119,106.89119,106.89119,6080.9376,6086.7443,6089.4612,335.33039,1.6966378
233000.0,2830.5192,6048.8186,3888.4535,246.17769,106.89119,106.89119,106.89119,6013.8626,6062.3433,6070.2498,333.03675,1.6966378
234000.0,2819.4699,6041.9064,3937.1043,249.25777,106.89119,106.89119,106.89119,5953.5608,6021.9875,6150.171,363.88077,1.6966378
235000.0,2888.1763,6052.6328,3948.3858,249.972,106.89119,106.89119,106.89119,6017.8053,6041.3182,6098.775,362.74738,1.6966378
236000.0,2770.9915,6032.402,3997.217,253.0635,106.89119,106.89119,106.89119,6023.8832,5975.9222,6097.4006,372.00144,1.6966378
237000.0,2816.6835,6021.4855,3976.9104,251.77788,106.89119,106.89119,106.89119,5979.4956,6050.1038,6034.8571,377.06415,1.6966378
238000.0,2862.649,6056.1396,3904.2209,247.17592,106.89119,106.89119,106.89119,6069.0904,5995.0918,6104.2366,381.07616,1.6966378
239000.0,2861.1808,6084.8794,3937.2393,249.26631,106.89119,106.89119,106.89119,6120.9208,6028.3462,6105.3712,384.71205,1.6966378
240000.0,2807.372,6073.9823,3973.8191,251.58218,106.89119,106.89119,106.89119,6086.2695,6079.3289,6056.3484,373.0557,1.6966378
241000.0,2940.5234,6060.7641,3888.3402,246.17052,106.89119,106.89119,106.89119,6067.6703,6056.3233,6058.2986,364.18565,1.6966378
242000.0,2797.2804,6055.2899,3972.2608,251.48352,106.89119,106.89119,106.89119,6071.4407,6041.9412,6052.4877,352.7741,1.6966378
243000.0,2856.3384,6070.5589,3896.8034,246.70632,106.89119,106.89119,106.89119,6049.6799,6112.6529,6049.344,358.28082,1.6966378
244000.0,2815.1733,6076.4726,3910.0482,247.54485,106.89119,106.89119,106.89119,6119.3915,6028.7236,6081.3028,359.62486,1.6966378
245000.0,2720.9702,6050.3526,3903.8366,247.15159,106.89119,106.89119,106.89119,6097.554,6017.5769,6035.9268,380.50195,1.6966378
246000.0,2938.7806,6092.4099,3878.1839,245.52752,106.89119,106.89119,106.89119,6069.1682,6099.2995,6108.7619,332.3142,1.6966378
247000.0,2787.0959,6046.362,3957.5859,250.55445,106.89119,106.89119,106.89119,6007.5396,6023.176,6108.3704,334.71111,1.6966378
248000.0,2897.0494,6073.1129,3919.4684,248.14124,106.89119,106.89119,106.89119,6066.7963,6049.5459,6102.9964,328.66921,1.6966378
249000.0,2801.3689,6078.6503,3935.9726,249.18612,106.89119,106.89119,106.89119,6083.8042,6050.5126,6101.6341,353.2985,1.6966378
250000.0,2843.9719,6057.137,3936.7841,249.23749,106.89119,106.89119,106.89119,6082.1954,6003.8048,6085.4107,355.45503,1.6966378
251000.0,2787.0713,6063.3621,3915.0384,247.86078,106.89119,106.89119,106.89119,6045.1253,6020.7845,6124.1764,354.59691,1.6966378
252000.0,2780.7653,6038.6468,3957.7007,250.56172,106.89119,106.89119,106.89119,6039.7644,6038.2081,6037.9678,383.8163,1.6966378
253000.0,2873.1807,6077.318,3989.5169,252.57601,106.89119,106.89119,106.89119,6095.3352,6042.6318,6093.9871,376.8372,1.6966378
254000.0,2827.4156,6084.6799,3898.207,246.79518,106.89119,106.89119,106.89119,6062.6444,6102.6295,6088.7657,336.64266,1.6966378
255000.0,2818.4613,6075.6911,3973.9939,251.59324,106.89119,106.89119,106.89119,6052.9894,6066.6609,6107.4229,370.77781,1.6966378
256000.0,2852.3017,6044.3494,3958.1037,250.58724,106.89119,106.89119,106.89119,6069.0795,5989.997,6073.9717,359.83839,1.6966378
257000.0,2835.3902,6056.0673,3906.9289,247.34737,106.89119,106.89119,106.89119,6101.7267,5987.2374,6079.2377,338.29546,1.6966378
258000.0,2840.8574,6062.9719,3959.2898,250.66233,106.89119,106.89119,106.89119,6069.2388,6001.057,6118.62,391.25113,1.6966378
259000.0,2849.4951,6068.6906,3962.2548,250.85004,106.89119,106.89119,106.89119,6073.6352,6031.8474,6100.5891,389.96078,1.6966378
260000.0,2737.1602,6038.6054,3959.7579,250.69196,106.89119,106.89119,106.89119,6016.6081,6022.3732,6076.8348,349.82444,1.6966378
261000.0,2798.8764,6048.4981,3933.1209,249.00558,106.89119,106.89119,106.89119,6054.4764,6012.1916,6078.8263,366.2861,1.6966378
262000.0,2783.9378,6070.5142,3925.7223,248.53717,106.89119,106.89119,106.89119,6049.7967,6100.8468,6060.8991,354.00118,1.6966378
263000.0,2749.1832,6014.2475,3949.4115,250.03694,106.89119,106.89119,106.89119,5983.5148,6048.7574,6010.4701,360.14644,1.6966378
264000.0,2691.4747,6033.7922,3947.1483,249.89365,106.89119,106.89119,106.89119,6025.7405,6028.9928,6046.6432,356.87085,1.6966378
265000.0,2747.4607,6031.2007,3898.828,246.8345,106.89119,106.89119,106.89119,6004.733,5961.58,6127.2889,363.95417,1.6966378
266000.0,2681.1121,6024.3572,3986.7986,252.40391,106.89119,106.89119,106.89119,6019.0013,6004.0668,6050.0035,387.94294,1.6966378
267000.0,2804.0033,6057.9587,3995.7823,252.97267,106.89119,106.89119,106.89119,6044.4265,6066.35,6063.0996,373.68596,1.6966378
268000.0,2720.8883,6025.0954,3951.2819,250.15535,106.89119,106.89119,106.89119,5993.3786,6067.233,6014.6747,397.7278,1.6966378
269000.0,2788.6753,6054.4106,3938.8947,249.37111,106.89119,106.89119,106.89119,5998.0542,6086.5168,6078.6607,395.69925,1.6966378
270000.0,2812.6705,6044.8307,3929.7098,248.78962,106.89119,106.89119,106.89119,6030.1274,6093.603,6010.7617,373.1197,1.6966378
271000.0,2748.1097,6045.137,3946.614,249.85982,106.89119,106.89119,106.89119,6016.8941,6112.0157,6006.5011,348.28733,1.6966378
272000.0,2762.614,6047.7148,3964.2339,250.97534,106.89119,106.89119,106.89119,6041.4121,6031.1469,6070.5855,356.23735,1.6966378
273000.0,2750.659,6043.3943,4004.0247,253.49449,106.89119,106.89119,106.89119,6025.2133,6082.7535,6022.2161,383.91573,1.6966378
274000.0,2763.4176,6049.6959,3979.0735,251.91483,106.89119,106.89119,106.89119,6057.5153,6045.0789,6046.4934,387.10569,1.6966378
275000.0,2807.0902,6070.9659,3985.4125,252.31616,106.89119,106.89119,106.89119,6074.6445,6058.0421,6080.2112,388.64674,1.6966378
276000.0,2738.3102,6055.8187,3947.6586,249.92596,106.89119,106.89119,106.89119,6060.6067,6058.2753,6048.5742,364.07396,1.6966378
277000.0,2715.8072,6049.6469,3907.2809,247.36965,106.89119,106.89119,106.89119,6072.9985,6003.604,6072.3381,366.53547,1.6966378
278000.0,2771.9354,6049.602,3897.9965,246.78186,106.89119,106.89119,106.89119,6072.8838,6033.273,6042.6492,365.50704,1.6966378
279000.0,2780.542,6056.4092,3937.5185,249.28399,106.89119,106.89119,106.89119,6070.9009,6072.3807,6025.9459,360.7915,1.6966378
280000.0,2844.0239,6080.9061,3903.416,247.12496,106.89119,106.89119,106.89119,6098.2247,6093.4101,6051.0834,362.60679,1.6966378
281000.0,2793.1616,6043.813,3919.4123,248.13769,106.89119,106.89119,106.89119,5999.0634,6025.4284,6106.9473,362.00989,1.6966378
282000.0,2750.8115,6045.515,4001.0122,253.30377,106.89119,106.89119,106.89119,6002.6434,5997.5362,6136.3653,362.64052,1.6966378
283000.0,2750.9985,6047.7567,4015.5453,254.22386,106.89119,106.89119,106.89119,6021.2006,6061.4462,6060.6233,355.83527,1.6966378
284000.0,2760.9043,6056.328,3961.8256,250.82287,106.89119,106.89119,106.89119,6077.2916,6015.0322,6076.6602,353.68275,1.6966378
285000.0,2746.9129,6051.2638,3915.1391,247.86715,106.89119,106.89119,106.89119,6052.6744,6035.4988,6065.6181,359.36928,1.6966378
286000.0,2777.283,6077.2677,3984.6162,252.26574,106.89119,106.89119,106.89119,6048.0029,6079.2321,6104.5681,352.82275,1.6966378
287000.0,2710.4881,6036.8338,3937.6737,249.29381,106.89119,106.89119,106.89119,6007.6573,6065.2921,6037.5521,362.58383,1.6966378
288000.0,2824.3838,6066.061,3973.3076,251.5498,106.89119,106.89119,106.89119,6028.5877,6071.1201,6098.4751,357.2499,1.6966378
289000.0,2786.3577,6052.9184,3953.7377,250.31083,106.89119,106.89119,106.89119,6044.5917,6026.7763,6087.3873,367.45028,1.6966378
290000.0,2729.6927,6033.9604,4063.5134,257.26071,106.89119,106.89119,106.89119,6056.8105,6003.484,6041.5867,360.47077,1.6966378
291000.0,2697.7289,6044.624,3993.4553,252.82534,106.89119,106.89119,106.89119,6007.0289,6038.284,6088.5591,358.57811,1.6966378
292000.0,2717.4157,6024.3225,3962.8976,250.89074,106.89119,106.89119,106.89119,6015.8465,6052.5708,6004.5502,363.24592,1.6966378
293000.0,2615.0933,5996.7177,3926.0177,248.55588,106.89119,106.89119,106.89119,6037.0518,5977.6357,5975.4656,334.15593,1.6966378
294000.0,2755.854,6040.6445,3962.9888,250.89651,106.89119,106.89119,106.89119,6034.7917,6023.8611,6063.2808,344.75786,1.6966378
295000.0,2755.8773,6049.3468,3871.4782,245.10298,106.89119,106.89119,106.89119,6049.6358,6022.6209,6075.7836,354.34548,1.6966378
296000.0,2726.1457,6047.304,3938.4601,249.3436,106.89119,106.89119,106.89119,6111.3743,6013.154,6017.3837,377.40085,1.6966378
297000.0,2760.3611,6051.745,4008.8339,253.79896,106.89119,106.89119,106.89119,6068.2839,6072.5045,6014.4466,333.84335,1.6966378
298000.0,2722.0955,6049.1637,3940.5376,249.47513,106.89119,106.89119,106.89119,6003.7314,6068.1111,6075.6484,361.56642,1.6966378
299000.0,2766.8195,6045.9854,3947.9585,249.94494,106.89119,106.89119,106.89119,6046.3036,6050.9433,6040.7093,396.25984,1.6966378
300000.0,2672.3444,6030.4863,3942.059,249.57145,106.89119,106.89119,106.89119,6015.8041,5998.906,6076.7487,363.4675,1.6966378
301000.0,2759.8663,6041.7072,3948.7521,249.99519,106.89119,106.89119,106.89119,6126.3222,5959.1876,6039.6119,386.39874,1.6966378
302000.0,2735.5929,6037.8069,3928.9527,248.74169,106.89119,106.89119,106.89119,6050.4114,6014.1907,6048.8185,357.45809,1.6966378
303000.0,2708.6768,6024.6671,3973.406,251.55602,106.89119,106.89119,106.89119,6036.6175,5994.4623,6042.9216,389.76923,1.6966378
304000.0,2774.053,6058.3232,3993.2693,252.81357,106.89119,106.89119,106.89119,6123.8839,6019.4708,6031.6148,358.30145,1.6966378
305000.0,2714.7726,6036.8461,4068.2283,257.55922,106.89119,106.89119,106.89119,6074.1375,5949.7644,6086.6364,373.3081,1.6966378
306000.0,2802.062,6076.3385,3939.989,249.4404,106.89119,106.89119,106.89119,6106.0023,6019.8222,6103.191,381.03463,1.6966378
307000.0,2773.0831,6059.7368,3931.5623,248.9069,106.89119,106.89119,106.89119,6048.5024,6076.0445,6054.6635,372.72131,1.6966378
308000.0,2654.3172,6036.2779,3933.3094,249.01751,106.89119,106.89119,106.89119,6076.7698,5971.2364,6060.8275,390.10366,1.6966378
309000.0,2703.236,6041.4081,3960.7296,250.75348,106.89119,106.89119,106.89119,6024.5215,6025.5471,6074.1558,386.17863,1.6966378
310000.0,2763.204,6068.2787,3969.2628,251.29372,106.89119,106.89119,106.89119,6029.1505,6036.0011,6139.6844,383.65784,1.6966378
311000.0,2729.2709,6036.6335,3992.7005,252.77756,106.89119,106.89119,106.89119,6021.7839,6002.4212,6085.6955,378.19955,1.6966378
312000.0,2646.9031,6025.5239,3979.6285,251.94997,106.89119,106.89119,106.89119,6000.5309,6040.1376,6035.9031,363.8699,1.6966378
313000.0,2759.4441,6072.2236,3973.8341,251.58313,106.89119,106.89119,106.89119,6085.3708,6049.2848,6082.0151,340.35067,1.6966378
314000.0,2725.7002,6048.6601,3960.9686,250.76861,106.89119,106.89119,106.89119,6008.8574,6116.2378,6020.885,342.17445,1.6966378
315000.0,2743.9414,6049.0704,3990.4633,252.63592,106.89119,106.89119,106.89119,6036.1063,6043.2114,6067.8934,344.15839,1.6966378
316000.0,2738.4397,6030.6983,4013.1298,254.07094,106.89119,106.89119,106.89119,6006.2079,5984.6078,6101.2793,338.57421,1.6966378
317000.0,2743.9616,6058.3754,3978.4628,251.87617,106.89119,106.89119,106.89119,6037.1716,6045.017,6092.9376,349.92732,1.6966378
318000.0,2683.4801,6022.1889,4005.836,253.60916,106.89119,106.89119,106.89119,6030.8601,5999.12,6036.5864,329.14473,1.6966378
319000.0,2738.7431,6038.8216,3915.9734,247.91997,106.89119,106.89119,106.89119,6024.3402,6053.9681,6038.1566,347.43365,1.6966378
320000.0,2730.1087,6044.37,3957.758,250.56535,106.89119,106.89119,106.89119,6027.8384,6050.9452,6054.3265,379.78688,1.6966378
321000.0,2825.5105,6039.9101,3980.5846,252.0105,106.89119,106.89119,106.89119,6029.836,6074.5328,6015.3615,378.68098,1.6966378
322000.0,2747.7117,6018.0133,3941.8151,249.556,106.89119,106.89119,106.89119,5970.3142,6029.4375,6054.2882,362.40494,1.6966378
323000.0,2696.3364,6020.5637,3927.5484,248.65278,106.89119,106.89119,106.89119,6029.0084,5982.724,6049.9587,354.50451,1.6966378
324000.0,2808.1685,6072.0601,3912.4275,247.69548,106.89119,106.89119,106.89119,6050.6831,6072.6458,6092.8514,335.74366,1.6966378
325000.0,2743.9598,6047.9859,3913.1667,247.74228,106.89119,106.89119,106.89119,6046.3635,6051.3212,6046.273,331.86045,1.6966378
326000.0,2737.0592,6044.3998,3956.7405,250.50093,106.89119,106.89119,106.89119,6110.5887,6039.1995,5983.4112,353.01206,1.6966378
327000.0,2708.8725,6066.4878,4027.0007,254.9491,106.89119,106.89119,106.89119,6080.5949,5993.7947,6125.0737,358.68667,1.6966378
328000.0,2748.1776,6043.7568,4042.0045,255.89899,106.89119,106.89119,106.89119,6078.9047,6014.0884,6038.2773,367.75917,1.6966378
329000.0,2684.7465,6038.5882,3998.4849,253.14377,106.89119,106.89119,106.89119,6089.0695,6003.6373,6023.0577,377.11144,1.6966378
330000.0,2731.5533,6040.4706,3969.9073,251.33452,106.89119,106.89119,106.89119,6044.0904,6050.0793,6027.2421,368.75383,1.6966378
331000.0,2746.5981,6041.8603,3989.2765,252.56079,106.89119,106.89119,106.89119,6010.2917,6049.7876,6065.5016,354.13264,1.6966378
332000.0,2710.3361,6025.4843,3952.2782,250.21843,106.89119,106.89119,106.89119,6015.633,5984.2714,6076.5485,362.62918,1.6966378
333000.0,2652.8937,6026.9402,3895.8343,246.64496,106.89119,106.89119,106.89119,6057.0748,6019.4761,6004.2698,359.36522,1.6966378
334000.0,2751.5265,6052.0545,3923.9573,248.42543,106.89119,106.89119,106.89119,6080.2094,6049.2918,6026.6623,358.2489,1.6966378
335000.0,2695.05,6034.3705,3956.6774,250.49694,106.89119,106.89119,106.89119,6139.3883,5977.2572,5986.4658,375.14259,1.6966378
336000.0,2758.3197,6064.4179,3899.6797,246.88842,106.89119,106.89119,106.89119,6133.7648,5987.0744,6072.4145,375.04167,1.6966378
337000.0,2657.7635,6020.227,3957.3773,250.54125,106.89119,106.89119,106.89119,6052.3489,6040.3389,5967.9931,345.47805,1.6966378
338000.0,2764.4062,6056.0389,3929.2026,248.75751,106.89119,106.89119,106.89119,6091.1304,6015.7657,6061.2206,342.47255,1.6966378
339000.0,2846.9718,6088.1029,3859.1307,244.32127,106.89119,106.89119,106.89119,6068.9683,6103.8469,6091.4935,353.51418,1.6966378
340000.0,2775.9471,6079.4928,3880.5693,245.67854,106.89119,106.89119,106.89119,6137.0223,6024.9609,6076.4952,335.67544,1.6966378
341000.0,2713.537,6032.9171,3920.6892,248.21853,106.89119,106.89119,106.89119,6052.7078,5999.5556,6046.4879,348.42258,1.6966378
342000.0,2690.3601,6030.7026,3984.9585,252.28741,106.89119,106.89119,106.89119,6052.4275,5963.901,6075.7793,354.925,1.6966378
343000.0,2640.3589,6038.6935,3940.4562,249.46998,106.89119,106.89119,106.89119,6019.5426,6013.218,6083.3201,352.75401,1.6966378
344000.0,2696.0246,6023.5882,3946.8526,249.87493,106.89119,106.89119,106.89119,6077.2529,5997.9895,5995.5222,351.9284,1.6966378
345000.0,2648.9054,6034.7679,3911.9954,247.66812,106.89119,106.89119,106.89119,6036.2797,5970.0024,6098.0217,348.27338,1.6966378
346000.0,2700.6925,6036.644,3950.722,250.1199,106.89119,106.89119,106.89119,6026.2859,5972.1752,6111.471,340.92081,1.6966378
347000.0,2776.7471,6071.8747,3938.4409,249.34239,106.89119,106.89119,106.89119,6094.355,6048.7635,6072.5058,355.82514,1.6966378
348000.0,2743.412,6055.1862,3960.6804,250.75037,106.89119,106.89119,106.89119,6121.3466,5999.8551,6044.3569,358.30098,1.6966378
349000.0,2709.0055,6049.9431,3951.1115,250.14456,106.89119,106.89119,106.89119,6058.6373,6051.127,6040.0649,327.94506,1.6966378
350000.0,2705.1192,6033.248,3948.2235,249.96172,106.89119,106.89119,106.89119,6124.2886,5971.0954,6004.3599,326.2671,1.6966378
351000.0,2649.5465,6000.1563,3932.1477,248.94397,106.89119,106.89119,106.89119,6031.5693,5951.3249,6017.5746,320.22157,1.6966378
352000.0,2632.1548,6019.5485,3986.0543,252.35678,106.89119,106.89119,106.89119,6070.4591,5970.9618,6017.2247,370.24415,1.6966378
353000.0,2689.8348,6030.838,3955.9547,250.45118,106.89119,106.89119,106.89119,6009.6787,6037.4642,6045.3711,359.82777,1.6966378
354000.0,2648.3815,6012.7225,3949.6334,250.05098,106.89119,106.89119,106.89119,6051.1985,5980.8453,6006.1238,386.99803,1.6966378
355000.0,2655.5005,6023.5656,3837.6581,242.96184,106.89119,106.89119,106.89119,6038.1437,6035.7318,5996.8215,383.72814,1.6966378
356000.0,2774.3772,6068.7804,3922.4675,248.33111,106.89119,106.89119,106.89119,6088.7505,5993.1356,6124.455,340.15436,1.6966378
357000.0,2688.0884,6052.7052,3990.7635,252.65493,106.89119,106.89119,106.89119,6073.4138,6010.6873,6074.0145,359.13789,1.6966378
358000.0,2636.0401,6018.0798,3958.2627,250.5973,106.89119,106.89119,106.89119,6041.2854,5946.3261,6066.6279,351.25891,1.6966378
359000.0,2771.0116,6060.1249,3939.7083,249.42263,106.89119,106.89119,106.89119,6073.1144,6031.1655,6076.0947,335.63102,1.6966378
360000.0,2727.9074,6035.5531,3929.8061,248.79572,106.89119,106.89119,106.89119,6026.4249,6026.0132,6054.2212,340.25813,1.6966378
361000.0,2713.7641,6036.7969,3973.3463,251.55225,106.89119,106.89119,106.89119,6093.2668,6014.7497,6002.3742,330.70159,1.6966378
362000.0,2619.6881,6021.459,3927.6048,248.65635,106.89119,106.89119,106.89119,6065.6776,5956.0542,6042.645,336.35627,1.6966378
363000.0,2715.688,6038.0469,3858.9614,244.31054,106.89119,106.89119,106.89119,6097.2169,5994.6243,6022.2995,349.28701,1.6966378
364000.0,2698.141,6023.5554,3905.7325,247.27162,106.89119,106.89119,106.89119,6006.2288,6038.8027,6025.6348,349.56181,1.6966378
365000.0,2723.5905,6045.1981,3972.9044,251.52427,106.89119,106.89119,106.89119,6083.8155,5989.8836,6061.8952,362.67005,1.6966378
366000.0,2688.8821,6040.1808,4003.7995,253.48024,106.89119,106.89119,106.89119,6031.5348,6045.4121,6043.5954,387.45563,1.6966378
367000.0,2749.8417,6055.9191,3924.3062,248.44752,106.89119,106.89119,106.89119,6086.9252,6032.9925,6047.8395,388.74688,1.6966378
368000.0,2754.462,6038.7111,3860.9724,244.43786,106.89119,106.89119,106.89119,6057.2877,6005.5642,6053.2815,378.5201,1.6966378
369000.0,2751.1357,6041.9005,3978.1176,251.85431,106.89119,106.89119,106.89119,6061.7595,6016.6075,6047.3343,368.75535,1.6966378
370000.0,2625.2866,5993.7494,3914.4944,247.82634,106.89119,106.89119,106.89119,5993.3729,5966.3766,6021.4988,364.27675,1.6966378
371000.0,2759.8021,6037.9908,3934.5834,249.09817,106.89119,106.89119,106.89119,6071.9564,5966.9343,6075.0815,388.114,1.6966378
372000.0,2701.2225,6029.552,3953.7808,250.31355,106.89119,106.89119,106.89119,6038.5735,5978.2927,6071.7897,379.37226,1.6966378
373000.0,2705.7806,6031.5523,3926.247,248.57039,106.89119,106.89119,106.89119,6102.9574,5945.6089,6046.0907,366.19899,1.6966378
374000.0,2710.9435,6015.2698,3892.2031,246.41507,106.89119,106.89119,106.89119,5990.3281,5986.1817,6069.2997,328.59531,1.6966378
375000.0,2659.4085,6024.6951,3978.534,251.88068,106.89119,106.89119,106.89119,6027.5989,5978.3116,6068.1749,346.28392,1.6966378
376000.0,2675.7207,6001.9343,3912.3074,247.68787,106.89119,106.89119,106.89119,5941.909,6003.9048,6059.9893,363.56342,1.6966378
377000.0,2634.9962,6011.9819,3941.7935,249.55464,106.89119,106.89119,106.89119,6017.1666,6024.7033,5994.0759,363.70224,1.6966378
378000.0,2734.0234,6036.1321,3917.2764,248.00247,106.89119,106.89119,106.89119,6057.2956,5980.3613,6070.7393,374.99161,1.6966378
379000.0,2627.3144,5988.2504,3898.6697,246.82447,106.89119,106.89119,106.89119,6000.8271,5947.3634,6016.5608,400.15134,1.6966378
380000.0,2722.2763,6035.4426,3938.7356,249.36104,106.89119,106.89119,106.89119,6025.4794,6019.9504,6060.8979,393.17171,1.6966378
381000.0,2717.8277,6031.3345,3892.7418,246.44918,106.89119,106.89119,106.89119,6070.4076,5975.6493,6047.9465,347.04982,1.6966378
382000.0,2769.9781,6065.8512,3935.3937,249.14947,106.89119,106.89119,106.89119,6115.4433,6024.186,6057.9242,347.00609,1.6966378
383000.0,2708.1238,6028.3358,3976.7729,251.76918,106.89119,106.89119,106.89119,6089.9893,5953.1494,6041.8686,354.74893,1.6966378
384000.0,2691.3124,6053.5323,4019.7244,254.48844,106.89119,106.89119,106.89119,6091.8039,6007.4158,6061.3772,341.34491,1.6966378
385000.0,2700.0775,6013.8249,3944.6861,249.73777,106.89119,106.89119,106.89119,6029.2016,5997.1068,6015.1663,337.59607,1.6966378
386000.0,2654.5472,6012.9635,3928.5693,248.71741,106.89119,106.89119,106.89119,6056.2794,5969.432,6013.179,338.56511,1.6966378
387000.0,2731.937,6026.933,3921.3816,248.26237,106.89119,106.89119,106.89119,6082.9112,5946.8951,6050.9925,349.99375,1.6966378
388000.0,2684.2105,6045.4872,3953.9444,250.32391,106.89119,106.89119,106.89119,6088.6939,5986.2934,6061.4744,352.57731,1.6966378
389000.0,2662.0616,5998.4665,3904.2977,247.18078,106.89119,106.89119,106.89119,6067.2284,5940.4947,5987.6765,371.60553,1.6966378
390000.0,2729.7322,6051.0676,3972.0023,251.46716,106.89119,106.89119,106.89119,6088.6285,5993.982,6070.5925,381.9708,1.6966378
391000.0,2651.7916,6026.105,3910.9371,247.60112,106.89119,106.89119,106.89119,6089.9952,5978.1068,6010.2131,350.09268,1.6966378
392000.0,2682.5994,6040.4193,3913.6675,247.77399,106.89119,106.89119,106.89119,6074.2991,5925.8705,6121.0882,352.93565,1.6966378
393000.0,2600.1223,6008.7196,3920.1917,248.18703,106.89119,106.89119,106.89119,5991.138,5999.4568,6035.5641,367.87078,1.6966378
394000.0,2740.7114,6027.7109,3962.4384,250.86167,106.89119,106.89119,106.89119,6022.5537,5983.4531,6077.1259,397.68703,1.6966378
395000.0,2681.4216,6050.0345,4007.081,253.68799,106.89119,106.89119,106.89119,6016.0967,6030.5303,6103.4766,376.95152,1.6966378
396000.0,2619.6729,6011.3546,3987.998,252.47984,106.89119,106.89119,106.89119,6046.4973,6012.3753,5975.1911,358.15167,1.6966378
397000.0,2722.6105,6051.1196,3952.5035,250.23269,106.89119,106.89119,106.89119,6101.2944,6008.9435,6043.1208,351.20414,1.6966378
398000.0,2735.0857,6022.9486,3988.9557,252.54048,106.89119,106.89119,106.89119,6048.6246,5973.3557,6046.8656,358.69098,1.6966378
399000.0,2725.224,6002.9657,3909.184,247.49014,106.89119,106.89119,106.89119,6013.507,5970.257,6025.133,348.21719,1.6966378
400000.0,2723.492,6038.6651,3926.6636,248.59677,106.89119,106.89119,106.89119,6049.8372,5952.1373,6114.0206,362.81252,1.6966378
401000.0,2735.1555,6044.9624,3931.0585,248.87501,106.89119,106.89119,106.89119,6079.5533,6004.2345,6051.0994,344.12568,1.6966378
402000.0,2629.7568,5989.5416,4005.7604,253.60438,106.89119,106.89119,106.89119,5957.751,5967.7795,6043.0942,342.75679,1.6966378
403000.0,2647.7419,6026.9881,3884.1683,245.90639,106.89119,106.89119,106.89119,6018.9351,6032.9599,6029.0694,378.4499,1.6966378
404000.0,2740.8306,6067.1711,4021.0956,254.57525,106.89119,106.89119,106.89119,6112.7816,6017.5299,6071.2018,360.15583,1.6966378
405000.0,2628.9686,6003.2399,3933.348,249.01996,106.89119,106.89119,106.89119,5958.7779,5996.9968,6053.945,354.40902,1.6966378
406000.0,2696.1016,6040.8427,3974.9752,251.65537,106.89119,106.89119,106.89119,6074.9757,5981.3185,6066.2339,362.68795,1.6966378
407000.0,2637.7977,5997.1948,3927.6893,248.6617,106.89119,106.89119,106.89119,6094.9484,5885.2567,6011.3792,338.55238,1.6966378
408000.0,2641.5908,5982.6341,3977.7171,251.82896,106.89119,106.89119,106.89119,6023.0659,5849.0872,6075.7491,350.93784,1.6966378
409000.0,2612.139,5989.2067,3997.177,253.06096,106.89119,106.89119,106.89119,5952.0334,6031.4205,5984.1663,367.94092,1.6966378
410000.0,2665.2034,6002.3817,3959.0973,250.65014,106.89119,106.89119,106.89119,6011.0854,5940.179,6055.8808,399.24844,1.6966378
411000.0,2630.6968,5996.6065,3895.8654,246.64694,106.89119,106.89119,106.89119,6048.9037,5922.0826,6018.8332,386.8824,1.6966378
412000.0,2643.0948,5978.8941,3956.0227,250.45549,106.89119,106.89119,106.89119,5980.4989,5943.4602,6012.7232,359.06326,1.6966378
413000.0,2643.6154,5989.7083,3962.166,250.84442,106.89119,106.89119,106.89119,5997.752,5992.1606,5979.2125,393.5614,1.6966378
414000.0,2676.6621,6015.6622,3929.0318,248.7467,106.89119,106.89119,106.89119,6034.3741,6004.7384,6007.8741,398.04747,1.6966378
415000.0,2614.3104,6025.7555,3961.3493,250.79272,106.89119,106.89119,106.89119,6034.6086,5981.9851,6060.6727,388.77657,1.6966378
416000.0,2680.2624,6023.2336,3954.2346,250.34229,106.89119,106.89119,106.89119,6011.0937,5989.0508,6069.5562,372.06721,1.6966378
417000.0,2637.7667,6023.8246,3919.1507,248.12113,106.89119,106.89119,106.89119,6080.6261,5985.3458,6005.5018,339.8631,1.6966378
418000.0,2695.2758,6008.723,3933.8506,249.05177,106.89119,106.89119,106.89119,6056.0712,5985.3857,5984.7121,333.32415,1.6966378
419000.0,2642.2047,6008.4155,3927.427,248.64509,106.89119,106.89119,106.89119,6017.8094,6011.7805,5995.6564,322.2121,1.6966378
420000.0,2704.9895,6052.5078,4019.3726,254.46617,106.89119,106.89119,106.89119,6051.6921,6005.1927,6100.6385,363.0205,1.6966378
421000.0,2640.4734,6018.4632,3942.3064,249.58711,106.89119,106.89119,106.89119,5976.6389,6040.7286,6038.0221,391.73262,1.6966378
422000.0,2667.4817,6015.5157,3914.1713,247.80588,106.89119,106.89119,106.89119,5991.5096,5960.446,6094.5915,379.53313,1.6966378
423000.0,2656.4002,5981.187,3930.6779,248.85091,106.89119,106.89119,106.89119,5946.3071,5967.6798,6029.574,374.25628,1.6966378
424000.0,2684.5852,6030.6428,3968.7634,251.2621,106.89119,106.89119,106.89119,5992.8766,6030.9802,6068.0716,371.37243,1.6966378
425000.0,2719.7403,6052.5545,3934.4423,249.08923,106.89119,106.89119,106.89119,6096.3285,6040.6666,6020.6685,355.42148,1.6966378
426000.0,2656.5663,6016.6085,3931.1997,248.88395,106.89119,106.89119,106.89119,6025.3814,6004.2417,6020.2025,372.95951,1.6966378
427000.0,2745.9823,6049.0056,3937.1752,249.26226,106.89119,106.89119,106.89119,6079.1072,6023.1196,6044.7901,327.17367,1.6966378
428000.0,2722.5884,6031.5306,3973.9365,251.58961,106.89119,106.89119,106.89119,6065.6155,5998.2599,6030.7164,374.63776,1.6966378
429000.0,2638.2005,6025.3119,3913.6565,247.77329,106.89119,106.89119,106.89119,6052.0314,6007.4639,6016.4405,356.49368,1.6966378
430000.0,2671.4931,6028.5615,3923.4955,248.3962,106.89119,106.89119,106.89119,6016.4213,6041.8752,6027.388,371.46068,1.6966378
431000.0,2707.0583,6012.2111,4010.9892,253.93542,106.89119,106.89119,106.89119,6073.6885,5963.6841,5999.2608,372.45012,1.6966378
432000.0,2701.8797,6011.3242,3951.3637,250.16053,106.89119,106.89119,106.89119,6009.9473,6037.2037,5986.8216,389.16051,1.6966378
433000.0,2760.759,6044.4827,3941.2195,249.5183,106.89119,106.89119,106.89119,6067.6932,6034.7793,6030.9756,388.00156,1.6966378
434000.0,2728.4909,6035.5506,3940.8771,249.49662,106.89119,106.89119,106.89119,6074.1563,6020.4616,6012.0339,355.95832,1.6966378
435000.0,2667.9999,6032.8389,4015.0035,254.18956,106.89119,106.89119,106.89119,6054.6555,6014.8394,6029.0219,354.66659,1.6966378
436000.0,2636.5324,6040.9478,3943.9624,249.69195,106.89119,106.89119,106.89119,6046.5007,6013.302,6063.0407,328.23718,1.6966378
437000.0,2612.6408,5997.4338,3928.9047,248.73865,106.89119,106.89119,106.89119,6023.6895,5996.5072,5972.1048,336.02149,1.6966378
438000.0,2668.2474,6006.9528,3876.2346,245.40411,106.89119,106.89119,106.89119,6004.3393,6011.3558,6005.1634,326.67565,1.6966378
439000.0,2665.7971,6010.0883,3932.8833,248.99054,106.89119,106.89119,106.89119,6024.0401,6001.3658,6004.859,330.26936,1.6966378
440000.0,2674.5588,6016.1227,3911.3631,247.62809,106.89119,106.89119,106.89119,6005.8976,5999.1176,6043.353,377.02182,1.6966378
441000.0,2603.5468,5993.245,3933.0846,249.00328,106.89119,106.89119,106.89119,5988.5801,6007.1889,5983.9661,361.34417,1.6966378
442000.0,2707.2393,6032.9526,3904.6504,247.20311,106.89119,106.89119,106.89119,6048.1391,6046.2173,6004.5012,355.37926,1.6966378
443000.0,2664.1354,6010.5718,3912.3801,247.69248,106.89119,106.89119,106.89119,6038.6758,6016.7158,5976.3237,348.64807,1.6966378
444000.0,2626.6662,6004.1553,4039.1951,255.72112,106.89119,106.89119,106.89119,6015.1739,5969.8125,6027.4797,352.16789,1.6966378
445000.0,2712.8869,6024.1344,4006.1547,253.62934,106.89119,106.89119,106.89119,6061.0915,6003.5229,6007.7888,364.5926,1.6966378
446000.0,2694.5679,6028.6808,3886.858,246.07668,106.89119,106.89119,106.89119,5980.7271,6036.41,6068.9053,368.88539,1.6966378
447000.0,2612.4717,5990.6479,3969.2611,251.29361,106.89119,106.89119,106.89119,6061.412,5923.0469,5987.4849,364.84527,1.6966378
448000.0,2660.9466,6020.2506,3911.8447,247.65858,106.89119,106.89119,106.89119,6104.9118,5984.809,5971.031,375.46622,1.6966378
449000.0,2585.8013,5992.1684,3984.9186,252.28489,106.89119,106.89119,106.89119,6025.5666,5957.2928,5993.6459,355.73298,1.6966378
450000.0,2698.177,6040.2143,3942.2415,249.583,106.89119,106.89119,106.89119,6109.5765,5950.9909,6060.0755,370.03447,1.6966378
451000.0,2620.8428,6011.1752,3967.4359,251.17806,106.89119,106.89119,106.89119,6011.1268,5973.9257,6048.4729,369.31503,1.6966378
452000.0,2589.1955,5997.3593,3911.6576,247.64674,106.89119,106.89119,106.89119,6027.1346,5973.7002,5991.243,363.20067,1.6966378
453000.0,2633.2505,6004.6042,3847.525,243.58651,106.89119,106.89119,106.89119,6039.8002,5981.3842,5992.6283,350.78703,1.6966378
454000.0,2639.4127,6003.6741,3906.9927,247.3514,106.89119,106.89119,106.89119,6066.1562,5942.9976,6001.8687,343.22077,1.6966378
455000.0,2732.4381,6048.1021,3961.9223,250.82899,106.89119,106.89119,106.89119,6054.7046,6028.3517,6061.2499,344.49955,1.6966378
456000.0,2646.0284,6021.3487,3928.4756,248.71149,106.89119,106.89119,106.89119,6040.0014,5980.6855,6043.3592,341.66045,1.6966378
457000.0,2646.976,6027.6885,3953.1397,250.27297,106.89119,106.89119,106.89119,5983.7683,6052.9214,6046.3759,346.61077,1.6966378
458000.0,2673.6125,6027.821,3963.6574,250.93884,106.89119,106.89119,106.89119,6059.8917,5995.6162,6027.955,341.32265,1.6966378
459000.0,2620.5199,6008.0056,3960.5044,250.73922,106.89119,106.89119,106.89119,6035.7295,6044.8206,5943.4668,328.31083,1.6966378
460000.0,2683.8918,5993.7952,3974.3751,251.61738,106.89119,106.89119,106.89119,5953.3718,6003.6192,6024.3946,357.26436,1.6966378
461000.0,2701.0816,5993.6373,3954.0488,250.33052,106.89119,106.89119,106.89119,6050.5671,5944.6443,5985.7005,369.30321,1.6966378
462000.0,2608.5904,6016.3524,3945.8295,249.81016,106.89119,106.89119,106.89119,6020.5135,5993.9431,6034.6006,358.6169,1.6966378
463000.0,2630.5189,6010.6903,3889.29,246.23065,106.89119,106.89119,106.89119,6003.2956,6035.1406,5993.6349,385.30698,1.6966378
464000.0,2658.8951,6030.5141,3984.4888,252.25768,106.89119,106.89119,106.89119,6042.0915,6024.1531,6025.2978,357.5793,1.6966378
465000.0,2580.0042,5993.1213,3936.8008,249.23855,106.89119,106.89119,106.89119,5987.9045,5967.8768,6023.5828,358.20569,1.6966378
466000.0,2594.5966,6013.0722,3967.179,251.1618,106.89119,106.89119,106.89119,6015.21,5952.0866,6071.9199,365.47362,1.6966378
467000.0,2647.9318,6031.572,3932.7837,248.98423,106.89119,106.89119,106.89119,6050.9606,5972.1136,6071.6417,361.64898,1.6966378
468000.0,2529.415,5975.9628,3951.4793,250.16784,106.89119,106.89119,106.89119,5975.9396,5990.1457,5961.8031,372.11006,1.6966378
469000.0,2582.4107,5982.5736,3994.9275,252.91855,106.89119,106.89119,106.89119,6013.2084,5995.3802,5939.1321,356.83923,1.6966378
470000.0,2666.5685,6029.302,4019.6856,254.48598,106.89119,106.89119,106.89119,6047.5831,6009.1557,6031.1672,346.91523,1.6966378
471000.0,2630.5284,6010.2862,3911.416,247.63144,106.89119,106.89119,106.89119,5959.3333,6058.9504,6012.5748,346.8505,1.6966378
472000.0,2604.6062,6018.1539,4036.7691,255.56754,106.89119,106.89119,106.89119,6030.2859,5995.7135,6028.4622,337.79914,1.6966378
473000.0,2605.3259,6014.5696,3978.8645,251.9016,106.89119,106.89119,106.89119,6029.722,6020.0265,5993.9604,343.06498,1.6966378
474000.0,2645.8735,6029.7707,3976.8714,251.77542,106.89119,106.89119,106.89119,6017.877,6042.7637,6028.6716,362.14145,1.6966378
475000.0,2658.3719,6002.1132,3917.7246,248.03084,106.89119,106.89119,106.89119,6033.6369,5981.2845,5991.4181,362.60202,1.6966378
476000.0,2608.5443,6040.3697,3944.3297,249.71521,106.89119,106.89119,106.89119,6109.4807,5965.6345,6045.9939,360.60317,1.6966378
477000.0,2563.8333,6000.2504,3976.9167,251.77829,106.89119,106.89119,106.89119,6002.4961,5972.8243,6025.4307,383.92116,1.6966378
478000.0,2547.9243,5986.6205,3997.0383,253.05218,106.89119,106.89119,106.89119,5978.9285,6010.3559,5970.5772,364.37901,1.6966378
479000.0,2725.9376,6049.0944,4005.049,253.55934,106.89119,106.89119,106.89119,6068.1106,6058.4514,6020.7213,390.40986,1.6966378
480000.0,2661.0604,6002.4079,3921.9759,248.29999,106.89119,106.89119,106.89119,6006.187,5962.9221,6038.1147,368.48141,1.6966378
481000.0,2685.0993,6023.4439,3907.6797,247.3949,106.89119,106.89119,106.89119,6017.3993,6030.5783,6022.3542,379.97566,1.6966378
482000.0,2580.4802,5983.0428,3863.8071,244.61733,106.89119,106.89119,106.89119,5959.5898,6018.2355,5971.3032,363.5811,1.6966378
483000.0,2537.5171,5953.2575,3959.1056,250.65066,106.89119,106.89119,106.89119,5970.1433,5918.3953,5971.2339,372.69851,1.6966378
484000.0,2602.4224,5999.6339,3891.509,246.37113,106.89119,106.89119,106.89119,5975.5773,5976.9956,6046.3287,373.29448,1.6966378
485000.0,2588.9778,6023.1897,3970.2862,251.35851,106.89119,106.89119,106.89119,6065.3539,6040.2661,5963.9492,358.70039,1.6966378
486000.0,2591.2253,6013.2553,3997.0588,253.05348,106.89119,106.89119,106.89119,6055.8333,5992.7975,5991.1351,345.81168,1.6966378
487000.0,2565.8598,5993.1509,3917.9232,248.04341,106.89119,106.89119,106.89119,5970.5006,6011.2983,5997.6539,369.46645,1.6966378
488000.0,2681.6134,6040.4406,3947.2003,249.89694,106.89119,106.89119,106.89119,6041.1849,6010.7211,6069.4157,348.56367,1.6966378
489000.0,2699.0262,6046.3591,3942.4173,249.59413,106.89119,106.89119,106.89119,6057.2801,5996.9603,6084.837,362.24846,1.6966378
490000.0,2671.4987,6014.8482,3944.6688,249.73667,106.89119,106.89119,106.89119,6019.7469,5993.5652,6031.2326,368.96156,1.6966378
491000.0,2648.2259,6023.0512,3976.3688,251.7436,106.89119,106.89119,106.89119,6013.4069,6030.5107,6025.2359,353.21494,1.6966378
492000.0,2549.3276,5992.91,3984.1742,252.23776,106.89119,106.89119,106.89119,6049.6914,5985.7536,5943.285,354.31534,1.6966378
493000.0,2674.1159,6025.9482,3976.5766,251.75676,106.89119,106.89119,106.89119,6043.1546,5979.1131,6055.5767,357.14623,1.6966378
494000.0,2626.3937,6030.791,3898.4755,246.81218,106.89119,106.89119,106.89119,6070.7911,5960.9233,6060.6584,378.90659,1.6966378
495000.0,2624.4854,5983.0006,3906.1531,247.29825,106.89119,106.89119,106.89119,6038.273,5927.3996,5983.3293,381.33344,1.6966378
496000.0,2644.4274,6029.9416,3953.7321,250.31047,106.89119,106.89119,106.89119,6060.6139,6004.2241,6024.9869,383.5038,1.6966378
497000.0,2640.4632,6029.921,3931.6381,248.9117,106.89119,106.89119,106.89119,6085.1045,5998.1055,6006.553,373.54365,1.6966378
498000.0,2627.6089,6003.7348,3936.7972,249.23832,106.89119,106.89119,106.89119,6020.1727,6011.8008,5979.2309,355.20003,1.6966378
499000.0,2596.9541,6017.348,3988.0505,252.48317,106.89119,106.89119,106.89119,6023.1477,5975.9348,6052.9617,343.74603,1.6966378
500000.0,2661.2822,6013.9585,3909.2779,247.49608,106.89119,106.89119,106.89119,6052.6469,6012.6218,5976.6069,359.1579,1.6966378
501000.0,2669.1213,6013.9871,3972.7864,251.5168,106.89119,106.89119,106.89119,6068.6249,5972.7256,6000.6108,333.98963,1.6966378
502000.0,2673.2822,6008.7174,3972.1792,251.47836,106.89119,106.89119,106.89119,6033.249,5977.3722,6015.5311,352.28249,1.6966378
503000.0,2634.405,6030.2027,3978.7055,251.89154,106.89119,106.89119,106.89119,6086.1347,6008.4821,5995.9913,234.82038,1.6966378
504000.0,2597.6873,6025.4314,3881.1827,245.71738,106.89119,106.89119,106.89119,6058.9769,6008.2467,6009.0706,417.9954,1.6966378
505000.0,2625.6704,6034.7464,3952.3957,250.22586,106.89119,106.89119,106.89119,6083.183,5994.0874,6026.9687,432.17724,1.6966378
506000.0,2668.1716,6006.4456,3975.1109,251.66396,106.89119,106.89119,106.89119,6072.3523,6017.1825,5929.8021,434.84233,1.6966378
507000.0,2499.9488,5965.6698,3904.6131,247.20075,106.89119,106.89119,106.89119,6024.4761,5920.9669,5951.5665,444.83447,1.6966378
508000.0,2587.0579,5983.6216,3955.64,250.43126,106.89119,106.89119,106.89119,6064.7896,5935.2092,5950.866,436.64795,1.6966378
509000.0,2647.99,6008.7444,4001.8323,253.35569,106.89119,106.89119,106.89119,6017.1582,6005.8293,6003.2457,441.30036,1.6966378
510000.0,2589.8501,5992.9562,3944.5069,249.72643,106.89119,106.89119,106.89119,6034.7851,5983.4045,5960.679,430.6107,1.6966378
511000.0,2574.0002,6013.6419,3940.0059,249.44147,106.89119,106.89119,106.89119,6044.8519,6001.1743,5994.8995,453.00077,1.6966378
512000.0,2612.5115,6004.8144,4014.9086,254.18355,106.89119,106.89119,106.89119,6027.9453,5984.7113,6001.7865,432.58561,1.6966378
513000.0,2700.5717,6005.579,3982.9175,252.1582,106.89119,106.89119,106.89119,6059.1371,5983.8652,5973.7346,427.69113,1.6966378
514000.0,2564.5153,5981.1987,3939.7303,249.42402,106.89119,106.89119,106.89119,6016.1515,5993.3404,5934.1042,433.23882,1.6966378
515000.0,2549.5921,5981.3526,3973.7794,251.57967,106.89119,106.89119,106.89119,5985.3299,6003.4932,5955.2348,432.89138,1.6966378
516000.0,2664.6446,6001.5212,3918.677,248.09113,106.89119,106.89119,106.89119,6002.8746,6021.3305,5980.3586,434.13249,1.6966378
517000.0,2636.9092,6014.4893,3927.8554,248.67222,106.89119,106.89119,106.89119,6031.1362,5997.8057,6014.526,429.52091,1.6966378
518000.0,2626.2197,5985.9829,3881.0756,245.7106,106.89119,106.89119,106.89119,6055.7332,5930.1359,5972.0797,454.93994,1.6966378
519000.0,2617.8257,6007.2724,3978.8693,251.90191,106.89119,106.89119,106.89119,6033.3718,6005.9617,5982.4838,446.53691,1.6966378
520000.0,2616.3819,6007.1813,3948.774,249.99658,106.89119,106.89119,106.89119,6022.0536,6023.3176,5976.1725,442.88758,1.6966378
521000.0,2619.0355,6004.5946,3954.8827,250.38332,106.89119,106.89119,106.89119,6035.0205,6009.0075,5969.7558,443.15987,1.6966378
522000.0,2603.9446,6000.4141,3921.3722,248.26177,106.89119,106.89119,106.89119,6025.669,5995.7854,5979.788,446.43157,1.6966378
523000.0,2591.2973,5990.0239,3930.2186,248.82183,106.89119,106.89119,106.89119,6031.4436,5958.286,5980.3423,451.76401,1.6966378
524000.0,2626.5706,5994.2084,4048.4599,256.30768,106.89119,106.89119,106.89119,6038.1319,5944.4036,6000.0896,452.71696,1.6966378
525000.0,2562.142,5979.5091,3938.1788,249.32579,106.89119,106.89119,106.89119,6017.1435,5933.5749,5987.8088,444.45978,1.6966378
526000.0,2613.9752,5998.7801,3984.1641,252.23712,106.89119,106.89119,106.89119,6044.0566,5969.7364,5982.5475,429.74771,1.6966378
527000.0,2613.5172,6001.052,3983.9527,252.22373,106.89119,106.89119,106.89119,6089.8711,5907.915,6005.3699,437.73376,1.6966378
528000.0,2596.2537,5971.5961,3917.8666,248.03983,106.89119,106.89119,106.89119,6012.6152,5950.293,5951.8801,435.05389,1.6966378
529000.0,2654.225,5989.3724,3876.1392,245.39807,106.89119,106.89119,106.89119,6007.6842,5967.6389,5992.794,434.62835,1.6966378
530000.0,2618.8621,6007.5171,3925.115,248.49873,106.89119,106.89119,106.89119,6087.8245,5965.7112,5969.0157,431.08578,1.6966378
531000.0,2581.6408,5985.6546,3934.3512,249.08347,106.89119,106.89119,106.89119,6033.9695,5926.6054,5996.3889,428.76541,1.6966378
532000.0,2595.4982,5967.9984,3974.9552,251.6541,106.89119,106.89119,106.89119,5956.8766,5988.9823,5958.1364,436.48265,1.6966378
533000.0,2605.8572,6001.7643,4020.7819,254.55539,106.89119,106.89119,106.89119,6016.4944,6015.634,5973.1644,439.36688,1.6966378
534000.0,2654.0992,6014.6839,3977.2648,251.80033,106.89119,106.89119,106.89119,5979.4023,6014.8927,6049.7566,435.85763,1.6966378
535000.0,2618.4274,5990.3152,3909.9767,247.54032,106.89119,106.89119,106.89119,5989.68,5991.4046,5989.861,426.86157,1.6966378
536000.0,2613.3759,5990.1001,3971.9557,251.46421,106.89119,106.89119,106.89119,6051.1832,5945.5611,5973.556,424.21806,1.6966378
537000.0,2568.2758,5961.0512,3960.2532,250.72332,106.89119,106.89119,106.89119,5985.9779,5919.7802,5977.3954,433.9257,1.6966378
538000.0,2611.4512,6006.6705,3992.9947,252.79618,106.89119,106.89119,106.89119,5992.6031,6004.1663,6023.2421,429.73692,1.6966378
539000.0,2575.9682,5997.9055,3893.9523,246.52581,106.89119,106.89119,106.89119,6015.5336,5957.6986,6020.4843,429.42831,1.6966378
540000.0,2656.9765,6015.5301,3925.962,248.55235,106.89119,106.89119,106.89119,5983.6033,5986.3809,6076.6061,429.56346,1.6966378
541000.0,2663.1024,6019.5521,3965.3583,251.04653,106.89119,106.89119,106.89119,6063.1184,5971.2301,6024.3076,426.20472,1.6966378
542000.0,2619.5892,5975.4566,3922.9778,248.36342,106.89119,106.89119,106.89119,6013.8128,5937.1162,5975.4409,427.5049,1.6966378
543000.0,2540.1499,5986.3282,3950.3588,250.0969,106.89119,106.89119,106.89119,6070.2957,5938.5114,5950.1773,429.87214,1.6966378
544000.0,2605.4986,6018.3124,3977.2246,251.79778,106.89119,106.89119,106.89119,6043.8519,6032.6869,5978.3983,423.69764,1.6966378
545000.0,2517.4938,5968.8584,3848.0321,243.61861,106.89119,106.89119,106.89119,5964.2301,5942.519,5999.8262,431.5049,1.6966378
546000.0,2631.6441,6000.7332,3954.8094,250.37868,106.89119,106.89119,106.89119,6059.9098,5917.9207,6024.369,433.94897,1.6966378
547000.0,2613.1694,6040.466,3984.95,252.28687,106.89119,106.89119,106.89119,6116.3077,6014.1113,5990.9789,432.79945,1.6966378
548000.0,2598.4545,6001.0077,4000.9633,253.30067,106.89119,106.89119,106.89119,6082.9312,6004.6852,5915.4068,437.82818,1.6966378
549000.0,2531.485,5977.0907,3934.7026,249.10572,106.89119,106.89119,106.89119,6000.2397,5902.05,6028.9825,431.34159,1.6966378
550000.0,2554.8251,5984.4352,3862.4456,244.53113,106.89119,106.89119,106.89119,6045.4166,6011.4426,5896.4464,437.80996,1.6966378
551000.0,2578.1273,6021.5185,4051.7291,256.51465,106.89119,106.89119,106.89119,6075.3605,5995.944,5993.2509,432.63827,1.6966378
552000.0,2634.1186,6011.0162,3930.9562,248.86853,106.89119,106.89119,106.89119,6015.2449,5979.2637,6038.5401,437.06536,1.6966378
553000.0,2633.1515,5998.9762,3907.4478,247.38021,106.89119,106.89119,106.89119,6030.9677,6000.109,5965.8519,439.50259,1.6966378
554000.0,2556.1079,5995.1977,3985.273,252.30732,106.89119,106.89119,106.89119,6045.0519,5997.4569,5943.0843,435.01723,1.6966378
555000.0,2570.5983,6005.3933,3996.4902,253.01749,106.89119,106.89119,106.89119,6049.5615,6004.0334,5962.5851,438.06624,1.6966378
556000.0,2674.4809,5996.3662,3991.8082,252.72106,106.89119,106.89119,106.89119,6079.7038,5900.8359,6008.5587,435.90437,1.6966378
557000.0,2633.3338,6021.2775,3928.9308,248.7403,106.89119,106.89119,106.89119,6059.6856,6021.6743,5982.4726,438.55693,1.6966378
558000.0,2583.2316,6013.0547,3945.1233,249.76545,106.89119,106.89119,106.89119,6049.1267,5989.1421,6000.8953,440.70281,1.6966378
559000.0,2672.2108,6007.168,3951.3743,250.1612,106.89119,106.89119,106.89119,6073.408,5984.0618,5964.0341,443.03761,1.6966378
560000.0,2581.1039,6009.7508,3911.1942,247.6174,106.89119,106.89119,106.89119,6076.0243,5943.1393,6010.0888,441.80444,1.6966378
561000.0,2644.9038,6010.4524,3939.4777,249.40803,106.89119,106.89119,106.89119,6050.4272,5966.2826,6014.6475,441.6906,1.6966378
562000.0,2550.2736,6002.4115,3972.7482,251.51438,106.89119,106.89119,106.89119,6023.8362,6021.7832,5961.6149,457.61493,1.6966378
563000.0,2578.5303,5986.2817,3864.4936,244.66079,106.89119,106.89119,106.89119,6038.7598,5935.1726,5984.9128,445.14726,1.6966378
564000.0,2686.0126,6019.9526,3958.3638,250.6037,106.89119,106.89119,106.89119,6043.2369,6018.3772,5998.2438,448.17778,1.6966378
565000.0,2616.1572,6002.2594,3983.0277,252.16517,106.89119,106.89119,106.89119,6046.2918,5976.617,5983.8694,443.82147,1.6966378
566000.0,2618.3285,5981.034,4061.2321,257.11629,106.89119,106.89119,106.89119,5992.3882,5926.5938,6024.1202,427.92225,1.6966378
567000.0,2540.1154,5969.3385,3843.2766,243.31754,106.89119,106.89119,106.89119,5983.3459,5962.8284,5961.8411,431.06469,1.6966378
568000.0,2621.3437,5984.6559,3939.1505,249.38731,106.89119,106.89119,106.89119,5991.2403,5967.7256,5995.0017,428.19831,1.6966378
569000.0,2554.5356,5998.6241,3966.63,251.12703,106.89119,106.89119,106.89119,6034.8422,5965.7525,5995.2777,419.31115,1.6966378
570000.0,2553.0248,5978.5777,3945.1987,249.77022,106.89119,106.89119,106.89119,6030.9767,5914.0192,5990.7372,414.55271,1.6966378
571000.0,2547.5752,6008.6007,3958.1941,250.59296,106.89119,106.89119,106.89119,6013.8999,5999.2282,6012.6739,427.27204,1.6966378
572000.0,2661.2458,6039.0389,3975.2856,251.67502,106.89119,106.89119,106.89119,6072.8657,5999.5154,6044.7356,428.44486,1.6966378
573000.0,2666.6771,6036.4588,3968.2447,251.22926,106.89119,106.89119,106.89119,6051.2175,5994.1435,6064.0155,426.54777,1.6966378
574000.0,2636.9068,6008.2738,3883.6322,245.87245,106.89119,106.89119,106.89119,6011.8623,6031.8555,5981.1037,422.11416,1.6966378
575000.0,2656.1879,6022.4783,3883.1463,245.84169,106.89119,106.89119,106.89119,5994.0666,6068.9474,6004.4207,429.9098,1.6966378
576000.0,2579.6265,5995.4433,3925.0894,248.49711,106.89119,106.89119,106.89119,6000.5858,5980.9815,6004.7625,427.80739,1.6966378
577000.0,2599.1963,6003.0183,3919.4143,248.13782,106.89119,106.89119,106.89119,6022.7281,5952.1283,6034.1984,422.60759,1.6966378
578000.0,2584.3026,5993.9036,3965.6934,251.06774,106.89119,106.89119,106.89119,6038.7172,5973.8778,5969.1158,437.91086,1.6966378
579000.0,2580.5908,5983.6411,3916.2074,247.93478,106.89119,106.89119,106.89119,6029.4422,5943.1111,5978.3701,432.53713,1.6966378
580000.0,2559.0892,5990.8297,3935.4578,249.15353,106.89119,106.89119,106.89119,6030.4326,5965.0355,5977.0211,434.93452,1.6966378
581000.0,2588.4399,5992.3676,3879.3561,245.60173,106.89119,106.89119,106.89119,6026.1622,5985.6213,5965.3192,439.14114,1.6966378
582000.0,2587.1173,6005.5782,4010.158,253.88279,106.89119,106.89119,106.89119,6034.2842,5969.2829,6013.1674,439.17961,1.6966378
583000.0,2610.0033,5998.3034,3915.2797,247.87605,106.89119,106.89119,106.89119,6066.3287,6013.9964,5914.585,444.37558,1.6966378
584000.0,2625.2624,6009.7091,3915.8494,247.91212,106.89119,106.89119,106.89119,6040.6259,6002.3964,5986.1049,440.50667,1.6966378
585000.0,2579.151,5987.4552,3936.3375,249.20922,106.89119,106.89119,106.89119,6043.0322,5922.6095,5996.724,439.61594,1.6966378
586000.0,2591.2113,5998.1899,3913.759,247.77978,106.89119,106.89119,106.89119,6019.388,5967.8488,6007.3329,433.6323,1.6966378
587000.0,2584.2,5975.5027,3935.8635,249.17921,106.89119,106.89119,106.89119,6031.2779,5944.4624,5950.7678,442.08091,1.6966378
588000.0,2582.2587,5985.803,3916.8919,247.97812,106.89119,106.89119,106.89119,6025.7297,6007.2167,5924.4626,443.42444,1.6966378
589000.0,2558.564,5985.9794,3966.9072,251.14459,106.89119,106.89119,106.89119,6028.8254,5977.6759,5951.4368,444.61614,1.6966378
590000.0,2578.1251,5995.2119,3990.8549,252.66072,106.89119,106.89119,106.89119,6013.0322,6001.6438,5970.9597,446.11137,1.6966378
591000.0,2649.671,6021.7517,3944.3152,249.71429,106.89119,106.89119,106.89119,6037.2498,6032.458,5995.5473,448.5813,1.6966378
592000.0,2611.678,6004.872,3878.1691,245.52658,106.89119,106.89119,106.89119,6075.2325,5968.859,5970.5245,449.44176,1.6966378
593000.0,2537.2442,5982.444,3956.4742,250.48408,106.89119,106.89119,106.89119,5993.5723,5960.4373,5993.3223,427.21985,1.6966378
594000.0,2565.0481,6016.9172,3982.5068,252.1322,106.89119,106.89119,106.89119,6024.9141,6010.771,6015.0666,429.88445,1.6966378
595000.0,2620.9072,6037.0647,3985.6949,252.33403,106.89119,106.89119,106.89119,6130.463,6000.117,5980.6143,428.59017,1.6966378
596000.0,2606.297,6046.1377,3971.8456,251.45724,106.89119,106.89119,106.89119,6124.2101,6014.5112,5999.6918,442.13986,1.6966378
597000.0,2575.2513,6018.0759,3909.6368,247.5188,106.89119,106.89119,106.89119,6069.9908,5939.9246,6044.3122,445.96432,1.6966378
598000.0,2685.4637,6013.2866,4003.7695,253.47834,106.89119,106.89119,106.89119,6096.7002,5988.2966,5954.8628,428.38502,1.6966378
599000.0,2574.7347,6022.1743,3933.6582,249.03959,106.89119,106.89119,106.89119,6062.258,6016.7773,5987.4877,434.54636,1.6966378
600000.0,2598.1001,6012.6889,4022.868,254.68746,106.89119,106.89119,106.89119,6065.4288,6002.2143,5970.4236,436.08823,1.6966378
601000.0,2613.895,6003.202,3957.7203,250.56296,106.89119,106.89119,106.89119,6043.4449,5963.1289,6003.0322,430.11194,1.6966378
602000.0,2613.3806,6031.4098,4028.5891,255.04966,106.89119,106.89119,106.89119,6081.4396,5975.5411,6037.2489,431.82226,1.6966378
603000.0,2507.0586,5979.8454,3982.1563,252.11,106.89119,106.89119,106.89119,6051.3349,5925.4229,5962.7785,431.76688,1.6966378
604000.0,2636.0335,6043.8115,3983.6699,252.20583,106.89119,106.89119,106.89119,6047.3573,6007.8624,6076.2149,443.40034,1.6966378
605000.0,2550.1819,6020.8327,4005.4691,253.58594,106.89119,106.89119,106.89119,6077.0496,5928.5642,6056.8841,444.54903,1.6966378
606000.0,2637.424,6028.0355,3944.7552,249.74215,106.89119,106.89119,106.89119,6126.2177,5952.153,6005.7357,442.20631,1.6966378
607000.0,2622.8293,6024.0951,3917.1305,247.99323,106.89119,106.89119,106.89119,6146.6567,5969.7612,5955.8674,440.25288,1.6966378
608000.0,2582.3189,6039.282,3903.8954,247.15532,106.89119,106.89119,106.89119,6092.2809,6015.893,6009.6721,436.08128,1.6966378
609000.0,2610.0676,6014.7418,3966.5106,251.11948,106.89119,106.89119,106.89119,6029.0239,6012.5225,6002.6791,439.40683,1.6966378
610000.0,2523.8563,5972.24,3934.7104,249.10621,106.89119,106.89119,106.89119,6051.2143,5959.1625,5906.3432,442.36716,1.6966378
611000.0,2581.0345,6007.8097,3951.8589,250.19188,106.89119,106.89119,106.89119,6036.9108,5994.5252,5991.993,438.97035,1.6966378
612000.0,2546.6511,6004.6221,3949.6473,250.05186,106.89119,106.89119,106.89119,6121.1906,5913.8402,5978.8356,438.29124,1.6966378
613000.0,2597.9883,5985.8125,3845.3312,243.44762,106.89119,106.89119,106.89119,6066.3246,5945.2146,5945.8984,436.59761,1.6966378
614000.0,2593.1153,6018.2585,3934.9314,249.1202,106.89119,106.89119,106.89119,6133.0146,5988.9588,5932.8021,440.64954,1.6966378
615000.0,2559.8871,5993.6553,3989.4189,252.5698,106.89119,106.89119,106.89119,6063.0748,5929.4055,5988.4855,436.9673,1.6966378
616000.0,2557.5722,5983.9507,3918.6821,248.09146,106.89119,106.89119,106.89119,6062.7512,5999.9759,5889.1251,437.54248,1.6966378
617000.0,2628.2716,5989.7686,3926.2065,248.56783,106.89119,106.89119,106.89119,6074.9423,5972.0689,5922.2946,452.79174,1.6966378
618000.0,2629.899,6002.9263,3920.6708,248.21737,106.89119,106.89119,106.89119,6088.4619,5989.0254,5931.2915,425.82279,1.6966378
619000.0,2512.4372,5984.2139,3887.9222,246.14405,106.89119,106.89119,106.89119,6071.3368,5947.8522,5933.4527,430.55755,1.6966378
620000.0,2532.8933,6007.0909,3885.1573,245.96901,106.89119,106.89119,106.89119,6043.6494,5996.5923,5981.0311,421.7352,1.6966378
621000.0,2677.5045,6037.1536,3940.0022,249.44123,106.89119,106.89119,106.89119,6086.3797,6021.6142,6003.4669,431.68621,1.6966378
622000.0,2549.0054,5994.9322,3921.588,248.27543,106.89119,106.89119,106.89119,6149.1937,5965.517,5870.0859,424.99902,1.6966378
623000.0,2593.2552,5971.7809,3954.0339,250.32958,106.89119,106.89119,106.89119,6016.9177,5957.1091,5941.3159,435.63633,1.6966378
624000.0,2526.9315,5974.3676,3933.8469,249.05154,106.89119,106.89119,106.89119,5993.9149,5944.8716,5984.3164,439.36541,1.6966378
625000.0,2588.833,5994.9417,3895.8037,246.64303,106.89119,106.89119,106.89119,6085.6044,5955.9649,5943.2557,428.27309,1.6966378
626000.0,2598.1609,6025.2466,3878.5547,245.551,106.89119,106.89119,106.89119,6069.1186,6020.4535,5986.1677,436.197,1.6966378
627000.0,2546.3976,6011.3435,3956.2507,250.46992,106.89119,106.89119,106.89119,6082.6423,6000.64,5950.7483,433.16187,1.6966378
628000.0,2659.3801,6048.8286,3951.2578,250.15382,106.89119,106.89119,106.89119,6136.3971,5983.9999,6026.0889,444.01439,1.6966378
629000.0,2548.3588,5980.8077,3931.0555,248.87482,106.89119,106.89119,106.89119,6078.6713,5951.6199,5912.1319,445.66192,1.6966378
630000.0,2633.6789,6017.0944,3881.0367,245.70813,106.89119,106.89119,106.89119,6044.3898,6015.6351,5991.2584,428.26443,1.6966378
631000.0,2599.0281,5991.0732,3946.0697,249.82537,106.89119,106.89119,106.89119,6086.5687,5959.2076,5927.4433,428.9561,1.6966378
632000.0,2572.9144,6004.5498,3946.2088,249.83417,106.89119,106.89119,106.89119,6074.7651,5964.1636,5974.7207,435.02921,1.6966378
633000.0,2555.6842,5998.0644,3911.297,247.62391,106.89119,106.89119,106.89119,6039.0049,5996.4569,5958.7314,427.43134,1.6966378
634000.0,2647.0496,6030.3447,3930.2542,248.82409,106.89119,106.89119,106.89119,6088.9117,6035.046,5967.0765,433.31854,1.6966378
635000.0,2482.0786,5985.9786,3954.3705,250.35089,106.89119,106.89119,106.89119,6063.6477,5912.0834,5982.2046,438.15689,1.6966378
636000.0,2570.4328,5983.3197,3935.8441,249.17798,106.89119,106.89119,106.89119,6035.9121,5935.7775,5978.2696,440.96272,1.6966378
637000.0,2554.3357,6010.4327,3935.7711,249.17336,106.89119,106.89119,106.89119,6096.312,5984.4009,5950.5851,441.13857,1.6966378
638000.0,2518.2821,6002.7744,3948.9649,250.00866,106.89119,106.89119,106.89119,6001.354,5980.1581,6026.811,433.90335,1.6966378
639000.0,2660.8728,6009.8901,3890.6515,246.31685,106.89119,106.89119,106.89119,6064.3739,5966.8449,5998.4514,432.59839,1.6966378
640000.0,2614.4877,6011.3144,3949.2791,250.02855,106.89119,106.89119,106.89119,6069.244,5987.2691,5977.4302,431.27796,1.6966378
641000.0,2572.7528,6001.7286,3899.2219,246.85943,106.89119,106.89119,106.89119,6060.5054,5949.4407,5995.2397,431.7211,1.6966378
642000.0,2545.4604,6008.8369,3902.0968,247.04144,106.89119,106.89119,106.89119,6042.0168,5984.9856,5999.5083,430.05478,1.6966378
643000.0,2575.7477,6011.9553,3921.7035,248.28274,106.89119,106.89119,106.89119,6088.3258,6019.7654,5927.7749,432.40488,1.6966378
644000.0,2504.16,5992.091,3928.4195,248.70793,106.89119,106.89119,106.89119,6053.2925,5979.5079,5943.4727,424.65693,1.6966378
645000.0,2493.7265,5991.3472,3950.736,250.12079,106.89119,106.89119,106.89119,6089.5808,5970.4815,5913.9793,425.96377,1.6966378
646000.0,2554.5264,6003.2599,3927.7438,248.66516,106.89119,106.89119,106.89119,6101.3158,5976.0007,5932.4632,425.37242,1.6966378
647000.0,2592.7772,6012.9824,3950.034,250.07634,106.89119,106.89119,106.89119,6074.112,5985.0072,5979.828,428.68843,1.6966378
648000.0,2642.2573,6020.7437,3967.6185,251.18962,106.89119,106.89119,106.89119,6011.162,6067.6136,5983.4556,430.65718,1.6966378
649000.0,2560.8453,5998.7603,4054.2559,256.67463,106.89119,106.89119,106.89119,6087.271,5972.6851,5936.3247,434.54131,1.6966378
650000.0,2617.416,6022.8537,3924.6006,248.46616,106.89119,106.89119,106.89119,6126.5666,5955.7056,5986.2889,426.88398,1.6966378
651000.0,2586.7895,6012.727,3900.454,246.93744,106.89119,106.89119,106.89119,6106.8916,5970.2308,5961.0586,430.5083,1.6966378
652000.0,2488.674,5989.5739,3986.1996,252.36599,106.89119,106.89119,106.89119,6103.2933,5952.0282,5913.4002,429.0879,1.6966378
653000.0,2497.5872,5989.7692,4027.6556,254.99056,106.89119,106.89119,106.89119,6027.4366,5972.9745,5968.8964,430.462,1.6966378
654000.0,2519.979,6007.2343,3908.6404,247.45572,106.89119,106.89119,106.89119,6016.7513,6044.1075,5960.8442,424.39768,1.6966378
655000.0,2506.7932,6009.6,3891.8078,246.39005,106.89119,106.89119,106.89119,6084.2363,5992.3603,5952.2035,424.73715,1.6966378
656000.0,2559.1705,6015.1268,3985.9231,252.34848,106.89119,106.89119,106.89119,6139.9049,6002.4606,5903.015,425.08301,1.6966378
657000.0,2533.3808,6002.2073,3909.7763,247.52763,106.89119,106.89119,106.89119,6050.5713,5984.8078,5971.2428,424.76884,1.6966378
658000.0,2559.8683,6016.8717,3865.1406,244.70175,106.89119,106.89119,106.89119,6043.1467,6021.6516,5985.8166,424.59685,1.6966378
659000.0,2493.4131,5984.7511,3993.9401,252.85603,106.89119,106.89119,106.89119,6028.7847,5980.4116,5945.0568,421.57524,1.6966378
660000.0,2554.7937,6019.8589,3998.3537,253.13546,106.89119,106.89119,106.89119,6064.0327,6025.6853,5969.8586,432.98045,1.6966378
661000.0,2464.136,5993.02,3963.9161,250.95522,106.89119,106.89119,106.89119,6089.5038,5954.4633,5935.0931,432.77399,1.6966378
662000.0,2504.8922,5980.8513,3941.3964,249.5295,106.89119,106.89119,106.89119,6004.9028,5984.1462,5953.505,442.93676,1.6966378
663000.0,2574.6172,6010.2294,3935.5697,249.16061,106.89119,106.89119,106.89119,6060.329,5999.8489,5970.5103,441.55657,1.6966378
664000.0,2485.9525,5992.4971,3956.2772,250.4716,106.89119,106.89119,106.89119,6075.3823,5941.5799,5960.5292,430.99413,1.6966378
665000.0,2558.4518,6013.6714,3969.2451,251.2926,106.89119,106.89119,106.89119,6134.4058,5952.7841,5953.8244,446.09373,1.6966378
666000.0,2541.0193,6001.7043,3870.257,245.02567,106.89119,106.89119,106.89119,6062.9625,5972.595,5969.5556,435.67502,1.6966378
667000.0,2582.7827,5997.8499,3914.0648,247.79914,106.89119,106.89119,106.89119,6075.3212,5971.5045,5946.7239,453.69158,1.6966378
668000.0,2547.5437,6014.1956,3966.4376,251.11486,106.89119,106.89119,106.89119,6083.5543,6004.2188,5954.8137,441.84538,1.6966378
669000.0,2519.2402,5989.4469,4022.102,254.63897,106.89119,106.89119,106.89119,6049.2674,5912.2055,6006.8677,443.34711,1.6966378
670000.0,2611.1603,6032.8915,3940.4617,249.47032,106.89119,106.89119,106.89119,6124.3741,5993.3557,5980.9449,437.98942,1.6966378
671000.0,2544.9708,6015.0661,3968.0459,251.21667,106.89119,106.89119,106.89119,6098.0604,5953.3852,5993.7525,443.64464,1.6966378
672000.0,2531.7333,5990.8202,3884.0547,245.8992,106.89119,106.89119,106.89119,6031.2203,5994.7147,5946.5255,446.87266,1.6966378
673000.0,2530.1809,5996.447,3943.7968,249.68147,106.89119,106.89119,106.89119,6065.5527,5986.0769,5937.7114,434.63206,1.6966378
674000.0,2608.3125,6008.921,3942.9036,249.62492,106.89119,106.89119,106.89119,6082.5012,5980.7517,5963.5101,431.68995,1.6966378
675000.0,2568.8818,6008.5904,3957.3265,250.53803,106.89119,106.89119,106.89119,6076.5854,6005.0889,5944.0968,439.12077,1.6966378
676000.0,2574.483,6020.7127,3905.1537,247.23498,106.89119,106.89119,106.89119,6068.5674,6014.9991,5978.5715,436.89518,1.6966378
677000.0,2550.5929,5985.9826,3889.3649,246.23539,106.89119,106.89119,106.89119,6049.5254,5942.7396,5965.6828,433.82661,1.6966378
678000.0,2551.0189,6014.0844,3907.8166,247.40357,106.89119,106.89119,106.89119,6066.5223,5991.4532,5984.2777,430.41379,1.6966378
679000.0,2616.6115,6014.3088,3948.7391,249.99436,106.89119,106.89119,106.89119,5988.9393,6045.3705,6008.6168,431.96759,1.6966378
680000.0,2528.6965,6007.8943,3944.1004,249.70069,106.89119,106.89119,106.89119,6036.7746,5999.1077,5987.8005,437.43836,1.6966378
681000.0,2510.041,5975.801,3872.0542,245.13945,106.89119,106.89119,106.89119,5981.6576,5908.8906,6036.8549,429.74437,1.6966378
682000.0,2564.1174,6008.5368,3895.1595,246.60224,106.89119,106.89119,106.89119,6077.6062,6010.8595,5937.1448,430.36115,1.6966378
683000.0,2542.7841,6002.3043,3918.2489,248.06403,106.89119,106.89119,106.89119,6045.3225,6001.7943,5959.7962,440.52879,1.6966378
684000.0,2566.3193,6011.3691,3923.492,248.39597,106.89119,106.89119,106.89119,6024.4069,6032.4743,5977.2262,430.68007,1.6966378
685000.0,2597.6619,6056.8681,3931.1817,248.88281,106.89119,106.89119,106.89119,6108.462,6004.3907,6057.7515,430.98349,1.6966378
686000.0,2611.4432,6032.3513,3988.6541,252.52138,106.89119,106.89119,106.89119,6123.5523,5949.0823,6024.4194,426.35042,1.6966378
687000.0,2562.8996,5991.0785,4017.6403,254.35649,106.89119,106.89119,106.89119,6101.418,6001.8653,5869.9521,427.57916,1.6966378
688000.0,2640.6891,6038.0991,3937.4072,249.27695,106.89119,106.89119,106.89119,6090.2687,5993.4046,6030.6239,436.01439,1.6966378
689000.0,2602.0506,5999.2032,4011.5892,253.9734,106.89119,106.89119,106.89119,6046.9335,5976.9649,5973.7111,434.19163,1.6966378
690000.0,2602.0878,6010.1154,3998.2231,253.12719,106.89119,106.89119,106.89119,6017.6941,6014.7813,5997.8709,430.73911,1.6966378
691000.0,2573.0229,6005.4691,3940.8528,249.49508,106.89119,106.89119,106.89119,6052.9927,5907.8389,6055.5756,428.77246,1.6966378
692000.0,2503.7749,6011.49,3997.3389,253.07122,106.89119,106.89119,106.89119,6035.0296,5990.1913,6009.249,425.95027,1.6966378
693000.0,2559.3513,5982.2475,4056.2352,256.79993,106.89119,106.89119,106.89119,6006.0904,5946.3474,5994.3047,425.99365,1.6966378
694000.0,2467.678,5985.1856,3911.5903,247.64248,106.89119,106.89119,106.89119,6052.1296,5952.3702,5951.0569,422.91267,1.6966378
695000.0,2561.0034,6007.8486,4005.7186,253.60173,106.89119,106.89119,106.89119,6067.9908,5898.8508,6056.7041,419.78159,1.6966378
696000.0,2575.4492,6009.9436,4002.1718,253.37718,106.89119,106.89119,106.89119,6075.0144,5959.7095,5995.1069,433.69,1.6966378
697000.0,2553.2197,5989.4342,3936.7426,249.23487,106.89119,106.89119,106.89119,6002.8007,5972.1982,5993.3039,424.88666,1.6966378
698000.0,2584.5563,6011.664,3987.6247,252.45621,106.89119,106.89119,106.89119,6003.6314,6019.0753,6012.2852,443.82039,1.6966378
699000.0,2578.6413,5985.9088,3853.2812,243.95093,106.89119,106.89119,106.89119,6024.6957,5964.3995,5968.6311,445.65111,1.6966378
700000.0,2543.9416,5996.1843,3927.6043,248.65632,106.89119,106.89119,106.89119,5977.0534,5966.3297,6045.1698,443.80223,1.6966378
701000.0,2588.4531,6014.9775,3946.0779,249.82588,106.89119,106.89119,106.89119,6092.4264,5940.7857,6011.7205,438.77709,1.6966378
702000.0,2510.8731,6009.2623,3982.7613,252.14831,106.89119,106.89119,106.89119,6065.6052,5976.4242,5985.7574,445.18423,1.6966378
703000.0,2513.3257,5973.7237,3927.9202,248.67632,106.89119,106.89119,106.89119,6051.0725,5951.6899,5918.4086,439.5427,1.6966378
704000.0,2544.9952,6007.6224,3966.4904,251.1182,106.89119,106.89119,106.89119,6062.0914,5964.3105,5996.4652,424.70196,1.6966378
705000.0,2617.9876,6034.2395,3992.3195,252.75344,106.89119,106.89119,106.89119,6068.9135,6044.1538,5989.6513,415.02538,1.6966378
706000.0,2549.5566,5975.7009,3915.5753,247.89477,106.89119,106.89119,106.89119,5983.1745,6001.8706,5942.0576,436.49917,1.6966378
707000.0,2528.3776,5991.801,3909.8669,247.53337,106.89119,106.89119,106.89119,6007.9876,5987.7507,5979.6646,428.13337,1.6966378
708000.0,2518.2395,5977.488,3979.1524,251.91983,106.89119,106.89119,106.89119,5989.5283,5984.6054,5958.3304,434.78422,1.6966378
709000.0,2555.3738,5969.8599,3910.6199,247.58104,106.89119,106.89119,106.89119,6031.9811,5970.625,5906.9735,433.14928,1.6966378
710000.0,2471.1032,5980.7615,3917.4892,248.01593,106.89119,106.89119,106.89119,6009.3214,5948.9719,5983.9911,429.9235,1.6966378
711000.0,2576.8422,5985.6592,3947.3561,249.90681,106.89119,106.89119,106.89119,6038.0591,5971.9433,5946.9752,418.15021,1.6966378
712000.0,2562.5683,5988.5876,3934.6703,249.10367,106.89119,106.89119,106.89119,6072.0088,5942.6847,5951.0693,437.34981,1.6966378
713000.0,2511.5671,5995.9333,3947.2507,249.90013,106.89119,106.89119,106.89119,6072.6453,5964.2384,5950.9162,434.85815,1.6966378
714000.0,2482.0505,5966.4394,4007.9461,253.74275,106.89119,106.89119,106.89119,6009.2451,5940.9034,5949.1698,434.84482,1.6966378
715000.0,2494.2656,5996.0155,3996.7538,253.03417,106.89119,106.89119,106.89119,6049.4567,5966.5421,5972.0478,441.63097,1.6966378
716000.0,2575.4472,6009.7956,3971.9149,251.46162,106.89119,106.89119,106.89119,6073.26,5948.5039,6007.6227,428.47073,1.6966378
717000.0,2504.1942,6015.1352,3929.9644,248.80574,106.89119,106.89119,106.89119,6074.7584,5974.7335,5995.9138,438.53942,1.6966378
718000.0,2590.8575,6014.3349,3897.5401,246.75296,106.89119,106.89119,106.89119,6038.1742,6028.7497,5976.0808,441.51634,1.6966378
719000.0,2568.2886,5999.7694,3949.4109,250.0369,106.89119,106.89119,106.89119,6057.5888,5916.3297,6025.3896,378.69439,1.6966378
720000.0,2498.2436,5992.0706,3846.4149,243.51623,106.89119,106.89119,106.89119,5998.5569,5959.1842,6018.4707,380.64181,1.6966378
721000.0,2614.4352,6009.5859,3980.8512,252.02738,106.89119,106.89119,106.89119,5936.3079,6004.7265,6087.7232,434.79404,1.6966378
722000.0,2592.8687,6001.1826,3928.8324,248.73407,106.89119,106.89119,106.89119,6055.1407,5969.5812,5978.826,429.15837,1.6966378
723000.0,2597.2229,6000.1369,3900.779,246.95801,106.89119,106.89119,106.89119,6035.5994,5962.0354,6002.7759,433.62708,1.6966378
724000.0,2587.8743,6014.6095,3888.9062,246.20635,106.89119,106.89119,106.89119,6062.3764,5980.3438,6001.1083,355.48756,1.6966378
725000.0,2526.597,5986.0023,3953.4819,250.29463,106.89119,106.89119,106.89119,5969.6123,5985.9855,6002.4092,428.51123,1.6966378
726000.0,2588.9353,6008.0642,3998.2138,253.12661,106.89119,106.89119,106.89119,6024.5064,5973.1128,6026.5734,437.91582,1.6966378
727000.0,2558.1305,6003.5732,3945.6939,249.80157,106.89119,106.89119,106.89119,6068.1139,5965.1815,5977.4242,435.26946,1.6966378
728000.0,2566.3307,6013.5715,4021.8618,254.62376,106.89119,106.89119,106.89119,6086.4415,6022.1122,5932.1607,427.20091,1.6966378
729000.0,2497.0678,5986.4441,3875.5351,245.35982,106.89119,106.89119,106.89119,6047.6836,5967.2074,5944.4411,431.35512,1.6966378
730000.0,2540.1562,6012.0422,4039.5905,255.74616,106.89119,106.89119,106.89119,6088.8721,5964.1519,5983.1026,431.78371,1.6966378
731000.0,2519.7378,5983.416,3929.3993,248.76996,106.89119,106.89119,106.89119,6028.6872,5935.4877,5986.0729,435.20926,1.6966378
732000.0,2532.3412,6005.7183,3978.3965,251.87198,106.89119,106.89119,106.89119,6050.206,5958.1476,6008.8012,428.81431,1.6966378
733000.0,2571.0058,6010.8469,3913.4065,247.75746,106.89119,106.89119,106.89119,6028.2628,6010.644,5993.6338,427.47516,1.6966378
734000.0,2542.944,5982.4732,3982.0224,252.10153,106.89119,106.89119,106.89119,6012.308,5932.1478,6002.9636,420.07448,1.6966378
735000.0,2509.2263,5967.0647,3955.7854,250.44046,106.89119,106.89119,106.89119,5997.0489,5904.7379,5999.4073,435.23595,1.6966378
736000.0,2524.7113,5986.1671,3954.6478,250.36844,106.89119,106.89119,106.89119,5970.9197,5996.6733,5990.9083,441.37796,1.6966378
737000.0,2477.2894,5948.6615,3932.5805,248.97136,106.89119,106.89119,106.89119,5965.4808,5936.7197,5943.784,441.4263,1.6966378
738000.0,2612.2757,5997.5043,3930.5695,248.84405,106.89119,106.89119,106.89119,6049.9999,5957.4228,5985.0902,425.53571,1.6966378
739000.0,2538.5564,5995.1408,4001.0566,253.30658,106.89119,106.89119,106.89119,6013.0449,6004.8638,5967.5135,428.39426,1.6966378
740000.0,2551.0423,5999.316,3952.4167,250.2272,106.89119,106.89119,106.89119,6052.4573,5999.2036,5946.2873,456.14845,1.6966378
741000.0,2558.2188,5986.5968,3951.5246,250.17071,106.89119,106.89119,106.89119,6047.4248,5959.5166,5952.8489,434.16845,1.6966378
742000.0,2543.2305,5987.4931,3999.5189,253.20923,106.89119,106.89119,106.89119,6069.099,5921.194,5972.1865,439.72126,1.6966378
743000.0,2579.9253,6005.1212,3957.6542,250.55878,106.89119,106.89119,106.89119,6048.4933,5991.3964,5975.474,439.24537,1.6966378
744000.0,2546.5542,5985.1001,3985.2033,252.30291,106.89119,106.89119,106.89119,6013.4384,5936.2373,6005.6246,436.29802,1.6966378
745000.0,2546.1985,5993.3172,3908.1343,247.42368,106.89119,106.89119,106.89119,5967.9575,5948.7945,6063.1997,431.13269,1.6966378
746000.0,2532.3614,5981.9786,3894.813,246.58031,106.89119,106.89119,106.89119,6034.9321,5937.3566,5973.647,436.35432,1.6966378
747000.0,2551.958,6013.0079,3917.8143,248.03652,106.89119,106.89119,106.89119,6077.4121,5956.7253,6004.8864,435.33806,1.6966378
748000.0,2561.9072,6005.0798,3900.5027,246.94052,106.89119,106.89119,106.89119,6022.5619,5996.0371,5996.6402,439.65924,1.6966378
749000.0,2531.713,5995.9568,4027.1762,254.96021,106.89119,106.89119,106.89119,6040.4526,5914.0485,6033.3691,438.49347,1.6966378
750000.0,2625.1659,6027.6585,3929.6743,248.78738,106.89119,106.89119,106.89119,6032.2953,5960.92,6089.7603,429.41761,1.6966378
751000.0,2539.3382,6009.3159,3978.1783,251.85816,106.89119,106.89119,106.89119,6056.4555,5919.9701,6051.522,428.75282,1.6966378
752000.0,2524.7186,6004.2122,4028.8028,255.06319,106.89119,106.89119,106.89119,6055.3323,5954.5665,6002.7378,425.49906,1.6966378
753000.0,2494.1186,6019.0641,3918.7821,248.09779,106.89119,106.89119,106.89119,6038.3055,5982.8064,6036.0806,435.58709,1.6966378
754000.0,2497.4026,5986.2025,3938.9104,249.37211,106.89119,106.89119,106.89119,6001.2946,5985.7181,5971.5946,435.49811,1.6966378
755000.0,2545.709,5971.4943,3887.5723,246.1219,106.89119,106.89119,106.89119,5994.3923,5946.9142,5973.1763,440.02263,1.6966378
756000.0,2600.8806,6023.1172,3884.8805,245.95148,106.89119,106.89119,106.89119,6060.5271,5991.062,6017.7626,437.89976,1.6966378
757000.0,2547.6767,5993.3904,3944.3073,249.71379,106.89119,106.89119,106.89119,6021.7164,5936.2682,6022.1867,395.88928,1.6966378
758000.0,2529.634,5994.4994,3984.5165,252.25943,106.89119,106.89119,106.89119,6041.3384,6002.1683,5939.9916,407.14469,1.6966378
759000.0,2536.2108,5980.7125,3956.6964,250.49814,106.89119,106.89119,106.89119,6035.669,5904.748,6001.7204,413.6539,1.6966378
760000.0,2558.6441,5990.496,3847.0339,243.55542,106.89119,106.89119,106.89119,6009.9723,5977.2624,5984.2535,445.44432,1.6966378
761000.0,2514.0004,5983.5997,3888.4462,246.17722,106.89119,106.89119,106.89119,6024.2736,5955.7085,5970.8169,443.36123,1.6966378
762000.0,2517.2234,6016.0491,3933.3491,249.02002,106.89119,106.89119,106.89119,6087.7075,5962.3104,5998.1295,444.96123,1.6966378
763000.0,2543.5545,6025.7588,3949.8262,250.06319,106.89119,106.89119,106.89119,6075.6962,5988.4511,6013.1293,453.53616,1.6966378
764000.0,2533.5356,5996.5052,3856.015,244.12401,106.89119,106.89119,106.89119,6027.7665,5966.3782,5995.3709,464.46338,1.6966378
765000.0,2468.8213,5976.4096,3934.4588,249.09028,106.89119,106.89119,106.89119,5958.6923,5962.1973,6008.3393,459.65044,1.6966378
766000.0,2545.2863,6005.0701,3999.2517,253.19231,106.89119,106.89119,106.89119,6042.011,5945.6299,6027.5696,465.60051,1.6966378
767000.0,2538.7752,5989.3793,3985.1022,252.29651,106.89119,106.89119,106.89119,6028.0128,5912.5303,6027.5949,462.58858,1.6966378
768000.0,2573.7186,6006.0962,3989.619,252.58247,106.89119,106.89119,106.89119,5995.357,5984.339,6038.5926,422.17043,1.6966378
769000.0,2596.9891,6024.1639,4011.7337,253.98255,106.89119,106.89119,106.89119,6101.022,5962.9771,6008.4926,410.07426,1.6966378
770000.0,2517.2767,5993.1005,3851.4504,243.83502,106.89119,106.89119,106.89119,6053.2054,5924.6383,6001.4578,431.41821,1.6966378
771000.0,2518.0459,5986.7258,3977.0831,251.78882,106.89119,106.89119,106.89119,5964.0152,5954.6816,6041.4806,438.00922,1.6966378
772000.0,2553.2737,5975.4581,3904.3161,247.18195,106.89119,106.89119,106.89119,6025.0834,5927.8052,5973.4856,443.5435,1.6966378
773000.0,2548.5566,6003.3172,3930.4683,248.83764,106.89119,106.89119,106.89119,6056.6323,5946.1632,6007.1563,421.4273,1.6966378
774000.0,2471.4732,5975.7497,3968.869,251.26879,106.89119,106.89119,106.89119,6031.8355,5924.2937,5971.12,421.32843,1.6966378
775000.0,2507.5701,5995.2915,4000.4097,253.26563,106.89119,106.89119,106.89119,6022.3449,5991.9593,5971.5704,416.23524,1.6966378
776000.0,2457.741,5986.5768,3873.7196,245.24489,106.89119,106.89119,106.89119,6018.7868,5936.0935,6004.85,425.70435,1.6966378
777000.0,2568.0515,6010.8143,3946.2188,249.83481,106.89119,106.89119,106.89119,6097.4804,5991.0229,5943.9396,429.99269,1.6966378
778000.0,2542.7052,5991.4881,3937.2766,249.26868,106.89119,106.89119,106.89119,5978.454,5966.7814,6029.2289,426.41906,1.6966378
779000.0,2559.3352,6000.8734,3968.4189,251.24029,106.89119,106.89119,106.89119,6046.477,5957.6276,5998.5155,444.42715,1.6966378
780000.0,2524.434,5996.5383,3919.1862,248.12337,106.89119,106.89119,106.89119,6043.3031,5971.0842,5975.2276,428.63206,1.6966378
781000.0,2516.3994,5994.018,3907.449,247.38029,106.89119,106.89119,106.89119,6013.8987,5952.1035,6016.0519,430.98392,1.6966378
782000.0,2602.2921,6029.4421,3919.9426,248.17126,106.89119,106.89119,106.89119,6099.9691,5979.2645,6009.0925,427.76257,1.6966378
783000.0,2531.0641,5978.6718,3941.5139,249.53694,106.89119,106.89119,106.89119,5986.1572,5962.1465,5987.7116,426.61481,1.6966378
784000.0,2541.4983,5973.9825,3931.788,248.92119,106.89119,106.89119,106.89119,6038.8919,5904.5677,5978.4881,427.95488,1.6966378
785000.0,2428.8549,5961.6707,3992.5097,252.76548,106.89119,106.89119,106.89119,6040.6605,5917.9754,5926.376,432.88366,1.6966378
786000.0,2449.104,5964.2784,3961.7663,250.81912,106.89119,106.89119,106.89119,5958.0698,5985.3201,5949.4451,440.7488,1.6966378
787000.0,2429.8806,5954.5239,3958.7737,250.62966,106.89119,106.89119,106.89119,6026.3549,5915.044,5922.1728,443.7761,1.6966378
788000.0,2576.5096,5997.0534,3965.0532,251.02721,106.89119,106.89119,106.89119,5993.8704,5961.0228,6036.2668,444.37193,1.6966378
789000.0,2507.159,5972.6618,3885.3409,245.98063,106.89119,106.89119,106.89119,5974.9007,5963.9522,5979.1325,446.18095,1.6966378
790000.0,2551.292,6009.1644,3953.5917,250.30158,106.89119,106.89119,106.89119,6084.3947,5996.827,5946.2714,453.32401,1.6966378
791000.0,2504.1543,5979.5319,3900.4771,246.9389,106.89119,106.89119,106.89119,6037.6783,5935.6408,5965.2764,388.79636,1.6966378
792000.0,2531.4594,5969.9904,3950.929,250.13301,106.89119,106.89119,106.89119,6011.5544,5931.7606,5966.656,388.77854,1.6966378
793000.0,2469.0247,6008.5971,4015.338,254.21074,106.89119,106.89119,106.89119,6096.5329,5973.4061,5955.8523,426.35967,1.6966378
794000.0,2498.8331,5973.7557,3963.4893,250.9282,106.89119,106.89119,106.89119,5995.4477,6000.064,5925.7554,433.38927,1.6966378
795000.0,2534.3698,6008.7969,3954.2273,250.34182,106.89119,106.89119,106.89119,6057.7799,6030.7594,5937.8514,436.78554,1.6966378
796000.0,2484.0463,5959.2155,3883.2768,245.84995,106.89119,106.89119,106.89119,6001.8271,5940.5272,5935.2922,382.57667,1.6966378
797000.0,2469.2626,5980.9542,3982.0171,252.10119,106.89119,106.89119,106.89119,6012.1316,5965.6517,5965.0791,427.31547,1.6966378
798000.0,2498.0365,6013.1414,4003.8041,253.48052,106.89119,106.89119,106.89119,6029.0848,5994.347,6015.9925,445.42355,1.6966378
799000.0,2500.4097,5979.3694,3963.5066,250.92929,106.89119,106.89119,106.89119,6015.3766,5996.6883,5926.0432,445.80198,1.6966378
800000.0,2541.9096,6021.6693,3958.9702,250.6421,106.89119,106.89119,106.89119,6083.1041,5998.5953,5983.3085,438.33288,1.6966378
801000.0,2574.2379,6005.7573,3964.8635,251.0152,106.89119,106.89119,106.89119,6025.5503,6005.2136,5986.5081,442.17899,1.6966378
802000.0,2513.2044,5994.4682,3983.9915,252.22619,106.89119,106.89119,106.89119,6019.6244,5998.1974,5965.5829,428.03364,1.6966378
803000.0,2415.4831,5984.7062,3910.104,247.54838,106.89119,106.89119,106.89119,6069.0414,5951.3345,5933.7427,434.29433,1.6966378
804000.0,2494.0168,5964.742,3977.7243,251.82941,106.89119,106.89119,106.89119,5983.8086,5964.9932,5945.4243,434.49436,1.6966378
805000.0,2511.3096,5971.159,3970.6563,251.38194,106.89119,106.89119,106.89119,6019.5249,5979.2141,5914.7381,437.58599,1.6966378
806000.0,2483.712,5988.1042,4025.4907,254.8535,106.89119,106.89119,106.89119,6009.8914,6003.2445,5951.1766,417.249,1.6966378
807000.0,2518.8092,5996.6428,3945.7181,249.8031,106.89119,106.89119,106.89119,6029.4515,5985.8613,5974.6156,436.41628,1.6966378
808000.0,2553.2264,5997.7604,4015.3326,254.21039,106.89119,106.89119,106.89119,6048.4511,5925.1932,6019.6369,434.72854,1.6966378
809000.0,2409.891,5982.7029,3927.172,248.62896,106.89119,106.89119,106.89119,5979.9854,6019.3905,5948.7329,436.64189,1.6966378
810000.0,2489.3185,5998.6916,3992.5156,252.76585,106.89119,106.89119,106.89119,6002.6937,5963.9485,6029.4326,433.00267,1.6966378
811000.0,2490.7554,5999.6367,3947.8727,249.93951,106.89119,106.89119,106.89119,6039.4022,5958.237,6001.271,443.6585,1.6966378
812000.0,2469.3918,5962.9366,3982.0067,252.10053,106.89119,106.89119,106.89119,5953.9932,5980.1544,5954.6622,431.67088,1.6966378
813000.0,2478.8075,5986.9137,3976.7237,251.76606,106.89119,106.89119,106.89119,5973.6997,6012.3076,5974.7338,436.31537,1.6966378
814000.0,2541.9914,5985.8981,3979.3806,251.93428,106.89119,106.89119,106.89119,6060.0952,6001.6122,5895.9868,431.22665,1.6966378
815000.0,2458.0447,5954.6318,3968.7278,251.25985,106.89119,106.89119,106.89119,6006.7351,5937.4498,5919.7105,435.72108,1.6966378
816000.0,2525.2472,5996.9939,3945.7949,249.80797,106.89119,106.89119,106.89119,6027.2956,5991.6086,5972.0775,421.06067,1.6966378
817000.0,2514.1368,6002.4765,3979.6487,251.95125,106.89119,106.89119,106.89119,6010.798,6003.5095,5993.122,411.99329,1.6966378
818000.0,2431.5855,5989.6986,3993.5159,252.82918,106.89119,106.89119,106.89119,5985.5916,6000.7035,5982.8007,427.14891,1.6966378
819000.0,2469.1191,5962.5922,3875.4817,245.35645,106.89119,106.89119,106.89119,5999.6812,5916.9303,5971.1651,428.28604,1.6966378
820000.0,2536.1236,5986.935,3935.4482,249.15292,106.89119,106.89119,106.89119,6036.1877,6028.7658,5895.8514,434.27203,1.6966378
821000.0,2452.3673,5964.5386,3863.206,244.57927,106.89119,106.89119,106.89119,6046.6194,5953.1904,5893.8059,433.26649,1.6966378
822000.0,2471.467,5974.6804,3954.6559,250.36896,106.89119,106.89119,106.89119,6021.1205,5997.7543,5905.1665,433.35714,1.6966378
823000.0,2503.8642,6000.15,3955.4016,250.41617,106.89119,106.89119,106.89119,6070.0194,5938.7981,5991.6325,428.4258,1.6966378
824000.0,2478.2682,5981.9673,3868.494,244.91406,106.89119,106.89119,106.89119,6000.059,6000.1354,5945.7076,429.85243,1.6966378
825000.0,2532.9918,6002.4671,3969.9384,251.33649,106.89119,106.89119,106.89119,6069.1938,5995.0542,5943.1533,429.31348,1.6966378
826000.0,2530.2468,5989.8174,3990.3386,252.62802,106.89119,106.89119,106.89119,6000.8549,5945.6097,6022.9877,424.59631,1.6966378
827000.0,2513.7183,5999.371,3888.9067,246.20638,106.89119,106.89119,106.89119,6084.776,5935.0027,5978.3344,422.62313,1.6966378
828000.0,2473.2967,5984.1236,3981.216,252.05047,106.89119,106.89119,106.89119,6007.9618,6013.0817,5931.3273,423.83915,1.6966378
829000.0,2519.0637,5983.2649,3907.0336,247.35399,106.89119,106.89119,106.89119,5989.8239,5990.4326,5969.5382,421.7268,1.6966378
830000.0,2497.2591,5974.2515,3905.2955,247.24396,106.89119,106.89119,106.89119,6035.9858,5962.3605,5924.4083,425.34886,1.6966378
831000.0,2501.3281,6016.2423,3960.5196,250.74019,106.89119,106.89119,106.89119,6027.3502,6021.042,6000.3348,419.57864,1.6966378
832000.0,2474.7359,5989.5008,4063.433,257.25563,106.89119,106.89119,106.89119,6030.0027,6037.8875,5900.6123,421.17552,1.6966378
833000.0,2490.2201,5977.871,3991.6307,252.70983,106.89119,106.89119,106.89119,6034.67,5970.0791,5928.8639,431.31733,1.6966378
834000.0,2505.1641,5996.2625,3994.1191,252.86737,106.89119,106.89119,106.89119,6003.3253,6009.0785,5976.3836,429.66976,1.6966378
835000.0,2621.5423,6035.6263,4010.5203,253.90573,106.89119,106.89119,106.89119,6105.2635,5988.0397,6013.5757,428.41173,1.6966378
836000.0,2497.8642,5989.7819,3986.2855,252.37143,106.89119,106.89119,106.89119,6000.1562,5981.8275,5987.362,418.84284,1.6966378
837000.0,2430.1728,5975.5287,3955.8352,250.44362,106.89119,106.89119,106.89119,6021.1495,5996.609,5908.8275,432.55224,1.6966378
838000.0,2468.1835,5958.0209,3944.8315,249.74697,106.89119,106.89119,106.89119,6007.6363,5971.3559,5895.0704,423.87696,1.6966378
839000.0,2430.4915,5987.9263,3937.7465,249.29842,106.89119,106.89119,106.89119,6028.9271,5975.2919,5959.5599,444.09008,1.6966378
840000.0,2400.6609,5960.5372,3882.8463,245.8227,106.89119,106.89119,106.89119,6018.0861,5947.6991,5915.8264,451.35149,1.6966378
841000.0,2477.1831,5994.529,3963.5575,250.93252,106.89119,106.89119,106.89119,6057.8191,5956.72,5969.0478,429.43833,1.6966378
842000.0,2532.9309,5996.5538,3961.5173,250.80335,106.89119,106.89119,106.89119,6011.4703,5968.5495,6009.6415,440.18833,1.6966378
843000.0,2510.6318,5986.3294,3960.6814,250.75043,106.89119,106.89119,106.89119,6025.6941,5982.0152,5951.2789,436.51574,1.6966378
844000.0,2427.8183,5988.4284,3892.777,246.45141,106.89119,106.89119,106.89119,5974.0675,6018.0594,5973.1582,435.78724,1.6966378
845000.0,2456.1984,5985.5666,3963.0401,250.89976,106.89119,106.89119,106.89119,6102.8712,5965.9097,5887.9187,447.12365,1.6966378
846000.0,2410.883,5986.4985,3974.3081,251.61314,106.89119,106.89119,106.89119,6045.9375,6023.6168,5889.9413,437.72469,1.6966378
847000.0,2494.1947,6002.2419,3881.6181,245.74494,106.89119,106.89119,106.89119,6070.5059,5977.7352,5958.4846,422.58112,1.6966378
848000.0,2478.5144,5989.6765,4000.4765,253.26985,106.89119,106.89119,106.89119,6041.2377,5949.5763,5978.2154,425.27603,1.6966378
849000.0,2419.3901,5949.782,4004.8971,253.54972,106.89119,106.89119,106.89119,6040.1688,5882.4649,5926.7124,424.60969,1.6966378
850000.0,2493.1443,5979.1408,3919.9666,248.17278,106.89119,106.89119,106.89119,6050.2174,5952.4386,5934.7664,441.1071,1.6966378
851000.0,2500.6842,6023.6875,3907.7673,247.40045,106.89119,106.89119,106.89119,6103.9523,5989.0699,5978.0404,444.6802,1.6966378
852000.0,2485.2697,6000.3796,4037.6169,255.62121,106.89119,106.89119,106.89119,6035.094,6006.0511,5959.9937,434.66499,1.6966378
853000.0,2440.8261,5967.9679,4022.0458,254.6354,106.89119,106.89119,106.89119,5980.9404,5980.6297,5942.3336,444.61023,1.6966378
854000.0,2444.8867,5977.0768,3977.6258,251.82318,106.89119,106.89119,106.89119,6002.7712,5958.3149,5970.1442,439.39314,1.6966378
855000.0,2416.9271,5981.4785,3918.402,248.07373,106.89119,106.89119,106.89119,6074.6783,5949.9523,5919.8048,441.3485,1.6966378
856000.0,2452.9231,5997.2915,3989.2369,252.55828,106.89119,106.89119,106.89119,6055.2916,5952.272,5984.3108,441.88276,1.6966378
857000.0,2476.0796,5977.4718,3900.4991,246.94029,106.89119,106.89119,106.89119,5950.4551,5974.1552,6007.8051,434.73512,1.6966378
858000.0,2595.4361,6021.6028,3941.8434,249.5578,106.89119,106.89119,106.89119,6040.4233,6038.8663,5985.5188,439.15345,1.6966378
859000.0,2450.8974,6025.3626,3968.8633,251.26842,106.89119,106.89119,106.89119,6045.3715,5985.6227,6045.0935,445.16255,1.6966378
860000.0,2424.0722,5997.4401,3959.5271,250.67735,106.89119,106.89119,106.89119,6012.8188,5976.7584,6002.7433,440.22555,1.6966378
861000.0,2414.0926,5972.1737,3931.3382,248.89272,106.89119,106.89119,106.89119,5970.563,5989.4592,5956.499,431.38951,1.6966378
862000.0,2444.4159,5971.024,3909.6264,247.51814,106.89119,106.89119,106.89119,5985.6288,5917.5408,6009.9025,432.77257,1.6966378
863000.0,2503.9092,5985.497,3930.7766,248.85716,106.89119,106.89119,106.89119,6022.4681,5987.3141,5946.7088,427.1533,1.6966378
864000.0,2413.6374,5964.2237,3881.1023,245.71228,106.89119,106.89119,106.89119,6023.4416,5945.3066,5923.9229,440.15837,1.6966378
865000.0,2481.8159,5967.9063,3938.8292,249.36697,106.89119,106.89119,106.89119,5972.8673,5977.173,5953.6788,442.01135,1.6966378
866000.0,2529.1871,5995.2983,3968.8367,251.26674,106.89119,106.89119,106.89119,6014.8958,6007.9264,5963.0726,425.16824,1.6966378
867000.0,2568.1965,6020.5487,3925.4386,248.51921,106.89119,106.89119,106.89119,6057.5293,5964.5775,6039.5392,436.66282,1.6966378
868000.0,2537.6725,5991.9307,3987.9546,252.4771,106.89119,106.89119,106.89119,6057.2354,5987.0108,5931.546,435.04537,1.6966378
869000.0,2463.2704,5994.4097,3970.2015,251.35314,106.89119,106.89119,106.89119,6018.1517,5943.8716,6021.2058,440.76768,1.6966378
870000.0,2491.2045,5976.8656,3993.5353,252.83041,106.89119,106.89119,106.89119,5998.0342,5964.5641,5967.9984,428.32945,1.6966378
871000.0,2506.9029,5992.521,3905.8997,247.28221,106.89119,106.89119,106.89119,6037.7744,6009.5259,5930.2628,414.04265,1.6966378
872000.0,2500.2827,6005.9266,3955.7104,250.43572,106.89119,106.89119,106.89119,6029.5691,6008.9517,5979.259,431.94964,1.6966378
873000.0,2502.0208,5976.7292,3881.5945,245.74344,106.89119,106.89119,106.89119,6009.9458,5964.6493,5955.5925,438.79593,1.6966378
874000.0,2459.1925,5979.893,3908.1892,247.42715,106.89119,106.89119,106.89119,6008.9075,5978.8349,5951.9366,439.08425,1.6966378
875000.0,2525.0213,6000.9447,3948.2131,249.96106,106.89119,106.89119,106.89119,6045.9333,5949.1479,6007.753,451.79047,1.6966378
876000.0,2530.2492,5999.4953,4054.6555,256.69992,106.89119,106.89119,106.89119,6003.2956,5993.2902,6001.9001,452.24631,1.6966378
877000.0,2518.0335,6009.2892,3907.999,247.41511,106.89119,106.89119,106.89119,6035.9994,6010.0524,5981.8158,456.54325,1.6966378
878000.0,2519.929,6017.8781,4081.6133,258.40662,106.89119,106.89119,106.89119,6033.0369,6031.3824,5989.215,427.10144,1.6966378
879000.0,2530.4081,5987.2817,3979.025,251.91176,106.89119,106.89119,106.89119,6043.279,5926.8908,5991.6755,421.75515,1.6966378
880000.0,2432.5475,5971.8247,3935.5543,249.15964,106.89119,106.89119,106.89119,6019.7485,5919.8621,5975.8635,432.75717,1.6966378
881000.0,2439.4882,5988.8735,4028.2869,255.03053,106.89119,106.89119,106.89119,6050.1632,5970.4551,5946.0023,415.59458,1.6966378
882000.0,2419.7494,6002.8058,3953.9242,250.32263,106.89119,106.89119,106.89119,6071.4312,5925.7089,6011.2772,429.20406,1.6966378
883000.0,2460.2897,5973.3552,3946.3852,249.84534,106.89119,106.89119,106.89119,6052.8884,5931.4941,5935.683,438.11762,1.6966378
884000.0,2437.2061,5983.1435,3907.0146,247.35279,106.89119,106.89119,106.89119,6029.8498,5957.0576,5962.523,436.18583,1.6966378
885000.0,2425.5566,5994.9557,3963.9368,250.95653,106.89119,106.89119,106.89119,6006.0542,6006.7493,5972.0634,437.68463,1.6966378
886000.0,2423.3104,5969.9598,3959.771,250.69279,106.89119,106.89119,106.89119,6016.4257,5967.5405,5925.9133,411.46969,1.6966378
887000.0,2417.0081,5966.9907,3948.4534,249.97628,106.89119,106.89119,106.89119,6012.8858,5973.2853,5914.8009,383.27258,1.6966378
888000.0,2455.6687,5963.4487,3952.2043,250.21375,106.89119,106.89119,106.89119,6015.5049,5949.9615,5924.8797,452.8398,1.6966378
889000.0,2450.6681,5965.3025,3984.827,252.27909,106.89119,106.89119,106.89119,6024.1755,5928.3451,5943.3868,457.2766,1.6966378
890000.0,2483.432,5976.5486,3962.0991,250.84019,106.89119,106.89119,106.89119,5974.7414,5983.1199,5971.7844,428.47632,1.6966378
891000.0,2548.366,6024.0492,3937.4834,249.28177,106.89119,106.89119,106.89119,6044.639,6037.6926,5989.8162,427.4036,1.6966378
892000.0,2540.771,6012.6773,4082.5907,258.4685,106.89119,106.89119,106.89119,6038.8862,6025.5129,5973.6328,431.47686,1.6966378
893000.0,2417.0394,5974.6285,3957.8896,250.57368,106.89119,106.89119,106.89119,6061.543,5885.2008,5977.1418,431.60934,1.6966378
894000.0,2364.9419,5980.6592,4002.2101,253.37961,106.89119,106.89119,106.89119,6003.1161,5980.1632,5958.6981,429.9578,1.6966378
895000.0,2425.6414,5963.7885,3976.6382,251.76065,106.89119,106.89119,106.89119,5995.5559,5929.0482,5966.7615,399.84239,1.6966378
896000.0,2510.9461,5994.1812,3938.2566,249.33072,106.89119,106.89119,106.89119,6080.4946,5983.3291,5918.72,414.41369,1.6966378
897000.0,2497.3727,5993.0092,3983.4585,252.19244,106.89119,106.89119,106.89119,6057.2894,6000.2658,5921.4723,419.12404,1.6966378
898000.0,2472.0636,6008.1168,3944.4533,249.72303,106.89119,106.89119,106.89119,6064.6636,5981.5671,5978.1198,419.806,1.6966378
899000.0,2511.5435,5982.7252,3972.9211,251.52533,106.89119,106.89119,106.89119,6022.3512,5922.26,6003.5645,399.4129,1.6966378
900000.0,2510.0359,6002.0245,3985.2224,252.30412,106.89119,106.89119,106.89119,6069.7131,5969.26,5967.1004,415.86961,1.6966378
901000.0,2394.9868,5974.4462,3964.6911,251.00428,106.89119,106.89119,106.89119,5996.9144,5955.5808,5970.8436,415.76894,1.6966378
902000.0,2509.9954,5990.3588,3978.7323,251.89323,106.89119,106.89119,106.89119,5994.8988,6026.6615,5949.5162,422.21647,1.6966378
903000.0,2486.0594,5995.9487,3957.9891,250.57998,106.89119,106.89119,106.89119,6052.0345,5954.6395,5981.1721,402.81739,1.6966378
904000.0,2542.1728,6018.1061,3999.1868,253.1882,106.89119,106.89119,106.89119,6078.5086,6017.1851,5958.6247,422.27444,1.6966378
905000.0,2491.5049,5978.9119,3919.6436,248.15233,106.89119,106.89119,106.89119,6011.9399,5968.3039,5956.4919,412.38049,1.6966378
906000.0,2552.7684,5985.5915,3825.2232,242.17458,106.89119,106.89119,106.89119,6028.7982,5959.1008,5968.8755,422.17333,1.6966378
907000.0,2475.1358,5967.8801,3861.1975,244.45211,106.89119,106.89119,106.89119,6001.4625,5925.3026,5976.8751,437.4514,1.6966378
908000.0,2423.3441,5955.1951,3866.7252,244.80207,106.89119,106.89119,106.89119,5998.5844,5939.9433,5927.0577,434.76555,1.6966378
909000.0,2439.1967,5949.775,3957.0078,250.51786,106.89119,106.89119,106.89119,6009.4578,5914.0935,5925.7737,435.7239,1.6966378
910000.0,2390.1587,5942.0603,3937.1796,249.26253,106.89119,106.89119,106.89119,5977.3042,5955.0339,5893.8427,433.59075,1.6966378
911000.0,2418.2837,5948.2013,3963.1626,250.90752,106.89119,106.89119,106.89119,6027.3374,5938.214,5879.0526,438.97882,1.6966378
912000.0,2418.1932,5986.4336,3906.1247,247.29645,106.89119,106.89119,106.89119,6061.7122,5936.3083,5961.2804,428.85905,1.6966378
913000.0,2539.2149,6010.5645,3977.9329,251.84262,106.89119,106.89119,106.89119,6065.8051,5969.1848,5996.7036,433.64448,1.6966378
914000.0,2489.2773,5960.3194,3995.4798,252.95351,106.89119,106.89119,106.89119,5977.1158,5933.9602,5969.8821,435.37621,1.6966378
915000.0,2417.6013,5957.1789,4005.3044,253.57551,106.89119,106.89119,106.89119,5998.7303,5892.4605,5980.3461,441.17401,1.6966378
916000.0,2483.3844,5973.0024,3971.9617,251.46458,106.89119,106.89119,106.89119,5947.8742,5972.4919,5998.641,446.88432,1.6966378
917000.0,2457.2083,5976.7443,3994.4253,252.88676,106.89119,106.89119,106.89119,6011.7156,5958.9691,5959.5481,423.71006,1.6966378
918000.0,2417.7908,5954.9277,4043.1605,255.97218,106.89119,106.89119,106.89119,5943.9708,5918.2122,6002.6,423.82319,1.6966378
919000.0,2483.9446,5987.9476,3883.1701,245.84319,106.89119,106.89119,106.89119,6027.1687,5963.4904,5973.1837,435.27568,1.6966378
920000.0,2434.5837,5961.9826,3895.3321,246.61317,106.89119,106.89119,106.89119,5996.2377,5980.9517,5908.7584,443.35775,1.6966378
921000.0,2437.276,5970.6759,3935.9179,249.18265,106.89119,106.89119,106.89119,5987.5189,5978.3299,5946.179,441.01707,1.6966378
922000.0,2510.8717,5968.4414,3988.7353,252.52652,106.89119,106.89119,106.89119,5962.3148,6020.458,5922.5513,388.22753,1.6966378
923000.0,2384.8846,5939.7819,3918.7263,248.09425,106.89119,106.89119,106.89119,5944.5577,5890.2178,5984.5703,376.11991,1.6966378
924000.0,2499.4345,5964.8307,3876.1856,245.40101,106.89119,106.89119,106.89119,5991.8699,5935.968,5966.6541,438.57217,1.6966378
925000.0,2436.1135,5951.2504,3950.1746,250.08524,106.89119,106.89119,106.89119,5970.2436,5921.6883,5961.8194,430.62213,1.6966378
926000.0,2422.2995,5969.024,3882.9049,245.82641,106.89119,106.89119,106.89119,6044.9194,5945.7029,5916.4497,431.03137,1.6966378
927000.0,2366.3302,5947.7073,3839.8493,243.10056,106.89119,106.89119,106.89119,5989.0131,5946.5131,5907.5958,434.3077,1.6966378
928000.0,2427.1965,5981.2775,3946.1923,249.83313,106.89119,106.89119,106.89119,6040.8934,5926.1418,5976.7972,434.85105,1.6966378
929000.0,2388.9379,5944.9623,3976.2763,251.73774,106.89119,106.89119,106.89119,5967.2999,5946.1399,5921.4472,422.25282,1.6966378
930000.0,2491.4869,5986.0909,3976.583,251.75716,106.89119,106.89119,106.89119,6083.7159,5919.0977,5955.4593,434.21274,1.6966378
931000.0,2510.0097,6014.6321,3927.1088,248.62495,106.89119,106.89119,106.89119,6031.6733,6024.8658,5987.3571,400.37773,1.6966378
932000.0,2416.4235,5951.7962,4022.9198,254.69074,106.89119,106.89119,106.89119,6002.8923,5907.0895,5945.4069,397.20344,1.6966378
933000.0,2463.9284,5972.5817,3920.5027,248.20672,106.89119,106.89119,106.89119,6049.0879,5940.3742,5928.283,429.98285,1.6966378
934000.0,2487.7618,5969.4262,3950.6476,250.11519,106.89119,106.89119,106.89119,5996.8418,5952.4943,5958.9424,429.96188,1.6966378
935000.0,2440.4157,5962.3272,3913.5843,247.76872,106.89119,106.89119,106.89119,5984.4797,5954.7641,5947.7378,431.23958,1.6966378
936000.0,2387.8083,5963.0679,3911.6374,247.64546,106.89119,106.89119,106.89119,6054.1076,5913.8801,5921.2161,414.02685,1.6966378
937000.0,2461.2343,5984.0545,3931.3847,248.89566,106.89119,106.89119,106.89119,5992.3743,6018.6896,5941.0996,417.84103,1.6966378
938000.0,2443.3163,5984.5655,3945.1838,249.76928,106.89119,106.89119,106.89119,6019.967,5964.0782,5969.6512,421.9103,1.6966378
939000.0,2367.0516,5968.5586,3922.6068,248.33993,106.89119,106.89119,106.89119,6045.5383,5965.7163,5894.4212,420.85985,1.6966378
940000.0,2514.9585,6001.1737,3916.1123,247.92876,106.89119,106.89119,106.89119,6045.9881,5993.0105,5964.5227,437.88955,1.6966378
941000.0,2478.0962,5991.5931,3918.575,248.08468,106.89119,106.89119,106.89119,6074.1699,5958.7011,5941.9083,425.7317,1.6966378
942000.0,2428.2725,5963.1532,3917.1762,247.99612,106.89119,106.89119,106.89119,6029.7125,5937.8669,5921.8802,411.21508,1.6966378
943000.0,2483.4392,5977.4142,3982.2254,252.11438,106.89119,106.89119,106.89119,6085.2555,5938.0467,5908.9402,411.85834,1.6966378
944000.0,2429.1002,5982.321,3939.4481,249.40615,106.89119,106.89119,106.89119,6005.6703,5953.6379,5987.6548,421.95614,1.6966378
945000.0,2473.7849,5999.0975,3931.9802,248.93336,106.89119,106.89119,106.89119,6005.8564,6005.7806,5985.6553,417.22272,1.6966378
946000.0,2437.8063,5945.8098,3952.9432,250.26053,106.89119,106.89119,106.89119,6033.6466,5895.3996,5908.3832,435.75292,1.6966378
947000.0,2428.087,5950.778,3991.4067,252.69565,106.89119,106.89119,106.89119,6048.6397,5930.8277,5872.8665,435.24546,1.6966378
948000.0,2413.3341,5932.4326,3990.0192,252.60781,106.89119,106.89119,106.89119,6069.2024,5879.5489,5848.5463,435.20428,1.6966378
949000.0,2468.8197,5981.3355,3907.3329,247.37294,106.89119,106.89119,106.89119,6061.601,5940.2103,5942.1951,429.40585,1.6966378
950000.0,2494.9566,5966.8939,3819.888,241.83681,106.89119,106.89119,106.89119,5977.6156,5955.9265,5967.1396,439.54611,1.6966378
951000.0,2527.9821,5994.4834,3951.861,250.19201,106.89119,106.89119,106.89119,5978.6862,5990.5468,6014.2171,443.35011,1.6966378
952000.0,2335.5002,5923.8572,3902.2948,247.05398,106.89119,106.89119,106.89119,5982.0308,5872.201,5917.3398,440.67683,1.6966378
953000.0,2481.4732,5973.4767,3928.7011,248.72576,106.89119,106.89119,106.89119,6078.1566,5959.36,5882.9134,433.48905,1.6966378
954000.0,2516.262,6018.5688,4020.0396,254.5084,106.89119,106.89119,106.89119,6113.5299,5970.7032,5971.4732,431.53466,1.6966378
955000.0,2424.7788,5985.0558,3919.4968,248.14304,106.89119,106.89119,106.89119,6045.4161,5954.4496,5955.3016,433.60031,1.6966378
956000.0,2423.8371,5992.3067,3997.0321,253.05179,106.89119,106.89119,106.89119,6062.8002,5930.5237,5983.5962,433.67464,1.6966378
957000.0,2376.1159,5931.3691,3932.9312,248.99357,106.89119,106.89119,106.89119,5987.4867,5925.2764,5881.344,424.53357,1.6966378
958000.0,2481.4878,5958.1099,3889.914,246.27015,106.89119,106.89119,106.89119,5999.8014,5967.9271,5906.6012,432.43131,1.6966378
959000.0,2374.3607,5935.398,3935.2103,249.13786,106.89119,106.89119,106.89119,6022.0142,5878.6762,5905.5035,435.82546,1.6966378
960000.0,2491.77,5982.6823,3950.419,250.10072,106.89119,106.89119,106.89119,6052.6745,5997.2737,5898.0988,439.2974,1.6966378
961000.0,2413.4559,5941.3565,3975.458,251.68594,106.89119,106.89119,106.89119,5951.4463,5963.8781,5908.745,440.42963,1.6966378
962000.0,2393.6381,5934.5497,3961.4838,250.80123,106.89119,106.89119,106.89119,5894.8263,5969.052,5939.7709,440.99655,1.6966378
963000.0,2509.4943,5968.2443,3975.3934,251.68185,106.89119,106.89119,106.89119,6045.5597,5972.9362,5886.2369,445.66636,1.6966378
964000.0,2463.1455,5969.0204,3954.853,250.38143,106.89119,106.89119,106.89119,6071.4838,5896.0288,5939.5486,474.62842,1.6966378
965000.0,2450.9421,5923.7779,3864.3506,244.65173,106.89119,106.89119,106.89119,5960.433,5916.6598,5894.241,489.53727,1.6966378
966000.0,2414.3153,5945.4785,3857.7362,244.23298,106.89119,106.89119,106.89119,5978.2895,5919.4298,5938.7163,483.04113,1.6966378
967000.0,2427.272,5958.4903,3960.5573,250.74257,106.89119,106.89119,106.89119,6069.5408,5885.6387,5920.2913,446.99483,1.6966378
968000.0,2441.5344,5951.352,3909.4453,247.50668,106.89119,106.89119,106.89119,6039.5734,5916.7142,5897.7683,437.94249,1.6966378
969000.0,2490.2017,5971.4686,3963.6551,250.9387,106.89119,106.89119,106.89119,6032.9137,5971.2843,5910.2077,439.29518,1.6966378
970000.0,2444.6528,5966.4203,3987.6883,252.46024,106.89119,106.89119,106.89119,5976.6766,5885.2356,6037.3487,445.81733,1.6966378
971000.0,2371.216,5961.5863,3964.9529,251.02086,106.89119,106.89119,106.89119,5989.7913,5966.0816,5928.886,446.54649,1.6966378
972000.0,2396.8048,5948.3627,4009.7588,253.85752,106.89119,106.89119,106.89119,6005.721,5916.7698,5922.5973,445.63443,1.6966378
973000.0,2450.095,5950.2841,3886.6599,246.06414,106.89119,106.89119,106.89119,5995.2513,5905.291,5950.3099,451.98045,1.6966378
974000.0,2507.4607,5995.9369,3890.1118,246.28267,106.89119,106.89119,106.89119,6082.2169,5920.0834,5985.5103,449.28649,1.6966378
975000.0,2394.5523,5944.3171,3946.7344,249.86745,106.89119,106.89119,106.89119,6001.6498,5885.9584,5945.343,432.16425,1.6966378
976000.0,2434.1619,5939.9334,3965.6678,251.06612,106.89119,106.89119,106.89119,6038.7907,5861.1298,5919.8797,433.80935,1.6966378
977000.0,2423.2183,5964.7522,3875.1403,245.33483,106.89119,106.89119,106.89119,6052.4754,5883.7079,5958.0732,432.94397,1.6966378
978000.0,2450.3582,5975.8925,3980.9105,252.03113,106.89119,106.89119,106.89119,6096.3817,5891.8827,5939.4132,427.92999,1.6966378
979000.0,2368.3583,5946.5198,3933.6362,249.0382,106.89119,106.89119,106.89119,6040.9532,5899.9155,5898.6907,439.33568,1.6966378
980000.0,2381.2672,5956.8741,3994.5551,252.89497,106.89119,106.89119,106.89119,6073.3685,5920.6771,5876.5768,443.52515,1.6966378
981000.0,2430.4687,5957.5599,3945.6406,249.7982,106.89119,106.89119,106.89119,6023.5114,5911.663,5937.5052,439.45552,1.6966378
982000.0,2468.3808,5965.145,4016.2283,254.2671,106.89119,106.89119,106.89119,6005.4569,5938.0512,5951.9268,438.49041,1.6966378
983000.0,2468.3158,5962.0996,4000.2197,253.2536,106.89119,106.89119,106.89119,6018.7552,5959.3601,5908.1835,444.09584,1.6966378
984000.0,2473.0467,5966.8103,3917.875,248.04036,106.89119,106.89119,106.89119,5949.4295,5963.0747,5987.9267,432.79016,1.6966378
985000.0,2475.914,5965.6394,3978.5159,251.87953,106.89119,106.89119,106.89119,6002.895,5920.0503,5973.9728,441.29845,1.6966378
986000.0,2437.8979,5956.6277,3956.7985,250.5046,106.89119,106.89119,106.89119,5993.2929,5977.9972,5898.593,443.53771,1.6966378
987000.0,2601.7852,6020.8847,3961.6314,250.81058,106.89119,106.89119,106.89119,6078.4881,5995.6464,5988.5197,440.64701,1.6966378
988000.0,2435.0026,5969.191,3987.6363,252.45694,106.89119,106.89119,106.89119,6048.633,5958.9749,5899.9649,417.08501,1.6966378
989000.0,2417.7764,5962.6605,3941.3237,249.52489,106.89119,106.89119,106.89119,6021.4642,5940.4909,5926.0265,427.8204,1.6966378
990000.0,2454.2353,5962.7782,3942.615,249.60665,106.89119,106.89119,106.89119,5966.4888,5917.2617,6004.584,427.0752,1.6966378
991000.0,2495.5056,5991.2182,3970.452,251.369,106.89119,106.89119,106.89119,6047.5976,5956.2475,5969.8096,430.14665,1.6966378
992000.0,2424.6047,5930.7899,3994.4147,252.88608,106.89119,106.89119,106.89119,5998.8014,5846.0071,5947.5611,417.30472,1.6966378
993000.0,2412.303,5946.1582,3929.9275,248.8034,106.89119,106.89119,106.89119,6025.0396,5932.3261,5881.1091,433.16334,1.6966378
994000.0,2421.3805,5961.8402,3974.721,251.63927,106.89119,106.89119,106.89119,5959.3289,5976.939,5949.2525,435.0757,1.6966378
995000.0,2439.305,5953.8994,3929.0245,248.74623,106.89119,106.89119,106.89119,6018.6108,5958.8046,5884.2827,429.2994,1.6966378
996000.0,2397.4122,5952.2762,3969.0009,251.27714,106.89119,106.89119,106.89119,5946.8497,5929.1711,5980.8077,428.52772,1.6966378
997000.0,2442.7164,5966.5148,4038.1942,255.65776,106.89119,106.89119,106.89119,5971.4172,5991.1349,5936.9923,441.06561,1.6966378
998000.0,2515.8235,5977.8239,3989.4542,252.57203,106.89119,106.89119,106.89119,6003.521,5978.9172,5951.0337,441.05003,1.6966378
999000.0,2478.1401,5990.9291,4028.0282,255.01415,106.89119,106.89119,106.89119,6074.0051,6026.3236,5872.4586,448.59789,1.6966378
1000000.0,2488.674,5992.079,4004.4313,253.52023,106.89119,106.89119,106.89119,6016.0242,5997.7773,5962.4354,435.74102,1.6966378
1001000.0,2468.0661,5971.2382,3968.6149,251.2527,106.89119,106.89119,106.89119,5981.6368,6062.0895,5869.9884,435.89951,1.6966378
1002000.0,2452.0261,5967.3513,4006.3903,253.64426,106.89119,106.89119,106.89119,6010.5359,5978.415,5913.1029,424.6664,1.6966378
1003000.0,2458.4105,5961.8738,3873.2225,245.21341,106.89119,106.89119,106.89119,5980.8434,5952.3572,5952.4208,290.94062,1.6966378
1004000.0,2444.5091,5951.0752,3946.7415,249.8679,106.89119,106.89119,106.89119,5938.17,5963.0827,5951.9729,426.15083,1.6966378
1005000.0,2504.0585,5956.1924,3896.8612,246.70998,106.89119,106.89119,106.89119,6010.4429,5934.2477,5923.8866,504.56082,1.6966378
1006000.0,2444.6749,5973.8084,3958.3538,250.60307,106.89119,106.89119,106.89119,5988.4116,5925.6939,6007.3197,505.69703,1.6966378
1007000.0,2403.542,5954.0094,3942.964,249.62874,106.89119,106.89119,106.89119,6001.0808,5999.6385,5861.309,498.67999,1.6966378
1008000.0,2504.9034,5967.5782,4023.0961,254.7019,106.89119,106.89119,106.89119,6019.6544,5961.6777,5921.4024,479.10223,1.6966378
1009000.0,2506.903,5977.0658,3963.1235,250.90504,106.89119,106.89119,106.89119,5977.7061,5964.9083,5988.583,499.21017,1.6966378
1010000.0,2455.5549,5986.1122,3974.4572,251.62257,106.89119,106.89119,106.89119,5992.9553,6008.714,5956.6672,477.22707,1.6966378
1011000.0,2458.4665,5961.6251,3954.0162,250.32845,106.89119,106.89119,106.89119,6032.5836,5962.741,5889.5507,509.44378,1.6966378
1012000.0,2439.6878,5974.4508,4007.2543,253.69896,106.89119,106.89119,106.89119,6010.5456,5972.7689,5940.038,500.222,1.6966378
1013000.0,2460.5951,5982.0138,3932.9119,248.99235,106.89119,106.89119,106.89119,6010.5003,5917.5364,6018.0049,487.53299,1.6966378
1014000.0,2434.5726,5967.4272,4060.4071,257.06406,106.89119,106.89119,106.89119,6025.5708,5968.5337,5908.177,477.66244,1.6966378
1015000.0,2393.1763,5944.3166,3953.8845,250.32012,106.89119,106.89119,106.89119,5981.8853,5913.5997,5937.4647,504.29022,1.6966378
1016000.0,2451.0747,5963.2491,3986.4772,252.38356,106.89119,106.89119,106.89119,6000.6238,5914.6699,5974.4535,498.2681,1.6966378
1017000.0,2421.1978,5953.7668,3947.8592,249.93866,106.89119,106.89119,106.89119,6036.0649,5937.2982,5887.9374,499.98656,1.6966378
1018000.0,2384.4291,5925.8155,3920.6693,248.21727,106.89119,106.89119,106.89119,5938.7272,5883.0922,5955.6272,507.59798,1.6966378
1019000.0,2330.3207,5926.0041,3946.6475,249.86195,106.89119,106.89119,106.89119,5971.084,5908.6564,5898.2719,505.05384,1.6966378
1020000.0,2442.8231,5960.6153,3940.5883,249.47833,106.89119,106.89119,106.89119,6043.8129,5924.0799,5913.9532,500.20727,1.6966378
1021000.0,2491.8816,5984.7843,3883.6759,245.87522,106.89119,106.89119,106.89119,6066.0196,5958.3959,5929.9374,492.59306,1.6966378
1022000.0,2470.1971,5958.6613,3988.3307,252.50091,106.89119,106.89119,106.89119,5985.4784,5937.0478,5953.4577,506.44098,1.6966378
1023000.0,2456.1481,5954.0808,3935.5869,249.1617,106.89119,106.89119,106.89119,6021.2466,5960.7243,5880.2713,506.45345,1.6966378
1024000.0,2456.3674,5969.9893,3918.8215,248.10029,106.89119,106.89119,106.89119,6050.1832,5903.0542,5956.7304,497.78804,1.6966378
1025000.0,2472.5156,6015.9681,3950.2882,250.09243,106.89119,106.89119,106.89119,6078.1973,5958.1263,6011.5808,495.23536,1.6966378
1026000.0,2319.2033,5954.3496,3912.1828,247.67999,106.89119,106.89119,106.89119,6003.1268,5897.8558,5962.0663,515.17546,1.6966378
1027000.0,2433.6774,5956.2458,3908.3209,247.43549,106.89119,106.89119,106.89119,6045.9538,5865.6899,5957.0936,514.647,1.6966378
1028000.0,2406.3199,5970.1702,3904.0747,247.16666,106.89119,106.89119,106.89119,5991.6728,5959.1367,5959.7012,517.36524,1.6966378
1029000.0,2469.9213,5980.7652,4044.5756,256.06176,106.89119,106.89119,106.89119,6037.8904,5971.6662,5932.7391,510.55874,1.6966378
1030000.0,2392.0378,5979.0583,3985.7092,252.33494,106.89119,106.89119,106.89119,6067.5855,5951.9254,5917.6639,513.95588,1.6966378
1031000.0,2404.2173,5969.298,3877.1516,245.46216,106.89119,106.89119,106.89119,5998.0881,5969.5455,5940.2606,510.6366,1.6966378
1032000.0,2405.1415,5947.2436,3846.7303,243.53619,106.89119,106.89119,106.89119,6069.6979,5880.0536,5891.9792,507.31822,1.6966378
1033000.0,2416.8707,5963.536,4013.331,254.08367,106.89119,106.89119,106.89119,6025.3857,5913.0629,5952.1595,492.05669,1.6966378
1034000.0,2378.7892,5946.637,4015.4042,254.21493,106.89119,106.89119,106.89119,5952.7258,5934.757,5952.4281,505.41242,1.6966378
1035000.0,2414.3392,5957.2271,3954.5105,250.35975,106.89119,106.89119,106.89119,5945.9284,5964.6989,5961.054,506.48408,1.6966378
1036000.0,2378.9599,5927.3731,3938.0531,249.31783,106.89119,106.89119,106.89119,6003.1732,5951.3659,5827.5802,508.84094,1.6966378
1037000.0,2398.678,5949.4496,3939.9001,249.43477,106.89119,106.89119,106.89119,5989.0844,5967.8079,5891.4564,502.21088,1.6966378
1038000.0,2462.2213,5947.0847,3960.3297,250.72817,106.89119,106.89119,106.89119,5954.9081,5988.2431,5898.1029,512.46243,1.6966378
1039000.0,2445.6815,5960.1123,3881.8267,245.75814,106.89119,106.89119,106.89119,5982.1863,5959.6671,5938.4835,505.60554,1.6966378
1040000.0,2431.4606,5972.5104,4030.4091,255.16489,106.89119,106.89119,106.89119,5999.709,6003.8217,5914.0006,498.92078,1.6966378
1041000.0,2390.2134,5945.9005,3960.5258,250.74058,106.89119,106.89119,106.89119,6035.0301,5903.0916,5899.5799,491.01322,1.6966378
1042000.0,2367.7479,5920.2711,3924.0478,248.43116,106.89119,106.89119,106.89119,5996.929,5914.7797,5849.1045,489.10877,1.6966378
1043000.0,2326.4149,5927.9581,3894.5247,246.56206,106.89119,106.89119,106.89119,5914.2576,5942.5977,5927.019,502.27727,1.6966378
1044000.0,2407.637,5947.1307,3955.7818,250.44024,106.89119,106.89119,106.89119,6023.1838,5879.317,5938.8912,497.9191,1.6966378
1045000.0,2397.3531,5953.5207,3953.1273,250.27218,106.89119,106.89119,106.89119,5977.4183,5924.3728,5958.7711,500.14811,1.6966378
1046000.0,2365.3039,5935.1477,3893.6272,246.50523,106.89119,106.89119,106.89119,5966.4468,5924.8908,5914.1054,499.21447,1.6966378
1047000.0,2415.4754,5957.8427,3903.6751,247.14137,106.89119,106.89119,106.89119,6031.3466,5953.7439,5888.4375,500.06917,1.6966378
1048000.0,2350.9867,5962.311,3937.5761,249.28764,106.89119,106.89119,106.89119,6032.0789,5900.191,5954.663,499.80195,1.6966378
1049000.0,2376.5795,5956.5998,3973.2791,251.54799,106.89119,106.89119,106.89119,5941.5443,5967.1484,5961.1067,499.56629,1.6966378
1050000.0,2421.8611,5941.0756,3939.0666,249.382,106.89119,106.89119,106.89119,6008.1505,5980.6926,5834.3837,501.88079,1.6966378
1051000.0,2363.2695,5925.2356,3945.8449,249.81113,106.89119,106.89119,106.89119,6012.8755,5908.4889,5854.3426,500.16167,1.6966378
1052000.0,2435.1547,5963.4202,3969.4213,251.30375,106.89119,106.89119,106.89119,6021.6201,5980.9462,5887.6943,494.88429,1.6966378
1053000.0,2477.6356,5962.1399,3921.2451,248.25372,106.89119,106.89119,106.89119,5986.026,5965.0352,5935.3587,497.23154,1.6966378
1054000.0,2320.0462,5909.1428,3892.4194,246.42877,106.89119,106.89119,106.89119,5983.9678,5895.5896,5847.8709,499.82292,1.6966378
1055000.0,2390.1918,5940.4459,3874.539,245.29676,106.89119,106.89119,106.89119,5962.5554,5938.312,5920.4703,496.74582,1.6966378
1056000.0,2350.5698,5922.8989,3948.3305,249.9685,106.89119,106.89119,106.89119,5923.4774,5944.6878,5900.5314,503.61583,1.6966378
1057000.0,2442.3466,5935.7757,3925.6748,248.53416,106.89119,106.89119,106.89119,5989.6985,5933.0048,5884.6239,497.23636,1.6966378
1058000.0,2451.3745,5956.2268,3927.9797,248.68009,106.89119,106.89119,106.89119,5995.0581,5981.0656,5892.5566,501.47734,1.6966378
1059000.0,2374.0795,5940.4932,3855.0045,244.06003,106.89119,106.89119,106.89119,5928.7251,5912.8654,5979.889,500.54787,1.6966378
1060000.0,2423.0574,5948.1563,3978.2769,251.8644,106.89119,106.89119,106.89119,6041.0702,5913.9049,5889.4938,505.1215,1.6966378
1061000.0,2351.4147,5940.4684,3962.1107,250.84092,106.89119,106.89119,106.89119,6037.3223,5930.7421,5853.3407,502.65178,1.6966378
1062000.0,2399.1328,5963.6274,3933.3009,249.01697,106.89119,106.89119,106.89119,6018.4986,5965.1647,5907.2189,504.49215,1.6966378
1063000.0,2465.466,5941.3616,4000.1441,253.24881,106.89119,106.89119,106.89119,6013.0496,5947.3389,5863.6961,503.00071,1.6966378
1064000.0,2382.6994,5940.0209,3951.5518,250.17244,106.89119,106.89119,106.89119,6016.9443,5928.1634,5874.9549,505.75483,1.6966378
1065000.0,2381.9866,5953.075,4064.5455,257.32606,106.89119,106.89119,106.89119,5986.6103,5977.6278,5894.987,501.45792,1.6966378
1066000.0,2372.1155,5928.228,3935.6923,249.16837,106.89119,106.89119,106.89119,5938.1021,5911.9058,5934.6759,492.55457,1.6966378
1067000.0,2399.8721,5963.9659,4016.2702,254.26976,106.89119,106.89119,106.89119,5992.903,5966.0154,5932.9794,494.53591,1.6966378
1068000.0,2440.0646,5961.4083,3870.4809,245.03984,106.89119,106.89119,106.89119,5998.0297,5943.5835,5942.6116,498.19767,1.6966378
1069000.0,2426.0398,5961.4055,3916.6631,247.96363,106.89119,106.89119,106.89119,6011.2975,5899.1751,5973.744,498.30654,1.6966378
1070000.0,2344.5037,5935.1451,3941.0292,249.50625,106.89119,106.89119,106.89119,5956.4223,5884.5427,5964.4704,494.71009,1.6966378
1071000.0,2369.6577,5920.4183,3876.0003,245.38928,106.89119,106.89119,106.89119,6044.4684,5899.6955,5817.091,502.06945,1.6966378
1072000.0,2406.9738,5962.7288,3968.3304,251.23469,106.89119,106.89119,106.89119,5981.7126,5962.7344,5943.7393,493.4622,1.6966378
1073000.0,2469.9439,5967.2185,3919.2462,248.12717,106.89119,106.89119,106.89119,5996.9759,5974.641,5930.0385,498.92801,1.6966378
1074000.0,2439.6543,5939.5488,3868.4939,244.91405,106.89119,106.89119,106.89119,5990.9103,5854.9253,5972.8108,492.15053,1.6966378
1075000.0,2365.1375,5941.4819,3917.8381,248.03802,106.89119,106.89119,106.89119,6016.8499,5902.683,5904.9129,495.59606,1.6966378
1076000.0,2403.6388,5942.5798,3909.4051,247.50413,106.89119,106.89119,106.89119,6018.0919,5912.9689,5896.6787,504.15225,1.6966378
1077000.0,2383.1036,5944.459,3971.1713,251.41455,106.89119,106.89119,106.89119,6014.5111,5915.1208,5903.7452,499.42494,1.6966378
1078000.0,2399.9026,5954.8088,4071.8327,257.78741,106.89119,106.89119,106.89119,5954.1946,5967.1548,5943.0769,505.07062,1.6966378
1079000.0,2417.6561,5944.8699,3904.9871,247.22443,106.89119,106.89119,106.89119,5954.6564,5992.7714,5887.182,504.7237,1.6966378
1080000.0,2393.021,5964.237,3936.7913,249.23795,106.89119,106.89119,106.89119,5927.7907,5975.2865,5989.6338,501.02788,1.6966378
1081000.0,2383.2839,5941.6974,3993.0322,252.79856,106.89119,106.89119,106.89119,5990.382,5929.901,5904.8091,499.42429,1.6966378
1082000.0,2311.4631,5921.1888,3946.8081,249.87211,106.89119,106.89119,106.89119,5996.8524,5913.0708,5853.6433,490.64787,1.6966378
1083000.0,2378.7515,5936.1685,3943.6861,249.67446,106.89119,106.89119,106.89119,6000.7288,5925.6409,5882.1357,491.29302,1.6966378
1084000.0,2331.6328,5924.7137,4001.9485,253.36305,106.89119,106.89119,106.89119,5913.8903,5913.4204,5946.8304,487.57095,1.6966378
1085000.0,2370.2797,5944.2465,3959.6431,250.6847,106.89119,106.89119,106.89119,5979.2003,5901.4785,5952.0607,485.70724,1.6966378
1086000.0,2357.1798,5937.6021,3925.8517,248.54537,106.89119,106.89119,106.89119,5985.2539,5915.3062,5912.2462,492.01599,1.6966378
1087000.0,2331.8638,5928.5218,4001.0785,253.30797,106.89119,106.89119,106.89119,5922.2258,5947.064,5916.2757,479.92705,1.6966378
1088000.0,2350.6551,5935.5904,4034.3756,255.416,106.89119,106.89119,106.89119,5915.0665,5963.952,5927.7527,490.00631,1.6966378
1089000.0,2399.0355,5972.9342,3944.0562,249.69789,106.89119,106.89119,106.89119,6064.5075,5905.0,5949.2949,487.85566,1.6966378
1090000.0,2454.1977,5959.995,3847.4243,243.58013,106.89119,106.89119,106.89119,5992.7316,5913.2288,5974.0244,493.73714,1.6966378
1091000.0,2408.8218,5930.525,3939.8119,249.42918,106.89119,106.89119,106.89119,6016.0238,5904.7057,5870.8457,496.80105,1.6966378
1092000.0,2347.8998,5942.6548,3916.1812,247.93312,106.89119,106.89119,106.89119,5968.9794,5943.7276,5915.2575,503.11322,1.6966378
1093000.0,2343.1335,5914.9598,3911.5003,247.63678,106.89119,106.89119,106.89119,5975.3787,5897.0049,5872.4957,499.08107,1.6966378
1094000.0,2384.255,5919.9593,3855.8229,244.11185,106.89119,106.89119,106.89119,5957.651,5935.0619,5867.1652,501.77068,1.6966378
1095000.0,2289.8242,5933.5959,3900.3193,246.92891,106.89119,106.89119,106.89119,5959.3302,5910.3932,5931.0642,502.72456,1.6966378
1096000.0,2337.4939,5920.0716,3919.2723,248.12882,106.89119,106.89119,106.89119,5952.3262,5945.5686,5862.32,505.1323,1.6966378
1097000.0,2342.9838,5920.4184,3959.4521,250.6726,106.89119,106.89119,106.89119,5929.0408,5942.7339,5889.4804,496.56795,1.6966378
1098000.0,2406.1715,5950.0549,3994.7339,252.90629,106.89119,106.89119,106.89119,5952.9015,5996.0902,5901.1729,500.07485,1.6966378
1099000.0,2415.3742,5957.7763,3909.0724,247.48307,106.89119,106.89119,106.89119,6011.5806,5927.3616,5934.3866,502.99175,1.6966378
1100000.0,2462.1541,5967.5996,4012.9026,254.05655,106.89119,106.89119,106.89119,6023.3098,5948.8242,5930.6647,503.46184,1.6966378
1101000.0,2395.9765,5930.1311,3959.9342,250.70312,106.89119,106.89119,106.89119,5951.1127,5946.192,5893.0887,501.28863,1.6966378
1102000.0,2364.0675,5939.9419,3949.204,250.0238,106.89119,106.89119,106.89119,5973.0452,5917.5814,5929.199,496.82813,1.6966378
1103000.0,2428.9375,5953.2647,3971.0432,251.40643,106.89119,106.89119,106.89119,5978.7876,5960.9404,5920.0662,503.13636,1.6966378
1104000.0,2341.8369,5907.528,3986.8721,252.40856,106.89119,106.89119,106.89119,5975.279,5896.9776,5850.3275,497.42952,1.6966378
1105000.0,2312.4861,5934.4446,3952.6608,250.24265,106.89119,106.89119,106.89119,5986.1117,5914.5043,5902.7178,501.12224,1.6966378
1106000.0,2283.1706,5883.6565,3943.2395,249.64618,106.89119,106.89119,106.89119,5879.4956,5905.5929,5865.8811,501.02474,1.6966378
1107000.0,2375.2349,5942.2115,3982.1991,252.11272,106.89119,106.89119,106.89119,5993.5779,5944.095,5888.9617,493.03803,1.6966378
1108000.0,2367.8641,5932.7279,4002.9919,253.4291,106.89119,106.89119,106.89119,5963.2384,5913.4416,5921.5037,496.80577,1.6966378
1109000.0,2455.2427,5953.1559,3978.1548,251.85667,106.89119,106.89119,106.89119,6005.5438,5933.8522,5920.0718,492.3954,1.6966378
1110000.0,2299.3605,5904.7331,4022.6448,254.67333,106.89119,106.89119,106.89119,5945.3419,5908.3538,5860.5036,497.96726,1.6966378
1111000.0,2351.5132,5953.9726,3936.6912,249.23161,106.89119,106.89119,106.89119,5993.637,5947.476,5920.8049,498.32838,1.6966378
1112000.0,2406.1043,5926.9202,3984.6696,252.26912,106.89119,106.89119,106.89119,5968.9404,5883.4408,5928.3795,507.45221,1.6966378
1113000.0,2334.1344,5927.6504,3914.5667,247.83091,106.89119,106.89119,106.89119,5935.742,5895.5313,5951.6779,504.08104,1.6966378
1114000.0,2394.9557,5924.1378,3943.8881,249.68725,106.89119,106.89119,106.89119,5932.2775,5920.7732,5919.3627,500.09235,1.6966378
1115000.0,2387.3002,5948.0106,3978.0277,251.84862,106.89119,106.89119,106.89119,6005.2113,5916.4781,5922.3423,503.5262,1.6966378
1116000.0,2293.8845,5902.8551,4003.9523,253.48991,106.89119,106.89119,106.89119,5904.1551,5921.1026,5883.3076,508.50789,1.6966378
1117000.0,2302.299,5899.3383,4012.2119,254.01282,106.89119,106.89119,106.89119,5920.3939,5888.1528,5889.4682,505.97013,1.6966378
1118000.0,2399.6365,5949.0716,3922.0811,248.30665,106.89119,106.89119,106.89119,6015.1725,5957.178,5874.8644,506.44395,1.6966378
1119000.0,2399.4699,5934.9645,4035.5906,255.49293,106.89119,106.89119,106.89119,5992.5103,5914.1387,5898.2445,501.26116,1.6966378
1120000.0,2344.4693,5929.8586,3989.1572,252.55323,106.89119,106.89119,106.89119,5952.5072,5902.4981,5934.5705,499.70436,1.6966378
1121000.0,2390.3192,5934.052,3985.6011,252.32809,106.89119,106.89119,106.89119,5995.1329,5897.8198,5909.2033,498.65075,1.6966378
1122000.0,2380.6208,5927.9371,4010.1265,253.88079,106.89119,106.89119,106.89119,6018.4138,5884.2284,5881.1689,482.99608,1.6966378
1123000.0,2316.5903,5922.932,3911.3805,247.6292,106.89119,106.89119,106.89119,5939.7514,5892.5653,5936.4792,474.00522,1.6966378
1124000.0,2361.7508,5952.4473,3997.322,253.07015,106.89119,106.89119,106.89119,6025.6915,5864.8005,5966.8498,497.92909,1.6966378
1125000.0,2325.4358,5912.691,4015.9745,254.25103,106.89119,106.89119,106.89119,5917.5962,5927.3116,5893.1652,493.78107,1.6966378
1126000.0,2344.4014,5926.7469,3911.5687,247.64111,106.89119,106.89119,106.89119,5975.1911,5936.7006,5868.3488,481.57481,1.6966378
1127000.0,2355.4533,5957.0283,4005.1995,253.56887,106.89119,106.89119,106.89119,5958.0273,5930.4402,5982.6176,475.28546,1.6966378
1128000.0,2385.6682,5956.959,3936.7197,249.23342,106.89119,106.89119,106.89119,5983.7891,5948.1897,5938.8981,499.83999,1.6966378
1129000.0,2278.9388,5896.5987,3937.4746,249.28121,106.89119,106.89119,106.89119,5917.7274,5938.1924,5833.8762,493.24074,1.6966378
1130000.0,2258.68,5905.8076,3935.8122,249.17596,106.89119,106.89119,106.89119,5911.7087,5904.7988,5900.9154,497.70102,1.6966378
1131000.0,2372.1183,5927.49,4007.4978,253.71437,106.89119,106.89119,106.89119,5981.7437,5913.313,5887.4132,508.19967,1.6966378
1132000.0,2331.3197,5905.968,4025.4667,254.85198,106.89119,106.89119,106.89119,5949.0951,5898.6694,5870.1394,496.41666,1.6966378
1133000.0,2333.8254,5907.9584,3953.6822,250.30731,106.89119,106.89119,106.89119,5931.7975,5859.3947,5932.6831,494.54651,1.6966378
1134000.0,2349.3439,5954.4389,3974.1864,251.60543,106.89119,106.89119,106.89119,5972.7442,5935.74,5954.8324,501.17802,1.6966378
1135000.0,2293.1799,5911.813,3912.0928,247.67429,106.89119,106.89119,106.89119,5986.0451,5857.8772,5891.5169,504.71921,1.6966378
1136000.0,2332.6713,5931.8443,3875.9414,245.38555,106.89119,106.89119,106.89119,5997.8679,5882.9206,5914.7446,503.82533,1.6966378
1137000.0,2238.3316,5886.1338,4053.2839,256.61309,106.89119,106.89119,106.89119,5910.8492,5873.3725,5874.1797,503.30041,1.6966378
1138000.0,2369.0047,5925.6826,3849.4449,243.70806,106.89119,106.89119,106.89119,5973.3922,5894.4886,5909.1669,499.82224,1.6966378
1139000.0,2366.462,5926.7469,4012.5469,254.03403,106.89119,106.89119,106.89119,5960.3824,5909.2787,5910.5797,495.03622,1.6966378
1140000.0,2325.3927,5930.1492,3938.3934,249.33938,106.89119,106.89119,106.89119,6019.924,5902.9615,5867.5622,496.34808,1.6966378
1141000.0,2316.8777,5937.004,4023.8257,254.74809,106.89119,106.89119,106.89119,6009.6684,5904.7023,5896.6412,491.63733,1.6966378
1142000.0,2245.2649,5906.7297,4034.0138,255.3931,106.89119,106.89119,106.89119,5921.916,5882.904,5915.3691,485.127,1.6966378
1143000.0,2374.5316,5931.7979,3945.4407,249.78554,106.89119,106.89119,106.89119,5987.8128,5897.587,5909.9939,501.52288,1.6966378
1144000.0,2262.1687,5910.6323,3989.9232,252.60173,106.89119,106.89119,106.89119,5928.1686,5908.0088,5895.7194,495.624,1.6966378
1145000.0,2383.407,5928.1991,3973.1444,251.53946,106.89119,106.89119,106.89119,5940.9886,5916.2703,5927.3385,491.49746,1.6966378
1146000.0,2304.1688,5905.0604,3921.7865,248.288,106.89119,106.89119,106.89119,5947.5101,5941.2754,5826.3958,505.91949,1.6966378
1147000.0,2321.9037,5927.7192,3929.295,248.76336,106.89119,106.89119,106.89119,5923.1236,5907.5606,5952.4734,500.13856,1.6966378
1148000.0,2347.5791,5936.6153,3991.8825,252.72577,106.89119,106.89119,106.89119,5962.1261,5889.4967,5958.2231,494.55115,1.6966378
1149000.0,2272.1576,5913.8464,3932.0886,248.94022,106.89119,106.89119,106.89119,5937.054,5929.5623,5874.9231,505.47261,1.6966378
1150000.0,2267.4635,5881.3115,3943.1385,249.63979,106.89119,106.89119,106.89119,5924.2252,5839.631,5880.0783,499.84122,1.6966378
1151000.0,2388.5995,5932.9466,3983.4928,252.19462,106.89119,106.89119,106.89119,5956.9865,5931.8736,5909.9798,505.24416,1.6966378
1152000.0,2236.256,5892.8373,3959.0843,250.64932,106.89119,106.89119,106.89119,5897.3512,5908.2306,5872.9303,501.66988,1.6966378
1153000.0,2406.2998,5936.696,3946.167,249.83153,106.89119,106.89119,106.89119,5968.1725,5876.7845,5965.1309,504.23821,1.6966378
1154000.0,2318.7743,5945.0261,3939.2214,249.3918,106.89119,106.89119,106.89119,6007.651,5890.9395,5936.4879,499.24367,1.6966378
1155000.0,2243.2926,5915.7868,3957.1585,250.5274,106.89119,106.89119,106.89119,5991.3029,5833.4924,5922.5651,503.92286,1.6966378
1156000.0,2267.8151,5921.3103,3951.8042,250.18842,106.89119,106.89119,106.89119,5971.9861,5943.9492,5847.9956,506.64525,1.6966378
1157000.0,2314.3978,5922.4088,3985.9098,252.34764,106.89119,106.89119,106.89119,5931.2388,5878.373,5957.6146,498.41319,1.6966378
1158000.0,2305.6184,5918.2285,3960.5478,250.74197,106.89119,106.89119,106.89119,5997.478,5891.0926,5866.115,497.21545,1.6966378
1159000.0,2331.5757,5924.079,3957.6616,250.55925,106.89119,106.89119,106.89119,5987.793,5890.6175,5893.8264,495.56884,1.6966378
1160000.0,2288.0901,5910.3686,3903.4642,247.12801,106.89119,106.89119,106.89119,5918.2754,5940.6167,5872.2135,507.41529,1.6966378
1161000.0,2335.9009,5941.3735,3951.0834,250.14278,106.89119,106.89119,106.89119,5925.2883,5975.8103,5923.0221,503.3373,1.6966378
1162000.0,2341.801,5924.619,3954.2922,250.34593,106.89119,106.89119,106.89119,5932.4358,5938.5499,5902.8714,505.29031,1.6966378
1163000.0,2322.8508,5936.3353,4009.4592,253.83855,106.89119,106.89119,106.89119,5987.0795,5914.8789,5907.0474,505.88559,1.6966378
1164000.0,2378.464,5954.7751,3960.2284,250.72175,106.89119,106.89119,106.89119,5921.776,6020.2636,5922.2856,507.53174,1.6966378
1165000.0,2393.7222,5953.8935,3869.5473,244.98074,106.89119,106.89119,106.89119,6004.6489,5915.0394,5941.9921,502.92718,1.6966378
1166000.0,2328.0408,5913.6743,3990.1445,252.61574,106.89119,106.89119,106.89119,5932.1198,5915.1502,5893.7529,506.20632,1.6966378
1167000.0,2281.9531,5906.0286,3921.2123,248.25165,106.89119,106.89119,106.89119,5937.6714,5883.0434,5897.3711,504.68782,1.6966378
1168000.0,2347.7595,5923.3724,3925.1991,248.50405,106.89119,106.89119,106.89119,5975.5674,5904.4688,5890.0809,504.74204,1.6966378
1169000.0,2249.9308,5909.1603,3951.6982,250.1817,106.89119,106.89119,106.89119,5874.0539,5962.959,5890.4679,504.93914,1.6966378
1170000.0,2333.1787,5892.413,3976.759,251.7683,106.89119,106.89119,106.89119,5894.6767,5927.7515,5854.8106,502.13165,1.6966378
1171000.0,2357.3125,5924.3599,3927.9101,248.67568,106.89119,106.89119,106.89119,5974.4171,5898.2414,5900.4211,499.69732,1.6966378
1172000.0,2285.8898,5904.1233,4006.0354,253.62179,106.89119,106.89119,106.89119,5986.0259,5846.9022,5879.4417,498.7175,1.6966378
1173000.0,2262.2196,5896.4325,3970.9,251.39737,106.89119,106.89119,106.89119,5926.6492,5865.962,5896.6864,497.28981,1.6966378
1174000.0,2326.5373,5937.1413,3982.8325,252.15282,106.89119,106.89119,106.89119,5909.8391,5971.718,5929.8666,501.59949,1.6966378
1175000.0,2206.3177,5879.2649,3918.6358,248.08853,106.89119,106.89119,106.89119,5910.0056,5919.0641,5808.7251,501.65261,1.6966378
1176000.0,2323.9819,5951.9075,3958.4264,250.60767,106.89119,106.89119,106.89119,5965.4538,6031.1568,5859.1121,502.22377,1.6966378
1177000.0,2303.7873,5914.0899,3943.954,249.69142,106.89119,106.89119,106.89119,5947.0047,5898.4705,5896.7944,503.97046,1.6966378
1178000.0,2274.6508,5910.599,3956.8914,250.51048,106.89119,106.89119,106.89119,5930.6463,5899.2975,5901.8533,502.76432,1.6966378
1179000.0,2225.7654,5889.2493,3894.154,246.53859,106.89119,106.89119,106.89119,6007.1273,5821.2467,5839.3738,499.42333,1.6966378
1180000.0,2272.443,5923.7168,3948.3904,249.97229,106.89119,106.89119,106.89119,5975.0635,5880.1661,5915.9209,498.63209,1.6966378
1181000.0,2250.9184,5909.4493,3958.3557,250.60319,106.89119,106.89119,106.89119,6014.6099,5843.4546,5870.2834,492.26517,1.6966378
1182000.0,2207.7572,5883.4341,3970.09,251.34609,106.89119,106.89119,106.89119,5872.158,5867.6138,5910.5305,489.47929,1.6966378
1183000.0,2272.6756,5895.6593,3928.3995,248.70666,106.89119,106.89119,106.89119,5938.6756,5845.8687,5902.4335,508.49815,1.6966378
1184000.0,2253.5653,5900.4683,3914.6711,247.83752,106.89119,106.89119,106.89119,5948.9041,5925.5348,5826.9661,506.01396,1.6966378
1185000.0,2295.3476,5886.2229,3990.8926,252.6631,106.89119,106.89119,106.89119,5906.9458,5829.6946,5922.0282,505.24306,1.6966378
1186000.0,2239.9574,5906.5664,3926.0385,248.55719,106.89119,106.89119,106.89119,5946.3921,5889.5787,5883.7282,501.88075,1.6966378
1187000.0,2264.9191,5902.519,4010.9298,253.93165,106.89119,106.89119,106.89119,5960.9173,5933.4545,5813.185,499.72916,1.6966378
1188000.0,2314.4377,5937.5787,3944.3613,249.7172,106.89119,106.89119,106.89119,6018.8081,5893.8348,5900.0931,501.70824,1.6966378
1189000.0,2346.4107,5921.8994,3883.8617,245.88698,106.89119,106.89119,106.89119,5995.8972,5879.6111,5890.19,495.6728,1.6966378
1190000.0,2330.5764,5923.3559,3972.5113,251.49938,106.89119,106.89119,106.89119,5958.2127,5896.8311,5915.024,497.7593,1.6966378
1191000.0,2371.5642,5940.3851,3905.3798,247.24929,106.89119,106.89119,106.89119,6058.5885,5877.4533,5885.1135,498.80458,1.6966378
1192000.0,2336.288,5918.0767,3932.7059,248.97931,106.89119,106.89119,106.89119,5985.0089,5882.0619,5887.1594,500.73784,1.6966378
1193000.0,2271.2538,5906.5278,3949.9789,250.07286,106.89119,106.89119,106.89119,5940.7514,5902.1447,5876.6872,501.19551,1.6966378
1194000.0,2278.1674,5892.8704,3866.7122,244.80125,106.89119,106.89119,106.89119,5957.5392,5888.2581,5832.814,497.46661,1.6966378
1195000.0,2280.4373,5894.1403,4057.6984,256.89257,106.89119,106.89119,106.89119,5973.9376,5837.3758,5871.1075,497.90102,1.6966378
1196000.0,2312.1282,5911.6045,3820.4609,241.87308,106.89119,106.89119,106.89119,5959.2731,5910.057,5865.4834,502.55425,1.6966378
1197000.0,2315.5415,5924.8784,3945.492,249.78879,106.89119,106.89119,106.89119,5952.3261,5874.0247,5948.2844,489.77475,1.6966378
1198000.0,2320.3349,5924.3855,3905.0975,247.23142,106.89119,106.89119,106.89119,5993.8623,5839.6839,5939.6102,484.8154,1.6966378
1199000.0,2351.3183,5910.3607,3931.1277,248.87939,106.89119,106.89119,106.89119,5966.8566,5875.3776,5888.8479,500.33485,1.6966378
1200000.0,2249.2477,5899.0328,3885.2283,245.9735,106.89119,106.89119,106.89119,5939.3802,5870.7239,5886.9944,496.74567,1.6966378
1201000.0,2320.1988,5922.3534,3987.5236,252.44981,106.89119,106.89119,106.89119,5926.4587,5894.2223,5946.3792,496.28544,1.6966378
1202000.0,2357.2551,5937.6177,4027.6034,254.98726,106.89119,106.89119,106.89119,5972.6403,5912.3253,5927.8876,499.35912,1.6966378
1203000.0,2341.0687,5908.8384,3959.3007,250.66302,106.89119,106.89119,106.89119,5939.9745,5898.5048,5888.0359,497.00355,1.6966378
1204000.0,2199.6645,5912.6077,3969.2875,251.29528,106.89119,106.89119,106.89119,5949.0148,5898.2261,5890.5822,495.26826,1.6966378
1205000.0,2261.7232,5918.2585,4064.1559,257.30139,106.89119,106.89119,106.89119,5946.1537,5885.4706,5923.151,492.72785,1.6966378
1206000.0,2317.9417,5909.0163,3950.4269,250.10122,106.89119,106.89119,106.89119,5935.2985,5855.3678,5936.3825,493.57302,1.6966378
1207000.0,2214.1899,5921.93,3929.2982,248.76356,106.89119,106.89119,106.89119,5940.6788,5935.66,5889.4512,498.10646,1.6966378
1208000.0,2254.5137,5892.3724,3982.9492,252.1602,106.89119,106.89119,106.89119,5972.8816,5848.8971,5855.3385,498.8463,1.6966378
1209000.0,2225.0663,5913.3646,3950.275,250.0916,106.89119,106.89119,106.89119,5962.4089,5879.327,5898.3577,497.58328,1.6966378
1210000.0,2315.8007,5933.2077,3964.2324,250.97524,106.89119,106.89119,106.89119,5975.6106,5896.2913,5927.7212,490.24568,1.6966378
1211000.0,2331.7587,5919.8069,3956.8548,250.50817,106.89119,106.89119,106.89119,5961.5533,5917.5376,5880.3299,489.35844,1.6966378
1212000.0,2273.2066,5915.3365,3939.99,249.44046,106.89119,106.89119,106.89119,5971.4994,5866.9437,5907.5666,485.29047,1.6966378
1213000.0,2256.2182,5921.1644,3957.0934,250.52328,106.89119,106.89119,106.89119,5979.0849,5879.6144,5904.7941,490.06918,1.6966378
1214000.0,2285.0258,5910.1979,3963.9429,250.95691,106.89119,106.89119,106.89119,5974.6509,5875.4813,5880.4614,487.41343,1.6966378
1215000.0,2320.9729,5933.1369,4027.6017,254.98715,106.89119,106.89119,106.89119,5979.7006,5854.304,5965.406,500.09927,1.6966378
1216000.0,2323.5606,5909.5794,3926.9103,248.61239,106.89119,106.89119,106.89119,5896.2637,5905.6363,5926.8383,497.19734,1.6966378
1217000.0,2238.5514,5893.8835,3956.1475,250.46339,106.89119,106.89119,106.89119,5884.8729,5855.1855,5941.5921,501.46453,1.6966378
1218000.0,2310.2617,5925.868,3998.9247,253.17161,106.89119,106.89119,106.89119,5957.7262,5900.6083,5919.2697,498.5349,1.6966378
1219000.0,2266.8225,5902.4779,3916.7434,247.96872,106.89119,106.89119,106.89119,5943.4716,5883.0183,5880.9439,495.02856,1.6966378
1220000.0,2320.2906,5925.5958,3965.5921,251.06133,106.89119,106.89119,106.89119,5964.7676,5944.533,5867.4869,501.87463,1.6966378
1221000.0,2287.3857,5923.2285,3961.6243,250.81012,106.89119,106.89119,106.89119,5949.0296,5906.537,5914.1188,504.8488,1.6966378
1222000.0,2293.2149,5915.494,3931.4431,248.89936,106.89119,106.89119,106.89119,5967.0654,5863.1694,5916.2473,501.61079,1.6966378
1223000.0,2236.3231,5902.248,3970.875,251.39579,106.89119,106.89119,106.89119,5901.6505,5923.4864,5881.607,504.21372,1.6966378
1224000.0,2353.6778,5942.1027,3999.3751,253.20013,106.89119,106.89119,106.89119,5989.1536,5921.4234,5915.7311,501.00124,1.6966378
1225000.0,2321.6847,5951.1657,4011.4728,253.96603,106.89119,106.89119,106.89119,6015.6949,5909.4114,5928.3907,503.28484,1.6966378
1226000.0,2249.0458,5907.2872,3989.9277,252.60201,106.89119,106.89119,106.89119,5922.3841,5871.3704,5928.1071,507.74194,1.6966378
1227000.0,2260.6772,5911.3419,3891.8086,246.3901,106.89119,106.89119,106.89119,5957.6182,5882.7822,5893.6253,503.88168,1.6966378
1228000.0,2281.8287,5899.4572,3944.7104,249.73931,106.89119,106.89119,106.89119,5950.0666,5880.1495,5868.1554,507.77176,1.6966378
1229000.0,2279.5592,5905.5923,3945.0654,249.76178,106.89119,106.89119,106.89119,5944.5769,5865.9784,5906.2215,500.10073,1.6966378
1230000.0,2320.6032,5924.1193,3953.3601,250.28692,106.89119,106.89119,106.89119,5949.7801,5884.2101,5938.3677,515.39128,1.6966378
1231000.0,2288.8946,5899.7249,3957.1709,250.52818,106.89119,106.89119,106.89119,5892.5251,5884.3586,5922.2909,508.27356,1.6966378
1232000.0,2360.977,5916.4151,3989.2669,252.56017,106.89119,106.89119,106.89119,5959.2761,5910.5823,5879.3868,509.60313,1.6966378
1233000.0,2340.6553,5945.2036,3997.9261,253.10839,106.89119,106.89119,106.89119,5957.3515,5914.5616,5963.6976,510.81569,1.6966378
1234000.0,2242.9367,5867.036,3871.3822,245.09691,106.89119,106.89119,106.89119,5968.999,5820.6067,5811.5024,486.34278,1.6966378
1235000.0,2289.7872,5893.4611,3891.6579,246.38056,106.89119,106.89119,106.89119,5886.8006,5889.848,5903.7347,492.15534,1.6966378
1236000.0,2292.4287,5915.9547,3904.0009,247.16199,106.89119,106.89119,106.89119,5890.5443,5876.5492,5980.7704,499.9445,1.6966378
1237000.0,2319.8785,5935.6776,3953.6961,250.30819,106.89119,106.89119,106.89119,5963.1014,5935.5852,5908.3462,501.55195,1.6966378
1238000.0,2277.8155,5887.6366,3984.8736,252.28203,106.89119,106.89119,106.89119,5921.6693,5891.0871,5850.1535,505.89015,1.6966378
1239000.0,2255.0268,5898.0922,4043.6466,256.00295,106.89119,106.89119,106.89119,5912.2185,5927.0265,5855.0317,506.58375,1.6966378
1240000.0,2347.3923,5940.9272,3921.6851,248.28158,106.89119,106.89119,106.89119,5978.2087,5946.306,5898.2669,508.80728,1.6966378
1241000.0,2273.2722,5912.2431,3944.5638,249.73003,106.89119,106.89119,106.89119,5924.6464,5921.8175,5890.2653,499.12799,1.6966378
1242000.0,2273.7139,5917.2952,3932.5598,248.97005,106.89119,106.89119,106.89119,5934.901,5909.2328,5907.7517,506.30545,1.6966378
1243000.0,2397.9102,5947.4755,3955.2029,250.40359,106.89119,106.89119,106.89119,6006.224,5952.9852,5883.2172,504.10678,1.6966378
1244000.0,2276.9799,5905.0203,3894.4492,246.55728,106.89119,106.89119,106.89119,5965.4713,5890.4465,5859.143,506.94601,1.6966378
1245000.0,2246.5424,5894.9245,3958.1272,250.58873,106.89119,106.89119,106.89119,5918.8037,5927.2137,5838.7563,508.81063,1.6966378
1246000.0,2293.073,5909.8296,3934.4859,249.09199,106.89119,106.89119,106.89119,5964.1454,5905.59,5859.7533,503.82213,1.6966378
1247000.0,2284.2126,5906.6159,3949.5884,250.04814,106.89119,106.89119,106.89119,5920.1271,5957.6903,5842.0305,497.0974,1.6966378
1248000.0,2282.8206,5915.3523,4011.8877,253.9923,106.89119,106.89119,106.89119,5883.3287,5912.5225,5950.2056,495.4101,1.6966378
1249000.0,2246.0042,5909.8268,3864.7659,244.67803,106.89119,106.89119,106.89119,5920.4594,5896.7936,5912.2274,494.0781,1.6966378
1250000.0,2414.9093,5952.4938,3953.7824,250.31366,106.89119,106.89119,106.89119,5962.8272,5973.1564,5921.4977,491.19759,1.6966378
1251000.0,2318.4863,5941.4229,4038.0613,255.64935,106.89119,106.89119,106.89119,6005.6673,5911.3234,5907.278,505.11253,1.6966378
1252000.0,2291.2447,5899.4867,4030.3025,255.15813,106.89119,106.89119,106.89119,5893.7358,5902.0151,5902.7093,496.82035,1.6966378
1253000.0,2315.7747,5919.301,3933.5141,249.03047,106.89119,106.89119,106.89119,5921.6854,5923.8001,5912.4177,501.19078,1.6966378
1254000.0,2338.3323,5933.1248,3968.7011,251.25816,106.89119,106.89119,106.89119,5961.6884,5940.0039,5897.6823,497.29224,1.6966378
1255000.0,2317.12,5921.1485,3980.3817,251.99766,106.89119,106.89119,106.89119,5935.5308,5924.1283,5903.7864,496.75574,1.6966378
1256000.0,2220.7621,5918.6285,3880.1208,245.65014,106.89119,106.89119,106.89119,5962.0929,5889.1434,5904.6491,506.02334,1.6966378
1257000.0,2282.0206,5916.6082,3992.7243,252.77906,106.89119,106.89119,106.89119,5963.2954,5880.6034,5905.9259,502.79895,1.6966378
1258000.0,2297.4741,5934.3182,3923.2719,248.38204,106.89119,106.89119,106.89119,5988.7019,5913.7687,5900.4841,502.18198,1.6966378
1259000.0,2310.3161,5908.3334,3974.9267,251.6523,106.89119,106.89119,106.89119,5876.7044,5928.2268,5920.0689,505.08107,1.6966378
1260000.0,2240.9449,5917.0351,3968.1987,251.22635,106.89119,106.89119,106.89119,5956.608,5892.647,5901.8503,508.90068,1.6966378
1261000.0,2260.096,5928.1867,3930.2662,248.82484,106.89119,106.89119,106.89119,5893.6027,5936.017,5954.9405,509.27094,1.6966378
1262000.0,2264.0067,5915.5789,3962.49,250.86493,106.89119,106.89119,106.89119,5945.5551,5932.5751,5868.6064,503.78103,1.6966378
1263000.0,2325.4417,5916.0589,3929.8701,248.79977,106.89119,106.89119,106.89119,5908.3512,5948.4741,5891.3514,502.69566,1.6966378
1264000.0,2216.9497,5880.3275,3926.2409,248.57,106.89119,106.89119,106.89119,5868.4496,5908.5638,5863.9691,495.51131,1.6966378
1265000.0,2277.8354,5911.8449,3888.5305,246.18256,106.89119,106.89119,106.89119,5902.1401,5944.192,5889.2025,496.78329,1.6966378
1266000.0,2316.7463,5940.3922,3923.7467,248.4121,106.89119,106.89119,106.89119,5905.7609,5985.4729,5929.943,501.42926,1.6966378
1267000.0,2212.3257,5891.1412,3926.3922,248.57958,106.89119,106.89119,106.89119,5887.3668,5905.6698,5880.3869,494.77004,1.6966378
1268000.0,2226.7067,5908.0401,3979.1455,251.91939,106.89119,106.89119,106.89119,5878.2083,5927.2817,5918.6301,502.44271,1.6966378
1269000.0,2234.1084,5874.8589,3811.8612,241.32863,106.89119,106.89119,106.89119,5870.2467,5905.3924,5848.9376,507.28125,1.6966378
1270000.0,2281.6218,5888.8269,4012.7588,254.04744,106.89119,106.89119,106.89119,5897.7281,5887.9031,5880.8495,505.93401,1.6966378
1271000.0,2252.187,5901.5555,3917.1656,247.99545,106.89119,106.89119,106.89119,5869.376,5967.9574,5867.3333,498.62315,1.6966378
1272000.0,2237.2592,5878.261,3962.7065,250.87864,106.89119,106.89119,106.89119,5935.1818,5845.2979,5854.3033,503.17643,1.6966378
1273000.0,2290.4978,5904.0577,3951.9824,250.1997,106.89119,106.89119,106.89119,5907.998,5884.241,5919.9342,500.7733,1.6966378
1274000.0,2276.1405,5904.0906,4018.2808,254.39705,106.89119,106.89119,106.89119,5933.4501,5861.3396,5917.4821,499.29745,1.6966378
1275000.0,2263.7382,5911.222,3978.605,251.88517,106.89119,106.89119,106.89119,5884.9854,5850.8302,5997.8504,490.68703,1.6966378
1276000.0,2291.5887,5924.8111,3925.3733,248.51508,106.89119,106.89119,106.89119,5909.1145,5952.087,5913.2318,477.2702,1.6966378
1277000.0,2288.5933,5899.9403,3955.0253,250.39234,106.89119,106.89119,106.89119,5904.8714,5872.7226,5922.2269,508.02003,1.6966378
1278000.0,2293.521,5910.4297,3997.1708,253.06057,106.89119,106.89119,106.89119,5921.3189,5885.974,5923.9961,500.46047,1.6966378
1279000.0,2361.1804,5923.125,4027.7913,254.99916,106.89119,106.89119,106.89119,5920.8465,5916.8373,5931.6912,500.31974,1.6966378
1280000.0,2252.6,5935.6672,4009.3471,253.83145,106.89119,106.89119,106.89119,5957.6639,5911.7817,5937.5561,485.2214,1.6966378
1281000.0,2347.7888,5938.8166,3841.4796,243.20377,106.89119,106.89119,106.89119,5950.0594,5925.0507,5941.3398,483.7749,1.6966378
1282000.0,2244.754,5910.2623,3996.7654,253.03491,106.89119,106.89119,106.89119,5907.6615,5941.5195,5881.606,486.52146,1.6966378
1283000.0,2284.4798,5935.8576,4020.4719,254.53576,106.89119,106.89119,106.89119,5925.1974,5933.2965,5949.079,482.07134,1.6966378
1284000.0,2247.2181,5906.2262,3927.3334,248.63917,106.89119,106.89119,106.89119,5958.2014,5858.8212,5901.6559,498.06101,1.6966378
1285000.0,2254.6961,5883.8742,3971.8484,251.45741,106.89119,106.89119,106.89119,5838.7111,5917.2131,5895.6983,507.23278,1.6966378
1286000.0,2317.783,5929.6364,3942.9763,249.62952,106.89119,106.89119,106.89119,5969.9477,5883.6243,5935.3371,506.49775,1.6966378
1287000.0,2314.192,5914.4721,4007.7786,253.73215,106.89119,106.89119,106.89119,5962.7555,5862.1845,5918.4762,497.38563,1.6966378
1288000.0,2272.5864,5911.9726,3935.9859,249.18696,106.89119,106.89119,106.89119,5882.3776,5893.5961,5959.9442,504.23142,1.6966378
1289000.0,2237.0784,5907.7786,3988.4657,252.50945,106.89119,106.89119,106.89119,5939.8199,5806.852,5976.664,507.12234,1.6966378
1290000.0,2255.6902,5911.8884,4038.1335,255.65392,106.89119,106.89119,106.89119,5883.4852,5896.8502,5955.3298,500.39116,1.6966378
1291000.0,2267.7891,5926.9231,3976.0342,251.72241,106.89119,106.89119,106.89119,5893.4894,5960.2772,5927.0027,500.31803,1.6966378
1292000.0,2298.8256,5926.9082,3932.2373,248.94964,106.89119,106.89119,106.89119,5914.3571,5962.5749,5903.7926,501.28293,1.6966378
1293000.0,2195.351,5902.2382,3936.4328,249.21525,106.89119,106.89119,106.89119,5918.2159,5893.2327,5895.266,506.12049,1.6966378
1294000.0,2305.7585,5930.8042,3912.1897,247.68042,106.89119,106.89119,106.89119,5912.2863,5911.6423,5968.484,504.95143,1.6966378
1295000.0,2215.7695,5886.6882,3905.7601,247.27337,106.89119,106.89119,106.89119,5902.1047,5840.2364,5917.7233,502.86829,1.6966378
1296000.0,2231.1346,5921.0086,3959.0788,250.64897,106.89119,106.89119,106.89119,5882.5761,5958.5425,5921.9071,500.1391,1.6966378
1297000.0,2255.7449,5918.2652,3938.6617,249.35636,106.89119,106.89119,106.89119,5937.4927,5889.7146,5927.5882,510.30131,1.6966378
1298000.0,2240.5942,5889.7718,3965.297,251.04265,106.89119,106.89119,106.89119,5891.1834,5861.5857,5916.5464,501.21904,1.6966378
1299000.0,2265.1417,5928.2267,4007.7555,253.73069,106.89119,106.89119,106.89119,5946.5002,5909.4272,5928.7526,496.65063,1.6966378
1300000.0,2250.327,5891.4091,3973.6539,251.57172,106.89119,106.89119,106.89119,5922.5272,5872.8628,5878.8372,508.20487,1.6966378
1301000.0,2287.6778,5916.3696,3990.2367,252.62157,106.89119,106.89119,106.89119,5910.799,5940.0372,5898.2726,507.66141,1.6966378
1302000.0,2257.373,5905.7008,3963.7986,250.94778,106.89119,106.89119,106.89119,5904.6462,5883.1768,5929.2794,508.63917,1.6966378
1303000.0,2224.1844,5892.8447,3903.3233,247.1191,106.89119,106.89119,106.89119,5911.3417,5892.0533,5875.139,503.64625,1.6966378
1304000.0,2284.0491,5947.1656,3958.0701,250.58511,106.89119,106.89119,106.89119,5947.5111,5959.1861,5934.7997,511.65356,1.6966378
1305000.0,2233.7621,5916.071,3987.8634,252.47132,106.89119,106.89119,106.89119,5988.1898,5898.1324,5861.8907,505.443,1.6966378
1306000.0,2221.992,5892.1388,3930.1955,248.82037,106.89119,106.89119,106.89119,5946.6403,5822.2869,5907.4892,505.84172,1.6966378
1307000.0,2263.7177,5886.3308,3916.7759,247.97078,106.89119,106.89119,106.89119,5874.4636,5857.334,5927.195,503.44488,1.6966378
1308000.0,2269.637,5902.26,3957.0043,250.51763,106.89119,106.89119,106.89119,5880.1993,5916.9392,5909.6415,507.27099,1.6966378
1309000.0,2385.5225,5938.3957,3977.1845,251.79524,106.89119,106.89119,106.89119,5910.3213,5996.1955,5908.6704,510.04871,1.6966378
1310000.0,2215.1459,5904.821,3994.0163,252.86086,106.89119,106.89119,106.89119,5923.2349,5895.4027,5895.8255,501.8683,1.6966378
1311000.0,2282.8579,5914.1667,3956.5869,250.49121,106.89119,106.89119,106.89119,5986.9922,5880.3149,5875.1929,505.72313,1.6966378
1312000.0,2289.603,5905.6893,3979.0429,251.9129,106.89119,106.89119,106.89119,5906.2352,5899.1323,5911.7004,504.01031,1.6966378
1313000.0,2266.3436,5911.4023,3921.899,248.29512,106.89119,106.89119,106.89119,5863.4674,5912.3841,5958.3553,495.58885,1.6966378
1314000.0,2254.9604,5907.5349,3946.4693,249.85066,106.89119,106.89119,106.89119,5955.1755,5864.1652,5903.2639,510.4342,1.6966378
1315000.0,2268.9693,5903.505,3985.8965,252.3468,106.89119,106.89119,106.89119,5913.2916,5937.6865,5859.537,499.53802,1.6966378
1316000.0,2368.9188,5930.3869,3962.477,250.86411,106.89119,106.89119,106.89119,5934.358,5909.5862,5947.2166,504.12068,1.6966378
1317000.0,2241.35,5929.3501,3958.5222,250.61373,106.89119,106.89119,106.89119,5873.2248,5937.8288,5976.9967,505.425,1.6966378
1318000.0,2263.6544,5897.0835,4004.3548,253.51539,106.89119,106.89119,106.89119,5905.3319,5925.1371,5860.7815,499.39418,1.6966378
1319000.0,2347.1409,5913.0719,3957.3944,250.54233,106.89119,106.89119,106.89119,5897.424,5932.6822,5909.1096,501.53008,1.6966378
1320000.0,2192.8934,5849.9325,3978.1743,251.8579,106.89119,106.89119,106.89119,5880.9034,5817.7275,5851.1666,498.62264,1.6966378
1321000.0,2275.3572,5925.2709,3894.5245,246.56204,106.89119,106.89119,106.89119,5937.1426,5896.361,5942.3091,502.28449,1.6966378
1322000.0,2168.8263,5902.6977,3991.6593,252.71164,106.89119,106.89119,106.89119,5937.3977,5889.6631,5881.0322,498.47238,1.6966378
1323000.0,2271.0838,5904.5879,3922.3949,248.32651,106.89119,106.89119,106.89119,5893.1362,5896.8796,5923.7478,499.35094,1.6966378
1324000.0,2311.1932,5923.9527,3972.604,251.50525,106.89119,106.89119,106.89119,5983.1204,5897.2438,5891.4939,499.5221,1.6966378
1325000.0,2264.8051,5925.801,3983.5466,252.19803,106.89119,106.89119,106.89119,5922.5577,5910.7415,5944.1039,505.27598,1.6966378
1326000.0,2159.8493,5859.386,3954.4522,250.35606,106.89119,106.89119,106.89119,5874.3404,5848.359,5855.4585,506.45837,1.6966378
1327000.0,2197.7584,5893.6906,3959.6687,250.68632,106.89119,106.89119,106.89119,5839.2758,5918.5421,5923.2538,505.60187,1.6966378
1328000.0,2261.2603,5899.4035,4048.925,256.33713,106.89119,106.89119,106.89119,5874.8136,5896.3798,5927.017,506.70208,1.6966378
1329000.0,2260.1266,5906.6826,3911.1648,247.61554,106.89119,106.89119,106.89119,5960.3692,5881.2492,5878.4295,500.05303,1.6966378
1330000.0,2262.791,5914.3591,3907.3975,247.37703,106.89119,106.89119,106.89119,5922.0695,5930.2346,5890.773,496.53044,1.6966378
1331000.0,2288.6007,5915.3379,3994.8776,252.91539,106.89119,106.89119,106.89119,5968.8685,5909.0571,5868.0882,501.04478,1.6966378
1332000.0,2199.4878,5895.9163,3955.7021,250.43519,106.89119,106.89119,106.89119,5964.2777,5835.4212,5888.05,495.9583,1.6966378
1333000.0,2306.0665,5919.3735,3967.8775,251.20601,106.89119,106.89119,106.89119,5918.7688,5891.7556,5947.596,499.53667,1.6966378
1334000.0,2272.9602,5921.2529,3988.8737,252.53528,106.89119,106.89119,106.89119,5880.3245,5961.7883,5921.6459,495.93144,1.6966378
1335000.0,2220.3415,5891.8718,3899.1893,246.85737,106.89119,106.89119,106.89119,5888.3928,5900.8174,5886.4051,496.63429,1.6966378
1336000.0,2241.6613,5891.0017,3978.0297,251.84875,106.89119,106.89119,106.89119,5907.862,5856.2272,5908.9159,501.46418,1.6966378
1337000.0,2300.2002,5931.6901,3951.2638,250.1542,106.89119,106.89119,106.89119,5892.0194,5955.0987,5947.9522,501.68863,1.6966378
1338000.0,2245.4002,5907.2498,3994.4308,252.8871,106.89119,106.89119,106.89119,5917.0248,5914.9647,5889.76,496.5286,1.6966378
1339000.0,2264.9797,5898.0383,3976.3223,251.74065,106.89119,106.89119,106.89119,5916.734,5876.1917,5901.1893,507.12335,1.6966378
1340000.0,2280.8416,5928.973,3927.4281,248.64517,106.89119,106.89119,106.89119,5953.1556,5914.7123,5919.051,507.88482,1.6966378
1341000.0,2240.5601,5902.895,3965.0514,251.02709,106.89119,106.89119,106.89119,5924.5243,5922.2061,5861.9547,493.93365,1.6966378
1342000.0,2189.2715,5873.3171,3863.1241,244.57408,106.89119,106.89119,106.89119,5933.9484,5831.1486,5854.8542,496.91324,1.6966378
1343000.0,2271.2693,5903.4798,3954.8747,250.38281,106.89119,106.89119,106.89119,5952.1151,5880.8268,5877.4977,500.0986,1.6966378
1344000.0,2218.6165,5892.2846,3913.3189,247.75191,106.89119,106.89119,106.89119,5932.8775,5885.1786,5858.7977,496.44736,1.6966378
1345000.0,2219.2212,5897.4991,3915.2979,247.8772,106.89119,106.89119,106.89119,5905.6849,5876.1597,5910.6526,487.25377,1.6966378
1346000.0,2257.5124,5904.6179,4023.3249,254.71639,106.89119,106.89119,106.89119,5911.0831,5869.0143,5933.7563,478.69089,1.6966378
1347000.0,2203.6699,5878.9179,3952.7191,250.24634,106.89119,106.89119,106.89119,5968.5942,5825.4518,5842.7077,508.82751,1.6966378
1348000.0,2204.1741,5891.2459,3987.8099,252.46794,106.89119,106.89119,106.89119,5941.8904,5886.0991,5845.7482,503.70456,1.6966378
1349000.0,2253.2033,5905.2966,3928.7141,248.72658,106.89119,106.89119,106.89119,5961.1705,5895.0368,5859.6827,508.33845,1.6966378
1350000.0,2311.9341,5923.0998,3985.4927,252.32123,106.89119,106.89119,106.89119,5971.6511,5881.7487,5915.8995,489.64553,1.6966378
1351000.0,2284.2416,5922.0766,3901.4576,247.00097,106.89119,106.89119,106.89119,5930.0395,5938.1668,5898.0235,495.10945,1.6966378
1352000.0,2241.6585,5920.939,3995.1645,252.93355,106.89119,106.89119,106.89119,5993.891,5880.267,5888.6589,490.67634,1.6966378
1353000.0,2236.465,5901.8434,4008.9367,253.80547,106.89119,106.89119,106.89119,5912.5247,5875.9657,5917.0398,498.07546,1.6966378
1354000.0,2169.9206,5871.8422,3950.6637,250.11621,106.89119,106.89119,106.89119,5892.0348,5840.3339,5883.1579,496.27204,1.6966378
1355000.0,2258.9417,5913.5733,4029.1038,255.08225,106.89119,106.89119,106.89119,5882.1574,5905.2829,5953.2796,471.33719,1.6966378
1356000.0,2336.2438,5915.3693,3932.2097,248.94789,106.89119,106.89119,106.89119,5928.0246,5952.0322,5866.051,475.98198,1.6966378
1357000.0,2173.5785,5900.309,3986.8013,252.40408,106.89119,106.89119,106.89119,5915.6644,5920.2818,5864.9807,495.4919,1.6966378
1358000.0,2247.6912,5911.7352,3865.8445,244.74632,106.89119,106.89119,106.89119,5950.8754,5912.8352,5871.4951,499.08126,1.6966378
1359000.0,2259.192,5894.1583,3946.4359,249.84855,106.89119,106.89119,106.89119,5946.627,5900.6687,5835.1791,498.7835,1.6966378
1360000.0,2224.0166,5869.0957,3920.2957,248.19361,106.89119,106.89119,106.89119,5892.7556,5813.9427,5900.5887,503.37547,1.6966378
1361000.0,2215.2784,5917.7565,3960.3414,250.7289,106.89119,106.89119,106.89119,5937.4056,5904.6919,5911.1719,500.50912,1.6966378
1362000.0,2277.1091,5896.663,3959.8123,250.69541,106.89119,106.89119,106.89119,5913.0202,5884.8477,5892.1211,505.22178,1.6966378
1363000.0,2231.9337,5906.4301,3902.4631,247.06463,106.89119,106.89119,106.89119,5982.8584,5875.5663,5860.8657,504.60729,1.6966378
1364000.0,2193.1226,5876.1447,3894.2693,246.54589,106.89119,106.89119,106.89119,5910.6103,5889.8582,5827.9656,505.43576,1.6966378
1365000.0,2202.7904,5872.1505,3968.948,251.27379,106.89119,106.89119,106.89119,5925.7662,5836.0123,5854.6729,501.98499,1.6966378
1366000.0,2336.594,5913.4413,3974.3028,251.6128,106.89119,106.89119,106.89119,5971.2456,5874.4499,5894.6283,501.65304,1.6966378
1367000.0,2227.9046,5876.9179,3980.8176,252.02525,106.89119,106.89119,106.89119,5915.7178,5833.7282,5881.3075,502.12651,1.6966378
1368000.0,2236.3111,5890.2828,3998.4261,253.14005,106.89119,106.89119,106.89119,5943.1587,5846.8762,5880.8135,501.03937,1.6966378
1369000.0,2222.5413,5878.4226,3955.1677,250.40136,106.89119,106.89119,106.89119,5882.8272,5856.3047,5896.1359,505.40301,1.6966378
1370000.0,2234.0784,5894.6941,3956.5193,250.48693,106.89119,106.89119,106.89119,5907.1351,5925.6167,5851.3305,497.46567,1.6966378
1371000.0,2172.3247,5895.2441,3887.0845,246.09102,106.89119,106.89119,106.89119,5870.1936,5877.7903,5937.7482,500.19015,1.6966378
1372000.0,2250.6031,5892.0442,4009.3633,253.83248,106.89119,106.89119,106.89119,5850.0778,5916.1434,5909.9115,501.96962,1.6966378
1373000.0,2220.7934,5884.9042,3932.1456,248.94383,106.89119,106.89119,106.89119,5916.8755,5884.7918,5853.0452,510.16169,1.6966378
1374000.0,2266.7458,5902.0999,3943.3289,249.65185,106.89119,106.89119,106.89119,5946.0039,5896.21,5864.0857,506.42182,1.6966378
1375000.0,2263.2657,5919.2416,3893.7396,246.51235,106.89119,106.89119,106.89119,5921.0147,5897.3476,5939.3624,501.67229,1.6966378
1376000.0,2270.1271,5919.4986,3959.4505,250.6725,106.89119,106.89119,106.89119,5921.8319,5907.6712,5928.9927,498.32126,1.6966378
1377000.0,2283.4238,5897.8657,3987.833,252.46939,106.89119,106.89119,106.89119,5934.387,5881.7338,5877.4763,503.19728,1.6966378
1378000.0,2275.5929,5911.9444,3955.9902,250.45343,106.89119,106.89119,106.89119,5944.352,5902.5852,5888.8961,500.42923,1.6966378
1379000.0,2279.1808,5935.0143,3975.5277,251.69035,106.89119,106.89119,106.89119,5913.1364,5955.4143,5936.4922,498.80479,1.6966378
1380000.0,2237.72,5910.3343,3913.8247,247.78393,106.89119,106.89119,106.89119,5912.9163,5947.4114,5870.6751,498.27959,1.6966378
1381000.0,2200.0399,5877.7056,4044.7566,256.07322,106.89119,106.89119,106.89119,5857.9561,5902.0943,5873.0665,502.78945,1.6966378
1382000.0,2188.9527,5886.8623,3932.3473,248.9566,106.89119,106.89119,106.89119,5879.9356,5885.0811,5895.5701,500.54225,1.6966378
1383000.0,2231.8776,5905.2491,3986.2228,252.36745,106.89119,106.89119,106.89119,5920.321,5917.813,5877.6134,498.57302,1.6966378
1384000.0,2212.6987,5898.2292,3995.9801,252.98519,106.89119,106.89119,106.89119,5898.8714,5931.4806,5864.3356,503.81603,1.6966378
1385000.0,2236.5108,5906.739,3920.9264,248.23355,106.89119,106.89119,106.89119,5907.8436,5907.1399,5905.2336,500.38114,1.6966378
1386000.0,2335.0245,5917.9049,3891.6656,246.38105,106.89119,106.89119,106.89119,5934.421,5914.2615,5905.0323,502.93758,1.6966378
1387000.0,2189.4891,5881.2207,3951.5993,250.17544,106.89119,106.89119,106.89119,5932.3354,5850.5031,5860.8236,502.44954,1.6966378
1388000.0,2176.4623,5865.7904,4014.8063,254.17707,106.89119,106.89119,106.89119,5927.0339,5880.1846,5790.1527,496.06777,1.6966378
1389000.0,2275.7011,5905.9018,3939.3405,249.39934,106.89119,106.89119,106.89119,5960.0034,5891.0603,5866.6417,496.55758,1.6966378
1390000.0,2233.6833,5898.6109,3964.818,251.01232,106.89119,106.89119,106.89119,5916.9324,5889.4071,5889.4931,497.07116,1.6966378
1391000.0,2248.8804,5896.1525,3916.791,247.97173,106.89119,106.89119,106.89119,5908.3345,5938.0954,5842.0276,497.60961,1.6966378
1392000.0,2177.9123,5910.7268,3952.6498,250.24195,106.89119,106.89119,106.89119,5931.4883,5881.6356,5919.0567,495.09639,1.6966378
1393000.0,2252.0756,5896.8234,3927.9006,248.67508,106.89119,106.89119,106.89119,5858.2275,5949.7752,5882.4673,498.30389,1.6966378
1394000.0,2243.9489,5912.202,3999.9468,253.23632,106.89119,106.89119,106.89119,5904.218,5911.2068,5921.1811,499.4384,1.6966378
1395000.0,2178.3276,5875.5212,3936.2036,249.20074,106.89119,106.89119,106.89119,5892.1973,5880.653,5853.7133,497.73502,1.6966378
1396000.0,2358.4729,5946.4607,3958.7897,250.63067,106.89119,106.89119,106.89119,5948.5773,5893.2007,5997.6042,497.35142,1.6966378
1397000.0,2277.3849,5900.7277,4010.4901,253.90381,106.89119,106.89119,106.89119,5882.6719,5888.0196,5931.4916,502.52635,1.6966378
1398000.0,2239.1972,5919.9803,3929.9675,248.80594,106.89119,106.89119,106.89119,5984.096,5877.8551,5897.9899,501.7647,1.6966378
1399000.0,2267.5247,5897.2783,3983.3697,252.18682,106.89119,106.89119,106.89119,5923.2492,5881.9263,5886.6593,502.49643,1.6966378
1400000.0,2234.9586,5896.7981,3919.2021,248.12438,106.89119,106.89119,106.89119,5895.6402,5894.1627,5900.5913,495.33433,1.6966378
1401000.0,2276.3903,5895.5522,3962.2136,250.84744,106.89119,106.89119,106.89119,5900.759,5965.0069,5820.8906,502.9677,1.6966378
1402000.0,2173.2181,5876.1036,3980.8598,252.02792,106.89119,106.89119,106.89119,5893.9747,5889.5764,5844.7598,497.31332,1.6966378
1403000.0,2245.3622,5916.0953,3933.1455,249.00714,106.89119,106.89119,106.89119,5923.0646,5924.0904,5901.1309,497.71919,1.6966378
1404000.0,2198.3832,5901.7722,3996.0537,252.98985,106.89119,106.89119,106.89119,5921.3685,5946.1839,5837.7643,502.75615,1.6966378
1405000.0,2294.2724,5900.5099,3989.312,252.56303,106.89119,106.89119,106.89119,5929.0179,5905.6535,5866.8583,496.74422,1.6966378
1406000.0,2166.8979,5891.6891,3986.9466,252.41328,106.89119,106.89119,106.89119,5949.7755,5871.6558,5853.6361,487.01057,1.6966378
1407000.0,2205.3619,5905.6594,3935.1299,249.13277,106.89119,106.89119,106.89119,5913.1222,5887.2512,5916.6047,483.53172,1.6966378
1408000.0,2285.9204,5928.3597,4000.4083,253.26554,106.89119,106.89119,106.89119,5912.8891,5897.7384,5974.4515,486.06136,1.6966378
1409000.0,2248.9681,5910.7902,3922.2457,248.31707,106.89119,106.89119,106.89119,5898.4219,5895.7757,5938.1731,487.11479,1.6966378
1410000.0,2230.6052,5910.3259,3939.3657,249.40094,106.89119,106.89119,106.89119,5905.092,5941.4783,5884.4076,489.00936,1.6966378
1411000.0,2218.1732,5916.1605,3994.3831,252.88408,106.89119,106.89119,106.89119,5927.0968,5954.0535,5867.3314,507.70142,1.6966378
1412000.0,2178.2027,5902.8705,4048.3361,256.29984,106.89119,106.89119,106.89119,5903.7335,5892.7849,5912.093,494.9089,1.6966378
1413000.0,2200.8275,5899.8401,3919.188,248.12349,106.89119,106.89119,106.89119,5884.5223,5906.9511,5908.0468,501.62612,1.6966378
1414000.0,2200.9358,5906.3728,3974.7235,251.63943,106.89119,106.89119,106.89119,5906.2308,5904.9751,5907.9125,496.52769,1.6966378
1415000.0,2204.0708,5922.715,4020.7172,254.55129,106.89119,106.89119,106.89119,5891.9172,5972.5571,5903.6706,503.44577,1.6966378
1416000.0,2247.0605,5899.7507,3940.5653,249.47688,106.89119,106.89119,106.89119,5886.7578,5907.1359,5905.3584,503.50468,1.6966378
1417000.0,2211.3148,5892.2848,3985.9115,252.34774,106.89119,106.89119,106.89119,5895.1986,5894.2777,5887.3781,498.42003,1.6966378
1418000.0,2166.1117,5879.3,3904.0756,247.16672,106.89119,106.89119,106.89119,5901.6139,5890.9949,5845.2911,490.53122,1.6966378
1419000.0,2181.8019,5890.2529,3946.7703,249.86972,106.89119,106.89119,106.89119,5910.139,5863.0322,5897.5875,492.85916,1.6966378
1420000.0,2199.0011,5905.2565,3986.6351,252.39356,106.89119,106.89119,106.89119,5871.9244,5955.7208,5888.1242,497.26315,1.6966378
1421000.0,2185.2778,5904.537,3971.2057,251.41672,106.89119,106.89119,106.89119,5910.5577,5890.6518,5912.4016,493.61657,1.6966378
1422000.0,2277.5088,5915.4702,3933.0873,249.00345,106.89119,106.89119,106.89119,5914.3227,5906.7557,5925.3322,501.57388,1.6966378
1423000.0,2247.035,5924.6088,3948.7797,249.99694,106.89119,106.89119,106.89119,5978.8784,5869.9694,5924.9787,499.8038,1.6966378
1424000.0,2230.7467,5894.8278,3980.4425,252.0015,106.89119,106.89119,106.89119,5935.0483,5866.6866,5882.7486,494.64744,1.6966378
1425000.0,2185.9434,5898.9246,3955.0104,250.3914,106.89119,106.89119,106.89119,5945.1865,5821.0154,5930.572,502.08647,1.6966378
1426000.0,2240.4286,5907.9772,3969.5252,251.31033,106.89119,106.89119,106.89119,5937.3168,5889.1978,5897.4169,494.92884,1.6966378
1427000.0,2312.956,5927.2827,3995.1583,252.93316,106.89119,106.89119,106.89119,5957.9807,5932.8904,5890.9771,501.55391,1.6966378
1428000.0,2276.8983,5907.4832,4036.8938,255.57543,106.89119,106.89119,106.89119,5952.4114,5813.4337,5956.6044,506.55047,1.6966378
1429000.0,2178.2453,5896.5103,3860.4323,244.40367,106.89119,106.89119,106.89119,5916.876,5914.1498,5858.5052,500.03171,1.6966378
1430000.0,2190.938,5886.9899,3962.8265,250.88624,106.89119,106.89119,106.89119,5903.0088,5847.0852,5910.8758,499.0116,1.6966378
1431000.0,2266.5335,5897.8641,4026.4045,254.91136,106.89119,106.89119,106.89119,5948.8067,5825.3944,5919.3911,504.52225,1.6966378
1432000.0,2108.8543,5866.159,3917.2362,247.99992,106.89119,106.89119,106.89119,5891.5493,5853.1897,5853.738,504.55893,1.6966378
1433000.0,2159.9888,5886.413,3930.0788,248.81298,106.89119,106.89119,106.89119,5916.0038,5910.1845,5833.0506,502.32149,1.6966378
1434000.0,2129.3309,5898.3063,3920.1811,248.18636,106.89119,106.89119,106.89119,5957.0842,5869.5408,5868.2939,500.68817,1.6966378
1435000.0,2165.1613,5893.7992,3948.5875,249.98477,106.89119,106.89119,106.89119,5910.3973,5868.5035,5902.4967,501.11618,1.6966378
1436000.0,2174.3617,5893.83,3972.2054,251.48001,106.89119,106.89119,106.89119,5929.8258,5874.1188,5877.5455,499.75991,1.6966378
1437000.0,2262.8541,5936.1578,3997.4577,253.07874,106.89119,106.89119,106.89119,5978.9512,5926.9883,5902.5339,495.27691,1.6966378
1438000.0,2173.5928,5881.3077,4002.3042,253.38557,106.89119,106.89119,106.89119,5904.1251,5933.6171,5806.1809,504.4946,1.6966378
1439000.0,2226.8561,5908.221,4041.8304,255.88797,106.89119,106.89119,106.89119,5932.8535,5898.2689,5893.5405,496.4308,1.6966378
1440000.0,2220.9703,5897.9104,3833.0201,242.6682,106.89119,106.89119,106.89119,5962.7777,5855.3203,5875.6331,500.14701,1.6966378
1441000.0,2230.9788,5907.0155,3977.7894,251.83354,106.89119,106.89119,106.89119,5899.1874,5903.6008,5918.2582,504.05504,1.6966378
1442000.0,2235.8722,5884.2086,3995.4687,252.95281,106.89119,106.89119,106.89119,5888.5616,5903.461,5860.6032,502.68474,1.6966378
1443000.0,2178.0702,5876.4071,3964.5678,250.99648,106.89119,106.89119,106.89119,5898.3616,5873.1067,5857.7531,499.35825,1.6966378
1444000.0,2191.4724,5896.7456,3998.3575,253.1357,106.89119,106.89119,106.89119,5922.4608,5881.8811,5885.895,490.15527,1.6966378
1445000.0,2196.8386,5890.1919,3981.3081,252.05631,106.89119,106.89119,106.89119,5917.1453,5876.5559,5876.8746,507.40055,1.6966378
1446000.0,2201.9284,5887.1493,3898.3976,246.80725,106.89119,106.89119,106.89119,5904.6052,5925.1012,5831.7416,503.21256,1.6966378
1447000.0,2243.3576,5894.5105,3954.9743,250.38911,106.89119,106.89119,106.89119,5951.1557,5871.5807,5860.795,501.81243,1.6966378
1448000.0,2183.458,5897.0149,3965.0589,251.02757,106.89119,106.89119,106.89119,5929.1478,5857.8907,5904.0063,503.17592,1.6966378
1449000.0,2234.6549,5912.2975,4002.2309,253.38092,106.89119,106.89119,106.89119,5939.9674,5878.711,5918.2141,500.11023,1.6966378
1450000.0,2258.4916,5895.5378,3921.82,248.29012,106.89119,106.89119,106.89119,5916.1352,5878.8972,5891.5809,504.79667,1.6966378
1451000.0,2249.8156,5894.0102,3960.408,250.73312,106.89119,106.89119,106.89119,5943.5399,5877.1401,5861.3505,501.2105,1.6966378
1452000.0,2341.7755,5943.0765,3977.7105,251.82854,106.89119,106.89119,106.89119,5956.576,5908.3081,5964.3453,494.70568,1.6966378
1453000.0,2232.3085,5895.9428,3936.7332,249.23427,106.89119,106.89119,106.89119,5961.9486,5833.1793,5892.7005,497.51393,1.6966378
1454000.0,2223.5873,5907.8055,3966.7839,251.13678,106.89119,106.89119,106.89119,5956.7535,5859.3822,5907.2808,497.2235,1.6966378
1455000.0,2212.0079,5901.3565,3906.6915,247.33234,106.89119,106.89119,106.89119,5851.8614,5924.7839,5927.4241,501.75605,1.6966378
1456000.0,2166.4539,5900.6219,3960.7444,250.75442,106.89119,106.89119,106.89119,5854.4615,5887.534,5959.8704,503.48194,1.6966378
1457000.0,2263.9372,5895.1816,3901.8126,247.02345,106.89119,106.89119,106.89119,5916.0667,5855.3796,5914.0986,493.92377,1.6966378
1458000.0,2212.8814,5921.0436,3918.4954,248.07964,106.89119,106.89119,106.89119,5945.4863,5911.0778,5906.5666,499.05784,1.6966378
1459000.0,2262.2001,5934.4775,3909.6555,247.51998,106.89119,106.89119,106.89119,5936.2554,5891.1558,5976.0214,499.39194,1.6966378
1460000.0,2230.751,5873.5962,3869.1498,244.95557,106.89119,106.89119,106.89119,5846.1641,5827.2078,5947.4168,505.72286,1.6966378
1461000.0,2182.113,5884.8491,3965.9919,251.08664,106.89119,106.89119,106.89119,5894.2159,5847.3502,5912.9812,497.89186,1.6966378
1462000.0,2297.9971,5928.4092,3958.0735,250.58533,106.89119,106.89119,106.89119,5964.4959,5907.2579,5913.4738,495.48121,1.6966378
1463000.0,2336.6115,5920.2181,3934.8201,249.11316,106.89119,106.89119,106.89119,5904.412,5913.9125,5942.3299,504.51158,1.6966378
1464000.0,2189.3848,5903.0563,3907.9788,247.41383,106.89119,106.89119,106.89119,5937.2237,5866.8687,5905.0764,498.00717,1.6966378
1465000.0,2245.9855,5919.4138,3944.9658,249.75548,106.89119,106.89119,106.89119,5918.3244,5902.7969,5937.1201,497.2218,1.6966378
1466000.0,2184.908,5902.0919,3930.6646,248.85007,106.89119,106.89119,106.89119,5870.6308,5885.922,5949.7228,496.52294,1.6966378
1467000.0,2136.7142,5898.7039,3965.8058,251.07485,106.89119,106.89119,106.89119,5941.0796,5865.4946,5889.5374,497.40772,1.6966378
1468000.0,2349.4514,5926.0628,3984.6132,252.26555,106.89119,106.89119,106.89119,5968.8515,5864.5169,5944.8201,501.67796,1.6966378
1469000.0,2258.0808,5925.1952,3970.7692,251.38909,106.89119,106.89119,106.89119,5944.0483,5912.4848,5919.0524,506.00325,1.6966378
1470000.0,2240.6951,5895.2352,3907.6163,247.39088,106.89119,106.89119,106.89119,5929.9289,5851.3369,5904.44,507.48109,1.6966378
1471000.0,2215.264,5914.1804,3866.1321,244.76452,106.89119,106.89119,106.89119,5962.9063,5896.7373,5882.8976,502.73433,1.6966378
1472000.0,2248.2852,5916.6113,3931.1939,248.88358,106.89119,106.89119,106.89119,5881.6125,5914.6952,5953.5262,498.19726,1.6966378
1473000.0,2183.5736,5891.1007,3957.9158,250.57534,106.89119,106.89119,106.89119,5891.6475,5902.7528,5878.9019,506.61634,1.6966378
1474000.0,2230.9379,5918.2258,3922.1674,248.31211,106.89119,106.89119,106.89119,5973.4532,5880.679,5900.5451,503.05084,1.6966378
1475000.0,2194.503,5906.4213,3977.6837,251.82685,106.89119,106.89119,106.89119,5960.9645,5870.3652,5887.9342,499.93833,1.6966378
1476000.0,2228.9275,5899.1964,3988.0837,252.48527,106.89119,106.89119,106.89119,5900.5732,5892.9999,5904.016,503.26094,1.6966378
1477000.0,2200.2132,5881.3823,3908.9672,247.47641,106.89119,106.89119,106.89119,5913.9102,5829.4489,5900.7877,503.92977,1.6966378
1478000.0,2202.3698,5886.602,4006.1646,253.62997,106.89119,106.89119,106.89119,5922.3707,5872.3309,5865.1043,500.91477,1.6966378
1479000.0,2239.5833,5908.3261,3927.6596,248.65982,106.89119,106.89119,106.89119,5923.8401,5893.4563,5907.6821,498.29025,1.6966378
1480000.0,2185.3503,5911.9357,3995.6751,252.96588,106.89119,106.89119,106.89119,5932.559,5903.835,5899.4133,499.1038,1.6966378
1481000.0,2252.7873,5885.0882,3879.8158,245.63083,106.89119,106.89119,106.89119,5945.768,5850.4984,5858.9981,498.90738,1.6966378
1482000.0,2215.3895,5880.4543,3967.7934,251.20069,106.89119,106.89119,106.89119,5867.6953,5895.7559,5877.9117,504.87172,1.6966378
1483000.0,2233.2848,5910.7329,3941.1966,249.51685,106.89119,106.89119,106.89119,5956.7245,5908.2014,5867.2728,503.36296,1.6966378
1484000.0,2140.8536,5864.3642,4018.253,254.39528,106.89119,106.89119,106.89119,5904.7992,5815.4237,5872.8696,507.51152,1.6966378
1485000.0,2189.1847,5898.57,3896.7915,246.70557,106.89119,106.89119,106.89119,5936.4188,5853.1214,5906.1697,501.41405,1.6966378
1486000.0,2244.3116,5892.5359,3938.2955,249.33318,106.89119,106.89119,106.89119,5940.6565,5868.698,5868.2533,505.40614,1.6966378
1487000.0,2221.6695,5888.9556,3975.8186,251.70876,106.89119,106.89119,106.89119,5933.9276,5885.9248,5847.0143,497.95379,1.6966378
1488000.0,2234.4898,5907.6067,3950.7762,250.12333,106.89119,106.89119,106.89119,5935.3072,5840.5213,5946.9916,500.9608,1.6966378
1489000.0,2184.7943,5879.0501,3893.3334,246.48663,106.89119,106.89119,106.89119,5992.4325,5852.6801,5792.0376,505.88073,1.6966378
1490000.0,2202.3248,5916.664,3922.4027,248.32701,106.89119,106.89119,106.89119,5932.4383,5898.3501,5919.2035,495.67361,1.6966378
1491000.0,2212.9464,5893.491,3958.7922,250.63083,106.89119,106.89119,106.89119,5943.2734,5876.0747,5861.1248,495.77017,1.6966378
1492000.0,2264.3012,5896.7176,3936.1999,249.20051,106.89119,106.89119,106.89119,5877.8668,5914.6445,5897.6415,494.19731,1.6966378
1493000.0,2236.1638,5910.5306,4005.0702,253.56068,106.89119,106.89119,106.89119,5936.1156,5881.6724,5913.8039,507.81544,1.6966378
1494000.0,2224.2927,5904.1126,3906.6002,247.32655,106.89119,106.89119,106.89119,5973.5334,5778.9801,5959.8242,510.42322,1.6966378
1495000.0,2223.8801,5907.3194,3887.1861,246.09745,106.89119,106.89119,106.89119,5910.386,5952.8502,5858.7222,502.04713,1.6966378
1496000.0,2120.4552,5865.1551,3941.8074,249.55552,106.89119,106.89119,106.89119,5857.1692,5890.8712,5847.4251,506.96324,1.6966378
1497000.0,2190.1645,5914.3318,3849.2484,243.69562,106.89119,106.89119,106.89119,5967.0803,5875.8983,5900.0167,496.76288,1.6966378
1498000.0,2179.0752,5904.297,4004.9813,253.55506,106.89119,106.89119,106.89119,5896.5956,5896.8834,5919.4119,503.54637,1.6966378
1499000.0,2152.2182,5883.7804,3944.0036,249.69456,106.89119,106.89119,106.89119,5908.8059,5849.6235,5892.9118,501.82833,1.6966378
1500000.0,2195.3039,5871.5935,3949.0948,250.01688,106.89119,106.89119,106.89119,5918.5525,5875.6104,5820.6177,496.92287,1.6966378
1501000.0,2206.2102,5910.2196,3935.1899,249.13657,106.89119,106.89119,106.89119,5939.0013,5893.7535,5897.904,499.97807,1.6966378
1502000.0,2173.9497,5896.8537,3996.8938,253.04304,106.89119,106.89119,106.89119,5909.9329,5872.3245,5908.3038,500.695,1.6966378
1503000.0,2243.9473,5895.6739,3928.9971,248.7445,106.89119,106.89119,106.89119,5907.4778,5841.1508,5938.393,499.99519,1.6966378
1504000.0,2242.5695,5941.3073,3947.1184,249.89176,106.89119,106.89119,106.89119,5973.1366,5920.0733,5930.7119,504.34021,1.6966378
1505000.0,2244.7462,5921.0274,3934.2625,249.07786,106.89119,106.89119,106.89119,5948.5718,5949.6897,5864.8207,497.39656,1.6966378
1506000.0,2241.815,5914.5315,3943.3337,249.65215,106.89119,106.89119,106.89119,5919.3278,5910.9851,5913.2814,501.7986,1.6966378
1507000.0,2177.6828,5890.2993,3957.848,250.57105,106.89119,106.89119,106.89119,5887.0352,5883.1585,5900.7043,501.58247,1.6966378
1508000.0,2255.0886,5923.9992,3981.1096,252.04374,106.89119,106.89119,106.89119,5958.915,5884.8654,5928.2173,507.27577,1.6966378
1509000.0,2179.9091,5910.6594,4019.6857,254.48599,106.89119,106.89119,106.89119,5951.3088,5887.0607,5893.6089,505.9031,1.6966378
1510000.0,2182.5878,5903.7095,3953.8897,250.32045,106.89119,106.89119,106.89119,5923.1163,5860.5443,5927.4679,494.66921,1.6966378
1511000.0,2266.7345,5901.3001,3925.2926,248.50997,106.89119,106.89119,106.89119,5945.1348,5863.0512,5895.7142,498.45914,1.6966378
1512000.0,2228.6808,5911.5508,3920.4681,248.20453,106.89119,106.89119,106.89119,5927.488,5861.9502,5945.2142,491.3735,1.6966378
1513000.0,2322.9074,5941.5396,3891.0802,246.34399,106.89119,106.89119,106.89119,6009.9613,5896.9884,5917.6691,502.85444,1.6966378
1514000.0,2143.0083,5903.6158,3995.7174,252.96856,106.89119,106.89119,106.89119,5921.6826,5874.993,5914.1718,498.24782,1.6966378
1515000.0,2222.5369,5906.7089,3907.5535,247.3869,106.89119,106.89119,106.89119,5920.195,5891.6489,5908.2827,488.35176,1.6966378
1516000.0,2294.9958,5903.121,3873.5345,245.23317,106.89119,106.89119,106.89119,5923.9949,5831.6202,5953.748,506.78281,1.6966378
1517000.0,2170.8765,5886.3453,3919.169,248.12228,106.89119,106.89119,106.89119,5943.2952,5792.7573,5922.9834,492.58379,1.6966378
1518000.0,2242.055,5927.0797,3993.6695,252.8389,106.89119,106.89119,106.89119,6014.4982,5920.7582,5845.9826,501.4199,1.6966378
1519000.0,2266.038,5920.7088,3962.8924,250.89041,106.89119,106.89119,106.89119,5965.8907,5924.9526,5871.2831,499.71571,1.6966378
1520000.0,2220.4894,5915.6662,4004.8704,253.54803,106.89119,106.89119,106.89119,5950.0912,5921.1516,5875.7558,493.9637,1.6966378
1521000.0,2199.4736,5912.6438,3911.9333,247.66419,106.89119,106.89119,106.89119,5972.2956,5895.0141,5870.6217,488.87814,1.6966378
1522000.0,2204.1108,5913.6804,3950.5743,250.11055,106.89119,106.89119,106.89119,5998.9169,5915.5029,5826.6214,494.87687,1.6966378
1523000.0,2253.1459,5953.3116,4041.4979,255.86692,106.89119,106.89119,106.89119,6026.0983,5926.8025,5907.034,502.68804,1.6966378
1524000.0,2188.0106,5938.1774,3888.1267,246.157,106.89119,106.89119,106.89119,5967.7671,5897.9278,5948.8372,507.81005,1.6966378
1525000.0,2222.6817,5920.2333,3987.2962,252.43541,106.89119,106.89119,106.89119,5978.3864,5898.5392,5883.7744,501.94293,1.6966378
1526000.0,2241.1789,5900.8084,4000.5698,253.27576,106.89119,106.89119,106.89119,5927.6957,5854.2302,5920.4994,503.25704,1.6966378
1527000.0,2200.9649,5919.9996,4003.7129,253.47475,106.89119,106.89119,106.89119,5963.2428,5899.4156,5897.3403,502.3052,1.6966378
1528000.0,2256.461,5916.3275,3969.0228,251.27852,106.89119,106.89119,106.89119,5925.298,5930.1606,5893.5239,502.95446,1.6966378
1529000.0,2192.3887,5906.42,4004.0008,253.49298,106.89119,106.89119,106.89119,5963.1345,5839.5943,5916.5313,507.46819,1.6966378
1530000.0,2201.2052,5902.172,3942.5993,249.60566,106.89119,106.89119,106.89119,5942.2205,5898.8891,5865.4064,496.16357,1.6966378
1531000.0,2247.8374,5904.191,3977.7776,251.83279,106.89119,106.89119,106.89119,5974.8792,5826.8296,5910.8641,500.75735,1.6966378
1532000.0,2197.8213,5904.22,3924.8126,248.47958,106.89119,106.89119,106.89119,5923.4357,5856.3217,5932.9027,505.78936,1.6966378
1533000.0,2218.0758,5938.1472,3958.1389,250.58946,106.89119,106.89119,106.89119,5998.109,5857.6449,5958.6877,508.40449,1.6966378
1534000.0,2203.5531,5913.231,3920.9176,248.23299,106.89119,106.89119,106.89119,5934.0985,5907.0222,5898.5722,507.09086,1.6966378
1535000.0,2171.0561,5881.4778,3947.0747,249.88899,106.89119,106.89119,106.89119,5897.3866,5812.0649,5934.982,505.58111,1.6966378
1536000.0,2186.7919,5911.0767,3875.6393,245.36642,106.89119,106.89119,106.89119,5929.9878,5930.3396,5872.9025,506.09897,1.6966378
1537000.0,2240.1989,5900.1971,3880.3632,245.66549,106.89119,106.89119,106.89119,5949.4911,5841.3782,5909.7221,499.50344,1.6966378
1538000.0,2153.1062,5878.5935,3955.1796,250.40211,106.89119,106.89119,106.89119,5968.8664,5856.5937,5810.3205,484.54217,1.6966378
1539000.0,2154.4156,5868.3124,3964.8569,251.01478,106.89119,106.89119,106.89119,5891.0853,5890.4686,5823.3832,491.78086,1.6966378
1540000.0,2183.2464,5893.3295,3924.5593,248.46354,106.89119,106.89119,106.89119,5873.2613,5893.8149,5912.9123,490.20183,1.6966378
1541000.0,2233.8815,5904.3375,3909.6258,247.5181,106.89119,106.89119,106.89119,5934.6148,5875.2137,5903.1839,488.45793,1.6966378
1542000.0,2201.9155,5887.6776,3948.6831,249.99082,106.89119,106.89119,106.89119,5968.5178,5845.1632,5849.3518,489.0757,1.6966378
1543000.0,2231.9529,5901.394,3972.9124,251.52477,106.89119,106.89119,106.89119,5939.2628,5860.7835,5904.1357,489.4011,1.6966378
1544000.0,2244.13,5892.5037,3983.8875,252.2196,106.89119,106.89119,106.89119,5939.7376,5906.8431,5830.9302,485.73803,1.6966378
1545000.0,2117.0644,5909.1464,3993.2954,252.81522,106.89119,106.89119,106.89119,5925.4303,5882.0469,5919.9621,486.72411,1.6966378
1546000.0,2165.9196,5901.207,3986.6867,252.39683,106.89119,106.89119,106.89119,5915.977,5881.4936,5906.1504,500.85699,1.6966378
1547000.0,2231.6614,5895.6651,3966.1546,251.09694,106.89119,106.89119,106.89119,5903.5092,5891.7608,5891.7254,501.38269,1.6966378
1548000.0,2218.7745,5891.6393,3935.1054,249.13121,106.89119,106.89119,106.89119,5896.3058,5913.1965,5865.4156,501.46209,1.6966378
1549000.0,2207.1709,5904.3296,3991.4901,252.70093,106.89119,106.89119,106.89119,5894.2217,5878.0365,5940.7307,507.43644,1.6966378
1550000.0,2203.8599,5894.345,3955.7376,250.43744,106.89119,106.89119,106.89119,5926.8257,5855.9289,5900.2805,508.58204,1.6966378
1551000.0,2252.9503,5923.9527,3941.6593,249.54614,106.89119,106.89119,106.89119,5966.3902,5877.5024,5927.9654,503.05508,1.6966378
1552000.0,2205.5512,5917.5301,3923.0661,248.36901,106.89119,106.89119,106.89119,5951.5651,5912.3992,5888.6261,501.1449,1.6966378
1553000.0,2245.8307,5910.3577,3900.0941,246.91465,106.89119,106.89119,106.89119,5961.6231,5864.2458,5905.2042,472.13688,1.6966378
1554000.0,2185.9282,5884.5301,3899.7989,246.89596,106.89119,106.89119,106.89119,5919.0158,5841.9077,5892.6668,505.30614,1.6966378
1555000.0,2187.9667,5842.1363,3931.6181,248.91044,106.89119,106.89119,106.89119,5886.3853,5779.411,5860.6127,508.4406,1.6966378
1556000.0,2262.6389,5921.2819,3904.0744,247.16664,106.89119,106.89119,106.89119,5933.1433,5891.8605,5938.8418,503.03258,1.6966378
1557000.0,2217.7512,5892.448,3908.6547,247.45662,106.89119,106.89119,106.89119,5879.9548,5938.8116,5858.5777,495.78571,1.6966378
1558000.0,2181.371,5878.6699,3860.5193,244.40918,106.89119,106.89119,106.89119,5855.0053,5884.8831,5896.1212,498.57015,1.6966378
1559000.0,2108.1968,5874.9558,4016.5011,254.28437,106.89119,106.89119,106.89119,5880.205,5885.589,5859.0734,495.42775,1.6966378
1560000.0,2290.8705,5907.1392,3894.184,246.54048,106.89119,106.89119,106.89119,5962.1331,5882.4223,5876.8623,488.67987,1.6966378
1561000.0,2198.5867,5872.5266,3950.9113,250.13189,106.89119,106.89119,106.89119,5865.7989,5844.381,5907.4,490.09193,1.6966378
1562000.0,2278.1277,5922.2041,3879.7223,245.62492,106.89119,106.89119,106.89119,5943.7464,5876.1494,5946.7166,498.8145,1.6966378
1563000.0,2161.6265,5880.6451,3922.5826,248.3384,106.89119,106.89119,106.89119,5852.71,5877.8635,5911.3618,493.88601,1.6966378
1564000.0,2178.0004,5890.5419,4007.8128,253.73431,106.89119,106.89119,106.89119,5938.7201,5859.6248,5873.2808,502.90712,1.6966378
1565000.0,2233.2833,5922.9855,4048.8724,256.3338,106.89119,106.89119,106.89119,5972.133,5881.4182,5915.4052,500.84968,1.6966378
1566000.0,2174.3764,5916.6169,3943.8549,249.68515,106.89119,106.89119,106.89119,5926.9459,5888.6243,5934.2804,495.35865,1.6966378
1567000.0,2190.5584,5895.3909,3851.8753,243.86192,106.89119,106.89119,106.89119,5920.7059,5877.6887,5887.7779,498.74667,1.6966378
1568000.0,2262.0498,5894.6795,3918.5575,248.08357,106.89119,106.89119,106.89119,5941.8461,5843.3825,5898.81,496.44235,1.6966378
1569000.0,2216.3566,5927.991,3972.4727,251.49694,106.89119,106.89119,106.89119,5939.8289,5902.6349,5941.5093,505.88652,1.6966378
1570000.0,2205.1666,5873.1336,3984.8043,252.27765,106.89119,106.89119,106.89119,5892.976,5840.9955,5885.4294,501.93706,1.6966378
1571000.0,2287.0171,5935.8766,3969.578,251.31367,106.89119,106.89119,106.89119,5920.4014,5922.1698,5965.0584,496.2824,1.6966378
1572000.0,2135.2221,5871.12,3960.8437,250.76071,106.89119,106.89119,106.89119,5895.7798,5859.4557,5858.1245,500.53566,1.6966378
1573000.0,2103.0958,5865.5745,3913.1991,247.74433,106.89119,106.89119,106.89119,5857.2878,5859.6203,5879.8155,498.12554,1.6966378
1574000.0,2167.3644,5903.4209,3874.6437,245.30339,106.89119,106.89119,106.89119,5933.8144,5851.3938,5925.0546,496.22534,1.6966378
1575000.0,2178.7905,5891.188,3893.147,246.47484,106.89119,106.89119,106.89119,5897.264,5877.417,5898.8831,500.6171,1.6966378
1576000.0,2139.7672,5881.2398,4017.5374,254.34998,106.89119,106.89119,106.89119,5924.071,5801.7304,5917.9181,492.76673,1.6966378
1577000.0,2248.702,5945.9359,3942.3305,249.58864,106.89119,106.89119,106.89119,5973.5389,5922.1302,5942.1385,497.33115,1.6966378
1578000.0,2140.9446,5897.5619,4015.4134,254.21551,106.89119,106.89119,106.89119,5940.9808,5855.2245,5896.4806,495.21765,1.6966378
1579000.0,2168.7751,5894.7514,3991.4239,252.69673,106.89119,106.89119,106.89119,5937.6122,5828.6068,5918.0353,488.40788,1.6966378
1580000.0,2203.3406,5904.814,3975.6712,251.69944,106.89119,106.89119,106.89119,5968.3133,5886.8944,5859.2342,495.56031,1.6966378
1581000.0,2149.7527,5901.3341,3929.0988,248.75094,106.89119,106.89119,106.89119,5923.4727,5931.6539,5848.8758,488.87295,1.6966378
1582000.0,2284.836,5895.8659,3951.8726,250.19275,106.89119,106.89119,106.89119,5950.2608,5860.938,5876.3988,507.66619,1.6966378
1583000.0,2208.7066,5901.1064,3933.0148,248.99886,106.89119,106.89119,106.89119,5912.2122,5866.6859,5924.4212,496.82138,1.6966378
1584000.0,2272.0409,5901.6491,3956.5004,250.48573,106.89119,106.89119,106.89119,5858.3259,5924.6822,5921.9391,497.54542,1.6966378
1585000.0,2205.9777,5881.4038,3951.5404,250.17171,106.89119,106.89119,106.89119,5924.7236,5862.9462,5856.5414,500.03038,1.6966378
1586000.0,2174.75,5903.8235,3905.6155,247.26422,106.89119,106.89119,106.89119,5981.7251,5876.7329,5853.0124,497.54864,1.6966378
1587000.0,2181.2974,5890.8818,3894.0086,246.52938,106.89119,106.89119,106.89119,5839.1814,5936.9803,5896.4838,499.30546,1.6966378
1588000.0,2127.5565,5895.5222,3930.1956,248.82037,106.89119,106.89119,106.89119,5895.7837,5873.6475,5917.1355,500.45659,1.6966378
1589000.0,2157.7742,5873.9611,3963.9148,250.95514,106.89119,106.89119,106.89119,5907.8761,5873.0113,5840.996,491.55657,1.6966378
1590000.0,2225.8322,5911.9448,3989.7047,252.58789,106.89119,106.89119,106.89119,5952.142,5882.7565,5900.9358,487.47545,1.6966378
1591000.0,2298.9162,5945.8514,3937.6721,249.29371,106.89119,106.89119,106.89119,5936.6094,5928.3721,5972.5729,497.88348,1.6966378
1592000.0,2175.0654,5908.2953,3876.9176,245.44735,106.89119,106.89119,106.89119,5935.1474,5873.9334,5915.805,501.03981,1.6966378
1593000.0,2228.9501,5889.4763,3918.4312,248.07557,106.89119,106.89119,106.89119,5949.9998,5856.0448,5862.3844,502.816,1.6966378
1594000.0,2189.2839,5867.8956,3979.4894,251.94116,106.89119,106.89119,106.89119,5918.6869,5844.981,5840.0189,498.40333,1.6966378
1595000.0,2207.0379,5906.8251,3872.2437,245.15145,106.89119,106.89119,106.89119,5922.8818,5908.7894,5888.8042,495.65547,1.6966378
1596000.0,2250.2894,5902.3708,3949.9131,250.06869,106.89119,106.89119,106.89119,5975.2672,5883.7926,5848.0527,493.10997,1.6966378
1597000.0,2241.5475,5931.4564,3862.9356,244.56215,106.89119,106.89119,106.89119,5941.5495,5915.63,5937.1896,489.69013,1.6966378
1598000.0,2168.3636,5893.449,3955.8327,250.44346,106.89119,106.89119,106.89119,5897.0771,5884.4107,5898.8592,500.68055,1.6966378
1599000.0,2202.8624,5911.326,3986.2674,252.37028,106.89119,106.89119,106.89119,5938.0923,5883.9306,5911.9552,503.8389,1.6966378
1600000.0,2198.7131,5888.9106,3906.1004,247.29491,106.89119,106.89119,106.89119,5907.1328,5876.0925,5883.5066,503.16917,1.6966378
1601000.0,2187.4919,5879.1594,3953.3726,250.28771,106.89119,106.89119,106.89119,5892.9778,5887.8721,5856.6282,495.4294,1.6966378
1602000.0,2240.4897,5926.2086,4007.8435,253.73626,106.89119,106.89119,106.89119,5985.1145,5881.565,5911.9462,507.56504,1.6966378
1603000.0,2221.8686,5906.7975,3977.5895,251.82088,106.89119,106.89119,106.89119,5902.1442,5854.6797,5963.5688,506.30462,1.6966378
1604000.0,2204.5015,5897.473,3917.8068,248.03604,106.89119,106.89119,106.89119,5871.0794,5881.6253,5939.7143,508.71632,1.6966378
1605000.0,2228.6655,5919.9163,3882.4501,245.79761,106.89119,106.89119,106.89119,5904.6022,5896.8526,5958.294,506.60083,1.6966378
1606000.0,2196.8332,5914.9118,3959.6373,250.68433,106.89119,106.89119,106.89119,5977.923,5853.6493,5913.1631,505.08764,1.6966378
1607000.0,2150.6406,5905.833,3957.4543,250.54612,106.89119,106.89119,106.89119,5934.5779,5907.1539,5875.7672,507.44033,1.6966378
1608000.0,2175.2179,5894.478,3953.7403,250.31099,106.89119,106.89119,106.89119,5916.8526,5858.1043,5908.4772,497.61301,1.6966378
1609000.0,2223.4433,5923.0305,4004.1819,253.50445,106.89119,106.89119,106.89119,5981.4155,5895.3528,5892.3231,497.55556,1.6966378
1610000.0,2151.5715,5884.011,3940.6816,249.48424,106.89119,106.89119,106.89119,5937.8788,5821.7651,5892.389,497.28254,1.6966378
1611000.0,2191.0643,5887.3381,3945.6966,249.80174,106.89119,106.89119,106.89119,5925.5639,5894.1262,5842.3243,502.35588,1.6966378
1612000.0,2185.4496,5907.3674,3911.3123,247.62488,106.89119,106.89119,106.89119,5914.8219,5878.0692,5929.211,501.59244,1.6966378
1613000.0,2201.2217,5910.2883,3935.8339,249.17734,106.89119,106.89119,106.89119,5967.1395,5916.0317,5847.6938,502.21337,1.6966378
1614000.0,2234.8434,5908.6243,3862.5131,244.53541,106.89119,106.89119,106.89119,5934.6338,5889.9111,5901.3281,504.35667,1.6966378
1615000.0,2152.6573,5877.439,3953.32,250.28438,106.89119,106.89119,106.89119,5896.5491,5884.9086,5850.8593,498.73631,1.6966378
1616000.0,2208.8401,5903.3228,3916.2617,247.93822,106.89119,106.89119,106.89119,5863.8192,5881.635,5964.5142,502.9591,1.6966378
1617000.0,2204.3265,5912.6377,4025.8833,254.87836,106.89119,106.89119,106.89119,5971.5879,5867.9316,5898.3936,507.28718,1.6966378
1618000.0,2210.8611,5897.3365,3924.2208,248.44212,106.89119,106.89119,106.89119,5884.1024,5864.2184,5943.6888,500.93868,1.6966378
1619000.0,2252.8526,5904.2944,4037.181,255.59362,106.89119,106.89119,106.89119,5931.8153,5884.7406,5896.3273,501.10792,1.6966378
1620000.0,2193.2665,5911.6468,3988.2718,252.49717,106.89119,106.89119,106.89119,5960.9425,5881.4332,5892.5649,503.88465,1.6966378
1621000.0,2152.2737,5886.2749,3957.8019,250.56813,106.89119,106.89119,106.89119,5929.0263,5845.1031,5884.6952,497.8965,1.6966378
1622000.0,2128.8063,5904.0345,3892.8117,246.45361,106.89119,106.89119,106.89119,5982.7336,5837.2649,5892.105,503.12153,1.6966378
1623000.0,2211.05,5886.1121,3946.9714,249.88245,106.89119,106.89119,106.89119,5883.9756,5873.3208,5901.0398,499.00305,1.6966378
1624000.0,2233.9516,5903.9756,4022.5614,254.66805,106.89119,106.89119,106.89119,5885.0711,5909.1234,5917.7322,505.57889,1.6966378
1625000.0,2253.7482,5906.7255,3965.1581,251.03385,106.89119,106.89119,106.89119,5956.811,5874.7401,5888.6255,503.37895,1.6966378
1626000.0,2139.9305,5892.4674,3924.4142,248.45436,106.89119,106.89119,106.89119,5871.8964,5891.1006,5914.4053,500.46471,1.6966378
1627000.0,2167.6837,5890.8641,3977.4917,251.81469,106.89119,106.89119,106.89119,5863.6531,5875.5026,5933.4366,501.19762,1.6966378
1628000.0,2171.3029,5881.0464,3915.3803,247.88242,106.89119,106.89119,106.89119,5897.4039,5859.2321,5886.5034,501.43586,1.6966378
1629000.0,2158.0715,5870.3486,4031.7588,255.25033,106.89119,106.89119,106.89119,5858.1775,5836.2752,5916.5933,507.20269,1.6966378
1630000.0,2187.6757,5886.9961,3906.5537,247.32361,106.89119,106.89119,106.89119,5898.4231,5827.8431,5934.7222,503.38752,1.6966378
1631000.0,2122.3664,5876.1849,3931.4325,248.89869,106.89119,106.89119,106.89119,5831.3356,5930.7924,5866.4267,502.79123,1.6966378
1632000.0,2173.8839,5897.804,3965.0246,251.0254,106.89119,106.89119,106.89119,5929.8385,5827.2569,5936.3165,498.85492,1.6966378
1633000.0,2137.7081,5893.4119,3933.1409,249.00684,106.89119,106.89119,106.89119,5977.1363,5843.4169,5859.6824,496.17088,1.6966378
1634000.0,2161.8216,5907.3743,4008.8216,253.79818,106.89119,106.89119,106.89119,5897.3718,5891.5707,5933.1806,497.25028,1.6966378
1635000.0,2220.3463,5898.5495,3972.6098,251.50562,106.89119,106.89119,106.89119,5916.9971,5866.344,5912.3075,496.28805,1.6966378
1636000.0,2183.2304,5909.3118,3970.3047,251.35968,106.89119,106.89119,106.89119,5861.1282,5961.1173,5905.69,497.04908,1.6966378
1637000.0,2165.8182,5878.3918,3938.9872,249.37697,106.89119,106.89119,106.89119,5876.1666,5878.456,5880.5528,494.29314,1.6966378
1638000.0,2159.3509,5887.8993,3982.5202,252.13304,106.89119,106.89119,106.89119,5933.6743,5856.7626,5873.2611,498.23951,1.6966378
1639000.0,2251.4571,5928.1877,3923.3531,248.38718,106.89119,106.89119,106.89119,5961.6326,5885.0207,5937.9097,498.45689,1.6966378
1640000.0,2145.7469,5907.3367,4066.4421,257.44613,106.89119,106.89119,106.89119,5890.601,5855.6373,5975.7717,499.82928,1.6966378
1641000.0,2205.4267,5907.0519,3968.8291,251.26626,106.89119,106.89119,106.89119,5885.6778,5856.7818,5978.6961,492.81746,1.6966378
1642000.0,2214.3095,5905.5514,3936.1915,249.19997,106.89119,106.89119,106.89119,5916.3833,5856.3663,5943.9046,493.68796,1.6966378
1643000.0,2115.7392,5893.6774,3985.9317,252.34902,106.89119,106.89119,106.89119,5868.6376,5890.6982,5921.6964,491.53004,1.6966378
1644000.0,2245.0204,5906.7437,3921.0411,248.2408,106.89119,106.89119,106.89119,5900.2292,5879.133,5940.8689,501.4664,1.6966378
1645000.0,2108.3252,5887.9099,3923.2733,248.38213,106.89119,106.89119,106.89119,5920.0091,5802.5586,5941.1621,498.86084,1.6966378
1646000.0,2166.103,5885.1525,3922.3152,248.32147,106.89119,106.89119,106.89119,5884.0316,5890.0456,5881.3803,493.96224,1.6966378
1647000.0,2192.2972,5881.9665,3927.8669,248.67295,106.89119,106.89119,106.89119,5897.7635,5847.7709,5900.365,498.90543,1.6966378
1648000.0,2178.5329,5909.057,3898.3902,246.80678,106.89119,106.89119,106.89119,5902.4611,5887.2528,5937.4572,495.59291,1.6966378
1649000.0,2172.5269,5880.7937,3949.2599,250.02734,106.89119,106.89119,106.89119,5869.9927,5835.1876,5937.2009,502.61178,1.6966378
1650000.0,2116.0584,5874.7752,3928.1616,248.6916,106.89119,106.89119,106.89119,5826.8557,5872.3054,5925.1644,503.77316,1.6966378
1651000.0,2179.3465,5902.2829,3932.288,248.95285,106.89119,106.89119,106.89119,5855.0684,5907.7867,5943.9937,500.11841,1.6966378
1652000.0,2149.2741,5883.0686,3935.012,249.1253,106.89119,106.89119,106.89119,5862.1564,5854.1095,5932.9399,502.02178,1.6966378
1653000.0,2187.8509,5917.2449,3975.951,251.71715,106.89119,106.89119,106.89119,5885.0485,5898.6662,5968.0201,498.68166,1.6966378
1654000.0,2241.2331,5921.5906,3962.2945,250.85256,106.89119,106.89119,106.89119,5930.9139,5861.4514,5972.4064,502.32618,1.6966378
1655000.0,2209.1828,5916.3684,4010.6861,253.91622,106.89119,106.89119,106.89119,5873.0083,5901.2887,5974.8082,499.03291,1.6966378
1656000.0,2235.571,5910.1475,4003.1017,253.43606,106.89119,106.89119,106.89119,5899.6436,5871.3391,5959.4597,493.81721,1.6966378
1657000.0,2212.7937,5942.1296,3954.7391,250.37422,106.89119,106.89119,106.89119,5897.0539,5916.5316,6012.8032,498.39195,1.6966378
1658000.0,2198.0869,5893.1955,3963.5106,250.92955,106.89119,106.89119,106.89119,5855.4622,5898.4578,5925.6663,495.40249,1.6966378
1659000.0,2283.5722,5940.9512,3955.1817,250.40225,106.89119,106.89119,106.89119,5935.162,5909.4232,5978.2684,500.1182,1.6966378
1660000.0,2220.2778,5910.806,3945.4606,249.7868,106.89119,106.89119,106.89119,5859.7873,5914.9472,5957.6833,490.84452,1.6966378
1661000.0,2212.5664,5902.304,3896.4295,246.68265,106.89119,106.89119,106.89119,5875.6728,5844.9293,5986.31,485.84453,1.6966378
1662000.0,2125.1649,5895.2867,4007.2653,253.69965,106.89119,106.89119,106.89119,5906.8629,5863.8545,5915.1426,503.18777,1.6966378
1663000.0,2207.5175,5919.3811,3926.8875,248.61094,106.89119,106.89119,106.89119,5907.6661,5875.2787,5975.1986,496.04767,1.6966378
1664000.0,2254.7413,5945.4448,4066.4454,257.44634,106.89119,106.89119,106.89119,5926.0798,5909.3502,6000.9045,502.59701,1.6966378
1665000.0,2217.5444,5918.4891,3824.0407,242.09972,106.89119,106.89119,106.89119,5941.7726,5899.9793,5913.7153,508.13982,1.6966378
1666000.0,2247.3809,5902.6952,3940.3674,249.46436,106.89119,106.89119,106.89119,5895.5537,5881.7967,5930.7351,499.95538,1.6966378
1667000.0,2233.9923,5926.849,3956.1941,250.46634,106.89119,106.89119,106.89119,5898.8777,5892.0956,5989.5737,504.64916,1.6966378
1668000.0,2246.2057,5919.5557,3978.1325,251.85526,106.89119,106.89119,106.89119,5912.1955,5906.8515,5939.6201,505.70177,1.6966378
1669000.0,2134.8979,5896.1083,3957.3816,250.54152,106.89119,106.89119,106.89119,5903.3777,5836.3749,5948.5724,500.18631,1.6966378
1670000.0,2177.9992,5926.061,3958.3095,250.60027,106.89119,106.89119,106.89119,5942.5245,5936.9028,5898.7556,494.5144,1.6966378
1671000.0,2260.3207,5896.4135,3874.8211,245.31462,106.89119,106.89119,106.89119,5929.5255,5837.6527,5922.0623,481.72166,1.6966378
1672000.0,2190.3641,5922.4779,3971.9829,251.46593,106.89119,106.89119,106.89119,5878.3553,5927.5488,5961.5295,489.09871,1.6966378
1673000.0,2193.2713,5902.7991,3993.9993,252.85979,106.89119,106.89119,106.89119,5912.04,5876.0363,5920.321,492.87286,1.6966378
1674000.0,2212.1044,5881.3645,3999.6135,253.21522,106.89119,106.89119,106.89119,5864.9823,5885.1709,5893.9402,506.0173,1.6966378
1675000.0,2177.645,5897.1657,3938.6318,249.35447,106.89119,106.89119,106.89119,5821.1391,5889.0594,5981.2986,502.01671,1.6966378
1676000.0,2240.7774,5897.1369,3875.1164,245.33332,106.89119,106.89119,106.89119,5872.8592,5884.9098,5933.6417,500.66625,1.6966378
1677000.0,2247.0898,5932.0805,3930.1555,248.81784,106.89119,106.89119,106.89119,5911.813,5927.0352,5957.3932,502.43073,1.6966378
1678000.0,2194.9413,5911.7903,3942.19,249.57974,106.89119,106.89119,106.89119,5914.924,5898.805,5921.6417,504.94878,1.6966378
1679000.0,2194.6611,5912.1691,3939.4581,249.40678,106.89119,106.89119,106.89119,5918.1098,5898.2519,5920.1456,504.95914,1.6966378
1680000.0,2214.7024,5888.0716,3912.8566,247.72264,106.89119,106.89119,106.89119,5897.6449,5840.4858,5926.0841,498.31706,1.6966378
1681000.0,2226.043,5931.8171,3899.9101,246.90301,106.89119,106.89119,106.89119,5923.6514,5868.0325,6003.7675,503.00766,1.6966378
1682000.0,2225.2297,5907.9621,3994.2456,252.87538,106.89119,106.89119,106.89119,5945.0288,5852.5412,5926.3162,480.85677,1.6966378
1683000.0,2181.0163,5911.5803,3943.889,249.68731,106.89119,106.89119,106.89119,5913.5752,5858.5308,5962.6348,500.71227,1.6966378
1684000.0,2224.971,5919.6707,3915.8142,247.90989,106.89119,106.89119,106.89119,5970.5685,5868.972,5919.4717,500.98143,1.6966378
1685000.0,2146.9856,5914.8215,3952.8416,250.25409,106.89119,106.89119,106.89119,5972.1977,5892.3944,5879.8725,499.53747,1.6966378
1686000.0,2173.2985,5879.013,3962.754,250.88165,106.89119,106.89119,106.89119,5828.3049,5856.6953,5952.0389,507.83244,1.6966378
1687000.0,2197.3269,5876.1303,3910.406,247.5675,106.89119,106.89119,106.89119,5912.6309,5835.8245,5879.9357,504.29578,1.6966378
1688000.0,2170.4758,5882.6862,3968.2118,251.22718,106.89119,106.89119,106.89119,5858.2969,5907.0441,5882.7175,502.41411,1.6966378
1689000.0,2163.6358,5885.1533,3932.0775,248.93952,106.89119,106.89119,106.89119,5871.9194,5853.8628,5929.6775,499.73357,1.6966378
1690000.0,2151.0359,5895.8884,3929.6069,248.7831,106.89119,106.89119,106.89119,5935.839,5836.492,5915.3341,503.29897,1.6966378
1691000.0,2152.3294,5881.0226,3882.3292,245.78996,106.89119,106.89119,106.89119,5862.6599,5867.986,5912.4219,499.3749,1.6966378
1692000.0,2125.1144,5878.6181,3934.7729,249.11017,106.89119,106.89119,106.89119,5888.7968,5808.8961,5938.1615,494.03523,1.6966378
1693000.0,2214.1478,5896.7303,3940.3729,249.4647,106.89119,106.89119,106.89119,5912.7942,5850.1795,5927.2173,497.7382,1.6966378
1694000.0,2228.7121,5896.9208,3976.947,251.7802,106.89119,106.89119,106.89119,5908.5811,5895.6661,5886.5152,505.36201,1.6966378
1695000.0,2183.331,5886.0645,3957.5433,250.55176,106.89119,106.89119,106.89119,5907.1985,5870.2108,5880.7842,493.16884,1.6966378
1696000.0,2266.4832,5925.4303,3968.0093,251.21436,106.89119,106.89119,106.89119,5972.6059,5906.0746,5897.6104,494.40002,1.6966378
1697000.0,2189.7712,5910.2659,4024.8608,254.81362,106.89119,106.89119,106.89119,5933.078,5873.6802,5924.0394,492.49335,1.6966378
1698000.0,2165.4126,5910.7637,3886.4109,246.04837,106.89119,106.89119,106.89119,5869.9179,5940.8175,5921.5557,487.52105,1.6966378
1699000.0,2165.308,5921.3831,4005.5266,253.58958,106.89119,106.89119,106.89119,5888.4874,5931.3858,5944.2761,496.90622,1.6966378
1700000.0,2287.1252,5916.7277,4004.1169,253.50033,106.89119,106.89119,106.89119,5918.2519,5928.002,5903.9292,494.12518,1.6966378
1701000.0,2268.3171,5917.1712,3997.0757,253.05455,106.89119,106.89119,106.89119,5914.853,5925.5966,5911.0642,492.4705,1.6966378
1702000.0,2223.1757,5923.8128,3941.5673,249.54032,106.89119,106.89119,106.89119,5948.1655,5857.844,5965.4288,499.97223,1.6966378
1703000.0,2184.4428,5871.4087,3930.224,248.82217,106.89119,106.89119,106.89119,5825.5551,5852.4285,5936.2425,498.93133,1.6966378
1704000.0,2197.155,5893.6983,3848.5858,243.65367,106.89119,106.89119,106.89119,5868.4073,5896.0552,5916.6324,508.73906,1.6966378
1705000.0,2176.0914,5917.8506,3981.5664,252.07266,106.89119,106.89119,106.89119,5979.1157,5893.3902,5881.0459,503.13262,1.6966378
1706000.0,2145.7305,5886.8391,3918.3392,248.06975,106.89119,106.89119,106.89119,5918.7238,5878.0285,5863.765,507.22106,1.6966378
1707000.0,2212.1391,5876.6708,3904.1376,247.17065,106.89119,106.89119,106.89119,5878.3713,5885.7307,5865.9104,496.28339,1.6966378
1708000.0,2182.8278,5912.9063,3966.8162,251.13883,106.89119,106.89119,106.89119,5927.8787,5888.7558,5922.0844,500.48936,1.6966378
1709000.0,2182.7339,5910.1963,3878.0289,245.51771,106.89119,106.89119,106.89119,5885.5815,5872.9911,5972.0163,501.2021,1.6966378
1710000.0,2212.4288,5878.7702,3937.1906,249.26323,106.89119,106.89119,106.89119,5846.141,5904.0828,5886.0868,499.2192,1.6966378
1711000.0,2141.2398,5873.2088,3983.4416,252.19138,106.89119,106.89119,106.89119,5858.5808,5844.8177,5916.2279,499.66376,1.6966378
1712000.0,2256.4155,5910.5547,3939.3933,249.40268,106.89119,106.89119,106.89119,5932.3634,5892.3269,5906.9738,503.62755,1.6966378
1713000.0,2147.2691,5894.5765,3973.3284,251.55111,106.89119,106.89119,106.89119,5883.3286,5859.4003,5941.0007,499.4071,1.6966378
1714000.0,2192.9819,5914.9784,3976.5725,251.7565,106.89119,106.89119,106.89119,6008.0596,5918.8789,5817.9968,506.29921,1.6966378
1715000.0,2149.0403,5907.3812,4006.0534,253.62293,106.89119,106.89119,106.89119,5980.7835,5830.9005,5910.4595,503.68799,1.6966378
1716000.0,2234.856,5876.2905,3947.1288,249.89242,106.89119,106.89119,106.89119,5864.0476,5873.7142,5891.1096,501.12907,1.6966378
1717000.0,2257.4099,5912.0888,3972.8571,251.52127,106.89119,106.89119,106.89119,5938.6885,5880.6614,5916.9165,498.75087,1.6966378
1718000.0,2253.072,5910.6864,3939.8318,249.43045,106.89119,106.89119,106.89119,5895.8684,5918.6244,5917.5664,497.04509,1.6966378
1719000.0,2116.2833,5890.4069,3962.5168,250.86663,106.89119,106.89119,106.89119,5934.8574,5886.5664,5849.7968,499.52908,1.6966378
1720000.0,2201.7436,5909.6158,4033.1378,255.33764,106.89119,106.89119,106.89119,5963.3592,5893.4953,5871.9929,494.58143,1.6966378
1721000.0,2187.4209,5886.7408,3894.9873,246.59134,106.89119,106.89119,106.89119,5929.4162,5880.0586,5850.7476,493.0484,1.6966378
1722000.0,2190.9215,5919.7176,3943.2706,249.64816,106.89119,106.89119,106.89119,5865.6343,5927.2605,5966.2578,500.43009,1.6966378
1723000.0,2174.7628,5887.7189,3901.4823,247.00254,106.89119,106.89119,106.89119,5895.779,5859.1177,5908.2598,493.11155,1.6966378
1724000.0,2171.8945,5906.4486,3985.9782,252.35197,106.89119,106.89119,106.89119,5890.578,5914.1193,5914.6486,504.70437,1.6966378
1725000.0,2231.164,5911.7274,3899.2284,246.85984,106.89119,106.89119,106.89119,5889.0826,5949.617,5896.4826,497.41502,1.6966378
1726000.0,2149.565,5903.9183,3967.7959,251.20085,106.89119,106.89119,106.89119,5968.1585,5865.2349,5878.3614,503.23257,1.6966378
1727000.0,2192.3424,5892.2763,3978.6243,251.88639,106.89119,106.89119,106.89119,5933.0231,5834.5368,5909.2691,501.719,1.6966378
1728000.0,2201.7701,5885.6597,3938.8659,249.36929,106.89119,106.89119,106.89119,5900.6776,5878.08,5878.2216,493.68517,1.6966378
1729000.0,2184.5808,5896.3869,3903.6809,247.14173,106.89119,106.89119,106.89119,5918.904,5862.8732,5907.3835,501.20194,1.6966378
1730000.0,2179.6044,5890.4842,3962.2155,250.84756,106.89119,106.89119,106.89119,5836.2386,5937.6821,5897.5318,502.21936,1.6966378
1731000.0,2185.0662,5872.2641,3950.5378,250.10824,106.89119,106.89119,106.89119,5875.1433,5907.7536,5833.8955,501.36307,1.6966378
1732000.0,2174.4178,5910.6829,3973.0295,251.53219,106.89119,106.89119,106.89119,5926.9433,5898.8775,5906.2279,498.01099,1.6966378
1733000.0,2160.2139,5885.0101,3922.1038,248.30809,106.89119,106.89119,106.89119,5886.1397,5949.5613,5819.3295,502.60098,1.6966378
1734000.0,2175.8265,5902.6494,3908.3798,247.43922,106.89119,106.89119,106.89119,5870.0662,5932.3769,5905.5051,499.29717,1.6966378
1735000.0,2238.5122,5916.9908,3924.2943,248.44677,106.89119,106.89119,106.89119,5967.8966,5939.5638,5843.512,500.85112,1.6966378
1736000.0,2225.3538,5880.3195,3996.5626,253.02207,106.89119,106.89119,106.89119,5939.7386,5870.813,5830.407,502.22684,1.6966378
1737000.0,2173.0925,5903.8048,4015.9799,254.25137,106.89119,106.89119,106.89119,5894.8505,5949.2324,5867.3314,504.64646,1.6966378
1738000.0,2211.3769,5879.4524,3898.2743,246.79944,106.89119,106.89119,106.89119,5891.3894,5845.2272,5901.7407,497.95746,1.6966378
1739000.0,2105.9746,5870.3421,3969.7949,251.32741,106.89119,106.89119,106.89119,5873.3588,5875.7971,5861.8705,507.22272,1.6966378
1740000.0,2287.975,5914.8295,3910.6244,247.58132,106.89119,106.89119,106.89119,5927.1799,5893.0418,5924.2667,500.73968,1.6966378
1741000.0,2173.7622,5871.1026,3970.0338,251.34253,106.89119,106.89119,106.89119,5885.1308,5813.213,5914.9641,507.98509,1.6966378
1742000.0,2192.0091,5913.3311,4041.7299,255.88161,106.89119,106.89119,106.89119,5933.9269,5904.7961,5901.2704,503.0456,1.6966378
1743000.0,2222.7447,5902.8052,3958.7393,250.62747,106.89119,106.89119,106.89119,5917.5918,5889.8963,5900.9274,505.04899,1.6966378
1744000.0,2202.3674,5893.3487,3942.3842,249.59204,106.89119,106.89119,106.89119,5907.454,5876.5406,5896.0513,500.17926,1.6966378
1745000.0,2155.9126,5853.3794,3909.0017,247.47859,106.89119,106.89119,106.89119,5880.5932,5853.2304,5826.3146,492.60254,1.6966378
1746000.0,2203.9314,5877.7812,3990.9446,252.66639,106.89119,106.89119,106.89119,5895.3736,5855.0981,5882.8718,494.63223,1.6966378
1747000.0,2202.0199,5895.3292,3826.8688,242.27877,106.89119,106.89119,106.89119,5916.1951,5891.5463,5878.2462,497.75422,1.6966378
1748000.0,2097.1909,5857.3533,3942.012,249.56847,106.89119,106.89119,106.89119,5862.0018,5873.691,5836.3671,465.94872,1.6966378
1749000.0,2181.5891,5878.656,3924.2333,248.4429,106.89119,106.89119,106.89119,5882.6627,5878.4951,5874.8102,488.72055,1.6966378
1750000.0,2231.1227,5901.2337,4001.0026,253.30316,106.89119,106.89119,106.89119,5905.32,5869.9237,5928.4575,498.77698,1.6966378
1751000.0,2137.5582,5879.0972,3929.9725,248.80625,106.89119,106.89119,106.89119,5932.6666,5850.8212,5853.8038,496.11184,1.6966378
1752000.0,2243.0758,5921.3557,3885.648,246.00007,106.89119,106.89119,106.89119,5943.5306,5905.5573,5914.9791,489.84658,1.6966378
1753000.0,2213.4585,5887.9876,3877.3921,245.47739,106.89119,106.89119,106.89119,5871.3277,5902.1917,5890.4435,502.46584,1.6966378
1754000.0,2184.1207,5892.995,4033.8137,255.38043,106.89119,106.89119,106.89119,5899.5175,5865.5901,5913.8774,495.3996,1.6966378
1755000.0,2203.7337,5880.6491,3950.4737,250.10418,106.89119,106.89119,106.89119,5878.0906,5891.1666,5872.6902,504.61257,1.6966378
1756000.0,2198.4873,5903.5701,3919.8923,248.16807,106.89119,106.89119,106.89119,5931.4144,5860.9192,5918.3767,505.00961,1.6966378
1757000.0,2146.5902,5883.1335,3935.7311,249.17083,106.89119,106.89119,106.89119,5854.8705,5860.6744,5933.8556,506.80249,1.6966378
1758000.0,2221.2851,5885.5692,3906.7133,247.33371,106.89119,106.89119,106.89119,5918.962,5854.8837,5882.8619,505.78884,1.6966378
1759000.0,2152.3119,5885.1525,3940.8478,249.49476,106.89119,106.89119,106.89119,5880.4951,5885.9646,5888.9979,504.7552,1.6966378
1760000.0,2180.658,5895.5042,4019.0428,254.44528,106.89119,106.89119,106.89119,5907.2752,5868.179,5911.0583,505.65193,1.6966378
1761000.0,2202.2707,5876.6165,4056.5678,256.82099,106.89119,106.89119,106.89119,5899.5973,5881.2067,5849.0453,497.62004,1.6966378
1762000.0,2197.6795,5891.2576,3970.7808,251.38982,106.89119,106.89119,106.89119,5877.9489,5880.0436,5915.7803,504.36561,1.6966378
1763000.0,2268.8351,5887.633,3937.5953,249.28885,106.89119,106.89119,106.89119,5913.0852,5856.6019,5893.212,501.16218,1.6966378
1764000.0,2175.0322,5881.6087,3945.8404,249.81085,106.89119,106.89119,106.89119,5862.1946,5857.9419,5924.6896,499.17967,1.6966378
1765000.0,2201.9502,5881.4109,4014.977,254.18788,106.89119,106.89119,106.89119,5864.5261,5854.1061,5925.6006,493.49492,1.6966378
1766000.0,2158.866,5876.9971,3916.8176,247.97342,106.89119,106.89119,106.89119,5884.398,5823.58,5923.0133,502.90765,1.6966378
1767000.0,2228.9948,5924.3033,3956.5213,250.48706,106.89119,106.89119,106.89119,5916.1468,5944.0156,5912.7474,505.65852,1.6966378
1768000.0,2205.9117,5889.5417,3986.4342,252.38084,106.89119,106.89119,106.89119,5923.6584,5844.4803,5900.4865,498.30749,1.6966378
1769000.0,2198.0862,5908.2154,3967.7267,251.19647,106.89119,106.89119,106.89119,5905.5991,5887.0525,5931.9946,499.25076,1.6966378
1770000.0,2183.1936,5901.4111,3939.7156,249.42309,106.89119,106.89119,106.89119,5884.0059,5936.2426,5883.9849,502.56011,1.6966378
1771000.0,2290.1468,5920.7995,3975.459,251.686,106.89119,106.89119,106.89119,5938.9504,5943.6442,5879.8039,497.9341,1.6966378
1772000.0,2234.8656,5893.6789,4004.4416,253.52089,106.89119,106.89119,106.89119,5920.7642,5896.5632,5863.7094,497.13704,1.6966378
1773000.0,2182.7444,5874.25,3939.0859,249.38322,106.89119,106.89119,106.89119,5876.27,5872.7067,5873.7734,493.48221,1.6966378
1774000.0,2244.8121,5874.2974,3942.7849,249.61741,106.89119,106.89119,106.89119,5867.4476,5863.5757,5891.8689,503.13809,1.6966378
1775000.0,2162.045,5900.3218,3939.3763,249.40161,106.89119,106.89119,106.89119,5894.0545,5861.6675,5945.2433,495.29218,1.6966378
1776000.0,2208.3834,5899.6514,3918.3923,248.07311,106.89119,106.89119,106.89119,5957.7397,5854.7314,5886.4831,504.70951,1.6966378
1777000.0,2226.7375,5904.2017,3908.3601,247.43798,106.89119,106.89119,106.89119,5858.4288,5900.5392,5953.637,502.33098,1.6966378
1778000.0,2219.9573,5894.4926,3908.0969,247.42131,106.89119,106.89119,106.89119,5873.0233,5893.1851,5917.2693,499.19297,1.6966378
1779000.0,2229.0352,5906.5831,3970.1888,251.35235,106.89119,106.89119,106.89119,5900.794,5897.1093,5921.8459,492.33818,1.6966378
1780000.0,2206.132,5920.3429,3935.6124,249.16332,106.89119,106.89119,106.89119,5926.4988,5858.4411,5976.0888,501.54072,1.6966378
1781000.0,2234.1718,5918.3625,3959.4972,250.67546,106.89119,106.89119,106.89119,5878.7742,5918.3163,5957.997,499.01894,1.6966378
1782000.0,2220.5205,5887.0702,3901.0668,246.97624,106.89119,106.89119,106.89119,5893.4485,5847.672,5920.0902,498.5866,1.6966378
1783000.0,2103.3264,5859.7655,3973.0439,251.5331,106.89119,106.89119,106.89119,5822.765,5837.6857,5918.8459,501.98428,1.6966378
1784000.0,2176.0927,5887.9928,3895.4005,246.6175,106.89119,106.89119,106.89119,5879.2291,5839.8684,5944.8809,495.10371,1.6966378
1785000.0,2150.7041,5880.3047,3992.3683,252.75652,106.89119,106.89119,106.89119,5833.4654,5878.8355,5928.6133,507.71024,1.6966378
1786000.0,2174.5939,5881.9763,3996.0308,252.9884,106.89119,106.89119,106.89119,5888.073,5847.8952,5909.9607,503.31262,1.6966378
1787000.0,2263.2476,5904.1561,3902.8609,247.08982,106.89119,106.89119,106.89119,5908.8616,5894.174,5909.4326,506.01869,1.6966378
1788000.0,2092.9686,5844.8671,3911.782,247.65462,106.89119,106.89119,106.89119,5833.9014,5835.729,5864.9708,508.08907,1.6966378
1789000.0,2195.967,5894.4098,3961.9881,250.83316,106.89119,106.89119,106.89119,5838.0084,5934.1975,5911.0236,494.01356,1.6966378
1790000.0,2209.4277,5907.1281,4025.6632,254.86443,106.89119,106.89119,106.89119,5895.2592,5928.6426,5897.4825,489.18493,1.6966378
1791000.0,2202.5784,5880.9898,3922.8086,248.35271,106.89119,106.89119,106.89119,5874.5365,5865.1874,5903.2456,491.14125,1.6966378
1792000.0,2127.1797,5871.4254,3908.6409,247.45575,106.89119,106.89119,106.89119,5930.15,5834.2385,5849.8877,492.82088,1.6966378
1793000.0,2149.6593,5895.8297,3987.5118,252.44906,106.89119,106.89119,106.89119,5921.3669,5815.1214,5951.0007,496.81994,1.6966378
1794000.0,2135.1685,5869.7734,3979.2954,251.92888,106.89119,106.89119,106.89119,5882.6502,5827.4892,5899.1809,502.92636,1.6966378
1795000.0,2196.5741,5929.0147,3984.4234,252.25354,106.89119,106.89119,106.89119,5921.9159,5905.1921,5959.9359,505.26995,1.6966378
1796000.0,2198.1591,5920.3792,3885.5762,245.99553,106.89119,106.89119,106.89119,5941.1326,5900.5955,5919.4095,499.56863,1.6966378
1797000.0,2185.2857,5921.4475,3967.0766,251.15531,106.89119,106.89119,106.89119,5899.9189,5904.6016,5959.822,495.4853,1.6966378
1798000.0,2135.1325,5876.0128,3935.084,249.12986,106.89119,106.89119,106.89119,5911.9185,5851.951,5864.1689,498.827,1.6966378
1799000.0,2111.0009,5877.0946,3907.7602,247.39999,106.89119,106.89119,106.89119,5900.073,5880.721,5850.4898,497.44888,1.6966378
1800000.0,2126.7315,5878.7657,3891.8779,246.39449,106.89119,106.89119,106.89119,5913.6751,5900.3546,5822.2673,498.70387,1.6966378
1801000.0,2139.0188,5895.4435,3968.058,251.21744,106.89119,106.89119,106.89119,5860.0679,5949.2655,5876.997,501.17567,1.6966378
1802000.0,2126.3835,5890.5804,3962.9502,250.89407,106.89119,106.89119,106.89119,5909.9471,5913.0735,5848.7205,502.48576,1.6966378
1803000.0,2100.9845,5878.5185,3996.9718,253.04797,106.89119,106.89119,106.89119,5901.329,5834.0538,5900.1725,496.28863,1.6966378
1804000.0,2198.0741,5885.3497,3956.8161,250.50572,106.89119,106.89119,106.89119,5839.9197,5890.5742,5925.5552,497.14904,1.6966378
1805000.0,2179.2216,5887.7648,3938.1466,249.32376,106.89119,106.89119,106.89119,5888.1934,5919.021,5856.0799,504.41655,1.6966378
1806000.0,2152.0019,5887.3057,3934.5705,249.09735,106.89119,106.89119,106.89119,5920.0407,5838.6647,5903.2116,500.25825,1.6966378
1807000.0,2247.2246,5916.2382,3930.2039,248.8209,106.89119,106.89119,106.89119,5901.1941,5910.7441,5936.7765,502.46264,1.6966378
1808000.0,2115.757,5890.1665,3808.0417,241.08682,106.89119,106.89119,106.89119,5893.751,5893.1296,5883.619,500.46322,1.6966378
1809000.0,2169.6772,5878.1953,3947.0111,249.88497,106.89119,106.89119,106.89119,5885.4118,5909.4972,5839.677,504.98758,1.6966378
1810000.0,2187.3488,5902.1032,3950.0571,250.07781,106.89119,106.89119,106.89119,5911.3859,5898.8829,5896.0407,508.36894,1.6966378
1811000.0,2246.3253,5902.6249,3941.3226,249.52483,106.89119,106.89119,106.89119,5919.2426,5916.8758,5871.7564,506.35099,1.6966378
1812000.0,2203.1245,5913.3044,3932.6334,248.97472,106.89119,106.89119,106.89119,5923.6588,5918.975,5897.2794,505.23577,1.6966378
1813000.0,2241.4632,5924.5379,3935.7628,249.17284,106.89119,106.89119,106.89119,5949.5681,5875.6664,5948.3792,504.71555,1.6966378
1814000.0,2149.1928,5908.2199,3914.5805,247.83178,106.89119,106.89119,106.89119,5952.2696,5872.2793,5900.1107,504.81013,1.6966378
1815000.0,2172.4488,5897.3463,3974.5089,251.62585,106.89119,106.89119,106.89119,5907.3467,5915.9767,5868.7157,500.72122,1.6966378
1816000.0,2189.7959,5882.5781,3978.5322,251.88056,106.89119,106.89119,106.89119,5872.7878,5848.9513,5925.9951,503.50718,1.6966378
1817000.0,2211.9413,5916.581,3908.513,247.44765,106.89119,106.89119,106.89119,5893.2979,5940.3446,5916.1005,500.58659,1.6966378
1818000.0,2190.0943,5894.6363,3975.9018,251.71403,106.89119,106.89119,106.89119,5902.4582,5861.1182,5920.3324,496.10635,1.6966378
1819000.0,2167.2322,5881.0085,3951.8555,250.19166,106.89119,106.89119,106.89119,5886.2199,5901.7178,5855.0878,493.65743,1.6966378
1820000.0,2181.1327,5900.4529,3952.533,250.23455,106.89119,106.89119,106.89119,5897.197,5904.6843,5899.4775,498.63471,1.6966378
1821000.0,2186.0486,5889.5053,3911.211,247.61846,106.89119,106.89119,106.89119,5879.0239,5907.1001,5882.3918,493.8459,1.6966378
1822000.0,2137.0085,5862.9404,3928.6518,248.72264,106.89119,106.89119,106.89119,5938.8955,5766.1679,5883.7579,496.5262,1.6966378
1823000.0,2157.998,5912.3838,3881.8265,245.75813,106.89119,106.89119,106.89119,5914.5734,5872.1077,5950.4704,500.74035,1.6966378
1824000.0,2166.9738,5887.8421,3959.2461,250.65956,106.89119,106.89119,106.89119,5917.4883,5848.0402,5897.998,498.08788,1.6966378
1825000.0,2175.6638,5894.4272,3944.7963,249.74475,106.89119,106.89119,106.89119,5881.4615,5901.3579,5900.4624,500.56945,1.6966378
1826000.0,2147.2416,5893.6375,3965.603,251.06202,106.89119,106.89119,106.89119,5897.114,5857.2277,5926.5707,496.3512,1.6966378
1827000.0,2241.3818,5912.5124,3866.8733,244.81144,106.89119,106.89119,106.89119,5918.6672,5857.153,5961.717,498.86856,1.6966378
1828000.0,2217.191,5908.6932,3958.9654,250.64179,106.89119,106.89119,106.89119,5927.3794,5884.1972,5914.503,493.38544,1.6966378
1829000.0,2186.9572,5885.275,4017.742,254.36293,106.89119,106.89119,106.89119,5950.7043,5874.7828,5830.3378,492.30523,1.6966378
1830000.0,2158.1676,5897.961,3843.2648,243.3168,106.89119,106.89119,106.89119,5882.5508,5907.4127,5903.9196,491.73929,1.6966378
1831000.0,2165.3122,5890.7465,3908.6367,247.45549,106.89119,106.89119,106.89119,5902.8911,5859.4501,5909.8981,494.71437,1.6966378
1832000.0,2157.6232,5888.2776,3875.7448,245.3731,106.89119,106.89119,106.89119,5884.2695,5888.1901,5892.3733,508.38601,1.6966378
1833000.0,2122.992,5890.7151,3941.364,249.52745,106.89119,106.89119,106.89119,5854.7932,5949.7537,5867.5985,502.02752,1.6966378
1834000.0,2231.5175,5894.1254,3950.798,250.12471,106.89119,106.89119,106.89119,5881.0989,5878.1185,5923.1588,497.92595,1.6966378
1835000.0,2177.8184,5906.922,3938.9955,249.3775,106.89119,106.89119,106.89119,5905.8801,5891.3371,5923.5487,500.89652,1.6966378
1836000.0,2184.1943,5898.3313,3917.5268,248.01831,106.89119,106.89119,106.89119,5939.5911,5902.9619,5852.4409,498.48495,1.6966378
1837000.0,2187.2002,5915.6664,3953.5603,250.29959,106.89119,106.89119,106.89119,5929.25,5885.4131,5932.3362,493.61568,1.6966378
1838000.0,2117.2056,5888.6917,3941.3522,249.5267,106.89119,106.89119,106.89119,5935.3129,5826.4709,5904.2913,494.49884,1.6966378
1839000.0,2146.6738,5889.4126,3927.4356,248.64564,106.89119,106.89119,106.89119,5895.2349,5864.1245,5908.8786,501.12229,1.6966378
1840000.0,2165.5445,5889.342,3993.6054,252.83485,106.89119,106.89119,106.89119,5895.8671,5860.0093,5912.1496,501.91802,1.6966378
1841000.0,2164.251,5922.1572,4007.9405,253.7424,106.89119,106.89119,106.89119,5917.7923,5925.8387,5922.8405,501.844,1.6966378
1842000.0,2119.655,5867.7882,3890.2112,246.28897,106.89119,106.89119,106.89119,5867.7605,5889.5848,5846.0192,502.54635,1.6966378
1843000.0,2099.9714,5904.4805,3999.6911,253.22013,106.89119,106.89119,106.89119,5950.9959,5895.9074,5866.5382,507.44563,1.6966378
1844000.0,2171.3428,5917.3697,4077.558,258.14988,106.89119,106.89119,106.89119,5909.5501,5963.6836,5878.8753,500.66627,1.6966378
1845000.0,2210.5884,5912.2458,3948.1409,249.95649,106.89119,106.89119,106.89119,5914.9043,5904.004,5917.829,488.05983,1.6966378
1846000.0,2164.5465,5890.7723,3960.9031,250.76447,106.89119,106.89119,106.89119,5923.8223,5930.7599,5817.7347,501.69089,1.6966378
1847000.0,2219.8862,5917.3854,3985.7465,252.3373,106.89119,106.89119,106.89119,5949.4051,5908.4121,5894.3391,503.34484,1.6966378
1848000.0,2198.2689,5890.5952,3893.2485,246.48126,106.89119,106.89119,106.89119,5874.3379,5901.4863,5895.9615,501.28824,1.6966378
1849000.0,2108.2304,5866.3248,3938.2795,249.33217,106.89119,106.89119,106.89119,5862.9038,5936.4632,5799.6075,501.28419,1.6966378
1850000.0,2112.4017,5877.2009,3961.0073,250.77106,106.89119,106.89119,106.89119,5921.8827,5896.0132,5813.7066,494.78559,1.6966378
1851000.0,2121.5103,5862.5232,4008.8441,253.79961,106.89119,106.89119,106.89119,5919.3304,5828.0474,5840.1919,463.70848,1.6966378
1852000.0,2130.2392,5887.0805,3934.6177,249.10034,106.89119,106.89119,106.89119,5907.013,5882.2703,5871.9582,464.55907,1.6966378
1853000.0,2151.8313,5894.3242,3999.1428,253.18542,106.89119,106.89119,106.89119,5951.0999,5875.4471,5856.4255,480.87725,1.6966378
1854000.0,2146.386,5854.4084,3939.5458,249.41234,106.89119,106.89119,106.89119,5852.0993,5852.1557,5858.9703,465.94579,1.6966378
1855000.0,2155.5677,5848.2551,4005.5943,253.59386,106.89119,106.89119,106.89119,5847.1258,5887.037,5810.6025,497.25377,1.6966378
1856000.0,2115.5411,5875.1226,3860.9114,244.434,106.89119,106.89119,106.89119,5919.9986,5895.4221,5809.947,497.55152,1.6966378
1857000.0,2212.7612,5890.7148,3886.1639,246.03273,106.89119,106.89119,106.89119,5895.9182,5857.4394,5918.7868,499.38802,1.6966378
1858000.0,2126.3397,5896.6737,3997.9458,253.10964,106.89119,106.89119,106.89119,5948.4493,5872.3908,5869.1808,495.47135,1.6966378
1859000.0,2146.4145,5871.0754,4006.8086,253.67074,106.89119,106.89119,106.89119,5926.1425,5868.9305,5818.1533,496.56568,1.6966378
1860000.0,2191.8531,5869.6053,4014.7881,254.17592,106.89119,106.89119,106.89119,5863.0594,5885.0583,5860.6982,499.77999,1.6966378
1861000.0,2238.9345,5899.203,3953.8363,250.31707,106.89119,106.89119,106.89119,5886.6064,5949.0349,5861.9678,498.32945,1.6966378
1862000.0,2160.8562,5879.4752,3980.8424,252.02682,106.89119,106.89119,106.89119,5929.5316,5884.3815,5824.5125,499.54549,1.6966378
1863000.0,2097.9983,5869.7353,3920.8059,248.22592,106.89119,106.89119,106.89119,5846.6468,5901.8812,5860.6779,497.19363,1.6966378
1864000.0,2185.8977,5883.4649,3940.37,249.46452,106.89119,106.89119,106.89119,5906.1383,5886.8072,5857.4493,494.79033,1.6966378
1865000.0,2180.0143,5908.6854,3958.1682,250.59132,106.89119,106.89119,106.89119,5943.1193,5964.4085,5818.5283,504.36818,1.6966378
1866000.0,2139.9057,5894.3436,4004.9867,253.5554,106.89119,106.89119,106.89119,5831.9449,5957.5701,5893.5156,494.68399,1.6966378
1867000.0,2162.3073,5887.6248,3904.427,247.18897,106.89119,106.89119,106.89119,5888.2567,5893.8304,5880.7874,496.71805,1.6966378
1868000.0,2118.7748,5878.7335,3957.2379,250.53243,106.89119,106.89119,106.89119,5881.3546,5848.4903,5906.3556,497.50885,1.6966378
1869000.0,2148.3334,5871.1506,3901.9737,247.03365,106.89119,106.89119,106.89119,5871.6751,5878.3842,5863.3926,506.08385,1.6966378
1870000.0,2176.0858,5908.8308,3839.9157,243.10476,106.89119,106.89119,106.89119,5913.7916,5920.0309,5892.6699,501.30605,1.6966378
1871000.0,2194.8895,5876.2568,3931.8203,248.92324,106.89119,106.89119,106.89119,5874.2271,5829.7937,5924.7497,503.11532,1.6966378
1872000.0,2244.8218,5907.8116,3896.1831,246.66705,106.89119,106.89119,106.89119,5968.6,5911.6909,5843.1438,492.12839,1.6966378
1873000.0,2186.1725,5893.487,3967.8768,251.20597,106.89119,106.89119,106.89119,5871.983,5892.3122,5916.1659,498.21575,1.6966378
1874000.0,2232.1813,5896.6146,4055.9837,256.78401,106.89119,106.89119,106.89119,5923.4534,5911.1628,5855.2277,495.72352,1.6966378
1875000.0,2107.7513,5877.6758,4017.7281,254.36205,106.89119,106.89119,106.89119,5883.2839,5851.8819,5897.8617,502.67458,1.6966378
1876000.0,2191.2194,5872.6089,3913.906,247.78908,106.89119,106.89119,106.89119,5930.2088,5850.006,5837.612,498.94669,1.6966378
1877000.0,2165.9328,5885.8087,3954.0031,250.32763,106.89119,106.89119,106.89119,5824.993,5942.4172,5890.016,500.60909,1.6966378
1878000.0,2164.8256,5894.0213,3957.5603,250.55284,106.89119,106.89119,106.89119,5870.2295,5890.2671,5921.5672,498.96603,1.6966378
1879000.0,2098.565,5871.3751,3907.832,247.40454,106.89119,106.89119,106.89119,5915.9545,5848.7028,5849.468,499.7576,1.6966378
1880000.0,2113.4258,5889.7199,3917.3251,248.00555,106.89119,106.89119,106.89119,5883.2666,5897.1648,5888.7282,501.33897,1.6966378
1881000.0,2098.842,5882.8946,4038.3794,255.66949,106.89119,106.89119,106.89119,5858.9859,5882.5219,5907.176,500.4046,1.6966378
1882000.0,2081.7163,5869.0078,3948.5677,249.98351,106.89119,106.89119,106.89119,5879.368,5870.5612,5857.0942,492.80916,1.6966378
1883000.0,2116.7786,5868.1189,3908.9486,247.47523,106.89119,106.89119,106.89119,5927.3332,5810.9787,5866.0447,498.08716,1.6966378
1884000.0,2112.4582,5886.1055,3999.6522,253.21767,106.89119,106.89119,106.89119,5861.432,5918.2254,5878.6591,497.00962,1.6966378
1885000.0,2139.8189,5886.0249,3959.8263,250.69629,106.89119,106.89119,106.89119,5878.9374,5916.4892,5862.6481,498.44515,1.6966378
1886000.0,2071.6455,5866.6881,4019.5073,254.4747,106.89119,106.89119,106.89119,5847.1858,5848.4404,5904.438,501.62405,1.6966378
1887000.0,2158.7825,5875.6845,3921.1734,248.24918,106.89119,106.89119,106.89119,5925.2615,5871.2228,5830.5692,506.33804,1.6966378
1888000.0,2164.9184,5880.7247,3972.2908,251.48542,106.89119,106.89119,106.89119,5856.1175,5867.4628,5918.5939,498.60831,1.6966378
1889000.0,2096.5993,5861.4712,3966.1824,251.0987,106.89119,106.89119,106.89119,5858.0194,5871.0576,5855.3367,501.56977,1.6966378
1890000.0,2125.9556,5883.9937,3998.277,253.13061,106.89119,106.89119,106.89119,5898.5553,5906.5945,5846.8312,505.08187,1.6966378
1891000.0,2141.852,5864.9963,3948.5984,249.98546,106.89119,106.89119,106.89119,5891.7276,5886.9961,5816.2651,504.36692,1.6966378
1892000.0,2124.4845,5878.2504,3951.0588,250.14122,106.89119,106.89119,106.89119,5885.1443,5877.2302,5872.3766,502.80172,1.6966378
1893000.0,2109.7491,5859.808,3893.1435,246.47461,106.89119,106.89119,106.89119,5892.58,5894.1657,5792.6784,500.97566,1.6966378
1894000.0,2121.2381,5851.6648,3891.533,246.37265,106.89119,106.89119,106.89119,5837.3753,5887.7546,5829.8645,499.88723,1.6966378
1895000.0,2154.0239,5895.6993,3965.3482,251.04589,106.89119,106.89119,106.89119,5894.3114,5936.4478,5856.3387,501.67345,1.6966378
1896000.0,2088.9136,5881.3115,3998.3212,253.1334,106.89119,106.89119,106.89119,5864.8163,5885.4221,5893.6959,502.90365,1.6966378
1897000.0,2155.5113,5867.4768,3929.052,248.74797,106.89119,106.89119,106.89119,5863.1164,5850.968,5888.3461,502.42775,1.6966378
1898000.0,2189.7277,5885.2284,3947.1823,249.89581,106.89119,106.89119,106.89119,5823.8491,5867.7825,5964.0537,500.53119,1.6966378
1899000.0,2108.3612,5886.9898,3866.1955,244.76853,106.89119,106.89119,106.89119,5898.0415,5916.5782,5846.3497,499.75826,1.6966378
1900000.0,2085.0634,5866.7474,3939.0539,249.3812,106.89119,106.89119,106.89119,5921.3002,5851.7448,5827.1971,504.19222,1.6966378
1901000.0,2110.6608,5871.9128,3986.5097,252.38562,106.89119,106.89119,106.89119,5849.1128,5840.7456,5925.8801,500.77426,1.6966378
1902000.0,2083.4073,5890.836,4027.5341,254.98287,106.89119,106.89119,106.89119,5836.8094,5929.2531,5906.4455,494.45983,1.6966378
1903000.0,2078.5544,5860.4615,3914.7396,247.84186,106.89119,106.89119,106.89119,5824.0098,5867.7085,5889.6663,501.53593,1.6966378
1904000.0,2104.9239,5897.5057,3929.3722,248.76825,106.89119,106.89119,106.89119,5891.322,5895.3603,5905.835,496.15513,1.6966378
1905000.0,2162.0379,5884.2427,3892.075,246.40696,106.89119,106.89119,106.89119,5906.3717,5886.2439,5860.1126,502.63644,1.6966378
1906000.0,2149.0485,5880.6502,3900.9829,246.97092,106.89119,106.89119,106.89119,5885.5804,5910.5575,5845.8128,503.23089,1.6966378
1907000.0,2216.4174,5909.6056,3939.483,249.40836,106.89119,106.89119,106.89119,5921.9306,5886.5068,5920.3796,502.0607,1.6966378
1908000.0,2127.316,5880.565,3961.7639,250.81897,106.89119,106.89119,106.89119,5898.4375,5818.27,5924.9875,504.84103,1.6966378
1909000.0,2009.6195,5830.352,3944.2382,249.70942,106.89119,106.89119,106.89119,5819.2904,5848.4744,5823.2912,502.44838,1.6966378
1910000.0,2017.0112,5846.5099,3999.4557,253.20523,106.89119,106.89119,106.89119,5848.8786,5846.4944,5844.1568,501.12623,1.6966378
1911000.0,2088.6927,5873.9145,3951.125,250.14541,106.89119,106.89119,106.89119,5850.3784,5891.2014,5880.1637,502.51011,1.6966378
1912000.0,2135.4462,5881.957,4015.6902,254.23304,106.89119,106.89119,106.89119,5839.491,5951.4762,5854.9038,498.39627,1.6966378
1913000.0,2074.0286,5871.0829,3954.2737,250.34476,106.89119,106.89119,106.89119,5860.5668,5896.0068,5856.6751,498.84805,1.6966378
1914000.0,2117.4792,5886.2999,3907.8864,247.40798,106.89119,106.89119,106.89119,5889.7735,5892.4367,5876.6897,504.16972,1.6966378
1915000.0,2133.9069,5876.1238,3981.8718,252.09199,106.89119,106.89119,106.89119,5855.6528,5886.4565,5886.2622,499.50277,1.6966378
1916000.0,2173.8292,5911.953,4000.8649,253.29445,106.89119,106.89119,106.89119,5947.4986,5920.4252,5867.9353,501.30853,1.6966378
1917000.0,2164.3832,5880.0878,3986.8884,252.4096,106.89119,106.89119,106.89119,5871.1664,5892.8092,5876.2879,501.07903,1.6966378
1918000.0,2162.528,5894.6774,3933.2539,249.014,106.89119,106.89119,106.89119,5877.1688,5925.3778,5881.4856,500.18897,1.6966378
1919000.0,2163.1827,5888.511,3889.1127,246.21942,106.89119,106.89119,106.89119,5892.0368,5894.0929,5879.4034,496.12388,1.6966378
1920000.0,2157.2301,5899.359,3946.2143,249.83452,106.89119,106.89119,106.89119,5902.8352,5922.4186,5872.8231,500.53637,1.6966378
1921000.0,2172.5664,5917.6892,3950.9996,250.13748,106.89119,106.89119,106.89119,5962.764,5937.7165,5852.5871,498.75422,1.6966378
1922000.0,2068.3336,5876.3769,3959.5909,250.68139,106.89119,106.89119,106.89119,5885.1889,5875.9231,5868.0187,500.64246,1.6966378
1923000.0,2068.3458,5848.572,3925.6751,248.53418,106.89119,106.89119,106.89119,5827.3358,5891.5091,5826.871,505.77561,1.6966378
1924000.0,2122.9663,5876.4105,3970.0067,251.34081,106.89119,106.89119,106.89119,5860.8211,5920.3468,5848.0636,501.57289,1.6966378
1925000.0,2054.1081,5842.585,3961.1342,250.7791,106.89119,106.89119,106.89119,5916.5406,5763.5828,5847.6317,502.36916,1.6966378
1926000.0,2094.0036,5846.8507,3893.5817,246.50235,106.89119,106.89119,106.89119,5851.0388,5859.9047,5829.6087,500.97581,1.6966378
1927000.0,2110.6343,5882.3193,3916.084,247.92697,106.89119,106.89119,106.89119,5858.5785,5868.0111,5920.3684,502.34555,1.6966378
1928000.0,2169.8764,5903.5367,3888.7147,246.19422,106.89119,106.89119,106.89119,5891.2225,5950.3581,5869.0296,498.962,1.6966378
1929000.0,2186.8398,5889.2026,4028.0037,255.0126,106.89119,106.89119,106.89119,5935.6646,5854.3931,5877.55,505.87821,1.6966378
1930000.0,2160.2539,5870.2638,3920.1582,248.18491,106.89119,106.89119,106.89119,5911.0359,5841.681,5858.0744,498.84858,1.6966378
1931000.0,2199.7576,5908.9412,3925.878,248.54703,106.89119,106.89119,106.89119,5932.4864,5906.9987,5887.3386,502.70344,1.6966378
1932000.0,2200.4858,5914.1503,3902.7842,247.08496,106.89119,106.89119,106.89119,5920.9502,5924.6457,5896.855,500.7322,1.6966378
1933000.0,2193.1215,5914.6682,3952.6558,250.24233,106.89119,106.89119,106.89119,5874.9044,5923.4939,5945.6063,503.70187,1.6966378
1934000.0,2180.8354,5897.1397,3918.2964,248.06704,106.89119,106.89119,106.89119,5881.1181,5901.593,5908.708,501.47617,1.6966378
1935000.0,2077.1242,5863.312,3939.3532,249.40015,106.89119,106.89119,106.89119,5853.7331,5911.9122,5824.2906,494.72938,1.6966378
1936000.0,2101.0003,5900.6088,3945.9139,249.8155,106.89119,106.89119,106.89119,5913.424,5892.3886,5896.0139,501.64567,1.6966378
1937000.0,2094.1474,5903.5636,3906.5379,247.32261,106.89119,106.89119,106.89119,5938.9424,5901.8169,5869.9314,499.01905,1.6966378
1938000.0,2090.905,5907.9703,3962.3033,250.85312,106.89119,106.89119,106.89119,5895.9114,5941.7963,5886.2033,500.69311,1.6966378
1939000.0,2186.1692,5914.6985,3994.9245,252.91836,106.89119,106.89119,106.89119,5931.4603,5911.7828,5900.8526,494.3865,1.6966378
1940000.0,2115.9264,5905.5525,4011.4196,253.96266,106.89119,106.89119,106.89119,5958.2518,5867.2721,5891.1335,503.26341,1.6966378
1941000.0,2136.0596,5889.2699,3922.5459,248.33607,106.89119,106.89119,106.89119,5916.5299,5921.6378,5829.6421,498.63225,1.6966378
1942000.0,2160.4,5868.0624,3978.1246,251.85476,106.89119,106.89119,106.89119,5898.7672,5863.9721,5841.4478,498.80605,1.6966378
1943000.0,2152.094,5886.9732,3970.2154,251.35403,106.89119,106.89119,106.89119,5873.6132,5894.5128,5892.7937,503.79451,1.6966378
1944000.0,2107.0963,5857.8884,4004.0238,253.49443,106.89119,106.89119,106.89119,5796.7644,5889.4268,5887.4741,493.19201,1.6966378
1945000.0,2139.6441,5876.2831,3962.8973,250.89072,106.89119,106.89119,106.89119,5947.3866,5863.7307,5817.732,499.25359,1.6966378
1946000.0,2052.5498,5858.5626,3946.3147,249.84088,106.89119,106.89119,106.89119,5852.8602,5875.6444,5847.1833,498.23176,1.6966378
1947000.0,2099.5763,5871.2208,3921.6138,248.27706,106.89119,106.89119,106.89119,5856.6582,5902.6231,5854.3811,490.512,1.6966378
1948000.0,2110.779,5885.8908,3941.3579,249.52706,106.89119,106.89119,106.89119,5922.757,5895.5423,5839.3732,497.93333,1.6966378
1949000.0,2113.9631,5872.9222,4011.3877,253.96065,106.89119,106.89119,106.89119,5897.5732,5862.9185,5858.275,507.33769,1.6966378
1950000.0,2102.3239,5847.725,3959.6939,250.68791,106.89119,106.89119,106.89119,5847.7491,5870.3889,5825.037,502.66211,1.6966378
1951000.0,2044.3364,5849.1022,3900.0192,246.90991,106.89119,106.89119,106.89119,5893.0368,5875.9566,5778.3133,502.70995,1.6966378
1952000.0,2080.7793,5869.0301,3963.3572,250.91984,106.89119,106.89119,106.89119,5855.5944,5854.4241,5897.0717,505.32481,1.6966378
1953000.0,2097.5179,5877.7816,3888.3016,246.16807,106.89119,106.89119,106.89119,5883.911,5931.5578,5817.876,505.63231,1.6966378
1954000.0,2167.4987,5894.8845,3976.1884,251.73218,106.89119,106.89119,106.89119,5942.7097,5881.6207,5860.3231,501.56816,1.6966378
1955000.0,2168.2741,5895.1368,3987.332,252.43768,106.89119,106.89119,106.89119,5924.6603,5864.5196,5896.2306,501.19136,1.6966378
1956000.0,2050.4416,5842.1329,3928.2525,248.69736,106.89119,106.89119,106.89119,5835.2806,5862.7373,5828.3807,506.87912,1.6966378
1957000.0,2052.8111,5871.5655,3922.9372,248.36085,106.89119,106.89119,106.89119,5906.2672,5924.3462,5784.0831,499.5398,1.6966378
1958000.0,2050.8914,5863.5917,4047.2626,256.23188,106.89119,106.89119,106.89119,5839.4059,5898.3383,5853.031,499.12569,1.6966378
1959000.0,2075.5231,5867.5597,3930.4626,248.83728,106.89119,106.89119,106.89119,5874.2775,5918.0634,5810.3383,502.72134,1.6966378
1960000.0,2176.3331,5872.6328,4003.2306,253.44422,106.89119,106.89119,106.89119,5888.0456,5881.1322,5848.7206,500.50309,1.6966378
1961000.0,2038.1044,5869.7707,3958.8442,250.63412,106.89119,106.89119,106.89119,5957.2616,5810.1768,5841.8737,492.62797,1.6966378
1962000.0,2106.4746,5893.266,3964.1735,250.97151,106.89119,106.89119,106.89119,5838.7212,6016.2704,5824.8064,495.66684,1.6966378
1963000.0,2130.8172,5865.2492,3879.5501,245.61401,106.89119,106.89119,106.89119,5909.5391,5902.7047,5783.5037,491.95944,1.6966378
1964000.0,2134.9559,5873.0476,4015.5146,254.22192,106.89119,106.89119,106.89119,5867.2338,5953.5566,5798.3522,499.23441,1.6966378
1965000.0,2094.4429,5884.7171,3930.0647,248.81209,106.89119,106.89119,106.89119,5930.1113,5860.1416,5863.8984,493.04386,1.6966378
1966000.0,2093.3028,5868.7038,3839.0394,243.04929,106.89119,106.89119,106.89119,5917.4478,5883.6931,5804.9704,500.74303,1.6966378
1967000.0,2088.6085,5861.3342,3945.9593,249.81838,106.89119,106.89119,106.89119,5915.6069,5917.8857,5750.5098,501.00322,1.6966378
1968000.0,2067.2209,5874.7615,3873.4343,245.22683,106.89119,106.89119,106.89119,5904.2945,5909.4097,5810.5804,496.81671,1.6966378
1969000.0,2109.7303,5889.089,3912.3679,247.69171,106.89119,106.89119,106.89119,5886.3113,5912.2204,5868.7354,500.06389,1.6966378
1970000.0,2084.2641,5883.7629,4032.629,255.30543,106.89119,106.89119,106.89119,5864.2922,5922.6609,5864.3355,504.27976,1.6966378
1971000.0,2200.1451,5886.4353,3919.3897,248.13626,106.89119,106.89119,106.89119,5878.5865,5915.8769,5864.8426,496.96504,1.6966378
1972000.0,2084.0717,5864.8319,4027.4826,254.97961,106.89119,106.89119,106.89119,5873.3548,5899.1477,5821.9933,500.08721,1.6966378
1973000.0,2068.2094,5846.1575,3975.6348,251.69713,106.89119,106.89119,106.89119,5815.6129,5919.6363,5803.2234,496.14427,1.6966378
1974000.0,2077.7055,5904.4061,3951.7363,250.18412,106.89119,106.89119,106.89119,5920.1822,5950.9805,5842.0555,498.62172,1.6966378
1975000.0,2081.1364,5880.3021,4056.1811,256.79651,106.89119,106.89119,106.89119,5842.4533,5883.2798,5915.1731,501.29671,1.6966378
1976000.0,2104.414,5860.1713,3962.1114,250.84096,106.89119,106.89119,106.89119,5820.251,5873.4176,5886.8454,498.42264,1.6966378
1977000.0,2116.8618,5884.16,4008.384,253.77048,106.89119,106.89119,106.89119,5960.1631,5847.3856,5844.9312,500.04907,1.6966378
1978000.0,2171.5312,5886.5543,3973.8466,251.58392,106.89119,106.89119,106.89119,5910.7429,5864.7948,5884.1253,497.39409,1.6966378
1979000.0,2112.5481,5863.4624,3956.9864,250.5165,106.89119,106.89119,106.89119,5847.094,5912.5315,5830.7616,498.3802,1.6966378
1980000.0,2095.1818,5881.5372,4037.2569,255.59842,106.89119,106.89119,106.89119,5895.2626,5890.0145,5859.3346,494.35854,1.6966378
1981000.0,2039.895,5809.3003,3918.1462,248.05753,106.89119,106.89119,106.89119,5820.2645,5817.3397,5790.2966,503.39497,1.6966378
1982000.0,2122.7422,5888.6759,3914.3827,247.81927,106.89119,106.89119,106.89119,5925.1034,5879.2393,5861.6851,499.17054,1.6966378
1983000.0,2133.1407,5869.8338,3953.6947,250.3081,106.89119,106.89119,106.89119,5866.3756,5898.6478,5844.4778,494.82986,1.6966378
1984000.0,2146.8441,5872.2963,3960.2783,250.72491,106.89119,106.89119,106.89119,5847.6836,5866.3275,5902.8778,495.79369,1.6966378
1985000.0,2176.6911,5888.7199,3978.0674,251.85114,106.89119,106.89119,106.89119,5816.3718,5951.1311,5898.6569,492.92562,1.6966378
1986000.0,2138.2608,5876.6864,3941.1977,249.51692,106.89119,106.89119,106.89119,5926.1282,5856.4046,5847.5263,503.0127,1.6966378
1987000.0,2215.9318,5915.2737,4016.4596,254.28175,106.89119,106.89119,106.89119,5924.6899,5950.4014,5870.7296,490.96189,1.6966378
1988000.0,2123.5645,5878.6333,3979.2644,251.92692,106.89119,106.89119,106.89119,5863.723,5896.4445,5875.7324,500.02627,1.6966378
1989000.0,2143.3141,5870.0526,3941.1308,249.51268,106.89119,106.89119,106.89119,5831.5078,5934.7695,5843.8804,499.34489,1.6966378
1990000.0,2098.9424,5852.1071,3992.9615,252.79408,106.89119,106.89119,106.89119,5822.5593,5895.1418,5838.6202,498.01344,1.6966378
1991000.0,2092.8934,5861.7807,3950.9036,250.1314,106.89119,106.89119,106.89119,5875.7294,5879.3316,5830.2811,496.41661,1.6966378
1992000.0,2136.8433,5893.0044,4021.9214,254.62753,106.89119,106.89119,106.89119,5909.0458,5916.7996,5853.1678,496.55972,1.6966378
1993000.0,2142.5429,5896.1753,4010.7371,253.91945,106.89119,106.89119,106.89119,5895.9251,5901.0888,5891.5121,498.20326,1.6966378
1994000.0,2131.6294,5885.3758,3961.4266,250.79761,106.89119,106.89119,106.89119,5933.1226,5903.063,5819.942,502.50885,1.6966378
1995000.0,2030.6294,5854.0017,3854.6742,244.03913,106.89119,106.89119,106.89119,5871.0726,5866.3367,5824.5958,496.92608,1.6966378
1996000.0,2051.1083,5892.2776,3914.2506,247.8109,106.89119,106.89119,106.89119,5867.6401,5894.5931,5914.5995,498.10765,1.6966378
1997000.0,2074.3569,5841.3845,3917.2084,247.99816,106.89119,106.89119,106.89119,5839.745,5887.6756,5796.7329,499.54151,1.6966378
1998000.0,2122.8511,5891.04,3876.7742,245.43828,106.89119,106.89119,106.89119,5894.4412,5844.543,5934.1358,504.14502,1.6966378
1999000.0,2025.4465,5857.0416,3907.5183,247.38468,106.89119,106.89119,106.89119,5830.6179,5871.55,5868.957,497.89501,1.6966378
2000000.0,2056.9623,5846.4443,4034.3832,255.41649,106.89119,106.89119,106.89119,5845.7685,5877.8303,5815.734,498.20616,1.6966378
2001000.0,2147.0346,5873.1726,4022.8811,254.68829,106.89119,106.89119,106.89119,5836.2336,5906.0689,5877.2153,500.73855,1.6966378
2002000.0,2165.4624,5894.3821,3884.8343,245.94855,106.89119,106.89119,106.89119,5933.8342,5873.0832,5876.2291,500.64479,1.6966378
2003000.0,2059.2647,5861.9086,3998.0983,253.11929,106.89119,106.89119,106.89119,5849.5016,5911.1486,5825.0756,291.10501,1.6966378
2004000.0,2107.17,5916.1649,3919.6379,248.15197,106.89119,106.89119,106.89119,5892.5537,5910.3707,5945.5703,453.93378,1.6966378
2005000.0,2029.3925,5825.2002,3981.0971,252.04295,106.89119,106.89119,106.89119,5799.683,5839.2968,5836.6208,502.09967,1.6966378
2006000.0,1988.0399,5847.279,3894.6763,246.57165,106.89119,106.89119,106.89119,5834.3246,5849.5475,5857.9651,504.50928,1.6966378
2007000.0,2090.3194,5866.8937,3960.4157,250.73361,106.89119,106.89119,106.89119,5946.9684,5870.9807,5782.7319,507.23808,1.6966378
2008000.0,2133.8994,5865.4511,3931.4529,248.89998,106.89119,106.89119,106.89119,5933.8804,5805.8837,5856.589,504.47685,1.6966378
2009000.0,1973.7382,5832.6345,3986.8445,252.40681,106.89119,106.89119,106.89119,5804.766,5854.0574,5839.0802,505.81743,1.6966378
2010000.0,2054.9817,5859.5931,3923.0038,248.36507,106.89119,106.89119,106.89119,5916.1926,5810.2173,5852.3693,505.76145,1.6966378
2011000.0,2049.7795,5854.6687,3940.6632,249.48308,106.89119,106.89119,106.89119,5858.1208,5860.1239,5845.7613,495.52592,1.6966378
2012000.0,2100.3587,5854.5323,3981.9091,252.09436,106.89119,106.89119,106.89119,5855.0461,5805.0897,5903.4611,499.8994,1.6966378
2013000.0,2000.4842,5834.0495,3918.8552,248.10242,106.89119,106.89119,106.89119,5847.034,5825.3184,5829.7963,504.64323,1.6966378
2014000.0,1957.1469,5834.1898,3919.285,248.12963,106.89119,106.89119,106.89119,5856.2706,5845.9426,5800.3562,503.75307,1.6966378
2015000.0,2109.6473,5879.0203,3997.1184,253.05726,106.89119,106.89119,106.89119,5909.8938,5875.2211,5851.946,518.40614,1.6966378
2016000.0,1987.1059,5848.6824,3941.4029,249.52991,106.89119,106.89119,106.89119,5875.6109,5839.3484,5831.088,501.02365,1.6966378
2017000.0,1964.0694,5820.5628,3934.9961,249.12429,106.89119,106.89119,106.89119,5855.0038,5777.7094,5828.9752,501.41822,1.6966378
2018000.0,1996.4849,5859.9914,3961.0596,250.77437,106.89119,106.89119,106.89119,5861.675,5855.9007,5862.3984,496.01518,1.6966378
2019000.0,2065.9455,5860.7277,3981.8845,252.0928,106.89119,106.89119,106.89119,5848.4731,5881.8483,5851.8617,507.09505,1.6966378
2020000.0,2019.4643,5848.8571,4020.8116,254.55727,106.89119,106.89119,106.89119,5835.8956,5885.2386,5825.437,503.25799,1.6966378
2021000.0,2077.481,5842.366,3967.2808,251.16824,106.89119,106.89119,106.89119,5848.5126,5836.5625,5842.0228,505.67698,1.6966378
2022000.0,2098.2125,5855.9395,4005.7165,253.6016,106.89119,106.89119,106.89119,5867.177,5860.1151,5840.5265,510.56284,1.6966378
2023000.0,2055.2372,5832.9086,3968.0523,251.21708,106.89119,106.89119,106.89119,5848.0352,5818.9389,5831.7518,509.85339,1.6966378
2024000.0,2031.2537,5820.6566,3979.1133,251.91735,106.89119,106.89119,106.89119,5856.6807,5773.9772,5831.312,507.83313,1.6966378
2025000.0,1970.5203,5828.1159,3947.4186,249.91076,106.89119,106.89119,106.89119,5828.2476,5836.5369,5819.5631,505.07951,1.6966378
2026000.0,2039.9116,5842.8507,3987.7019,252.4611,106.89119,106.89119,106.89119,5825.5477,5861.5502,5841.4541,507.38179,1.6966378
2027000.0,1980.6651,5833.7376,3943.7257,249.67696,106.89119,106.89119,106.89119,5878.2693,5818.5085,5804.435,510.35825,1.6966378
2028000.0,2032.2287,5862.2108,3959.5318,250.67765,106.89119,106.89119,106.89119,5820.3062,5869.1067,5897.2195,502.49218,1.6966378
2029000.0,2089.7285,5856.0542,3942.8658,249.62253,106.89119,106.89119,106.89119,5883.6227,5875.3873,5809.1527,508.14563,1.6966378
2030000.0,2038.3937,5871.8209,3956.2575,250.47035,106.89119,106.89119,106.89119,5871.6746,5912.8443,5830.9437,504.4541,1.6966378
2031000.0,2066.1536,5854.8021,3954.1973,250.33992,106.89119,106.89119,106.89119,5880.0305,5874.3755,5810.0003,504.39654,1.6966378
2032000.0,2082.9271,5858.8251,4003.2849,253.44765,106.89119,106.89119,106.89119,5837.9602,5868.5293,5869.9858,507.18353,1.6966378
2033000.0,2132.9094,5871.4978,3917.3972,248.01011,106.89119,106.89119,106.89119,5884.4248,5842.8535,5887.215,509.09491,1.6966378
2034000.0,2084.4431,5875.0659,3922.9083,248.35902,106.89119,106.89119,106.89119,5904.3088,5867.1755,5853.7134,505.36684,1.6966378
2035000.0,2047.0775,5842.566,3941.4788,249.53472,106.89119,106.89119,106.89119,5937.4371,5752.5882,5837.6725,504.18217,1.6966378
2036000.0,2013.1444,5854.5314,3876.4798,245.41963,106.89119,106.89119,106.89119,5887.5958,5795.8197,5880.1787,502.64687,1.6966378
2037000.0,2034.1769,5882.0095,3969.9147,251.33499,106.89119,106.89119,106.89119,5876.4734,5933.7696,5835.7855,505.02207,1.6966378
2038000.0,2063.6563,5844.327,3980.2917,251.99196,106.89119,106.89119,106.89119,5886.5596,5852.9614,5793.46,503.67467,1.6966378
2039000.0,2134.6343,5866.9211,3949.537,250.04488,106.89119,106.89119,106.89119,5905.2976,5855.2892,5840.1763,507.73733,1.6966378
2040000.0,2038.9183,5853.7057,4008.6012,253.78423,106.89119,106.89119,106.89119,5894.1839,5878.687,5788.2461,505.42604,1.6966378
2041000.0,2077.7809,5868.4844,3963.2664,250.91409,106.89119,106.89119,106.89119,5923.0742,5902.7767,5779.6023,507.73356,1.6966378
2042000.0,2083.4398,5876.8613,3924.1026,248.43463,106.89119,106.89119,106.89119,5907.5567,5891.6537,5831.3733,506.86213,1.6966378
2043000.0,2094.1448,5881.386,3950.5165,250.10689,106.89119,106.89119,106.89119,5895.4064,5858.946,5889.8057,511.44327,1.6966378
2044000.0,2072.8972,5879.2549,3927.8631,248.6727,106.89119,106.89119,106.89119,5914.1665,5813.404,5910.1941,508.51389,1.6966378
2045000.0,2000.1686,5853.847,4017.3384,254.33738,106.89119,106.89119,106.89119,5865.5953,5827.9508,5867.9948,504.95267,1.6966378
2046000.0,2093.1531,5850.4391,3976.4701,251.75002,106.89119,106.89119,106.89119,5847.0943,5849.4621,5854.7609,517.97689,1.6966378
2047000.0,2051.2042,5839.8795,3934.1845,249.07291,106.89119,106.89119,106.89119,5885.0526,5823.0267,5811.5591,507.5769,1.6966378
2048000.0,2074.4045,5846.2613,3977.3785,251.80752,106.89119,106.89119,106.89119,5859.5496,5867.4447,5811.7897,508.28689,1.6966378
2049000.0,2070.821,5856.3773,3868.6129,244.92158,106.89119,106.89119,106.89119,5849.5282,5925.6298,5793.9738,505.5708,1.6966378
2050000.0,2071.3884,5866.5135,3908.7522,247.4628,106.89119,106.89119,106.89119,5868.4577,5907.5194,5823.5634,494.66916,1.6966378
2051000.0,2065.0777,5853.7623,3940.3327,249.46216,106.89119,106.89119,106.89119,5871.359,5886.028,5803.8998,498.07427,1.6966378
2052000.0,2090.104,5861.951,3949.6588,250.05259,106.89119,106.89119,106.89119,5898.3229,5837.764,5849.7661,504.17709,1.6966378
2053000.0,2047.5002,5859.0829,3977.2714,251.80074,106.89119,106.89119,106.89119,5890.0149,5893.438,5793.7958,510.26557,1.6966378
2054000.0,2024.8956,5847.5865,3995.6499,252.96429,106.89119,106.89119,106.89119,5874.4679,5829.2703,5839.0213,512.8167,1.6966378
2055000.0,2062.4353,5855.4357,3948.5933,249.98514,106.89119,106.89119,106.89119,5851.9655,5848.8546,5865.4871,498.43152,1.6966378
2056000.0,2089.4815,5838.0549,3958.3682,250.60398,106.89119,106.89119,106.89119,5901.2452,5798.8615,5814.0581,504.81074,1.6966378
2057000.0,2016.9033,5858.6139,3876.6589,245.43097,106.89119,106.89119,106.89119,5860.1559,5890.9201,5824.7657,503.27783,1.6966378
2058000.0,2113.2441,5920.9666,3973.6498,251.57146,106.89119,106.89119,106.89119,5982.1916,5989.3759,5791.3323,492.70871,1.6966378
2059000.0,2040.6048,5852.8519,3901.5788,247.00865,106.89119,106.89119,106.89119,5905.2583,5850.1904,5803.107,499.94401,1.6966378
2060000.0,2077.0638,5859.2406,3939.424,249.40463,106.89119,106.89119,106.89119,5897.2049,5808.3769,5872.1401,505.61657,1.6966378
2061000.0,2006.4576,5844.172,3955.1955,250.40312,106.89119,106.89119,106.89119,5884.4221,5820.8907,5827.2032,497.58832,1.6966378
2062000.0,2090.0578,5848.6991,3929.9397,248.80418,106.89119,106.89119,106.89119,5904.5851,5853.7854,5787.7269,497.74402,1.6966378
2063000.0,1988.354,5820.0376,3881.0642,245.70987,106.89119,106.89119,106.89119,5843.6717,5812.6113,5803.8296,498.8829,1.6966378
2064000.0,1995.603,5837.8275,3936.5059,249.21988,106.89119,106.89119,106.89119,5817.1965,5824.7178,5871.5682,505.8405,1.6966378
2065000.0,2050.5002,5854.6686,3988.7266,252.52597,106.89119,106.89119,106.89119,5860.5896,5828.3061,5875.1101,507.51162,1.6966378
2066000.0,2055.9497,5846.3236,3874.1197,245.27022,106.89119,106.89119,106.89119,5839.3288,5851.8118,5847.8301,503.45022,1.6966378
2067000.0,2032.7828,5848.9182,3929.7121,248.78977,106.89119,106.89119,106.89119,5908.3071,5809.6603,5828.7871,508.60666,1.6966378
2068000.0,2078.6603,5852.2045,4019.3056,254.46192,106.89119,106.89119,106.89119,5920.4876,5813.3264,5822.7993,505.28145,1.6966378
2069000.0,2093.1872,5890.8696,3991.036,252.67218,106.89119,106.89119,106.89119,5932.9912,5863.2566,5876.3609,504.23572,1.6966378
2070000.0,2008.6797,5831.7976,3910.965,247.60289,106.89119,106.89119,106.89119,5877.1108,5813.0211,5805.2609,509.9714,1.6966378
2071000.0,2082.0218,5879.1918,3933.6441,249.0387,106.89119,106.89119,106.89119,5902.0011,5878.842,5856.7325,503.98814,1.6966378
2072000.0,2107.535,5863.528,3913.3464,247.75365,106.89119,106.89119,106.89119,5915.5238,5859.9953,5815.0648,507.01454,1.6966378
2073000.0,2062.3694,5865.8778,3937.8284,249.30361,106.89119,106.89119,106.89119,5917.3428,5847.8732,5832.4175,503.10116,1.6966378
2074000.0,1994.7711,5820.8622,3950.2199,250.08812,106.89119,106.89119,106.89119,5822.5619,5845.4432,5794.5815,499.67184,1.6966378
2075000.0,2026.8046,5834.0285,3928.9954,248.74439,106.89119,106.89119,106.89119,5826.5384,5856.9954,5818.5519,505.58825,1.6966378
2076000.0,2081.0824,5849.0013,3970.971,251.40186,106.89119,106.89119,106.89119,5871.8986,5913.6111,5761.4943,501.25308,1.6966378
2077000.0,2013.4877,5856.6548,3973.2712,251.54749,106.89119,106.89119,106.89119,5898.3845,5858.4699,5813.11,503.59937,1.6966378
2078000.0,2063.8594,5880.4382,3967.4558,251.17932,106.89119,106.89119,106.89119,5921.4302,5869.9622,5849.9221,504.77622,1.6966378
2079000.0,2119.0636,5854.1952,3919.3765,248.13542,106.89119,106.89119,106.89119,5801.2333,5894.3408,5867.0114,503.03214,1.6966378
2080000.0,1965.6719,5837.4775,3906.217,247.30229,106.89119,106.89119,106.89119,5849.9969,5861.015,5801.4207,504.62287,1.6966378
2081000.0,2058.0578,5842.7745,3891.9356,246.39814,106.89119,106.89119,106.89119,5865.2254,5882.672,5780.426,503.10535,1.6966378
2082000.0,2021.9131,5836.4328,3902.2598,247.05176,106.89119,106.89119,106.89119,5891.5772,5832.8922,5784.829,498.32211,1.6966378
2083000.0,2099.4075,5836.7817,3893.5834,246.50246,106.89119,106.89119,106.89119,5852.6253,5859.0189,5798.7009,493.25226,1.6966378
2084000.0,2146.6997,5888.4046,3901.0932,246.9779,106.89119,106.89119,106.89119,5856.9929,5861.4423,5946.7787,495.97183,1.6966378
2085000.0,2040.4216,5845.9374,3957.523,250.55047,106.89119,106.89119,106.89119,5848.9167,5894.17,5794.7254,503.04527,1.6966378
2086000.0,2093.1895,5863.325,3964.4941,250.99182,106.89119,106.89119,106.89119,5877.2003,5886.3116,5826.4632,498.19542,1.6966378
2087000.0,2091.2965,5860.6351,4003.7843,253.47927,106.89119,106.89119,106.89119,5896.2582,5849.4821,5836.1651,501.16235,1.6966378
2088000.0,2017.848,5849.0617,3945.359,249.78037,106.89119,106.89119,106.89119,5959.771,5761.7016,5825.7126,501.90067,1.6966378
2089000.0,2032.8688,5844.5173,3888.6381,246.18937,106.89119,106.89119,106.89119,5867.1261,5846.9099,5819.516,502.04764,1.6966378
2090000.0,2046.6632,5854.1876,3935.8127,249.176,106.89119,106.89119,106.89119,5852.0759,5885.5299,5824.957,502.56566,1.6966378
2091000.0,2095.2533,5859.7546,3966.5745,251.12352,106.89119,106.89119,106.89119,5856.4152,5909.1413,5813.7072,502.06225,1.6966378
2092000.0,2021.9438,5850.1442,3936.9797,249.24988,106.89119,106.89119,106.89119,5925.5758,5815.8176,5809.0391,498.7723,1.6966378
2093000.0,1972.0342,5833.1824,3856.9239,244.18155,106.89119,106.89119,106.89119,5848.8337,5834.6999,5816.0136,494.06902,1.6966378
2094000.0,2062.2451,5866.9069,3917.3973,248.01012,106.89119,106.89119,106.89119,5922.2476,5870.1715,5808.3016,498.5837,1.6966378
2095000.0,2007.428,5859.6892,3974.4239,251.62047,106.89119,106.89119,106.89119,5871.9958,5850.1086,5856.963,492.64161,1.6966378
2096000.0,2041.7241,5860.7659,3892.555,246.43735,106.89119,106.89119,106.89119,5865.8706,5857.531,5858.8961,508.17884,1.6966378
2097000.0,2041.4835,5863.0112,3931.9895,248.93395,106.89119,106.89119,106.89119,5901.7491,5830.0867,5857.1978,504.38519,1.6966378
2098000.0,2087.9699,5858.606,3946.0552,249.82444,106.89119,106.89119,106.89119,5880.4983,5832.4652,5862.8546,499.49979,1.6966378
2099000.0,2056.7778,5858.6131,4005.5348,253.5901,106.89119,106.89119,106.89119,5908.5324,5878.1925,5789.1142,509.88592,1.6966378
2100000.0,2101.1704,5882.4446,3958.2538,250.59674,106.89119,106.89119,106.89119,5898.3929,5866.2525,5882.6885,504.39471,1.6966378
2101000.0,2047.5222,5869.603,3915.5224,247.89142,106.89119,106.89119,106.89119,5882.828,5848.0484,5877.9327,509.59067,1.6966378
2102000.0,2008.9243,5878.26,4013.2875,254.08092,106.89119,106.89119,106.89119,5939.6979,5855.3266,5839.7554,509.73436,1.6966378
2103000.0,1997.3444,5850.2663,3911.0487,247.60819,106.89119,106.89119,106.89119,5837.5069,5840.0412,5873.2506,497.05967,1.6966378
2104000.0,2037.5671,5853.072,3998.5502,253.1479,106.89119,106.89119,106.89119,5854.018,5922.1066,5783.0913,497.54324,1.6966378
2105000.0,2005.8331,5839.2595,3963.0971,250.90337,106.89119,106.89119,106.89119,5850.7422,5901.7942,5765.2422,491.71449,1.6966378
2106000.0,2056.3168,5840.3685,3931.6605,248.91312,106.89119,106.89119,106.89119,5834.4366,5859.0383,5827.6305,498.00436,1.6966378
2107000.0,2014.6497,5831.3637,3929.5929,248.78222,106.89119,106.89119,106.89119,5862.5626,5865.3786,5766.1497,495.56941,1.6966378
2108000.0,1994.9511,5832.7154,3900.9246,246.96723,106.89119,106.89119,106.89119,5895.8543,5829.7196,5772.5725,495.33951,1.6966378
2109000.0,1997.0724,5865.4434,3978.0566,251.85045,106.89119,106.89119,106.89119,5901.8655,5882.0006,5812.4641,497.26572,1.6966378
2110000.0,2044.1796,5844.7665,3968.6189,251.25296,106.89119,106.89119,106.89119,5893.1476,5834.3383,5806.8136,495.55097,1.6966378
2111000.0,2040.2618,5861.6688,3956.7061,250.49876,106.89119,106.89119,106.89119,5913.3264,5840.8378,5830.8424,495.52192,1.6966378
2112000.0,1990.1192,5824.06,3992.6527,252.77453,106.89119,106.89119,106.89119,5847.2807,5778.8425,5846.0568,494.00956,1.6966378
2113000.0,2015.4362,5846.1165,3951.2075,250.15064,106.89119,106.89119,106.89119,5808.8068,5926.56,5802.9829,495.49164,1.6966378
2114000.0,2034.371,5846.7498,3897.8812,246.77455,106.89119,106.89119,106.89119,5830.504,5882.9746,5826.7707,499.13956,1.6966378
2115000.0,2052.5503,5878.166,3980.3357,251.99474,106.89119,106.89119,106.89119,5904.8857,5895.7968,5833.8155,492.95829,1.6966378
2116000.0,2000.8953,5872.3528,4016.4409,254.28056,106.89119,106.89119,106.89119,5887.1527,5834.2763,5895.6295,485.89479,1.6966378
2117000.0,2015.9797,5867.4536,3976.0293,251.7221,106.89119,106.89119,106.89119,5899.3927,5854.798,5848.1702,499.37343,1.6966378
2118000.0,1986.6386,5837.0654,3949.2636,250.02757,106.89119,106.89119,106.89119,5874.2041,5866.5339,5770.4582,506.97471,1.6966378
2119000.0,2063.8097,5870.9682,3909.1767,247.48967,106.89119,106.89119,106.89119,5897.6581,5864.2026,5851.0438,505.18793,1.6966378
2120000.0,2070.8795,5867.1893,3988.7945,252.53027,106.89119,106.89119,106.89119,5905.296,5817.9523,5878.3195,497.26165,1.6966378
2121000.0,2023.0323,5841.1825,3908.7321,247.46152,106.89119,106.89119,106.89119,5841.583,5847.5874,5834.3772,505.88243,1.6966378
2122000.0,1963.9278,5841.9663,3945.2251,249.7719,106.89119,106.89119,106.89119,5930.4486,5818.4517,5776.9985,499.31693,1.6966378
2123000.0,1981.4125,5830.7096,3953.7867,250.31393,106.89119,106.89119,106.89119,5904.1518,5840.8999,5747.0773,505.174,1.6966378
2124000.0,2068.1994,5877.3154,3972.7666,251.51554,106.89119,106.89119,106.89119,5929.4911,5876.9277,5825.5274,498.13596,1.6966378
2125000.0,2042.117,5860.0613,3928.4398,248.70922,106.89119,106.89119,106.89119,5897.773,5824.6035,5857.8074,501.61584,1.6966378
2126000.0,2045.9059,5840.7021,4021.3336,254.59032,106.89119,106.89119,106.89119,5882.5164,5829.1685,5810.4214,494.26858,1.6966378
2127000.0,1981.4821,5853.9186,3957.8277,250.56976,106.89119,106.89119,106.89119,5873.7698,5873.6898,5814.2963,503.50802,1.6966378
2128000.0,2081.7127,5861.4065,3973.0116,251.53106,106.89119,106.89119,106.89119,5883.1549,5849.2683,5851.7962,509.6716,1.6966378
2129000.0,2056.4429,5857.5287,3994.9458,252.91971,106.89119,106.89119,106.89119,5904.8668,5863.427,5804.2924,512.37974,1.6966378
2130000.0,2077.432,5847.7225,3968.6943,251.25773,106.89119,106.89119,106.89119,5925.0865,5823.0099,5795.0712,507.62449,1.6966378
2131000.0,2046.0185,5851.4116,3996.3754,253.01022,106.89119,106.89119,106.89119,5889.1477,5853.0692,5812.018,504.03353,1.6966378
2132000.0,2038.6329,5856.2849,3961.3422,250.79227,106.89119,106.89119,106.89119,5921.248,5842.5263,5805.0804,506.6453,1.6966378
2133000.0,2057.7874,5845.2095,4023.6881,254.73938,106.89119,106.89119,106.89119,5871.9711,5835.625,5828.0322,506.24635,1.6966378
2134000.0,2026.6058,5876.0865,3958.4677,250.61028,106.89119,106.89119,106.89119,5921.0401,5868.1822,5839.0372,503.11965,1.6966378
2135000.0,2108.6541,5865.5123,3957.7535,250.56506,106.89119,106.89119,106.89119,5867.7544,5860.7927,5867.9899,503.63214,1.6966378
2136000.0,2031.6498,5868.275,3980.6898,252.01716,106.89119,106.89119,106.89119,5910.9139,5872.8557,5821.0554,502.51908,1.6966378
2137000.0,2031.089,5851.0023,3970.3677,251.36367,106.89119,106.89119,106.89119,5859.873,5870.7497,5822.3843,509.39929,1.6966378
2138000.0,2050.1098,5878.3579,4020.7128,254.55101,106.89119,106.89119,106.89119,5911.4517,5876.6935,5846.9285,502.72729,1.6966378
2139000.0,2038.0783,5874.9721,3970.4709,251.3702,106.89119,106.89119,106.89119,5907.8056,5927.0189,5790.0919,504.61936,1.6966378
2140000.0,2016.3594,5828.5342,3967.6424,251.19113,106.89119,106.89119,106.89119,5819.4965,5883.9488,5782.1574,505.55753,1.6966378
2141000.0,2063.2362,5866.6376,3896.2605,246.67195,106.89119,106.89119,106.89119,5908.898,5853.6335,5837.3813,492.95533,1.6966378
2142000.0,1981.3395,5860.0899,3919.3438,248.13335,106.89119,106.89119,106.89119,5879.9526,5895.1932,5805.1239,495.24659,1.6966378
2143000.0,1997.2976,5890.6806,4027.2651,254.96584,106.89119,106.89119,106.89119,5933.8971,5922.1285,5816.0163,498.611,1.6966378
2144000.0,2051.4423,5853.683,3923.9169,248.42287,106.89119,106.89119,106.89119,5898.5765,5865.7035,5796.769,500.16751,1.6966378
2145000.0,2051.4859,5861.6164,3915.4673,247.88793,106.89119,106.89119,106.89119,5884.2497,5889.0843,5811.5151,493.64165,1.6966378
2146000.0,2054.789,5865.5791,3924.0648,248.43224,106.89119,106.89119,106.89119,5909.9949,5852.9188,5833.8236,489.31962,1.6966378
2147000.0,2064.5164,5851.6734,3942.994,249.63064,106.89119,106.89119,106.89119,5871.1791,5875.0178,5808.8233,508.22416,1.6966378
2148000.0,2110.914,5863.9415,3925.8247,248.54365,106.89119,106.89119,106.89119,5852.3456,5926.5644,5812.9146,510.74332,1.6966378
2149000.0,2026.7322,5850.1004,3896.2458,246.67102,106.89119,106.89119,106.89119,5862.0451,5838.3235,5849.9326,504.46873,1.6966378
2150000.0,1986.2473,5830.5697,3975.6533,251.6983,106.89119,106.89119,106.89119,5832.9043,5867.5588,5791.2459,505.58152,1.6966378
2151000.0,2061.3853,5853.7339,3951.5903,250.17487,106.89119,106.89119,106.89119,5865.0366,5863.7084,5832.4568,508.75661,1.6966378
2152000.0,2017.7428,5813.051,3893.2299,246.48008,106.89119,106.89119,106.89119,5787.4798,5861.8246,5789.8484,498.2125,1.6966378
2153000.0,1999.1919,5871.0256,3924.8608,248.48263,106.89119,106.89119,106.89119,5829.9708,5938.627,5844.479,507.29701,1.6966378
2154000.0,1977.9803,5844.4058,4053.8219,256.64715,106.89119,106.89119,106.89119,5893.4205,5884.8709,5754.9261,508.21554,1.6966378
2155000.0,2031.3832,5866.1245,4057.0819,256.85354,106.89119,106.89119,106.89119,5864.9208,5873.2103,5860.2424,500.70138,1.6966378
2156000.0,2040.5246,5874.562,3967.6653,251.19258,106.89119,106.89119,106.89119,5842.2766,5926.112,5855.2974,508.35433,1.6966378
2157000.0,2015.1903,5860.9616,3998.9729,253.17467,106.89119,106.89119,106.89119,5850.6698,5930.9656,5801.2495,510.43306,1.6966378
2158000.0,1978.2776,5851.6088,3991.7297,252.7161,106.89119,106.89119,106.89119,5824.5744,5895.634,5834.6181,504.32877,1.6966378
2159000.0,2007.1655,5859.0428,3934.6004,249.09925,106.89119,106.89119,106.89119,5789.8107,5884.5422,5902.7756,499.92794,1.6966378
2160000.0,2009.0631,5860.3303,3887.388,246.11023,106.89119,106.89119,106.89119,5895.494,5791.5128,5893.9841,503.95234,1.6966378
2161000.0,2039.2138,5880.8498,3888.9085,246.20649,106.89119,106.89119,106.89119,5837.2956,5915.0694,5890.1843,506.37259,1.6966378
2162000.0,1993.8993,5848.3,3993.1053,252.80318,106.89119,106.89119,106.89119,5854.9921,5884.5806,5805.3274,510.31627,1.6966378
2163000.0,1965.3253,5842.6016,3994.2569,252.87609,106.89119,106.89119,106.89119,5775.7297,5906.9068,5845.1682,504.18463,1.6966378
2164000.0,2084.7728,5879.4802,3996.1834,252.99806,106.89119,106.89119,106.89119,5865.4099,5907.008,5866.0229,506.06514,1.6966378
2165000.0,1985.179,5842.6154,3948.3419,249.96922,106.89119,106.89119,106.89119,5846.9695,5842.2119,5838.6649,502.73538,1.6966378
2166000.0,2018.2601,5852.7322,4042.2441,255.91416,106.89119,106.89119,106.89119,5886.5805,5907.3789,5764.2371,501.57729,1.6966378
2167000.0,1996.0275,5840.4926,3916.3547,247.94411,106.89119,106.89119,106.89119,5868.9378,5846.5651,5805.9749,491.53707,1.6966378
2168000.0,2071.9815,5857.6817,3947.6667,249.92647,106.89119,106.89119,106.89119,5901.515,5865.3508,5806.1792,502.54674,1.6966378
2169000.0,1985.4102,5829.2759,4092.4793,259.09454,106.89119,106.89119,106.89119,5860.5446,5821.6899,5805.5932,508.30741,1.6966378
2170000.0,2037.7697,5866.6757,3923.3095,248.38442,106.89119,106.89119,106.89119,5905.2131,5852.9718,5841.8423,511.07422,1.6966378
2171000.0,2102.3363,5867.2469,4013.8743,254.11807,106.89119,106.89119,106.89119,5907.7966,5866.6402,5827.3038,508.19382,1.6966378
2172000.0,1972.6021,5835.0301,3960.0228,250.70873,106.89119,106.89119,106.89119,5852.7785,5805.864,5846.448,510.85276,1.6966378
2173000.0,2022.7846,5877.5547,3969.2435,251.2925,106.89119,106.89119,106.89119,5912.434,5853.9364,5866.2937,509.24467,1.6966378
2174000.0,2095.1634,5884.9197,3836.6885,242.90045,106.89119,106.89119,106.89119,5876.3874,5894.1284,5884.2434,510.50794,1.6966378
2175000.0,2053.0137,5859.7288,3926.9321,248.61377,106.89119,106.89119,106.89119,5865.0072,5866.1879,5847.9912,509.70728,1.6966378
2176000.0,1994.2352,5870.3755,3943.2475,249.64669,106.89119,106.89119,106.89119,5958.9311,5825.063,5827.1325,506.58008,1.6966378
2177000.0,1908.5223,5826.2822,3942.9701,249.62913,106.89119,106.89119,106.89119,5868.3931,5822.8489,5787.6045,510.94969,1.6966378
2178000.0,1934.5197,5826.5782,4001.6856,253.3464,106.89119,106.89119,106.89119,5834.4809,5855.9559,5789.2977,508.53032,1.6966378
2179000.0,1933.7148,5832.1738,3965.0908,251.02959,106.89119,106.89119,106.89119,5825.6845,5905.1471,5765.6899,500.5129,1.6966378
2180000.0,2038.2048,5860.815,3962.2693,250.85096,106.89119,106.89119,106.89119,5850.5696,5910.9294,5820.9461,499.69667,1.6966378
2181000.0,2000.1819,5847.2793,3940.1107,249.4481,106.89119,106.89119,106.89119,5814.6728,5896.0633,5831.1016,503.84564,1.6966378
2182000.0,2024.9649,5860.9447,3919.1793,248.12294,106.89119,106.89119,106.89119,5853.6901,5926.7133,5802.4308,506.43764,1.6966378
2183000.0,2018.3413,5856.5984,3982.9288,252.15891,106.89119,106.89119,106.89119,5898.56,5835.6616,5835.5738,510.6624,1.6966378
2184000.0,2079.3144,5839.9723,3912.8524,247.72238,106.89119,106.89119,106.89119,5865.0629,5831.0658,5823.7882,504.56193,1.6966378
2185000.0,2007.0065,5836.4012,3855.7284,244.10586,106.89119,106.89119,106.89119,5889.549,5804.0193,5815.6353,501.70954,1.6966378
2186000.0,2008.4776,5846.9233,3961.7402,250.81746,106.89119,106.89119,106.89119,5855.7689,5810.6658,5874.3351,495.35305,1.6966378
2187000.0,2085.4225,5869.5838,4016.264,254.26936,106.89119,106.89119,106.89119,5851.5292,5922.8316,5834.3906,503.3887,1.6966378
2188000.0,2003.648,5831.2051,3938.3064,249.33387,106.89119,106.89119,106.89119,5857.2051,5848.1057,5788.3046,498.405,1.6966378
2189000.0,2065.0719,5866.6119,3947.0638,249.8883,106.89119,106.89119,106.89119,5873.7777,5887.776,5838.282,504.09303,1.6966378
2190000.0,2080.7358,5860.3689,3903.0673,247.10289,106.89119,106.89119,106.89119,5854.8368,5853.778,5872.4919,507.01122,1.6966378
2191000.0,1995.1524,5868.1422,3900.9388,246.96813,106.89119,106.89119,106.89119,5901.5652,5852.96,5849.9013,503.76917,1.6966378
2192000.0,1940.0618,5841.2654,3982.66,252.14189,106.89119,106.89119,106.89119,5924.3871,5781.6936,5817.7154,498.7748,1.6966378
2193000.0,2084.6453,5884.3227,3959.2886,250.66225,106.89119,106.89119,106.89119,5850.2112,5941.7456,5861.0111,503.33966,1.6966378
2194000.0,2028.1691,5836.8584,3944.249,249.7101,106.89119,106.89119,106.89119,5894.6121,5793.8515,5822.1115,504.52578,1.6966378
2195000.0,2082.4118,5852.722,3939.8911,249.4342,106.89119,106.89119,106.89119,5837.7561,5861.6233,5858.7867,504.33443,1.6966378
2196000.0,1977.3422,5841.3777,4040.3642,255.79514,106.89119,106.89119,106.89119,5858.5266,5848.985,5816.6214,504.85989,1.6966378
2197000.0,2024.356,5864.4533,3992.6002,252.77121,106.89119,106.89119,106.89119,5866.5392,5900.9643,5825.8563,505.89743,1.6966378
2198000.0,2000.9649,5875.6938,3955.268,250.40771,106.89119,106.89119,106.89119,5851.068,5877.6313,5898.3823,503.25451,1.6966378
2199000.0,1917.1327,5828.7415,4011.9843,253.99841,106.89119,106.89119,106.89119,5804.4063,5868.7549,5813.0632,498.78066,1.6966378
2200000.0,2139.0347,5882.3117,3909.3926,247.50334,106.89119,106.89119,106.89119,5880.6725,5888.9577,5877.3049,500.58178,1.6966378
2201000.0,2066.871,5843.2656,3902.4463,247.06357,106.89119,106.89119,106.89119,5872.3275,5841.1819,5816.2874,505.43529,1.6966378
2202000.0,2060.3191,5873.9424,3887.3924,246.11051,106.89119,106.89119,106.89119,5875.1781,5891.705,5854.9442,501.20634,1.6966378
2203000.0,2058.3682,5843.129,4020.3862,254.53034,106.89119,106.89119,106.89119,5882.305,5815.7155,5831.3664,500.42292,1.6966378
2204000.0,2027.6701,5846.9684,3925.2086,248.50465,106.89119,106.89119,106.89119,5791.8229,5908.2457,5840.8367,503.71261,1.6966378
2205000.0,1975.5963,5860.614,3947.2483,249.89998,106.89119,106.89119,106.89119,5869.6856,5899.5748,5812.5816,497.80444,1.6966378
2206000.0,2024.5405,5839.7424,3956.3972,250.4792,106.89119,106.89119,106.89119,5886.4801,5813.9075,5818.8396,498.27487,1.6966378
2207000.0,2042.0438,5840.3312,3995.0904,252.92886,106.89119,106.89119,106.89119,5841.5443,5856.5109,5822.9384,498.00233,1.6966378
2208000.0,2018.4752,5852.1646,3973.9227,251.58874,106.89119,106.89119,106.89119,5885.2769,5888.5933,5782.6237,506.50916,1.6966378
2209000.0,2059.1952,5866.9699,4111.2533,260.28313,106.89119,106.89119,106.89119,5874.7224,5861.0004,5865.1868,494.96681,1.6966378
2210000.0,2050.6695,5867.7391,4017.8967,254.37272,106.89119,106.89119,106.89119,5850.0866,5902.2716,5850.8592,496.37532,1.6966378
2211000.0,2041.1931,5852.0108,3906.8414,247.34182,106.89119,106.89119,106.89119,5859.7851,5888.3778,5807.8693,494.29864,1.6966378
2212000.0,2020.8508,5852.2066,3928.2123,248.69482,106.89119,106.89119,106.89119,5851.0712,5865.6613,5839.8872,501.34379,1.6966378
2213000.0,2065.72,5877.0744,3948.823,249.99967,106.89119,106.89119,106.89119,5936.8863,5872.0251,5822.3118,502.82379,1.6966378
2214000.0,2083.889,5893.1045,3959.8376,250.69701,106.89119,106.89119,106.89119,5938.9558,5930.2812,5810.0766,508.10799,1.6966378
2215000.0,2016.7094,5896.2878,4025.398,254.84763,106.89119,106.89119,106.89119,5948.5421,5880.6773,5859.6439,505.73174,1.6966378
2216000.0,2051.1032,5880.1535,3958.0618,250.58458,106.89119,106.89119,106.89119,5911.4626,5883.6142,5845.3837,503.89916,1.6966378
2217000.0,2058.1103,5868.4675,3958.7716,250.62952,106.89119,106.89119,106.89119,5914.6005,5876.1091,5814.6927,509.32859,1.6966378
2218000.0,2016.7163,5836.9062,3940.8186,249.49292,106.89119,106.89119,106.89119,5828.6926,5800.7883,5881.2378,507.97816,1.6966378
2219000.0,2085.4244,5879.6079,3975.7723,251.70583,106.89119,106.89119,106.89119,5951.2823,5817.0862,5870.4553,507.47147,1.6966378
2220000.0,2040.4193,5846.6691,3945.827,249.81,106.89119,106.89119,106.89119,5856.0274,5847.3961,5836.5837,503.26772,1.6966378
2221000.0,2063.1491,5859.6676,3864.3957,244.65459,106.89119,106.89119,106.89119,5884.6478,5839.6876,5854.6675,505.78404,1.6966378
2222000.0,2081.9829,5851.1849,3951.253,250.15352,106.89119,106.89119,106.89119,5855.2053,5863.5922,5834.7572,496.35024,1.6966378
2223000.0,1976.9857,5839.3654,3942.3905,249.59244,106.89119,106.89119,106.89119,5801.217,5891.0972,5825.7822,507.18735,1.6966378
2224000.0,1954.0815,5821.033,3983.2223,252.17749,106.89119,106.89119,106.89119,5791.8313,5814.9199,5856.3477,502.17517,1.6966378
2225000.0,1954.0193,5853.0364,3987.11,252.42362,106.89119,106.89119,106.89119,5886.2651,5830.1306,5842.7136,511.37171,1.6966378
2226000.0,2072.4564,5855.1821,3975.3698,251.68035,106.89119,106.89119,106.89119,5911.3389,5789.5953,5864.612,501.11143,1.6966378
2227000.0,2056.9808,5846.9981,3949.0139,250.01176,106.89119,106.89119,106.89119,5885.2758,5822.7866,5832.932,507.52793,1.6966378
2228000.0,2081.8725,5872.7099,3903.2743,247.11599,106.89119,106.89119,106.89119,5873.9042,5869.6927,5874.5327,499.36048,1.6966378
2229000.0,2017.5905,5870.1984,3918.8755,248.1037,106.89119,106.89119,106.89119,5881.3304,5850.4423,5878.8225,509.12135,1.6966378
2230000.0,1983.2227,5854.4881,4002.0821,253.37151,106.89119,106.89119,106.89119,5843.354,5867.2199,5852.8903,510.2152,1.6966378
2231000.0,2054.6748,5845.2147,3933.434,249.0254,106.89119,106.89119,106.89119,5855.1073,5847.9419,5832.595,509.20906,1.6966378
2232000.0,2038.1347,5859.8688,3901.3635,246.99502,106.89119,106.89119,106.89119,5833.453,5878.7126,5867.4409,507.8526,1.6966378
2233000.0,2050.7136,5862.0081,3907.7071,247.39663,106.89119,106.89119,106.89119,5829.161,5872.3086,5884.5547,504.67313,1.6966378
2234000.0,1995.0193,5839.6269,4012.736,254.046,106.89119,106.89119,106.89119,5843.0482,5778.061,5897.7716,508.41091,1.6966378
2235000.0,1970.1358,5835.3917,4028.8619,255.06693,106.89119,106.89119,106.89119,5855.1477,5864.0036,5787.0239,508.78056,1.6966378
2236000.0,1919.8424,5847.9784,3969.9199,251.33532,106.89119,106.89119,106.89119,5883.229,5827.269,5833.4373,505.50022,1.6966378
2237000.0,2014.9922,5844.0993,3897.3354,246.74,106.89119,106.89119,106.89119,5770.2145,5878.8898,5883.1936,496.7391,1.6966378
2238000.0,2034.6504,5841.0492,3978.842,251.90018,106.89119,106.89119,106.89119,5798.5084,5875.3092,5849.3301,484.70071,1.6966378
2239000.0,2036.3966,5840.0071,3930.0587,248.81171,106.89119,106.89119,106.89119,5806.4013,5818.7563,5894.8637,496.16708,1.6966378
2240000.0,2075.1835,5867.0952,3940.6267,249.48077,106.89119,106.89119,106.89119,5869.0738,5852.199,5880.0128,497.70703,1.6966378
2241000.0,1987.3158,5859.4003,3928.904,248.7386,106.89119,106.89119,106.89119,5890.9651,5836.994,5850.2418,503.68053,1.6966378
2242000.0,2012.713,5840.2853,3929.3143,248.76458,106.89119,106.89119,106.89119,5840.3683,5863.3184,5817.1691,509.48264,1.6966378
2243000.0,1953.363,5819.3564,4027.6593,254.9908,106.89119,106.89119,106.89119,5892.0205,5821.5814,5744.4672,505.01056,1.6966378
2244000.0,2054.264,5866.4049,3971.0703,251.40815,106.89119,106.89119,106.89119,5857.6957,5877.9384,5863.5807,508.91747,1.6966378
2245000.0,1971.3137,5833.6317,3963.2102,250.91053,106.89119,106.89119,106.89119,5824.3422,5827.3372,5849.2156,510.03129,1.6966378
2246000.0,2029.083,5854.0191,3955.8298,250.44327,106.89119,106.89119,106.89119,5846.6633,5867.4744,5847.9196,504.53264,1.6966378
2247000.0,1985.2733,5847.8703,3923.2319,248.37951,106.89119,106.89119,106.89119,5900.0629,5844.5417,5799.0063,506.04534,1.6966378
2248000.0,1992.9461,5829.1971,3945.2472,249.77329,106.89119,106.89119,106.89119,5857.5391,5802.9601,5827.0922,508.29043,1.6966378
2249000.0,1994.7858,5827.6685,3872.661,245.17786,106.89119,106.89119,106.89119,5874.1132,5820.758,5788.1343,503.11439,1.6966378
2250000.0,2001.7027,5852.7222,4010.417,253.89919,106.89119,106.89119,106.89119,5853.0775,5855.8148,5849.2742,501.97824,1.6966378
2251000.0,2109.3873,5863.5226,3959.3133,250.66382,106.89119,106.89119,106.89119,5853.2958,5855.6074,5881.6647,496.99538,1.6966378
2252000.0,2054.5001,5848.647,3948.9507,250.00776,106.89119,106.89119,106.89119,5891.4494,5806.2405,5848.2511,497.99261,1.6966378
2253000.0,1998.9285,5844.1825,3845.0141,243.42754,106.89119,106.89119,106.89119,5842.5685,5854.9264,5835.0525,498.38031,1.6966378
2254000.0,1958.9525,5858.4359,3946.0591,249.82469,106.89119,106.89119,106.89119,5839.5667,5867.2736,5868.4674,498.07007,1.6966378
2255000.0,2017.9545,5869.8969,3989.4551,252.57209,106.89119,106.89119,106.89119,5889.1351,5840.8423,5879.7134,499.10141,1.6966378
2256000.0,2042.6821,5868.4203,3949.7071,250.05565,106.89119,106.89119,106.89119,5895.4151,5835.6647,5874.1812,496.68503,1.6966378
2257000.0,1978.6995,5844.1561,3998.1809,253.12452,106.89119,106.89119,106.89119,5875.6718,5815.0038,5841.7926,506.31571,1.6966378
2258000.0,2074.9089,5860.768,3928.559,248.71676,106.89119,106.89119,106.89119,5884.8594,5868.4506,5828.994,504.95348,1.6966378
2259000.0,2011.5086,5829.1517,3937.8742,249.30651,106.89119,106.89119,106.89119,5865.0418,5812.0541,5810.3593,509.80513,1.6966378
2260000.0,2088.9626,5858.3375,3993.7752,252.8456,106.89119,106.89119,106.89119,5912.6001,5808.3947,5854.0175,510.53232,1.6966378
2261000.0,2108.1989,5871.8212,3917.3209,248.00528,106.89119,106.89119,106.89119,5837.9424,5848.0452,5929.476,509.23951,1.6966378
2262000.0,2011.997,5854.5388,3945.588,249.79487,106.89119,106.89119,106.89119,5914.07,5857.0121,5792.5343,493.28704,1.6966378
2263000.0,2075.2309,5857.8769,3941.8136,249.55591,106.89119,106.89119,106.89119,5892.431,5873.6785,5807.5213,492.45403,1.6966378
2264000.0,2008.6804,5838.3629,3955.9206,250.44903,106.89119,106.89119,106.89119,5856.6468,5820.0218,5838.42,506.92833,1.6966378
2265000.0,1907.4723,5830.9868,3927.4966,248.6495,106.89119,106.89119,106.89119,5834.6668,5870.1741,5788.1193,503.76948,1.6966378
2266000.0,1918.8528,5831.1258,3922.6764,248.34434,106.89119,106.89119,106.89119,5842.6036,5867.9729,5782.8007,495.46824,1.6966378
2267000.0,1925.41,5811.6505,3888.2365,246.16395,106.89119,106.89119,106.89119,5876.2814,5787.0001,5771.6698,500.88257,1.6966378
2268000.0,1972.1526,5832.9099,3887.9899,246.14834,106.89119,106.89119,106.89119,5863.6326,5829.5002,5805.5968,493.19245,1.6966378
2269000.0,1993.1898,5833.8765,3967.1688,251.16115,106.89119,106.89119,106.89119,5871.8966,5787.1919,5842.541,498.67199,1.6966378
2270000.0,2008.5987,5854.4013,3906.5396,247.32271,106.89119,106.89119,106.89119,5841.2626,5826.7192,5895.2221,495.45743,1.6966378
2271000.0,2008.7344,5831.0881,3930.9093,248.86556,106.89119,106.89119,106.89119,5850.342,5859.6825,5783.2398,490.66008,1.6966378
2272000.0,2065.6144,5869.4877,3934.1809,249.07269,106.89119,106.89119,106.89119,5903.4231,5862.959,5842.0809,493.75784,1.6966378
2273000.0,2005.1039,5840.3477,3929.954,248.80508,106.89119,106.89119,106.89119,5841.9874,5819.2839,5859.7717,495.5105,1.6966378
2274000.0,2072.3645,5851.6245,3914.7323,247.8414,106.89119,106.89119,106.89119,5895.2597,5793.8035,5865.8103,511.69489,1.6966378
2275000.0,2075.5288,5865.6022,4036.8745,255.57421,106.89119,106.89119,106.89119,5896.467,5934.3093,5766.0302,512.00788,1.6966378
2276000.0,2031.5739,5857.827,3973.6458,251.57121,106.89119,106.89119,106.89119,5849.8185,5861.1902,5862.4724,507.41886,1.6966378
2277000.0,1994.2018,5858.2742,3949.6622,250.05281,106.89119,106.89119,106.89119,5892.7046,5867.1661,5814.9519,504.89387,1.6966378
2278000.0,2015.2679,5832.7454,3984.5573,252.26201,106.89119,106.89119,106.89119,5877.7713,5871.7477,5748.7171,505.21154,1.6966378
2279000.0,1998.7334,5842.9589,3969.2191,251.29095,106.89119,106.89119,106.89119,5812.9123,5889.7571,5826.2073,501.43832,1.6966378
2280000.0,2079.7333,5877.2226,3935.1535,249.13426,106.89119,106.89119,106.89119,5873.3928,5848.3014,5909.9737,496.78079,1.6966378
2281000.0,1982.5383,5822.8043,3980.5659,252.00931,106.89119,106.89119,106.89119,5872.5108,5839.6995,5756.2024,499.92847,1.6966378
2282000.0,1979.0638,5858.5206,3936.9603,249.24865,106.89119,106.89119,106.89119,5853.2578,5866.0852,5856.2188,505.27129,1.6966378
2283000.0,2004.8757,5851.7126,3962.2227,250.84801,106.89119,106.89119,106.89119,5777.1328,5864.0648,5913.9402,507.36477,1.6966378
2284000.0,1936.215,5848.6049,3905.6033,247.26344,106.89119,106.89119,106.89119,5858.6723,5836.232,5850.9105,504.44691,1.6966378
2285000.0,2076.1445,5858.0826,3971.3082,251.42321,106.89119,106.89119,106.89119,5833.6313,5898.6487,5841.9677,499.86409,1.6966378
2286000.0,2083.8527,5860.6179,4032.2536,255.28166,106.89119,106.89119,106.89119,5850.0533,5899.5208,5832.2797,490.15758,1.6966378
2287000.0,2009.8669,5887.916,3947.3997,249.90957,106.89119,106.89119,106.89119,5905.6879,5920.2201,5837.84,506.91702,1.6966378
2288000.0,2004.7427,5850.7077,3962.1901,250.84595,106.89119,106.89119,106.89119,5846.3723,5862.6531,5843.0978,503.44037,1.6966378
2289000.0,2018.6994,5858.3746,4004.0722,253.4975,106.89119,106.89119,106.89119,5891.0683,5882.7159,5801.3396,499.84721,1.6966378
2290000.0,2046.7442,5850.7311,3868.7038,244.92734,106.89119,106.89119,106.89119,5863.5323,5891.2642,5797.3967,500.06161,1.6966378
2291000.0,2055.0461,5868.3592,3959.5819,250.68082,106.89119,106.89119,106.89119,5883.0484,5955.469,5766.5604,500.40042,1.6966378
2292000.0,1999.9294,5849.2345,3925.3121,248.51121,106.89119,106.89119,106.89119,5845.6977,5872.768,5829.2378,499.18382,1.6966378
2293000.0,2094.6531,5881.3605,3955.5882,250.42798,106.89119,106.89119,106.89119,5854.8951,5896.059,5893.1274,506.06463,1.6966378
2294000.0,1978.7295,5837.3338,3960.1155,250.7146,106.89119,106.89119,106.89119,5872.9162,5815.8249,5823.2602,498.20494,1.6966378
2295000.0,2009.2489,5828.4125,3908.1746,247.42623,106.89119,106.89119,106.89119,5824.4911,5904.2614,5756.4851,499.65456,1.6966378
2296000.0,2077.694,5892.9781,3972.5165,251.49971,106.89119,106.89119,106.89119,5923.8681,5885.4927,5869.5736,510.45569,1.6966378
2297000.0,1989.7075,5838.8783,3941.529,249.53789,106.89119,106.89119,106.89119,5855.8269,5847.188,5813.6201,507.00145,1.6966378
2298000.0,1971.476,5859.4919,4018.3934,254.40417,106.89119,106.89119,106.89119,5876.5051,5845.4537,5856.5168,496.71369,1.6966378
2299000.0,2050.6537,5872.033,3945.8078,249.80879,106.89119,106.89119,106.89119,5854.6356,5897.3852,5864.0783,503.96702,1.6966378
2300000.0,2011.5633,5843.7277,3950.8028,250.12502,106.89119,106.89119,106.89119,5906.9082,5853.4473,5770.8274,496.00678,1.6966378
2301000.0,2029.6697,5860.0839,3971.752,251.45131,106.89119,106.89119,106.89119,5910.5063,5857.4744,5812.271,510.40672,1.6966378
2302000.0,2000.1116,5852.0593,3938.9762,249.37628,106.89119,106.89119,106.89119,5864.4448,5849.3175,5842.4157,503.64497,1.6966378
2303000.0,2083.4642,5892.6525,4023.3879,254.72038,106.89119,106.89119,106.89119,5947.6721,5877.5189,5852.7667,508.35193,1.6966378
2304000.0,2005.188,5847.5403,3961.6067,250.80901,106.89119,106.89119,106.89119,5893.1164,5871.3812,5778.1235,501.39466,1.6966378
2305000.0,1961.6171,5834.317,4027.3994,254.97434,106.89119,106.89119,106.89119,5828.4826,5864.5838,5809.8845,509.61211,1.6966378
2306000.0,1985.1858,5870.6691,3996.494,253.01772,106.89119,106.89119,106.89119,5884.2978,5909.7276,5817.9819,502.28016,1.6966378
2307000.0,2000.4745,5864.604,3830.7816,242.52648,106.89119,106.89119,106.89119,5839.9241,5949.0983,5804.7897,505.28874,1.6966378
2308000.0,2043.2731,5854.0254,3982.1587,252.11016,106.89119,106.89119,106.89119,5836.6532,5935.3795,5790.0436,506.7931,1.6966378
2309000.0,2033.3923,5868.5635,3857.6674,244.22862,106.89119,106.89119,106.89119,5914.6949,5891.0507,5799.945,507.74454,1.6966378
2310000.0,1943.9395,5815.1215,3972.9431,251.52672,106.89119,106.89119,106.89119,5816.247,5854.3609,5774.7567,508.03627,1.6966378
2311000.0,1977.8721,5843.7815,3994.9517,252.92008,106.89119,106.89119,106.89119,5847.0532,5872.9151,5811.3762,505.8988,1.6966378
2312000.0,2055.8394,5850.1579,3951.7482,250.18487,106.89119,106.89119,106.89119,5849.5659,5853.3518,5847.5561,505.13629,1.6966378
2313000.0,2033.56,5837.7809,3910.8725,247.59703,106.89119,106.89119,106.89119,5817.1077,5829.29,5866.9451,504.45229,1.6966378
2314000.0,2045.8471,5879.0324,3937.7989,249.30174,106.89119,106.89119,106.89119,5907.3065,5864.4907,5865.2999,507.68948,1.6966378
2315000.0,2014.2728,5854.0867,3916.007,247.9221,106.89119,106.89119,106.89119,5856.2362,5881.9977,5824.0264,510.36968,1.6966378
2316000.0,2022.9755,5843.398,3947.5998,249.92223,106.89119,106.89119,106.89119,5872.1059,5869.8307,5788.2575,504.50349,1.6966378
2317000.0,2049.3969,5882.5435,3966.9997,251.15044,106.89119,106.89119,106.89119,5907.7885,5848.6751,5891.1669,501.77051,1.6966378
2318000.0,1951.1389,5848.249,3954.291,250.34586,106.89119,106.89119,106.89119,5847.7857,5864.5914,5832.3699,504.25745,1.6966378
2319000.0,1972.591,5847.3206,3834.4916,242.76137,106.89119,106.89119,106.89119,5823.0546,5875.9654,5842.9417,502.81613,1.6966378
2320000.0,1992.4175,5851.4415,3875.5468,245.36056,106.89119,106.89119,106.89119,5829.1088,5882.9679,5842.2479,504.87893,1.6966378
2321000.0,2030.6026,5870.6919,3967.5293,251.18397,106.89119,106.89119,106.89119,5867.378,5892.0638,5852.6337,503.95804,1.6966378
2322000.0,2043.849,5867.1981,3952.5743,250.23717,106.89119,106.89119,106.89119,5841.3504,5916.6445,5843.5994,501.56282,1.6966378
2323000.0,2001.3449,5860.5498,3892.2021,246.41501,106.89119,106.89119,106.89119,5834.6752,5937.5772,5809.397,510.9372,1.6966378
2324000.0,1971.0196,5850.6463,3972.6918,251.51081,106.89119,106.89119,106.89119,5843.0845,5858.4749,5850.3795,509.33063,1.6966378
2325000.0,1992.4391,5829.8349,3899.8047,246.89633,106.89119,106.89119,106.89119,5893.7165,5844.0352,5751.753,510.86252,1.6966378
2326000.0,2090.3964,5855.2446,3978.5634,251.88254,106.89119,106.89119,106.89119,5832.5823,5916.5909,5816.5606,505.80787,1.6966378
2327000.0,1978.5334,5852.4889,3953.4267,250.29114,106.89119,106.89119,106.89119,5875.1953,5876.8526,5805.4187,502.21755,1.6966378
2328000.0,2017.4033,5859.2636,4001.7034,253.34753,106.89119,106.89119,106.89119,5874.1084,5920.9536,5782.7286,504.51291,1.6966378
2329000.0,2040.308,5858.9171,3940.226,249.4554,106.89119,106.89119,106.89119,5924.144,5815.1538,5837.4535,503.0995,1.6966378
2330000.0,1963.5775,5842.4529,3980.4981,252.00502,106.89119,106.89119,106.89119,5901.171,5806.2303,5819.9573,504.45111,1.6966378
2331000.0,1934.5277,5794.9911,4002.1661,253.37682,106.89119,106.89119,106.89119,5850.9857,5785.4968,5748.4909,504.76417,1.6966378
2332000.0,2015.5886,5867.4178,3951.2641,250.15422,106.89119,106.89119,106.89119,5904.9457,5860.6954,5836.6124,506.11573,1.6966378
2333000.0,1961.73,5836.769,3912.5456,247.70296,106.89119,106.89119,106.89119,5853.5228,5870.1595,5786.6245,504.15394,1.6966378
2334000.0,1954.6591,5846.3455,3915.5495,247.89313,106.89119,106.89119,106.89119,5880.9136,5879.6357,5778.4873,502.80899,1.6966378
2335000.0,1955.4677,5845.1716,4056.2077,256.79819,106.89119,106.89119,106.89119,5821.099,5903.7739,5810.6418,499.5421,1.6966378
2336000.0,2012.0765,5860.521,4007.2954,253.70156,106.89119,106.89119,106.89119,5863.9703,5930.9643,5786.6286,487.60983,1.6966378
2337000.0,1904.1878,5838.3792,3976.9348,251.77944,106.89119,106.89119,106.89119,5879.653,5844.3191,5791.1655,501.51697,1.6966378
2338000.0,1942.0958,5830.1623,3892.9302,246.4611,106.89119,106.89119,106.89119,5837.9746,5854.5804,5797.932,502.52331,1.6966378
2339000.0,1974.0774,5865.3903,3942.4431,249.59577,106.89119,106.89119,106.89119,5884.2083,5881.4808,5830.4819,500.65758,1.6966378
2340000.0,1973.625,5832.0638,3914.258,247.81137,106.89119,106.89119,106.89119,5874.0041,5848.6499,5773.5374,498.0822,1.6966378
2341000.0,2047.1524,5868.4854,4021.0627,254.57317,106.89119,106.89119,106.89119,5899.9727,5815.0175,5890.4661,505.88044,1.6966378
2342000.0,2012.916,5842.4679,3910.5121,247.57421,106.89119,106.89119,106.89119,5838.5669,5859.0976,5829.7393,499.70603,1.6966378
2343000.0,1999.5861,5864.7889,3960.6471,250.74826,106.89119,106.89119,106.89119,5878.2192,5853.2895,5862.8579,496.69242,1.6966378
2344000.0,2082.4587,5876.3067,3961.9857,250.83301,106.89119,106.89119,106.89119,5899.9057,5897.8582,5831.1561,502.11591,1.6966378
2345000.0,2030.2083,5833.4837,3890.5922,246.31309,106.89119,106.89119,106.89119,5808.3719,5885.8319,5806.2474,504.38145,1.6966378
2346000.0,2051.6653,5866.5951,3931.4853,248.90203,106.89119,106.89119,106.89119,5867.4897,5900.7286,5831.567,505.47317,1.6966378
2347000.0,1989.832,5844.9507,3950.7996,250.12481,106.89119,106.89119,106.89119,5823.3378,5857.2511,5854.2633,502.22663,1.6966378
2348000.0,2048.1472,5857.8365,3934.809,249.11245,106.89119,106.89119,106.89119,5843.6101,5911.2742,5818.6251,505.76401,1.6966378
2349000.0,1951.7027,5827.3759,3964.6347,251.00072,106.89119,106.89119,106.89119,5811.3277,5870.7968,5800.0031,504.52811,1.6966378
2350000.0,1935.4718,5827.689,3995.8875,252.97933,106.89119,106.89119,106.89119,5856.9427,5853.3636,5772.7606,506.78465,1.6966378
2351000.0,1947.2799,5838.7095,3899.4522,246.87402,106.89119,106.89119,106.89119,5889.6473,5828.44,5798.0411,504.00129,1.6966378
2352000.0,2027.771,5837.0884,3901.8783,247.02761,106.89119,106.89119,106.89119,5814.916,5891.1827,5805.1664,501.35958,1.6966378
2353000.0,1991.0067,5839.2865,3932.4685,248.96427,106.89119,106.89119,106.89119,5746.1811,5909.2788,5862.3998,503.05114,1.6966378
2354000.0,1975.9602,5835.7392,3961.1363,250.77923,106.89119,106.89119,106.89119,5753.9448,5892.8333,5860.4395,500.93246,1.6966378
2355000.0,2023.0415,5865.9321,4047.4839,256.24589,106.89119,106.89119,106.89119,5857.107,5918.5984,5822.091,503.54594,1.6966378
2356000.0,2081.2335,5861.7373,3916.3984,247.94688,106.89119,106.89119,106.89119,5869.2213,5898.4688,5817.522,502.19717,1.6966378
2357000.0,2085.4212,5883.102,4072.4076,257.82381,106.89119,106.89119,106.89119,5895.4373,5880.1567,5873.7119,501.17256,1.6966378
2358000.0,2062.8274,5881.5814,3909.6939,247.52242,106.89119,106.89119,106.89119,5883.7653,5918.8216,5842.1574,499.96937,1.6966378
2359000.0,2061.0303,5870.771,3981.2891,252.0551,106.89119,106.89119,106.89119,5911.3867,5885.3926,5815.5339,495.73551,1.6966378
2360000.0,2032.0087,5864.071,3897.2959,246.7375,106.89119,106.89119,106.89119,5857.4617,5854.6417,5880.1096,489.50374,1.6966378
2361000.0,2089.417,5869.1044,3973.3215,251.55067,106.89119,106.89119,106.89119,5946.2772,5894.6721,5766.3639,499.61916,1.6966378
2362000.0,2007.5825,5849.0813,3977.8926,251.84007,106.89119,106.89119,106.89119,5902.2255,5809.6978,5835.3205,505.91558,1.6966378
2363000.0,2026.421,5851.7177,3984.4269,252.25376,106.89119,106.89119,106.89119,5868.6418,5832.2319,5854.2795,506.23838,1.6966378
2364000.0,1978.6026,5841.3927,3939.446,249.40602,106.89119,106.89119,106.89119,5797.0251,5865.0091,5862.144,502.96241,1.6966378
2365000.0,2025.6754,5852.4937,3864.6345,244.66971,106.89119,106.89119,106.89119,5853.099,5888.7578,5815.6243,496.40476,1.6966378
2366000.0,2008.1392,5837.617,3953.919,250.3223,106.89119,106.89119,106.89119,5865.6014,5837.2861,5809.9634,506.05855,1.6966378
2367000.0,2058.7528,5854.9377,3999.0926,253.18224,106.89119,106.89119,106.89119,5785.6212,5936.9884,5842.2036,499.13542,1.6966378
2368000.0,2025.9023,5870.0074,3974.7591,251.64169,106.89119,106.89119,106.89119,5873.3267,5916.3795,5820.316,501.4884,1.6966378
2369000.0,2037.252,5857.497,3953.0492,250.26724,106.89119,106.89119,106.89119,5826.2161,5921.3834,5824.8913,494.60796,1.6966378
2370000.0,1993.0812,5836.7255,4007.3349,253.70406,106.89119,106.89119,106.89119,5854.3399,5871.5596,5784.2771,505.14716,1.6966378
2371000.0,1961.2864,5807.2915,3988.9216,252.53831,106.89119,106.89119,106.89119,5847.1019,5833.624,5741.1486,503.58762,1.6966378
2372000.0,2052.766,5830.9854,3960.352,250.72958,106.89119,106.89119,106.89119,5833.5523,5846.4559,5812.948,500.25737,1.6966378
2373000.0,2015.3456,5844.0768,3931.8597,248.92573,106.89119,106.89119,106.89119,5820.8184,5911.7503,5799.6615,492.74967,1.6966378
2374000.0,1998.4788,5849.4438,3929.919,248.80287,106.89119,106.89119,106.89119,5819.0038,5890.6436,5838.684,497.82849,1.6966378
2375000.0,1988.2423,5841.7856,3921.2521,248.25417,106.89119,106.89119,106.89119,5783.9526,5930.2745,5811.1297,498.15415,1.6966378
2376000.0,2007.6049,5857.7735,3988.5067,252.51205,106.89119,106.89119,106.89119,5821.5913,5871.6199,5880.1091,495.18687,1.6966378
2377000.0,1940.6316,5804.057,3914.8638,247.84972,106.89119,106.89119,106.89119,5825.0316,5855.0314,5732.1079,489.01863,1.6966378
2378000.0,1986.7179,5844.6893,3960.9615,250.76816,106.89119,106.89119,106.89119,5843.39,5886.574,5804.1039,493.02102,1.6966378
2379000.0,2040.5141,5848.322,4005.0181,253.55738,106.89119,106.89119,106.89119,5900.2815,5822.6683,5822.0161,495.63788,1.6966378
2380000.0,2049.8051,5834.0947,3924.6976,248.4723,106.89119,106.89119,106.89119,5905.5631,5792.3703,5804.3505,503.71167,1.6966378
2381000.0,1977.393,5828.5307,3936.7209,249.23349,106.89119,106.89119,106.89119,5822.1481,5852.3727,5811.0711,495.25968,1.6966378
2382000.0,2003.8368,5836.3691,3919.0591,248.11532,106.89119,106.89119,106.89119,5846.5622,5847.9952,5814.5498,506.12784,1.6966378
2383000.0,2002.5607,5839.7738,3965.9567,251.08441,106.89119,106.89119,106.89119,5802.5584,5894.5946,5822.1684,505.41867,1.6966378
2384000.0,2009.0228,5831.1584,3982.6923,252.14394,106.89119,106.89119,106.89119,5854.5521,5879.8597,5759.0635,504.52888,1.6966378
2385000.0,2006.2012,5831.2309,3977.0766,251.78841,106.89119,106.89119,106.89119,5830.063,5874.2579,5789.3719,501.2221,1.6966378
2386000.0,2020.1409,5843.3464,3967.3168,251.17052,106.89119,106.89119,106.89119,5846.2274,5838.4542,5845.3576,504.94985,1.6966378
2387000.0,2015.1298,5848.8359,3974.3036,251.61285,106.89119,106.89119,106.89119,5895.5183,5881.0481,5769.9414,504.6894,1.6966378
2388000.0,2078.9306,5866.5389,4005.1821,253.56777,106.89119,106.89119,106.89119,5895.9403,5891.2557,5812.4208,499.36264,1.6966378
2389000.0,2017.2208,5847.623,3881.9911,245.76855,106.89119,106.89119,106.89119,5884.6982,5879.4075,5778.7633,500.56596,1.6966378
2390000.0,2074.5758,5871.8836,3930.8781,248.86359,106.89119,106.89119,106.89119,5901.0843,5933.8482,5780.7182,503.94532,1.6966378
2391000.0,1990.9578,5817.1334,3941.9395,249.56388,106.89119,106.89119,106.89119,5840.5949,5883.4296,5727.3756,502.32707,1.6966378
2392000.0,1981.6784,5835.5027,3898.0586,246.78578,106.89119,106.89119,106.89119,5897.5148,5836.3128,5772.6806,498.98427,1.6966378
2393000.0,1918.7259,5824.7163,3978.4347,251.87439,106.89119,106.89119,106.89119,5858.1176,5889.4348,5726.5965,496.5862,1.6966378
2394000.0,2048.2889,5835.9309,3930.6482,248.84903,106.89119,106.89119,106.89119,5861.6761,5846.6696,5799.4468,503.66145,1.6966378
2395000.0,2015.979,5835.1207,4024.0336,254.76126,106.89119,106.89119,106.89119,5873.7866,5836.6146,5794.9609,494.78022,1.6966378
2396000.0,2089.8778,5856.6132,3943.2577,249.64734,106.89119,106.89119,106.89119,5896.0088,5886.7599,5787.0709,504.51285,1.6966378
2397000.0,1994.7613,5826.5486,3917.0145,247.98588,106.89119,106.89119,106.89119,5824.4785,5879.5872,5775.58,505.38676,1.6966378
2398000.0,2009.5157,5837.9621,3939.3097,249.39739,106.89119,106.89119,106.89119,5829.5381,5900.6848,5783.6636,503.79824,1.6966378
2399000.0,1956.3405,5834.1201,3953.2794,250.28181,106.89119,106.89119,106.89119,5842.4524,5898.9909,5760.917,504.51338,1.6966378
2400000.0,2010.4119,5835.7854,4004.0253,253.49453,106.89119,106.89119,106.89119,5881.7127,5843.9595,5781.6839,503.18715,1.6966378
2401000.0,2022.7306,5849.9429,3959.4742,250.674,106.89119,106.89119,106.89119,5873.4206,5842.2389,5834.169,503.13283,1.6966378
2402000.0,2039.9846,5847.9313,4007.7986,253.73342,106.89119,106.89119,106.89119,5868.6425,5888.1969,5786.9546,494.93834,1.6966378
2403000.0,2058.5822,5867.6627,3985.5899,252.32738,106.89119,106.89119,106.89119,5909.1217,5901.4884,5792.3781,499.64728,1.6966378
2404000.0,1912.9429,5825.8204,3915.8499,247.91215,106.89119,106.89119,106.89119,5839.3249,5836.9574,5801.1789,510.03497,1.6966378
2405000.0,2086.4436,5853.6805,3919.6197,248.15082,106.89119,106.89119,106.89119,5902.1958,5881.6316,5777.214,512.1618,1.6966378
2406000.0,2010.171,5843.1242,3880.0268,245.64419,106.89119,106.89119,106.89119,5863.1105,5852.8751,5813.387,501.32718,1.6966378
2407000.0,1974.7668,5849.0406,3938.9118,249.3722,106.89119,106.89119,106.89119,5870.3799,5905.4737,5771.2683,505.89473,1.6966378
2408000.0,2007.7103,5855.184,4000.9062,253.29706,106.89119,106.89119,106.89119,5874.2454,5843.6959,5847.6107,492.5212,1.6966378
2409000.0,2032.9383,5837.6159,3876.6221,245.42864,106.89119,106.89119,106.89119,5845.2638,5874.0575,5793.5264,495.54698,1.6966378
2410000.0,1951.8778,5823.561,3958.4088,250.60655,106.89119,106.89119,106.89119,5763.1893,5907.3056,5800.1882,497.46491,1.6966378
2411000.0,2026.0148,5852.7204,3961.5581,250.80593,106.89119,106.89119,106.89119,5874.1097,5881.9792,5802.0723,491.77809,1.6966378
2412000.0,1943.9506,5826.1678,3920.6221,248.21428,106.89119,106.89119,106.89119,5837.9585,5813.327,5827.2181,494.72025,1.6966378
2413000.0,1957.7118,5830.4403,3932.1857,248.94637,106.89119,106.89119,106.89119,5870.0226,5853.5427,5767.7555,494.08184,1.6966378
2414000.0,1947.5285,5831.1626,3936.4869,249.21868,106.89119,106.89119,106.89119,5874.1241,5811.6097,5807.7539,496.88989,1.6966378
2415000.0,1957.1983,5848.9321,3992.3436,252.75496,106.89119,106.89119,106.89119,5856.5598,5868.7326,5821.5039,500.03685,1.6966378
2416000.0,2003.0151,5851.8655,3903.6841,247.14194,106.89119,106.89119,106.89119,5881.3692,5861.2242,5813.003,499.19872,1.6966378
2417000.0,1925.3966,5808.9655,4020.501,254.53761,106.89119,106.89119,106.89119,5858.2957,5796.5882,5772.0127,499.07398,1.6966378
2418000.0,2000.6324,5827.9648,3912.9036,247.72562,106.89119,106.89119,106.89119,5853.4198,5841.8915,5788.5832,494.65623,1.6966378
2419000.0,2000.0726,5850.2394,3997.4562,253.07864,106.89119,106.89119,106.89119,5847.7035,5862.1358,5840.8789,497.83101,1.6966378
2420000.0,1988.1044,5836.8797,3929.3383,248.7661,106.89119,106.89119,106.89119,5863.2082,5819.0041,5828.4267,495.34582,1.6966378
2421000.0,1998.9172,5824.3076,3989.5661,252.57912,106.89119,106.89119,106.89119,5867.4812,5830.9084,5774.5333,503.9272,1.6966378
2422000.0,1944.191,5820.7533,3964.0926,250.9664,106.89119,106.89119,106.89119,5837.106,5877.3206,5747.8334,495.78273,1.6966378
2423000.0,2031.0762,5850.3597,4023.9177,254.75392,106.89119,106.89119,106.89119,5842.285,5890.9932,5817.801,494.2868,1.6966378
2424000.0,2057.2398,5868.5455,3995.5439,252.95757,106.89119,106.89119,106.89119,5933.0299,5889.4192,5783.1875,491.17535,1.6966378
2425000.0,1986.6793,5844.1438,3895.2851,246.6102,106.89119,106.89119,106.89119,5847.1811,5872.2325,5813.0178,498.50531,1.6966378
2426000.0,1976.5491,5854.5027,3877.2945,245.47121,106.89119,106.89119,106.89119,5841.0973,5905.2869,5817.1239,495.67427,1.6966378
2427000.0,2039.6167,5861.7838,3927.9647,248.67914,106.89119,106.89119,106.89119,5893.0331,5889.765,5802.5532,497.5598,1.6966378
2428000.0,1998.9619,5844.2095,3925.9141,248.54931,106.89119,106.89119,106.89119,5878.2986,5895.1674,5759.1624,494.48279,1.6966378
2429000.0,1992.7576,5826.5429,3927.2765,248.63557,106.89119,106.89119,106.89119,5828.8752,5894.7203,5756.0332,496.89267,1.6966378
2430000.0,2029.953,5839.1844,3919.8159,248.16324,106.89119,106.89119,106.89119,5891.0317,5815.9047,5810.6167,506.32469,1.6966378
2431000.0,2008.2663,5846.2394,3948.5488,249.98232,106.89119,106.89119,106.89119,5908.0016,5856.9716,5773.7449,505.79637,1.6966378
2432000.0,2032.431,5849.795,4032.6297,255.30547,106.89119,106.89119,106.89119,5830.3109,5919.9579,5799.1163,507.24548,1.6966378
2433000.0,2005.4143,5825.0345,3906.3093,247.30814,106.89119,106.89119,106.89119,5821.2479,5879.7632,5774.0924,496.63932,1.6966378
2434000.0,1980.3153,5862.4691,3998.3946,253.13805,106.89119,106.89119,106.89119,5898.6837,5890.251,5798.4727,501.73122,1.6966378
2435000.0,1975.81,5830.0939,3929.3471,248.76666,106.89119,106.89119,106.89119,5792.0157,5904.2927,5793.9733,493.05822,1.6966378
2436000.0,2008.9709,5846.0397,3975.1672,251.66753,106.89119,106.89119,106.89119,5837.9497,5881.4326,5818.7367,500.66345,1.6966378
2437000.0,2015.4544,5837.2202,4014.7706,254.17481,106.89119,106.89119,106.89119,5845.8564,5835.6697,5830.1346,504.22956,1.6966378
2438000.0,2060.9777,5852.1492,3917.6616,248.02685,106.89119,106.89119,106.89119,5841.0564,5886.4218,5828.9694,501.58624,1.6966378
2439000.0,1955.8711,5850.2995,3981.9341,252.09593,106.89119,106.89119,106.89119,5839.1856,5927.4361,5784.2769,495.76974,1.6966378
2440000.0,2085.5331,5852.8372,3940.1504,249.45062,106.89119,106.89119,106.89119,5863.0784,5849.2982,5846.1348,500.80983,1.6966378
2441000.0,1940.472,5821.0861,3952.5312,250.23444,106.89119,106.89119,106.89119,5890.489,5800.559,5772.2102,499.50772,1.6966378
2442000.0,2033.5431,5852.5831,3959.886,250.70007,106.89119,106.89119,106.89119,5854.5389,5876.8907,5826.3198,498.88401,1.6966378
2443000.0,2024.3642,5859.0684,3998.3185,253.13323,106.89119,106.89119,106.89119,5892.0735,5882.6397,5802.4919,498.41041,1.6966378
2444000.0,1972.7432,5843.388,3835.3755,242.81733,106.89119,106.89119,106.89119,5809.7498,5925.0515,5795.3627,497.55541,1.6966378
2445000.0,2058.968,5852.5004,3974.9981,251.65682,106.89119,106.89119,106.89119,5907.5757,5844.8087,5805.1168,495.49808,1.6966378
2446000.0,2007.5974,5831.4527,3926.371,248.57824,106.89119,106.89119,106.89119,5855.3835,5843.5362,5795.4385,492.90928,1.6966378
2447000.0,2084.7258,5871.3765,3897.6428,246.75946,106.89119,106.89119,106.89119,5830.772,5939.0901,5844.2673,494.64157,1.6966378
2448000.0,2001.1437,5828.3143,3914.6965,247.83913,106.89119,106.89119,106.89119,5815.1877,5834.9399,5834.8153,492.82166,1.6966378
2449000.0,2065.0284,5870.8806,3965.7071,251.06861,106.89119,106.89119,106.89119,5879.8954,5876.6376,5856.109,504.61018,1.6966378
2450000.0,1976.8161,5823.5247,3996.3638,253.00948,106.89119,106.89119,106.89119,5836.2303,5843.111,5791.2329,499.3019,1.6966378
2451000.0,2011.1966,5856.6736,3962.6517,250.87517,106.89119,106.89119,106.89119,5880.906,5873.1955,5815.9192,495.2615,1.6966378
2452000.0,2070.6832,5885.3248,3925.0593,248.4952,106.89119,106.89119,106.89119,5893.0516,5924.6194,5838.3033,498.45175,1.6966378
2453000.0,2064.8957,5840.2852,3937.386,249.2756,106.89119,106.89119,106.89119,5856.8229,5890.8316,5773.2012,497.76984,1.6966378
2454000.0,2050.006,5834.1328,3972.1354,251.47558,106.89119,106.89119,106.89119,5861.0136,5834.3165,5807.0682,505.74568,1.6966378
2455000.0,1964.3693,5806.1503,3961.5505,250.80545,106.89119,106.89119,106.89119,5830.5126,5823.1215,5764.8169,503.43148,1.6966378
2456000.0,2036.3629,5853.1924,3959.1935,250.65623,106.89119,106.89119,106.89119,5866.0852,5872.3371,5821.1548,501.26306,1.6966378
2457000.0,2023.989,5871.1988,3934.5687,249.09724,106.89119,106.89119,106.89119,5881.8644,5883.4378,5848.2942,492.23911,1.6966378
2458000.0,2004.2277,5840.5084,3951.5866,250.17464,106.89119,106.89119,106.89119,5876.6812,5838.6549,5806.1891,501.9484,1.6966378
2459000.0,1992.9654,5850.0738,3916.4852,247.95237,106.89119,106.89119,106.89119,5876.5593,5854.8073,5818.8548,501.03448,1.6966378
2460000.0,2009.6802,5863.395,3957.9493,250.57746,106.89119,106.89119,106.89119,5952.1001,5851.448,5786.6369,495.39554,1.6966378
2461000.0,1915.2406,5844.9626,3913.2031,247.74458,106.89119,106.89119,106.89119,5892.2725,5849.5474,5793.0677,488.54597,1.6966378
2462000.0,1982.7913,5837.2991,4003.8472,253.48325,106.89119,106.89119,106.89119,5873.0239,5893.2542,5745.6193,503.77268,1.6966378
2463000.0,2002.2531,5843.2328,3882.7987,245.81968,106.89119,106.89119,106.89119,5883.7086,5844.7801,5801.2098,507.72908,1.6966378
2464000.0,2033.3366,5848.5398,3955.5994,250.42869,106.89119,106.89119,106.89119,5855.4217,5872.6808,5817.5167,504.90739,1.6966378
2465000.0,1974.8516,5838.4506,3975.5311,251.69057,106.89119,106.89119,106.89119,5838.7496,5866.659,5809.9433,504.64818,1.6966378
2466000.0,1967.9199,5828.8418,3930.8778,248.86357,106.89119,106.89119,106.89119,5857.8779,5851.8973,5776.7503,503.23289,1.6966378
2467000.0,2042.4422,5838.9722,3960.6416,250.74791,106.89119,106.89119,106.89119,5886.7031,5828.336,5801.8774,500.30625,1.6966378
2468000.0,1990.9505,5818.3565,3931.4295,248.8985,106.89119,106.89119,106.89119,5861.2674,5802.0017,5791.8003,499.26191,1.6966378
2469000.0,2036.2883,5861.0907,3915.921,247.91665,106.89119,106.89119,106.89119,5865.4498,5946.4134,5771.4089,505.11099,1.6966378
2470000.0,2012.201,5836.1736,3974.0902,251.59934,106.89119,106.89119,106.89119,5855.5369,5872.961,5780.0229,496.93919,1.6966378
2471000.0,1980.5464,5832.6609,4021.4333,254.59663,106.89119,106.89119,106.89119,5831.2675,5831.8815,5834.8337,503.51957,1.6966378
2472000.0,2014.7538,5827.564,3894.3857,246.55325,106.89119,106.89119,106.89119,5890.2071,5833.4278,5759.0572,504.15329,1.6966378
2473000.0,2027.0852,5861.8314,3941.638,249.5448,106.89119,106.89119,106.89119,5878.1605,5871.6419,5835.6918,503.84583,1.6966378
2474000.0,1995.3443,5851.5316,3942.8883,249.62395,106.89119,106.89119,106.89119,5887.7668,5837.8433,5828.9846,499.28321,1.6966378
2475000.0,1958.6719,5834.8598,4015.6275,254.22907,106.89119,106.89119,106.89119,5862.6676,5851.761,5790.1507,503.6504,1.6966378
2476000.0,1977.3818,5841.5185,4018.6702,254.4217,106.89119,106.89119,106.89119,5875.1491,5867.0736,5782.3327,501.73053,1.6966378
2477000.0,1976.4165,5834.7419,3893.8622,246.52011,106.89119,106.89119,106.89119,5890.8256,5843.7935,5769.6065,502.81298,1.6966378
2478000.0,2094.9855,5866.3896,3941.9016,249.56148,106.89119,106.89119,106.89119,5894.218,5885.5535,5819.3974,500.93041,1.6966378
2479000.0,1979.7054,5823.2115,4007.3967,253.70797,106.89119,106.89119,106.89119,5927.5546,5814.5779,5727.5019,504.07667,1.6966378
2480000.0,1989.8018,5878.6717,3853.1135,243.94031,106.89119,106.89119,106.89119,5910.9796,5882.8767,5842.1586,499.15257,1.6966378
2481000.0,1940.448,5824.5168,3879.6299,245.61907,106.89119,106.89119,106.89119,5850.3697,5848.4162,5774.7647,500.72041,1.6966378
2482000.0,2015.9298,5837.0574,3887.7944,246.13596,106.89119,106.89119,106.89119,5889.7625,5834.8049,5786.6047,503.09829,1.6966378
2483000.0,1992.8678,5842.9791,3988.367,252.50321,106.89119,106.89119,106.89119,5863.4458,5843.2134,5822.278,491.6959,1.6966378
2484000.0,1989.595,5840.7708,3902.1044,247.04192,106.89119,106.89119,106.89119,5876.1841,5836.1466,5809.9817,505.3256,1.6966378
2485000.0,1974.3839,5811.0844,3922.1667,248.31207,106.89119,106.89119,106.89119,5829.0624,5829.1091,5775.0816,504.28683,1.6966378
2486000.0,1996.993,5834.9706,3886.3354,246.04359,106.89119,106.89119,106.89119,5850.4505,5866.729,5787.7324,502.89062,1.6966378
2487000.0,1979.1166,5841.2665,4008.0889,253.7518,106.89119,106.89119,106.89119,5858.6629,5873.5794,5791.5572,493.95372,1.6966378
2488000.0,2152.7085,5857.4016,3953.9349,250.32331,106.89119,106.89119,106.89119,5903.5799,5873.5755,5795.0492,497.89259,1.6966378
2489000.0,1984.3817,5853.4536,3967.8537,251.20451,106.89119,106.89119,106.89119,5900.6712,5866.9734,5792.7163,507.08301,1.6966378
2490000.0,1927.8006,5818.3012,3972.18,251.47841,106.89119,106.89119,106.89119,5837.2789,5839.7897,5777.8349,505.9246,1.6966378
2491000.0,2013.8271,5848.5261,3938.856,249.36867,106.89119,106.89119,106.89119,5844.9319,5876.0596,5824.5866,496.59063,1.6966378
2492000.0,1984.8245,5855.2188,3886.8932,246.07891,106.89119,106.89119,106.89119,5875.9243,5876.5354,5813.1968,496.1613,1.6966378
2493000.0,2042.4798,5843.3615,3937.8457,249.30471,106.89119,106.89119,106.89119,5796.3047,5941.5655,5792.2143,489.17385,1.6966378
2494000.0,1962.6633,5813.3143,3920.1475,248.18423,106.89119,106.89119,106.89119,5795.6396,5863.9622,5780.3412,496.48068,1.6966378
2495000.0,2023.8579,5848.7818,3960.512,250.7397,106.89119,106.89119,106.89119,5866.4554,5894.1591,5785.7309,498.12911,1.6966378
2496000.0,2013.5799,5844.5067,3923.888,248.42105,106.89119,106.89119,106.89119,5875.1686,5960.4923,5697.8591,498.25119,1.6966378
2497000.0,1995.7494,5833.361,3911.5176,247.63787,106.89119,106.89119,106.89119,5906.9093,5852.3286,5740.8452,502.3215,1.6966378
2498000.0,1957.2122,5839.6358,3984.3609,252.24958,106.89119,106.89119,106.89119,5843.6553,5878.3596,5796.8925,501.9785,1.6966378
2499000.0,1976.6149,5819.0895,3979.589,251.94747,106.89119,106.89119,106.89119,5845.4407,5851.7949,5760.0329,506.80777,1.6966378
2500000.0,1986.1963,5849.5369,3948.184,249.95922,106.89119,106.89119,106.89119,5849.4791,5886.4247,5812.7069,495.85817,1.6966378
2501000.0,2033.5709,5867.9378,3955.7107,250.43574,106.89119,106.89119,106.89119,5918.8515,5872.5724,5812.3895,486.56332,1.6966378
2502000.0,1933.6588,5839.708,3966.4612,251.11635,106.89119,106.89119,106.89119,5906.227,5815.4278,5797.4693,496.04141,1.6966378
2503000.0,1974.6349,5859.1675,4021.5293,254.60271,106.89119,106.89119,106.89119,5785.1769,5912.8298,5879.4957,492.88412,1.6966378
2504000.0,2023.4954,5863.14,4012.4375,254.02711,106.89119,106.89119,106.89119,5894.8933,5880.4337,5814.0932,493.42133,1.6966378
2505000.0,1961.6025,5830.8931,3932.499,248.96621,106.89119,106.89119,106.89119,5861.8797,5860.7223,5770.0774,494.72495,1.6966378
2506000.0,2009.4857,5835.7221,3932.8671,248.98951,106.89119,106.89119,106.89119,5859.1926,5864.3427,5783.6311,498.11938,1.6966378
2507000.0,2019.3171,5857.4636,3950.6748,250.11691,106.89119,106.89119,106.89119,5933.5522,5860.8973,5777.9415,498.13426,1.6966378
2508000.0,2015.6358,5854.0251,3951.959,250.19822,106.89119,106.89119,106.89119,5909.2307,5815.2259,5837.6185,498.30449,1.6966378
2509000.0,1999.6857,5847.2322,4000.8485,253.29341,106.89119,106.89119,106.89119,5871.0893,5861.0556,5809.5518,496.6993,1.6966378
2510000.0,2091.4018,5864.8111,3928.4499,248.70986,106.89119,106.89119,106.89119,5851.516,5906.6792,5836.238,489.56113,1.6966378
2511000.0,2037.7048,5863.83,3955.9071,250.44817,106.89119,106.89119,106.89119,5895.9177,5875.9967,5819.5756,504.79925,1.6966378
2512000.0,2050.9546,5858.0518,3932.4531,248.9633,106.89119,106.89119,106.89119,5876.4195,5880.7894,5816.9466,497.54778,1.6966378
2513000.0,1996.6344,5825.2395,3864.0033,244.62975,106.89119,106.89119,106.89119,5833.8135,5827.0013,5814.9037,501.73304,1.6966378
2514000.0,2021.1964,5849.1553,3932.7161,248.97995,106.89119,106.89119,106.89119,5852.3982,5855.2214,5839.8465,481.71503,1.6966378
2515000.0,2067.4366,5848.597,4007.9356,253.74209,106.89119,106.89119,106.89119,5843.1236,5890.9658,5811.7017,494.49559,1.6966378
2516000.0,1930.6639,5824.3284,3963.9175,250.95531,106.89119,106.89119,106.89119,5799.9139,5884.9798,5788.0916,490.69677,1.6966378
2517000.0,1986.4296,5824.7496,3989.3063,252.56267,106.89119,106.89119,106.89119,5873.8962,5849.9033,5750.4494,486.25525,1.6966378
2518000.0,1973.1452,5864.1263,3890.604,246.31384,106.89119,106.89119,106.89119,5810.7696,5948.1669,5833.4423,490.29432,1.6966378
2519000.0,1968.8401,5799.1964,3994.5673,252.89575,106.89119,106.89119,106.89119,5839.3403,5794.2012,5764.0478,487.2322,1.6966378
2520000.0,2035.5474,5836.7039,3910.5862,247.57891,106.89119,106.89119,106.89119,5776.8072,5872.7057,5860.5989,500.45563,1.6966378
2521000.0,2014.7015,5865.5221,3999.6187,253.21555,106.89119,106.89119,106.89119,5857.1985,5911.8961,5827.4717,501.18985,1.6966378
2522000.0,2089.39,5880.7997,3927.5685,248.65405,106.89119,106.89119,106.89119,5908.4594,5953.0241,5780.9154,493.80601,1.6966378
2523000.0,1924.1029,5833.8474,3962.7532,250.8816,106.89119,106.89119,106.89119,5834.6665,5888.2574,5778.6182,505.86452,1.6966378
2524000.0,2003.2233,5883.174,3944.6912,249.73809,106.89119,106.89119,106.89119,5893.6503,5962.348,5793.5236,499.72963,1.6966378
2525000.0,1937.0798,5819.8051,3987.1458,252.42589,106.89119,106.89119,106.89119,5805.4682,5881.0916,5772.8554,502.82464,1.6966378
2526000.0,2007.8384,5849.2298,3915.4949,247.88968,106.89119,106.89119,106.89119,5853.0309,5855.0181,5839.6403,500.09047,1.6966378
2527000.0,2021.4841,5841.9205,3956.4394,250.48187,106.89119,106.89119,106.89119,5867.9768,5860.7196,5797.0652,502.63817,1.6966378
2528000.0,1889.8197,5822.0043,3912.1086,247.67529,106.89119,106.89119,106.89119,5840.6546,5821.2819,5804.0762,504.90652,1.6966378
2529000.0,1989.0204,5839.5206,3957.9111,250.57505,106.89119,106.89119,106.89119,5828.7678,5849.5083,5840.2856,498.67202,1.6966378
2530000.0,1992.2222,5857.1456,3912.234,247.68323,106.89119,106.89119,106.89119,5876.1623,5881.3169,5813.9575,504.66535,1.6966378
2531000.0,1960.676,5830.3687,4028.3995,255.03766,106.89119,106.89119,106.89119,5829.9591,5900.4696,5760.6775,504.09049,1.6966378
2532000.0,2070.8096,5850.5674,3946.4297,249.84816,106.89119,106.89119,106.89119,5813.1479,5964.7313,5773.8229,506.75039,1.6966378
2533000.0,2039.4695,5858.9799,3948.0469,249.95054,106.89119,106.89119,106.89119,5884.3392,5929.7632,5762.8373,498.57163,1.6966378
2534000.0,1994.0648,5860.8138,4008.8825,253.80204,106.89119,106.89119,106.89119,5831.2812,5906.996,5844.1642,494.51707,1.6966378
2535000.0,1958.7681,5852.296,3994.4663,252.88935,106.89119,106.89119,106.89119,5839.559,5878.924,5838.4052,496.44742,1.6966378
2536000.0,2018.9035,5870.6074,3956.2027,250.46688,106.89119,106.89119,106.89119,5883.5615,5901.7008,5826.5598,499.09517,1.6966378
2537000.0,2022.8369,5831.3659,3963.5861,250.93433,106.89119,106.89119,106.89119,5829.7808,5893.3501,5770.9669,499.36472,1.6966378
2538000.0,2028.4381,5834.5614,3969.5991,251.31501,106.89119,106.89119,106.89119,5823.1296,5832.9306,5847.6239,503.6521,1.6966378
2539000.0,1962.2269,5856.7604,3856.9916,244.18584,106.89119,106.89119,106.89119,5889.8585,5867.2456,5813.1771,499.10414,1.6966378
2540000.0,1960.3738,5843.2491,3937.3174,249.27126,106.89119,106.89119,106.89119,5853.1645,5868.179,5808.4037,494.42655,1.6966378
2541000.0,1942.4068,5855.7967,3981.1056,252.04348,106.89119,106.89119,106.89119,5867.7006,5877.3507,5822.3386,502.99341,1.6966378
2542000.0,2062.3657,5850.9752,3958.4313,250.60798,106.89119,106.89119,106.89119,5871.2724,5855.6586,5825.9946,498.72137,1.6966378
2543000.0,1982.0573,5823.7907,3931.8271,248.92366,106.89119,106.89119,106.89119,5859.1451,5827.1572,5785.0699,501.75658,1.6966378
2544000.0,1992.8677,5834.0848,3951.6672,250.17974,106.89119,106.89119,106.89119,5862.3608,5880.6485,5759.2452,501.43838,1.6966378
2545000.0,1957.2363,5833.6884,3947.226,249.89857,106.89119,106.89119,106.89119,5843.2593,5866.1888,5791.6171,501.01959,1.6966378
2546000.0,1925.1473,5806.6179,3919.6264,248.15124,106.89119,106.89119,106.89119,5810.73,5806.413,5802.7106,499.68146,1.6966378
2547000.0,2084.0492,5873.3307,3931.5843,248.9083,106.89119,106.89119,106.89119,5865.1296,5915.571,5839.2915,499.52168,1.6966378
2548000.0,2023.2101,5858.073,3916.5543,247.95675,106.89119,106.89119,106.89119,5796.2061,5934.9452,5843.0678,500.91169,1.6966378
2549000.0,1999.2301,5868.6611,3917.8452,248.03848,106.89119,106.89119,106.89119,5904.8383,5839.3079,5861.8372,505.08055,1.6966378
2550000.0,2053.8564,5846.6321,3962.7027,250.8784,106.89119,106.89119,106.89119,5863.2275,5879.5659,5797.1029,507.40233,1.6966378
2551000.0,1972.8407,5834.9504,3921.4971,248.26967,106.89119,106.89119,106.89119,5885.0488,5817.8713,5801.9311,502.20746,1.6966378
2552000.0,1981.35,5834.2593,3886.2672,246.03928,106.89119,106.89119,106.89119,5815.3001,5875.0986,5812.3793,500.28263,1.6966378
2553000.0,1992.5014,5854.3698,3966.4158,251.11347,106.89119,106.89119,106.89119,5874.9381,5909.9724,5778.1989,500.59968,1.6966378
2554000.0,2052.2813,5874.2109,4041.4424,255.8634,106.89119,106.89119,106.89119,5864.6022,5897.3009,5860.7297,491.82328,1.6966378
2555000.0,1968.9254,5870.0309,3930.4828,248.83856,106.89119,106.89119,106.89119,5876.1176,5898.3858,5835.5894,501.21243,1.6966378
2556000.0,2024.0482,5874.4922,3943.0829,249.63627,106.89119,106.89119,106.89119,5870.5208,5908.1447,5844.8111,502.8679,1.6966378
2557000.0,1910.5408,5837.476,3960.06,250.71109,106.89119,106.89119,106.89119,5862.7346,5885.779,5763.9145,499.23571,1.6966378
2558000.0,1943.6419,5827.617,3965.5451,251.05835,106.89119,106.89119,106.89119,5826.1088,5862.4891,5794.253,504.11031,1.6966378
2559000.0,1952.2097,5857.8195,3924.5341,248.46195,106.89119,106.89119,106.89119,5877.8866,5901.3879,5794.1839,502.54257,1.6966378
2560000.0,2024.3254,5844.2366,3930.3719,248.83154,106.89119,106.89119,106.89119,5888.4942,5880.6414,5763.5742,497.13883,1.6966378
2561000.0,1956.6963,5830.785,3965.1019,251.03029,106.89119,106.89119,106.89119,5898.7512,5817.5655,5776.0384,496.3484,1.6966378
2562000.0,1968.8124,5856.634,4057.5012,256.88009,106.89119,106.89119,106.89119,5882.5407,5873.3257,5814.0354,495.64376,1.6966378
2563000.0,2037.0762,5833.0501,3963.248,250.91292,106.89119,106.89119,106.89119,5858.4946,5834.0522,5806.6036,502.38735,1.6966378
2564000.0,2033.9241,5861.8978,4020.8816,254.5617,106.89119,106.89119,106.89119,5925.3365,5846.1938,5814.1632,499.15967,1.6966378
2565000.0,2000.2594,5839.1774,3957.8301,250.56992,106.89119,106.89119,106.89119,5817.8076,5896.6807,5803.044,491.97602,1.6966378
2566000.0,2006.4311,5834.1669,3940.52,249.47402,106.89119,106.89119,106.89119,5854.8886,5882.8552,5764.7568,485.61946,1.6966378
2567000.0,2002.9199,5874.6409,3917.688,248.02852,106.89119,106.89119,106.89119,5850.2394,5879.5043,5894.179,505.47934,1.6966378
2568000.0,2002.3737,5843.0066,3936.7277,249.23392,106.89119,106.89119,106.89119,5843.5152,5817.7103,5867.7943,500.44826,1.6966378
2569000.0,2020.0276,5857.2209,3943.9419,249.69065,106.89119,106.89119,106.89119,5931.0069,5799.9937,5840.6622,498.65979,1.6966378
2570000.0,1996.5276,5843.4837,3877.033,245.45465,106.89119,106.89119,106.89119,5895.2707,5844.4545,5790.7259,503.15063,1.6966378
2571000.0,1916.2943,5827.5153,3987.4036,252.44221,106.89119,106.89119,106.89119,5819.1557,5839.3991,5823.991,502.21889,1.6966378
2572000.0,2084.5066,5879.7388,3926.6376,248.59512,106.89119,106.89119,106.89119,5856.3583,5880.5193,5902.3389,499.53555,1.6966378
2573000.0,1996.2382,5872.145,3938.3846,249.33882,106.89119,106.89119,106.89119,5854.9909,5919.1968,5842.2474,501.27975,1.6966378
2574000.0,1944.7883,5837.6379,3948.7613,249.99577,106.89119,106.89119,106.89119,5877.761,5856.8813,5778.2713,503.45494,1.6966378
2575000.0,2028.3027,5865.1099,3954.2667,250.34432,106.89119,106.89119,106.89119,5919.2217,5906.9953,5769.1128,501.48523,1.6966378
2576000.0,2009.6423,5846.4824,3949.6755,250.05365,106.89119,106.89119,106.89119,5845.1793,5899.1039,5795.164,498.98463,1.6966378
2577000.0,2018.4,5856.0267,3928.7191,248.7269,106.89119,106.89119,106.89119,5822.2325,5894.36,5851.4876,499.20426,1.6966378
2578000.0,2068.7152,5863.5611,4079.2751,258.25859,106.89119,106.89119,106.89119,5875.8035,5882.8475,5832.0323,500.05182,1.6966378
2579000.0,2054.1403,5858.9329,4015.053,254.19269,106.89119,106.89119,106.89119,5873.111,5835.2237,5868.4641,499.98165,1.6966378
2580000.0,1988.2833,5853.2975,3942.2964,249.58648,106.89119,106.89119,106.89119,5820.5746,5910.7861,5828.5319,495.87441,1.6966378
2581000.0,1983.4045,5839.4242,3934.8569,249.11548,106.89119,106.89119,106.89119,5831.0244,5853.5032,5833.7451,502.8401,1.6966378
2582000.0,2005.4128,5860.6472,3972.7078,251.51182,106.89119,106.89119,106.89119,5870.6023,5821.2048,5890.1345,504.65295,1.6966378
2583000.0,1961.3264,5799.557,3967.0147,251.15139,106.89119,106.89119,106.89119,5807.5943,5806.0614,5785.0152,505.99845,1.6966378
2584000.0,1938.8327,5834.7151,3938.8828,249.37036,106.89119,106.89119,106.89119,5876.3817,5843.971,5783.7925,505.43216,1.6966378
2585000.0,2022.0545,5870.3533,3910.907,247.59922,106.89119,106.89119,106.89119,5918.8085,5854.0784,5838.1729,506.42203,1.6966378
2586000.0,1982.768,5849.0378,3919.893,248.16812,106.89119,106.89119,106.89119,5855.342,5882.1365,5809.6349,501.96292,1.6966378
2587000.0,1997.8716,5847.4785,3972.4451,251.49519,106.89119,106.89119,106.89119,5869.5696,5834.6952,5838.1706,498.73267,1.6966378
2588000.0,1987.9847,5849.7427,3834.0876,242.73579,106.89119,106.89119,106.89119,5902.4354,5869.6629,5777.1297,505.38329,1.6966378
2589000.0,2055.5254,5863.0893,3929.0292,248.74653,106.89119,106.89119,106.89119,5875.1132,5882.9831,5831.1715,500.4489,1.6966378
2590000.0,2026.3356,5855.6191,3917.3609,248.00781,106.89119,106.89119,106.89119,5912.1445,5843.5693,5811.1437,500.6987,1.6966378
2591000.0,1901.2412,5824.0096,3957.4658,250.54685,106.89119,106.89119,106.89119,5897.1957,5802.7152,5772.118,500.18269,1.6966378
2592000.0,2030.2959,5853.2464,3911.5835,247.64204,106.89119,106.89119,106.89119,5858.7796,5852.1537,5848.806,501.85648,1.6966378
2593000.0,1886.4427,5813.6876,3932.5048,248.96657,106.89119,106.89119,106.89119,5807.2189,5836.2436,5797.6003,497.56458,1.6966378
2594000.0,1953.2506,5816.449,3938.286,249.33258,106.89119,106.89119,106.89119,5840.2015,5838.8655,5770.28,500.13169,1.6966378
2595000.0,2044.3846,5881.8123,3950.1481,250.08357,106.89119,106.89119,106.89119,5945.0513,5881.1304,5819.2554,498.41887,1.6966378
2596000.0,2021.3024,5862.0812,3982.1189,252.10763,106.89119,106.89119,106.89119,5866.0963,5863.8265,5856.3209,501.83453,1.6966378
2597000.0,1977.5661,5796.4258,3887.3686,246.109,106.89119,106.89119,106.89119,5860.8692,5772.8126,5755.5956,496.67792,1.6966378
2598000.0,1968.3822,5839.9259,3928.9126,248.73915,106.89119,106.89119,106.89119,5869.5305,5853.5545,5796.6928,494.17318,1.6966378
2599000.0,2029.7229,5849.7077,3895.8842,246.64812,106.89119,106.89119,106.89119,5818.6893,5852.0686,5878.3652,496.92473,1.6966378
2600000.0,2008.57,5863.8563,3935.0064,249.12495,106.89119,106.89119,106.89119,5870.3672,5866.5078,5854.6939,498.63594,1.6966378
2601000.0,1912.1765,5814.3131,4037.1317,255.59049,106.89119,106.89119,106.89119,5819.5252,5864.6517,5758.7624,489.84095,1.6966378
2602000.0,2009.4236,5844.529,3944.4458,249.72255,106.89119,106.89119,106.89119,5850.1566,5916.747,5766.6834,498.67151,1.6966378
2603000.0,1980.9785,5836.4304,3933.589,249.03521,106.89119,106.89119,106.89119,5822.0553,5847.3236,5839.9122,494.85751,1.6966378
2604000.0,1994.0453,5827.2345,3857.246,244.20194,106.89119,106.89119,106.89119,5829.5538,5850.5312,5801.6186,502.61787,1.6966378
2605000.0,1935.2726,5840.4262,3983.5811,252.20021,106.89119,106.89119,106.89119,5884.5053,5863.9645,5772.8089,497.39028,1.6966378
2606000.0,1968.5999,5832.0451,3927.5491,248.65283,106.89119,106.89119,106.89119,5891.6449,5843.926,5760.5643,501.05104,1.6966378
2607000.0,1999.5873,5875.4562,4018.4049,254.4049,106.89119,106.89119,106.89119,5857.3209,5913.6164,5855.4312,492.91585,1.6966378
2608000.0,2016.1196,5858.8107,3931.8072,248.92241,106.89119,106.89119,106.89119,5843.0366,5935.4708,5797.9247,506.38814,1.6966378
2609000.0,1956.4464,5818.1532,4005.3499,253.57839,106.89119,106.89119,106.89119,5841.7371,5834.3757,5778.3469,506.45086,1.6966378
2610000.0,2009.7017,5849.535,3966.047,251.09013,106.89119,106.89119,106.89119,5889.9909,5874.8902,5783.7238,499.96407,1.6966378
2611000.0,1991.5413,5855.4937,3960.3266,250.72797,106.89119,106.89119,106.89119,5898.0181,5869.635,5798.8279,492.4395,1.6966378
2612000.0,1901.1449,5827.1078,3892.0771,246.4071,106.89119,106.89119,106.89119,5847.9643,5824.7177,5808.6415,487.5456,1.6966378
2613000.0,1930.6605,5824.6538,3989.3192,252.56348,106.89119,106.89119,106.89119,5825.6122,5853.3656,5794.9836,493.82879,1.6966378
2614000.0,1997.8346,5819.3666,3879.0022,245.57933,106.89119,106.89119,106.89119,5823.6373,5877.0935,5757.3691,491.02218,1.6966378
2615000.0,1965.7857,5837.6019,3932.3907,248.95935,106.89119,106.89119,106.89119,5856.9104,5833.1546,5822.7408,494.93928,1.6966378
2616000.0,1956.6761,5845.6064,3913.6382,247.77213,106.89119,106.89119,106.89119,5905.5568,5823.892,5807.3702,497.7521,1.6966378
2617000.0,1979.2259,5829.0665,3935.9782,249.18647,106.89119,106.89119,106.89119,5845.7631,5849.1116,5792.3248,485.48296,1.6966378
2618000.0,1959.3025,5811.2639,3992.806,252.78424,106.89119,106.89119,106.89119,5828.9415,5815.7676,5789.0827,502.2299,1.6966378
2619000.0,1925.5476,5803.6325,3920.2106,248.18823,106.89119,106.89119,106.89119,5827.4276,5846.2484,5737.2216,498.0276,1.6966378
2620000.0,1955.9423,5828.789,3947.2764,249.90176,106.89119,106.89119,106.89119,5829.1507,5848.4878,5808.7286,500.98456,1.6966378
2621000.0,1906.7189,5807.9715,3956.2597,250.47049,106.89119,106.89119,106.89119,5796.2227,5887.7818,5739.9099,498.54642,1.6966378
2622000.0,1896.0784,5840.2036,3955.8204,250.44268,106.89119,106.89119,106.89119,5877.7203,5851.8733,5791.0173,492.05089,1.6966378
2623000.0,1927.4531,5803.0188,4014.2454,254.14156,106.89119,106.89119,106.89119,5780.2176,5811.5639,5817.2749,489.37151,1.6966378
2624000.0,2005.9463,5852.3421,3900.6034,246.9469,106.89119,106.89119,106.89119,5900.2072,5859.6476,5797.1714,494.46847,1.6966378
2625000.0,1910.5077,5815.3828,3893.841,246.51877,106.89119,106.89119,106.89119,5834.7214,5878.8988,5732.5284,494.93281,1.6966378
2626000.0,2059.6054,5853.6179,3955.8428,250.4441,106.89119,106.89119,106.89119,5826.7197,5938.5462,5795.5877,493.5537,1.6966378
2627000.0,1840.081,5793.9462,3967.2017,251.16323,106.89119,106.89119,106.89119,5845.3221,5793.2856,5743.2309,496.54705,1.6966378
2628000.0,1939.2646,5829.814,3969.9329,251.33614,106.89119,106.89119,106.89119,5868.7099,5889.1854,5731.5466,499.10002,1.6966378
2629000.0,1996.6673,5852.9135,4033.4032,255.35444,106.89119,106.89119,106.89119,5832.7202,5874.5521,5851.4681,496.26952,1.6966378
2630000.0,1945.6678,5814.4859,3885.5354,245.99294,106.89119,106.89119,106.89119,5865.5853,5797.4622,5780.4102,496.46633,1.6966378
2631000.0,1960.4155,5837.1961,3944.9862,249.75677,106.89119,106.89119,106.89119,5854.4842,5869.3743,5787.7298,497.1017,1.6966378
2632000.0,1979.7946,5835.0425,3958.3716,250.6042,106.89119,106.89119,106.89119,5865.3082,5817.1799,5822.6395,498.65557,1.6966378
2633000.0,1957.749,5803.6944,3997.5322,253.08345,106.89119,106.89119,106.89119,5787.3437,5879.8248,5743.9148,489.44368,1.6966378
2634000.0,1940.6561,5824.9123,3969.3636,251.3001,106.89119,106.89119,106.89119,5886.9306,5809.321,5778.4852,499.61586,1.6966378
2635000.0,1934.5778,5782.7637,3854.5289,244.02993,106.89119,106.89119,106.89119,5776.6832,5801.292,5770.3158,504.53146,1.6966378
2636000.0,1924.063,5838.529,3844.9258,243.42195,106.89119,106.89119,106.89119,5852.2886,5820.8355,5842.4628,491.818,1.6966378
2637000.0,1935.449,5829.1596,3947.113,249.89142,106.89119,106.89119,106.89119,5865.1354,5891.05,5731.2933,489.61789,1.6966378
2638000.0,2001.3855,5823.6228,3946.6945,249.86492,106.89119,106.89119,106.89119,5891.8533,5839.7062,5739.309,496.72315,1.6966378
2639000.0,1942.3097,5825.8039,4020.2625,254.52251,106.89119,106.89119,106.89119,5878.8206,5866.0576,5732.5335,499.77191,1.6966378
2640000.0,1923.9367,5802.918,3904.1556,247.17178,106.89119,106.89119,106.89119,5845.0785,5807.6475,5756.0279,493.92659,1.6966378
2641000.0,1983.298,5848.3445,3942.5268,249.60107,106.89119,106.89119,106.89119,5921.1314,5842.2475,5781.6546,501.04263,1.6966378
2642000.0,1965.3441,5823.4227,3930.5782,248.8446,106.89119,106.89119,106.89119,5856.9821,5835.391,5777.895,494.81685,1.6966378
2643000.0,2059.4665,5822.1614,3927.9639,248.67909,106.89119,106.89119,106.89119,5860.4893,5829.0426,5776.9524,496.78084,1.6966378
2644000.0,2055.7393,5876.9846,3864.8972,244.68634,106.89119,106.89119,106.89119,5897.1591,5877.4762,5856.3185,497.25474,1.6966378
2645000.0,1906.8644,5831.0645,3976.9124,251.77801,106.89119,106.89119,106.89119,5833.8943,5819.3539,5839.9452,492.42221,1.6966378
2646000.0,2074.1226,5870.5791,3976.0294,251.72211,106.89119,106.89119,106.89119,5902.5488,5904.3313,5804.8572,504.51924,1.6966378
2647000.0,1943.2569,5825.041,3912.8626,247.72303,106.89119,106.89119,106.89119,5881.0255,5827.463,5766.6346,499.53608,1.6966378
2648000.0,1900.3171,5825.3256,3931.6335,248.91141,106.89119,106.89119,106.89119,5883.0803,5806.1378,5786.7586,503.66213,1.6966378
2649000.0,2005.702,5842.7411,3974.9719,251.65516,106.89119,106.89119,106.89119,5858.4098,5881.801,5788.0125,499.58002,1.6966378
2650000.0,1880.7634,5812.7515,3942.3427,249.58941,106.89119,106.89119,106.89119,5873.7176,5797.3598,5767.1771,491.69955,1.6966378
2651000.0,1951.5165,5829.6771,3983.9734,252.22505,106.89119,106.89119,106.89119,5840.6788,5845.1212,5803.2313,485.42254,1.6966378
2652000.0,1928.7111,5810.7329,3897.6318,246.75877,106.89119,106.89119,106.89119,5829.4719,5842.3744,5760.3524,482.60292,1.6966378
2653000.0,1960.2579,5837.7759,3992.7928,252.7834,106.89119,106.89119,106.89119,5783.1726,5894.8105,5835.3446,491.70333,1.6966378
2654000.0,2002.5815,5852.2256,3927.5209,248.65104,106.89119,106.89119,106.89119,5856.8117,5861.9814,5837.8839,494.14933,1.6966378
2655000.0,1934.6484,5830.5513,3922.9803,248.36358,106.89119,106.89119,106.89119,5780.3996,5899.5301,5811.7241,490.94983,1.6966378
2656000.0,1924.5932,5820.1989,4010.3519,253.89506,106.89119,106.89119,106.89119,5824.2512,5817.2747,5819.0708,489.02368,1.6966378
2657000.0,1993.0073,5801.5323,3937.957,249.31175,106.89119,106.89119,106.89119,5774.7623,5849.7692,5780.0655,503.50511,1.6966378
2658000.0,1921.335,5813.0059,3896.3269,246.67615,106.89119,106.89119,106.89119,5919.078,5799.3901,5720.5496,498.6968,1.6966378
2659000.0,1982.0874,5844.5777,3977.4265,251.81056,106.89119,106.89119,106.89119,5848.7965,5833.8936,5851.0429,500.30302,1.6966378
2660000.0,1908.8906,5821.3404,3832.665,242.64573,106.89119,106.89119,106.89119,5880.0451,5799.0044,5784.9717,494.35814,1.6966378
2661000.0,1930.2523,5812.0754,3932.0095,248.93521,106.89119,106.89119,106.89119,5906.126,5766.5085,5763.5917,492.31313,1.6966378
2662000.0,1878.0893,5792.6362,4044.5871,256.06249,106.89119,106.89119,106.89119,5873.3571,5782.2669,5722.2846,494.25099,1.6966378
2663000.0,1997.7158,5841.1011,3969.0915,251.28287,106.89119,106.89119,106.89119,5892.3707,5853.1393,5777.7934,501.2266,1.6966378
2664000.0,2018.4567,5852.3212,3985.2157,252.3037,106.89119,106.89119,106.89119,5940.5397,5854.3101,5762.114,494.4833,1.6966378
2665000.0,1909.6659,5814.4242,3959.0816,250.64915,106.89119,106.89119,106.89119,5832.6066,5833.3806,5777.2855,491.19794,1.6966378
2666000.0,1961.9337,5840.3285,3938.8544,249.36857,106.89119,106.89119,106.89119,5847.9614,5887.4061,5785.6179,495.83406,1.6966378
2667000.0,1881.3593,5818.1453,3962.1019,250.84036,106.89119,106.89119,106.89119,5863.5409,5823.9045,5766.9907,492.44998,1.6966378
2668000.0,1914.6954,5820.0058,4008.4262,253.77315,106.89119,106.89119,106.89119,5884.7866,5812.3662,5762.8647,494.60112,1.6966378
2669000.0,1967.0403,5855.5176,3963.7475,250.94455,106.89119,106.89119,106.89119,5877.5352,5899.4413,5789.5764,493.31524,1.6966378
2670000.0,1975.3403,5830.5508,3940.604,249.47933,106.89119,106.89119,106.89119,5868.5904,5839.7497,5783.3123,499.37609,1.6966378
2671000.0,1942.8725,5835.2999,3851.4113,243.83255,106.89119,106.89119,106.89119,5849.8866,5922.7504,5733.2626,489.56873,1.6966378
2672000.0,1998.7159,5861.5227,3986.607,252.39178,106.89119,106.89119,106.89119,5850.1374,5888.4938,5845.9367,498.17789,1.6966378
2673000.0,1957.4726,5820.9867,3971.8144,251.45526,106.89119,106.89119,106.89119,5963.9613,5798.438,5700.5608,498.09191,1.6966378
2674000.0,1944.6985,5853.4863,3950.3692,250.09757,106.89119,106.89119,106.89119,5885.6238,5865.5575,5809.2777,495.622,1.6966378
2675000.0,1928.0937,5813.9622,3929.7147,248.78993,106.89119,106.89119,106.89119,5827.9611,5797.7225,5816.203,493.81182,1.6966378
2676000.0,1928.8361,5843.1088,4034.1408,255.40114,106.89119,106.89119,106.89119,5899.0911,5874.3885,5755.8467,495.80169,1.6966378
2677000.0,1989.9785,5842.0956,3978.6677,251.88915,106.89119,106.89119,106.89119,5935.9824,5811.8573,5778.447,496.21386,1.6966378
2678000.0,1962.3208,5838.0151,3965.6791,251.06683,106.89119,106.89119,106.89119,5885.7375,5864.9877,5763.3202,495.60356,1.6966378
2679000.0,1935.9617,5823.2381,3972.53,251.50056,106.89119,106.89119,106.89119,5833.8855,5870.9003,5764.9284,500.91711,1.6966378
2680000.0,2018.1767,5861.506,3914.8168,247.84675,106.89119,106.89119,106.89119,5891.8733,5879.6297,5813.0151,499.71572,1.6966378
2681000.0,1996.2408,5822.2417,3905.9423,247.28491,106.89119,106.89119,106.89119,5897.981,5860.8454,5707.8987,493.74506,1.6966378
2682000.0,1996.7228,5840.551,3919.0089,248.11214,106.89119,106.89119,106.89119,5875.5959,5849.266,5796.791,490.11048,1.6966378
2683000.0,2032.0314,5833.4024,3972.3561,251.48955,106.89119,106.89119,106.89119,5887.2874,5803.5894,5809.3305,495.13723,1.6966378
2684000.0,1944.3053,5816.1473,3962.8943,250.89053,106.89119,106.89119,106.89119,5825.2532,5843.8812,5779.3074,494.17194,1.6966378
2685000.0,1912.6321,5809.9156,3917.035,247.98718,106.89119,106.89119,106.89119,5827.3248,5856.386,5746.0359,494.15693,1.6966378
2686000.0,1894.3254,5789.6956,3782.7661,239.48663,106.89119,106.89119,106.89119,5769.1265,5815.2268,5784.7335,488.92808,1.6966378
2687000.0,1970.2529,5843.1437,3984.3247,252.24728,106.89119,106.89119,106.89119,5873.9494,5878.4362,5777.0454,499.78708,1.6966378
2688000.0,2039.8209,5863.5821,3898.0322,246.78411,106.89119,106.89119,106.89119,5919.3622,5868.5468,5802.8374,501.34066,1.6966378
2689000.0,1953.8776,5824.2915,3921.3135,248.25805,106.89119,106.89119,106.89119,5900.5913,5808.4869,5763.7961,501.8642,1.6966378
2690000.0,1924.1657,5839.1511,3976.7596,251.76834,106.89119,106.89119,106.89119,5866.4298,5843.8555,5807.1679,500.22354,1.6966378
2691000.0,1924.2378,5831.0191,3967.2013,251.1632,106.89119,106.89119,106.89119,5863.8372,5777.7224,5851.4979,503.98122,1.6966378
2692000.0,1950.2034,5826.9067,3991.4478,252.69825,106.89119,106.89119,106.89119,5883.0342,5822.984,5774.7021,499.83194,1.6966378
2693000.0,1952.4851,5818.9275,3986.9284,252.41213,106.89119,106.89119,106.89119,5871.6239,5833.5789,5751.5797,501.22202,1.6966378
2694000.0,1984.3253,5848.8428,3942.2295,249.58224,106.89119,106.89119,106.89119,5965.1438,5820.4233,5760.9613,503.17166,1.6966378
2695000.0,1953.0338,5830.4536,3962.8987,250.89081,106.89119,106.89119,106.89119,5869.7165,5876.0146,5745.6295,499.52863,1.6966378
2696000.0,1920.2292,5823.8912,4014.8638,254.18071,106.89119,106.89119,106.89119,5837.0136,5809.7846,5824.8755,498.46671,1.6966378
2697000.0,1975.444,5835.1771,3925.5933,248.52901,106.89119,106.89119,106.89119,5889.1601,5919.2709,5697.1004,501.4664,1.6966378
2698000.0,1967.1513,5838.1507,3919.4301,248.13881,106.89119,106.89119,106.89119,5859.5615,5857.8458,5797.0449,499.54881,1.6966378
2699000.0,2002.4891,5851.071,3871.2137,245.08624,106.89119,106.89119,106.89119,5935.1356,5865.6292,5752.4483,498.85785,1.6966378
2700000.0,1953.292,5862.6833,3932.1208,248.94226,106.89119,106.89119,106.89119,5889.9087,5869.6783,5828.4629,499.60998,1.6966378
2701000.0,1996.4151,5851.6686,3986.7073,252.39813,106.89119,106.89119,106.89119,5897.7712,5888.6376,5768.597,493.62484,1.6966378
2702000.0,1921.7079,5840.9758,4011.8361,253.98903,106.89119,106.89119,106.89119,5871.9236,5898.3715,5752.6323,490.73547,1.6966378
2703000.0,1974.1162,5863.0727,3948.0924,249.95342,106.89119,106.89119,106.89119,5908.9147,5893.6902,5786.6132,486.2424,1.6966378
2704000.0,1975.9036,5843.8533,3900.251,246.92459,106.89119,106.89119,106.89119,5930.4203,5836.731,5764.4086,503.0174,1.6966378
2705000.0,1923.5406,5806.405,3972.2496,251.48281,106.89119,106.89119,106.89119,5876.5283,5817.424,5725.2628,502.83619,1.6966378
2706000.0,1955.2327,5835.6493,4006.45,253.64804,106.89119,106.89119,106.89119,5826.0079,5872.5773,5808.3625,489.96775,1.6966378
2707000.0,1935.2384,5820.0999,3916.7904,247.9717,106.89119,106.89119,106.89119,5870.2838,5823.2516,5766.7641,494.89063,1.6966378
2708000.0,1963.4204,5824.137,3908.4984,247.44673,106.89119,106.89119,106.89119,5862.1082,5861.5678,5748.7348,473.30809,1.6966378
2709000.0,1961.0143,5837.9886,3896.3906,246.68018,106.89119,106.89119,106.89119,5917.2612,5816.037,5780.6677,468.49057,1.6966378
2710000.0,1873.9635,5796.4333,3902.9969,247.09843,106.89119,106.89119,106.89119,5896.9928,5794.1791,5698.1279,493.17636,1.6966378
2711000.0,1975.9834,5822.0852,3974.3305,251.61455,106.89119,106.89119,106.89119,5904.72,5804.9127,5756.6229,489.4398,1.6966378
2712000.0,2032.754,5841.5675,4005.5534,253.59127,106.89119,106.89119,106.89119,5880.2835,5837.8484,5806.5706,490.80321,1.6966378
2713000.0,2039.0988,5849.7851,3953.1691,250.27483,106.89119,106.89119,106.89119,5894.1908,5790.3301,5864.8343,469.80846,1.6966378
2714000.0,1967.668,5843.203,3922.9103,248.35915,106.89119,106.89119,106.89119,5887.0703,5844.9196,5797.6192,486.59918,1.6966378
2715000.0,1905.9223,5839.6801,3922.9983,248.36472,106.89119,106.89119,106.89119,5890.5075,5864.4488,5764.0838,500.10585,1.6966378
2716000.0,1937.5321,5815.364,3917.4475,248.0133,106.89119,106.89119,106.89119,5913.8084,5783.5411,5748.7424,494.04936,1.6966378
2717000.0,1945.2787,5834.6468,3890.6777,246.3185,106.89119,106.89119,106.89119,5878.1571,5830.829,5794.9543,497.10387,1.6966378
2718000.0,2030.4451,5859.7535,3932.5283,248.96806,106.89119,106.89119,106.89119,5967.3835,5828.1421,5783.7348,486.93089,1.6966378
2719000.0,1869.0812,5815.4091,3976.5841,251.75723,106.89119,106.89119,106.89119,5915.8397,5857.7763,5672.6114,495.58761,1.6966378
2720000.0,1976.142,5820.0782,3913.8479,247.78541,106.89119,106.89119,106.89119,5898.8545,5803.3953,5757.9848,494.80882,1.6966378
2721000.0,1913.7708,5810.6649,3981.452,252.06541,106.89119,106.89119,106.89119,5825.7592,5818.0969,5788.1387,492.31014,1.6966378
2722000.0,1932.1082,5826.8535,3936.8436,249.24126,106.89119,106.89119,106.89119,5912.5316,5843.2837,5724.7451,492.42206,1.6966378
2723000.0,1961.9736,5827.0255,3983.3702,252.18686,106.89119,106.89119,106.89119,5847.8342,5819.5575,5813.6848,464.33582,1.6966378
2724000.0,1915.0175,5823.0299,3934.8906,249.11762,106.89119,106.89119,106.89119,5857.3316,5845.5129,5766.245,468.00865,1.6966378
2725000.0,1900.8233,5835.4953,3950.0257,250.07582,106.89119,106.89119,106.89119,5869.7455,5806.7783,5829.9621,465.71638,1.6966378
2726000.0,1859.1532,5804.0852,3948.0558,249.9511,106.89119,106.89119,106.89119,5820.2778,5805.8356,5786.1421,466.01615,1.6966378
2727000.0,1919.5418,5819.6833,3927.2081,248.63124,106.89119,106.89119,106.89119,5869.7474,5812.688,5776.6145,461.42254,1.6966378
2728000.0,2022.7734,5878.3932,3989.616,252.58228,106.89119,106.89119,106.89119,5890.7698,5911.1212,5833.2885,462.05845,1.6966378
2729000.0,1997.7529,5849.5644,4029.0576,255.07932,106.89119,106.89119,106.89119,5899.2297,5835.278,5814.1856,470.8311,1.6966378
2730000.0,2040.8709,5847.466,3934.5545,249.09634,106.89119,106.89119,106.89119,5942.8713,5805.1131,5794.4136,480.55994,1.6966378
2731000.0,1897.3811,5832.9974,3891.9222,246.39729,106.89119,106.89119,106.89119,5877.4239,5802.674,5818.8942,466.05449,1.6966378
2732000.0,1945.9185,5845.4663,3965.9546,251.08428,106.89119,106.89119,106.89119,5856.7032,5871.4325,5808.2633,482.37463,1.6966378
2733000.0,2000.1716,5856.6866,3887.1921,246.09783,106.89119,106.89119,106.89119,5896.53,5860.402,5813.1277,477.18792,1.6966378
2734000.0,2000.8053,5834.8164,3923.6339,248.40496,106.89119,106.89119,106.89119,5813.9514,5832.2223,5858.2755,480.20648,1.6966378
2735000.0,2077.2666,5838.8318,3999.7534,253.22408,106.89119,106.89119,106.89119,5843.5965,5841.36,5831.5388,477.27888,1.6966378
2736000.0,1981.7816,5828.1017,3865.2266,244.7072,106.89119,106.89119,106.89119,5888.9033,5828.609,5766.7929,480.82508,1.6966378
2737000.0,1950.9076,5811.4463,3986.1814,252.36484,106.89119,106.89119,106.89119,5838.9968,5812.6582,5782.6838,487.21653,1.6966378
2738000.0,1944.3421,5814.6146,3896.8214,246.70746,106.89119,106.89119,106.89119,5843.9668,5783.5516,5816.3256,494.41908,1.6966378
2739000.0,1956.7999,5824.6052,4011.4332,253.96353,106.89119,106.89119,106.89119,5878.6933,5850.1683,5744.954,488.04024,1.6966378
2740000.0,1959.7571,5810.4885,3909.5515,247.5134,106.89119,106.89119,106.89119,5863.2662,5843.3535,5724.8459,486.87984,1.6966378
2741000.0,1981.4591,5846.4055,3943.6856,249.67443,106.89119,106.89119,106.89119,5842.9668,5866.0288,5830.2208,483.53722,1.6966378
2742000.0,1965.6635,5825.5887,3940.4358,249.46869,106.89119,106.89119,106.89119,5807.4532,5821.2284,5848.0845,483.92665,1.6966378
2743000.0,1930.6978,5825.5643,3892.6339,246.44235,106.89119,106.89119,106.89119,5897.3001,5774.9589,5804.4338,484.62658,1.6966378
2744000.0,2048.3057,5875.084,3997.5972,253.08757,106.89119,106.89119,106.89119,5924.5068,5846.6094,5854.1357,453.13134,1.6966378
2745000.0,1887.7538,5816.8999,3950.5216,250.10721,106.89119,106.89119,106.89119,5852.8629,5822.2102,5775.6266,446.02418,1.6966378
2746000.0,1969.0897,5831.4254,3918.3052,248.0676,106.89119,106.89119,106.89119,5916.6614,5804.2957,5773.3192,463.87081,1.6966378
2747000.0,1919.2886,5822.452,4026.0603,254.88956,106.89119,106.89119,106.89119,5897.6897,5803.722,5765.9445,461.2161,1.6966378
2748000.0,1986.611,5841.8875,3928.5004,248.71306,106.89119,106.89119,106.89119,5860.6501,5854.2555,5810.7569,461.68232,1.6966378
2749000.0,1945.6894,5814.0382,3946.0223,249.82236,106.89119,106.89119,106.89119,5844.4561,5806.9776,5790.6808,460.18961,1.6966378
2750000.0,1984.9865,5831.0821,3925.3968,248.51656,106.89119,106.89119,106.89119,5858.8705,5820.0267,5814.3492,469.74131,1.6966378
2751000.0,1931.1178,5803.4239,3959.2007,250.65669,106.89119,106.89119,106.89119,5851.2919,5789.3251,5769.6546,474.23764,1.6966378
2752000.0,1881.1722,5801.323,3960.4594,250.73637,106.89119,106.89119,106.89119,5757.0436,5832.4476,5814.4779,471.35536,1.6966378
2753000.0,2022.4425,5860.7364,3968.6837,251.25706,106.89119,106.89119,106.89119,5869.7584,5887.0518,5825.3991,475.38927,1.6966378
2754000.0,1926.1022,5830.094,3950.6924,250.11803,106.89119,106.89119,106.89119,5838.904,5896.0903,5755.2877,472.01559,1.6966378
2755000.0,1922.2351,5830.6618,3911.1998,247.61776,106.89119,106.89119,106.89119,5812.9476,5892.9059,5786.1319,458.41846,1.6966378
2756000.0,1966.0289,5836.7379,3892.666,246.44438,106.89119,106.89119,106.89119,5880.739,5861.5352,5767.9395,473.99895,1.6966378
2757000.0,1925.6962,5813.6348,4007.6929,253.72672,106.89119,106.89119,106.89119,5791.2781,5871.5078,5778.1186,471.21299,1.6966378
2758000.0,1897.9244,5833.6081,3999.574,253.21272,106.89119,106.89119,106.89119,5844.0745,5822.7051,5834.0448,469.41163,1.6966378
2759000.0,1881.2125,5811.1459,3895.3601,246.61495,106.89119,106.89119,106.89119,5852.2795,5786.6374,5794.521,471.68486,1.6966378
2760000.0,1982.6667,5826.669,4008.0235,253.74766,106.89119,106.89119,106.89119,5867.6858,5796.8346,5815.4866,468.18763,1.6966378
2761000.0,1953.534,5859.5583,3948.1249,249.95548,106.89119,106.89119,106.89119,5876.2382,5838.5875,5863.8492,470.41513,1.6966378
2762000.0,1917.0577,5822.6485,3957.5605,250.55285,106.89119,106.89119,106.89119,5815.0886,5826.3896,5826.4673,471.08692,1.6966378
2763000.0,1894.7064,5796.5506,3990.6075,252.64505,106.89119,106.89119,106.89119,5800.3769,5813.6645,5775.6104,468.78588,1.6966378
2764000.0,1890.2064,5809.8826,3896.3063,246.67485,106.89119,106.89119,106.89119,5904.3544,5733.9925,5791.3009,467.23299,1.6966378
2765000.0,1916.8846,5803.5152,3917.9368,248.04427,106.89119,106.89119,106.89119,5798.9861,5793.5002,5818.0594,475.66526,1.6966378
2766000.0,1979.973,5826.0431,3888.4112,246.17501,106.89119,106.89119,106.89119,5873.076,5826.9569,5778.0962,462.58322,1.6966378
2767000.0,2011.84,5873.1273,3956.6981,250.49825,106.89119,106.89119,106.89119,5872.762,5868.1256,5878.4944,450.4578,1.6966378
2768000.0,1986.4194,5826.301,3833.884,242.7229,106.89119,106.89119,106.89119,5847.8944,5855.7397,5775.2689,464.91566,1.6966378
2769000.0,1923.2014,5815.5352,3942.7858,249.61746,106.89119,106.89119,106.89119,5841.1633,5808.978,5796.4642,451.93744,1.6966378
2770000.0,1999.4726,5838.3147,3918.8842,248.10426,106.89119,106.89119,106.89119,5899.2087,5840.0215,5775.714,446.79533,1.6966378
2771000.0,1961.2873,5839.1413,3995.6957,252.96718,106.89119,106.89119,106.89119,5879.3601,5821.5302,5816.5337,447.01997,1.6966378
2772000.0,2001.7338,5850.0193,3887.6121,246.12442,106.89119,106.89119,106.89119,5882.709,5819.7111,5847.6377,444.73198,1.6966378
2773000.0,1864.7756,5823.5161,4011.5762,253.97257,106.89119,106.89119,106.89119,5848.2121,5794.8815,5827.4547,450.19584,1.6966378
2774000.0,1945.808,5841.7332,3926.6251,248.59433,106.89119,106.89119,106.89119,5899.4391,5819.6058,5806.1546,458.02168,1.6966378
2775000.0,1901.5426,5822.0432,4002.169,253.37701,106.89119,106.89119,106.89119,5863.1087,5791.6976,5811.3233,454.18736,1.6966378
2776000.0,1889.9227,5809.0022,3944.3867,249.71882,106.89119,106.89119,106.89119,5853.037,5785.0109,5788.9586,450.8705,1.6966378
2777000.0,1922.1299,5823.0833,4021.2362,254.58415,106.89119,106.89119,106.89119,5815.8101,5840.5066,5812.9333,445.50781,1.6966378
2778000.0,1898.6104,5838.6727,3925.0964,248.49755,106.89119,106.89119,106.89119,5875.2929,5821.2156,5819.5096,444.34911,1.6966378
2779000.0,1980.6524,5823.2843,3912.4738,247.69841,106.89119,106.89119,106.89119,5906.3108,5760.249,5803.2931,448.55288,1.6966378
2780000.0,2027.3067,5855.4858,3955.5993,250.42868,106.89119,106.89119,106.89119,5863.3036,5832.6486,5870.5052,446.80061,1.6966378
2781000.0,1911.8834,5835.6092,3954.3536,250.34982,106.89119,106.89119,106.89119,5875.9459,5778.6995,5852.1823,459.40255,1.6966378
2782000.0,1972.7226,5832.9052,3959.6141,250.68286,106.89119,106.89119,106.89119,5846.1059,5819.2855,5833.3243,450.20066,1.6966378
2783000.0,1930.9382,5841.9154,4004.4762,253.52308,106.89119,106.89119,106.89119,5883.8481,5775.0961,5866.8019,451.78066,1.6966378
2784000.0,1870.5279,5812.2988,3979.7447,251.95733,106.89119,106.89119,106.89119,5812.3621,5816.6275,5807.9069,451.00287,1.6966378
2785000.0,1944.0693,5819.7942,3999.5824,253.21325,106.89119,106.89119,106.89119,5886.983,5786.0634,5786.3362,454.44158,1.6966378
2786000.0,1951.4995,5835.2616,3951.6979,250.18169,106.89119,106.89119,106.89119,5864.2409,5791.5207,5850.0234,449.93508,1.6966378
2787000.0,1886.4454,5817.7441,3928.6638,248.7234,106.89119,106.89119,106.89119,5844.1747,5750.3543,5858.7032,447.42049,1.6966378
2788000.0,1957.4321,5817.1898,3943.3695,249.65441,106.89119,106.89119,106.89119,5833.1374,5817.4101,5801.0218,448.46933,1.6966378
2789000.0,1953.7995,5856.3822,4047.2255,256.22953,106.89119,106.89119,106.89119,5917.5836,5837.7267,5813.8362,445.85234,1.6966378
2790000.0,1928.0875,5822.0218,3972.713,251.51215,106.89119,106.89119,106.89119,5895.8751,5787.4833,5782.707,449.2989,1.6966378
2791000.0,1974.812,5853.8933,3951.0792,250.14252,106.89119,106.89119,106.89119,5872.6162,5820.5248,5868.5389,445.14337,1.6966378
2792000.0,1954.0512,5815.0302,3924.969,248.48948,106.89119,106.89119,106.89119,5863.3296,5788.4176,5793.3435,447.96139,1.6966378
2793000.0,1959.453,5827.2117,4020.05,254.50905,106.89119,106.89119,106.89119,5901.5383,5826.9682,5753.1286,449.84607,1.6966378
2794000.0,1879.88,5813.5096,3965.5834,251.06077,106.89119,106.89119,106.89119,5882.6863,5746.2652,5811.5774,446.27914,1.6966378
2795000.0,1982.3003,5864.2272,3969.929,251.33589,106.89119,106.89119,106.89119,5899.0817,5821.9822,5871.6178,451.52948,1.6966378
2796000.0,1925.8734,5838.1562,3947.8744,249.93962,106.89119,106.89119,106.89119,5887.0969,5800.6873,5826.6844,444.97862,1.6966378
2797000.0,1981.7135,5839.3711,3897.2832,246.73669,106.89119,106.89119,106.89119,5879.6612,5806.8358,5831.6162,450.76735,1.6966378
2798000.0,1937.2577,5812.604,3904.9522,247.22222,106.89119,106.89119,106.89119,5876.748,5720.6846,5840.3796,458.72359,1.6966378
2799000.0,1932.3726,5864.5158,3872.5724,245.17225,106.89119,106.89119,106.89119,5935.3674,5824.9777,5833.2024,454.39073,1.6966378
2800000.0,1934.9984,5852.7221,3932.8521,248.98856,106.89119,106.89119,106.89119,5917.8199,5782.6563,5857.6903,454.33983,1.6966378
2801000.0,1901.8601,5826.2501,4023.7531,254.74349,106.89119,106.89119,106.89119,5872.2624,5819.2768,5787.211,451.13803,1.6966378
2802000.0,1976.821,5846.1725,3928.8062,248.73241,106.89119,106.89119,106.89119,5889.348,5848.7457,5800.4239,446.23379,1.6966378
2803000.0,1854.4385,5788.8511,3900.3498,246.93084,106.89119,106.89119,106.89119,5808.6508,5804.6815,5753.2209,450.04144,1.6966378
2804000.0,1964.833,5833.127,4013.8678,254.11766,106.89119,106.89119,106.89119,5924.7764,5792.0734,5782.531,450.26942,1.6966378
2805000.0,1850.8848,5801.2685,3998.3517,253.13534,106.89119,106.89119,106.89119,5868.3477,5798.7465,5736.7112,449.26807,1.6966378
2806000.0,1939.2175,5797.2784,3977.3463,251.80548,106.89119,106.89119,106.89119,5784.4908,5837.0215,5770.3229,449.45021,1.6966378
2807000.0,1908.6772,5831.1713,3962.8578,250.88822,106.89119,106.89119,106.89119,5866.4729,5810.3472,5816.6938,448.37259,1.6966378
2808000.0,1943.9618,5812.9232,3938.5891,249.35177,106.89119,106.89119,106.89119,5875.8854,5783.9579,5778.9262,453.13405,1.6966378
2809000.0,1920.808,5799.1634,3918.9981,248.11147,106.89119,106.89119,106.89119,5873.5476,5806.9725,5716.9703,448.65054,1.6966378
2810000.0,2037.2237,5852.2088,3984.7341,252.27321,106.89119,106.89119,106.89119,5849.558,5902.6816,5804.3866,454.84952,1.6966378
2811000.0,1908.3288,5824.8111,3892.3951,246.42723,106.89119,106.89119,106.89119,5858.8359,5841.637,5773.9603,455.58114,1.6966378
2812000.0,1964.0134,5822.6034,4036.1546,255.52863,106.89119,106.89119,106.89119,5841.9218,5780.9637,5844.9247,454.75804,1.6966378
2813000.0,1853.048,5782.8224,3940.6173,249.48018,106.89119,106.89119,106.89119,5916.6044,5675.4779,5756.3849,449.88904,1.6966378
2814000.0,1970.4739,5818.0503,3911.8564,247.65932,106.89119,106.89119,106.89119,5911.9842,5750.0365,5792.13,450.46588,1.6966378
2815000.0,1947.0077,5841.3876,3923.9566,248.42539,106.89119,106.89119,106.89119,5848.7731,5797.6757,5877.7142,447.32698,1.6966378
2816000.0,1883.2745,5816.608,3950.8114,250.12556,106.89119,106.89119,106.89119,5844.6198,5802.6194,5802.5847,440.79391,1.6966378
2817000.0,1918.5132,5813.5117,4010.02,253.87405,106.89119,106.89119,106.89119,5898.0722,5722.9683,5819.4945,439.72212,1.6966378
2818000.0,1885.9189,5797.4767,3890.5298,246.30914,106.89119,106.89119,106.89119,5860.4308,5759.0901,5772.9092,449.46334,1.6966378
2819000.0,1977.9911,5840.58,3940.2976,249.45993,106.89119,106.89119,106.89119,5841.5223,5833.1031,5847.1147,449.54025,1.6966378
2820000.0,2000.7977,5827.7156,3954.3817,250.3516,106.89119,106.89119,106.89119,5847.9531,5812.3273,5822.8664,447.16887,1.6966378
2821000.0,1953.1896,5832.1274,3923.0169,248.3659,106.89119,106.89119,106.89119,5852.1592,5847.2547,5796.9682,454.36609,1.6966378
2822000.0,1993.0498,5834.8436,3876.3443,245.41106,106.89119,106.89119,106.89119,5866.0704,5844.5183,5793.9422,452.76931,1.6966378
2823000.0,1987.1324,5851.0679,3967.9693,251.21182,106.89119,106.89119,106.89119,5838.4905,5888.6415,5826.0716,450.39864,1.6966378
2824000.0,1975.9132,5859.7135,3952.9424,250.26047,106.89119,106.89119,106.89119,5882.7369,5885.7723,5810.6313,443.73043,1.6966378
2825000.0,1935.3604,5810.8693,3851.6539,243.84791,106.89119,106.89119,106.89119,5874.3049,5765.3473,5792.9557,428.32409,1.6966378
2826000.0,1980.6316,5848.8661,3938.1277,249.32256,106.89119,106.89119,106.89119,5789.2426,5889.3678,5867.9881,421.44185,1.6966378
2827000.0,1976.3967,5814.5916,3908.1673,247.42577,106.89119,106.89119,106.89119,5925.9135,5713.2653,5804.596,413.31677,1.6966378
2828000.0,1950.1734,5832.8582,3984.6255,252.26633,106.89119,106.89119,106.89119,5836.4544,5846.2359,5815.8844,424.82437,1.6966378
2829000.0,1907.8515,5837.9259,3913.5238,247.76488,106.89119,106.89119,106.89119,5838.1422,5853.8365,5821.799,427.32919,1.6966378
2830000.0,1932.5009,5856.3013,3944.9307,249.75325,106.89119,106.89119,106.89119,5897.1781,5825.4405,5846.2853,429.9264,1.6966378
2831000.0,1932.6249,5832.0745,3929.2916,248.76314,106.89119,106.89119,106.89119,5931.4568,5788.1259,5776.6407,438.93736,1.6966378
2832000.0,1957.8646,5872.114,3901.6858,247.01543,106.89119,106.89119,106.89119,5895.4798,5858.9321,5861.93,423.08182,1.6966378
2833000.0,1921.3049,5850.2923,3962.7126,250.87902,106.89119,106.89119,106.89119,5844.5504,5887.715,5818.6115,444.46899,1.6966378
2834000.0,1954.8361,5839.0064,3902.6764,247.07814,106.89119,106.89119,106.89119,5875.4461,5841.9254,5799.6477,431.37417,1.6966378
2835000.0,1970.1532,5836.9166,3929.151,248.75424,106.89119,106.89119,106.89119,5879.589,5803.0797,5828.0812,437.33256,1.6966378
2836000.0,1914.5165,5826.3011,3921.9817,248.30036,106.89119,106.89119,106.89119,5880.6946,5807.6638,5790.545,438.12613,1.6966378
2837000.0,1978.3334,5856.8636,3948.0017,249.94768,106.89119,106.89119,106.89119,5811.9416,5904.4003,5854.2489,442.28378,1.6966378
2838000.0,1937.6618,5824.5777,4015.556,254.22454,106.89119,106.89119,106.89119,5857.3833,5821.1894,5795.1604,444.38681,1.6966378
2839000.0,1947.4561,5829.2365,3977.6644,251.82562,106.89119,106.89119,106.89119,5880.0977,5798.2306,5809.3812,446.42003,1.6966378
2840000.0,1829.027,5823.8003,3969.6506,251.31827,106.89119,106.89119,106.89119,5885.6563,5794.2517,5791.4929,434.29154,1.6966378
2841000.0,1927.2358,5846.7069,3983.5507,252.19828,106.89119,106.89119,106.89119,5867.2099,5846.9509,5825.9601,436.74273,1.6966378
2842000.0,1936.0359,5839.4454,3998.7539,253.1608,106.89119,106.89119,106.89119,5847.9778,5869.1491,5801.2094,435.46786,1.6966378
2843000.0,1932.8216,5815.5221,3900.043,246.91142,106.89119,106.89119,106.89119,5858.046,5779.6601,5808.86,435.11236,1.6966378
2844000.0,1865.5763,5839.3286,3906.6007,247.32659,106.89119,106.89119,106.89119,5915.4821,5792.6122,5809.8916,431.9333,1.6966378
2845000.0,1932.8395,5809.2101,3958.8148,250.63226,106.89119,106.89119,106.89119,5817.2929,5787.407,5822.9304,423.21068,1.6966378
2846000.0,1980.4871,5841.4868,3991.7257,252.71584,106.89119,106.89119,106.89119,5910.4929,5798.6503,5815.317,418.34852,1.6966378
2847000.0,1963.1506,5826.7715,3921.1594,248.2483,106.89119,106.89119,106.89119,5866.7783,5795.7925,5817.7439,420.04727,1.6966378
2848000.0,1896.5229,5809.9853,3976.9409,251.77982,106.89119,106.89119,106.89119,5797.8931,5853.7596,5778.3033,420.5007,1.6966378
2849000.0,1943.1308,5793.9809,3873.2735,245.21664,106.89119,106.89119,106.89119,5901.7547,5787.7209,5692.4671,431.07076,1.6966378
2850000.0,1860.0878,5755.177,3985.8556,252.34421,106.89119,106.89119,106.89119,5779.1533,5790.7135,5695.6643,433.76336,1.6966378
2851000.0,1884.0357,5825.7449,3991.2932,252.68846,106.89119,106.89119,106.89119,5858.1993,5805.4193,5813.6162,428.06097,1.6966378
2852000.0,1870.2023,5814.201,3923.3037,248.38405,106.89119,106.89119,106.89119,5812.9219,5887.7882,5741.8929,434.33896,1.6966378
2853000.0,1919.754,5829.477,3985.2688,252.30706,106.89119,106.89119,106.89119,5817.3276,5846.2097,5824.8936,444.66707,1.6966378
2854000.0,1914.7328,5814.7808,3952.1702,250.21159,106.89119,106.89119,106.89119,5848.9273,5784.2531,5811.1618,441.73253,1.6966378
2855000.0,1928.2563,5800.0473,3965.269,251.04087,106.89119,106.89119,106.89119,5849.7448,5807.1959,5743.2013,423.52692,1.6966378
2856000.0,1884.8179,5831.2297,3895.2555,246.60832,106.89119,106.89119,106.89119,5854.0986,5805.4054,5834.1852,446.62912,1.6966378
2857000.0,1913.5605,5836.6662,3907.3195,247.37209,106.89119,106.89119,106.89119,5931.4686,5761.5866,5816.9435,440.39554,1.6966378
2858000.0,1917.6335,5826.5534,3940.9171,249.49915,106.89119,106.89119,106.89119,5859.3845,5788.9164,5831.3592,436.06608,1.6966378
2859000.0,1962.703,5834.4015,3902.8887,247.09158,106.89119,106.89119,106.89119,5847.2049,5854.2161,5801.7835,441.38085,1.6966378
2860000.0,1927.6385,5836.337,3859.994,244.37592,106.89119,106.89119,106.89119,5860.8173,5836.6522,5811.5415,436.16166,1.6966378
2861000.0,2044.0685,5832.0479,3992.7548,252.781,106.89119,106.89119,106.89119,5936.3124,5761.2265,5798.6049,432.20135,1.6966378
2862000.0,1935.9513,5816.5729,3940.3,249.46009,106.89119,106.89119,106.89119,5918.9763,5823.2817,5707.4606,426.46333,1.6966378
2863000.0,2045.7329,5875.2279,3906.4991,247.32016,106.89119,106.89119,106.89119,5920.2022,5821.8723,5883.609,427.8063,1.6966378
2864000.0,1948.9197,5838.0149,3972.4409,251.49492,106.89119,106.89119,106.89119,5911.802,5794.7165,5807.5262,429.48349,1.6966378
2865000.0,1945.6219,5833.2146,3914.1432,247.8041,106.89119,106.89119,106.89119,5899.6846,5778.2636,5821.6957,428.76304,1.6966378
2866000.0,1987.3599,5836.4544,3997.9348,253.10894,106.89119,106.89119,106.89119,5884.6244,5812.5453,5812.1935,429.25666,1.6966378
2867000.0,1978.5092,5848.3692,3971.6078,251.44218,106.89119,106.89119,106.89119,5939.7491,5817.0506,5788.3078,428.1241,1.6966378
2868000.0,1911.2707,5819.5456,3879.2427,245.59455,106.89119,106.89119,106.89119,5843.1905,5829.517,5785.9294,419.41777,1.6966378
2869000.0,1883.5902,5814.5527,3910.5505,247.57665,106.89119,106.89119,106.89119,5831.4779,5794.3541,5817.8262,429.49928,1.6966378
2870000.0,1924.666,5837.05,3922.7348,248.34803,106.89119,106.89119,106.89119,5907.8611,5840.9944,5762.2946,436.10925,1.6966378
2871000.0,1910.3277,5827.4146,3916.8135,247.97315,106.89119,106.89119,106.89119,5845.2654,5796.2119,5840.7665,438.66391,1.6966378
2872000.0,1922.8987,5816.8905,3903.1784,247.10992,106.89119,106.89119,106.89119,5911.522,5753.2278,5785.9215,444.36994,1.6966378
2873000.0,1955.888,5854.7796,3890.9234,246.33406,106.89119,106.89119,106.89119,5918.1483,5822.9618,5823.2287,435.73263,1.6966378
2874000.0,1967.2715,5828.0112,3923.2056,248.37784,106.89119,106.89119,106.89119,5889.1366,5827.9054,5766.9915,434.94619,1.6966378
2875000.0,1895.3665,5823.8139,4029.867,255.13056,106.89119,106.89119,106.89119,5875.3052,5788.3117,5807.8248,445.85391,1.6966378
2876000.0,1899.954,5816.2082,3941.6617,249.5463,106.89119,106.89119,106.89119,5871.9322,5803.6233,5773.0691,443.53468,1.6966378
2877000.0,1842.0385,5800.0587,3904.0921,247.16777,106.89119,106.89119,106.89119,5850.8334,5772.352,5776.9909,422.08065,1.6966378
2878000.0,1889.8965,5838.4284,3995.9191,252.98132,106.89119,106.89119,106.89119,5843.4561,5840.7351,5831.0941,425.0947,1.6966378
2879000.0,1920.2822,5837.983,3956.1874,250.46592,106.89119,106.89119,106.89119,5887.0152,5829.924,5797.0098,425.9596,1.6966378
2880000.0,1888.9043,5815.9689,3999.3831,253.20063,106.89119,106.89119,106.89119,5827.588,5872.3292,5747.9895,426.21271,1.6966378
2881000.0,1953.6579,5826.1394,4014.5725,254.16227,106.89119,106.89119,106.89119,5882.2458,5826.7866,5769.3859,424.60622,1.6966378
2882000.0,1945.4055,5806.7706,3959.1763,250.65514,106.89119,106.89119,106.89119,5836.6254,5814.9386,5768.7478,418.75683,1.6966378
2883000.0,1878.7923,5808.3205,3989.5699,252.57936,106.89119,106.89119,106.89119,5839.997,5809.7841,5775.1804,416.30915,1.6966378
2884000.0,1871.3072,5780.8095,3985.2139,252.30358,106.89119,106.89119,106.89119,5849.6946,5745.4875,5747.2464,417.65052,1.6966378
2885000.0,1936.2149,5824.7852,3954.0066,250.32785,106.89119,106.89119,106.89119,5879.8291,5745.4805,5849.046,408.63449,1.6966378
2886000.0,2021.5069,5835.7507,3945.1363,249.76627,106.89119,106.89119,106.89119,5866.4654,5828.1656,5812.6212,416.13221,1.6966378
2887000.0,1873.7643,5815.5126,4011.1167,253.94349,106.89119,106.89119,106.89119,5804.9212,5790.8514,5850.7651,411.48543,1.6966378
2888000.0,1907.6407,5827.7847,4012.7731,254.04835,106.89119,106.89119,106.89119,5883.9226,5820.7993,5778.6323,420.23404,1.6966378
2889000.0,1925.7859,5802.3522,3923.3096,248.38443,106.89119,106.89119,106.89119,5849.9542,5771.3416,5785.7609,424.54246,1.6966378
2890000.0,1990.5459,5863.6164,3897.0764,246.7236,106.89119,106.89119,106.89119,5871.2756,5851.7031,5867.8704,438.64423,1.6966378
2891000.0,1937.1899,5815.2703,3891.1484,246.3483,106.89119,106.89119,106.89119,5882.4703,5750.3645,5812.976,418.66137,1.6966378
2892000.0,1962.7389,5857.8361,3967.2049,251.16343,106.89119,106.89119,106.89119,5886.1331,5866.0898,5821.2854,421.28439,1.6966378
2893000.0,1979.7127,5847.3482,3922.4129,248.32766,106.89119,106.89119,106.89119,5915.3641,5833.6993,5792.9812,421.41162,1.6966378
2894000.0,1959.976,5812.4277,4065.5171,257.38757,106.89119,106.89119,106.89119,5885.3855,5805.5743,5746.3234,411.22805,1.6966378
2895000.0,1919.1584,5837.8271,3889.6136,246.25113,106.89119,106.89119,106.89119,5921.936,5791.7995,5799.7458,407.02885,1.6966378
2896000.0,1974.2382,5857.1718,3996.5105,253.01877,106.89119,106.89119,106.89119,5906.7936,5858.1109,5806.6108,408.98242,1.6966378
2897000.0,1887.6084,5810.4844,3931.0873,248.87683,106.89119,106.89119,106.89119,5783.9389,5815.331,5832.1831,426.12117,1.6966378
2898000.0,1947.9588,5858.2274,3966.4688,251.11683,106.89119,106.89119,106.89119,5873.8308,5877.9928,5822.8585,417.23226,1.6966378
2899000.0,1919.3938,5828.6874,4032.4698,255.29535,106.89119,106.89119,106.89119,5847.7716,5852.4397,5785.8508,413.17902,1.6966378
2900000.0,1941.8343,5841.5292,3954.5375,250.36146,106.89119,106.89119,106.89119,5832.2018,5862.1733,5830.2126,410.7068,1.6966378
2901000.0,1951.9058,5836.6391,3977.1095,251.79049,106.89119,106.89119,106.89119,5897.3464,5791.3132,5821.2577,414.80567,1.6966378
2902000.0,1997.4062,5871.9269,3926.8424,248.60808,106.89119,106.89119,106.89119,5868.0219,5906.0534,5841.7055,410.65027,1.6966378
2903000.0,1983.2494,5846.7363,3950.9673,250.13543,106.89119,106.89119,106.89119,5870.45,5853.8916,5815.8672,429.97114,1.6966378
2904000.0,1825.4611,5801.1252,4007.8696,253.73791,106.89119,106.89119,106.89119,5814.1554,5757.1681,5832.0521,436.88342,1.6966378
2905000.0,2035.9614,5827.8082,3905.4273,247.2523,106.89119,106.89119,106.89119,5889.4433,5805.9965,5787.9848,428.39976,1.6966378
2906000.0,1901.6355,5828.9907,3928.3366,248.70268,106.89119,106.89119,106.89119,5854.5403,5816.8746,5815.5571,437.46276,1.6966378
2907000.0,1950.9686,5823.6356,3988.8178,252.53175,106.89119,106.89119,106.89119,5889.2019,5729.1775,5852.5275,420.12242,1.6966378
2908000.0,1932.2969,5828.0291,3915.1988,247.87093,106.89119,106.89119,106.89119,5847.3181,5764.2398,5872.5293,420.75399,1.6966378
2909000.0,1918.9366,5819.6933,3915.2021,247.87114,106.89119,106.89119,106.89119,5790.3752,5802.6024,5866.1022,425.67355,1.6966378
2910000.0,1934.324,5828.4837,3905.8261,247.27754,106.89119,106.89119,106.89119,5843.1468,5787.5675,5854.7369,424.9295,1.6966378
2911000.0,1937.9358,5838.9644,4026.3507,254.90795,106.89119,106.89119,106.89119,5821.8426,5837.6344,5857.4161,427.88251,1.6966378
2912000.0,2043.7518,5856.4948,4010.2392,253.88793,106.89119,106.89119,106.89119,5824.5827,5842.0212,5902.8804,430.40366,1.6966378
2913000.0,1964.4237,5843.5646,3930.5055,248.84,106.89119,106.89119,106.89119,5873.2616,5815.1709,5842.2613,427.94709,1.6966378
2914000.0,1887.8185,5803.5108,3951.5646,250.17325,106.89119,106.89119,106.89119,5845.9967,5806.9277,5757.6079,424.61478,1.6966378
2915000.0,1962.1243,5829.2328,3940.6546,249.48254,106.89119,106.89119,106.89119,5789.8283,5876.9902,5820.8798,427.71821,1.6966378
2916000.0,1817.4174,5799.0954,3956.6192,250.49325,106.89119,106.89119,106.89119,5876.0898,5779.9995,5741.1969,425.2706,1.6966378
2917000.0,1920.821,5797.1464,3830.1703,242.48779,106.89119,106.89119,106.89119,5803.9167,5804.6921,5782.8305,425.40387,1.6966378
2918000.0,1932.7948,5840.2314,3974.551,251.62852,106.89119,106.89119,106.89119,5935.9032,5769.8365,5814.9545,419.28771,1.6966378
2919000.0,1902.1865,5801.129,3953.1116,250.27119,106.89119,106.89119,106.89119,5878.0739,5790.1081,5735.2051,421.58601,1.6966378
2920000.0,1976.8882,5852.132,3855.1007,244.06613,106.89119,106.89119,106.89119,5913.8463,5875.0206,5767.5292,418.95856,1.6966378
2921000.0,1934.2396,5836.9059,3921.4551,248.26702,106.89119,106.89119,106.89119,5897.3291,5847.9146,5765.474,425.51097,1.6966378
2922000.0,1963.8814,5825.7019,3958.4481,250.60904,106.89119,106.89119,106.89119,5864.7884,5795.2084,5817.109,431.71894,1.6966378
2923000.0,1892.4839,5837.0133,3923.2378,248.37988,106.89119,106.89119,106.89119,5825.1537,5875.0878,5810.7983,430.90016,1.6966378
2924000.0,1928.5835,5852.147,3912.5892,247.70572,106.89119,106.89119,106.89119,5879.6483,5839.3644,5837.4283,429.00627,1.6966378
2925000.0,1987.3417,5828.5752,3899.6527,246.88671,106.89119,106.89119,106.89119,5905.0763,5791.0944,5789.5548,429.96421,1.6966378
2926000.0,1933.7666,5818.8985,3889.1579,246.22228,106.89119,106.89119,106.89119,5855.3549,5793.7083,5807.6322,436.42111,1.6966378
2927000.0,1928.299,5830.1815,3972.0685,251.47135,106.89119,106.89119,106.89119,5962.5744,5803.5061,5724.4642,438.61577,1.6966378
2928000.0,1983.875,5858.1211,3869.2244,244.9603,106.89119,106.89119,106.89119,5865.0313,5877.1444,5832.1875,418.24913,1.6966378
2929000.0,1943.2367,5827.9824,3990.8477,252.66026,106.89119,106.89119,106.89119,5851.0507,5833.3241,5799.5723,429.29065,1.6966378
2930000.0,1946.5691,5841.4922,3907.2473,247.36752,106.89119,106.89119,106.89119,5870.8614,5813.9514,5839.6637,418.77041,1.6966378
2931000.0,1895.1499,5827.0833,3982.6237,252.1396,106.89119,106.89119,106.89119,5843.9029,5803.4089,5833.938,426.01617,1.6966378
2932000.0,1872.7686,5821.7739,3970.9401,251.39991,106.89119,106.89119,106.89119,5868.4124,5828.079,5768.8302,428.89031,1.6966378
2933000.0,1888.0012,5829.6471,3943.3392,249.6525,106.89119,106.89119,106.89119,5868.9088,5794.4898,5825.5428,430.3125,1.6966378
2934000.0,1835.2371,5822.6671,3918.2591,248.06468,106.89119,106.89119,106.89119,5843.2239,5791.4442,5833.3332,425.20744,1.6966378
2935000.0,1942.4164,5841.5054,3873.7643,245.24772,106.89119,106.89119,106.89119,5848.6524,5858.0619,5817.8017,423.01925,1.6966378
2936000.0,1959.0282,5824.2612,3876.8698,245.44433,106.89119,106.89119,106.89119,5865.5842,5798.2447,5808.9548,434.0105,1.6966378
2937000.0,1791.0216,5809.7774,3928.248,248.69707,106.89119,106.89119,106.89119,5840.0862,5799.1989,5790.0472,423.4572,1.6966378
2938000.0,1939.8566,5815.1541,3956.0695,250.45845,106.89119,106.89119,106.89119,5869.0188,5841.363,5735.0805,425.0546,1.6966378
2939000.0,1896.7448,5832.1717,3904.7761,247.21107,106.89119,106.89119,106.89119,5868.0043,5825.5516,5802.9593,409.37266,1.6966378
2940000.0,1884.3988,5818.853,3965.2332,251.0386,106.89119,106.89119,106.89119,5781.0222,5880.7127,5794.824,406.78798,1.6966378
2941000.0,1913.5121,5829.029,3959.2266,250.65833,106.89119,106.89119,106.89119,5870.8073,5857.3394,5758.9402,432.4474,1.6966378
2942000.0,1915.7981,5814.3222,3948.6136,249.98642,106.89119,106.89119,106.89119,5845.6365,5796.7276,5800.6027,438.24575,1.6966378
2943000.0,1831.7431,5781.9849,3922.0274,248.30325,106.89119,106.89119,106.89119,5798.2932,5753.9883,5793.6731,437.03706,1.6966378
2944000.0,1917.237,5810.9908,3995.4733,252.9531,106.89119,106.89119,106.89119,5822.8871,5820.3601,5789.7253,436.50705,1.6966378
2945000.0,1901.1827,5815.005,3981.7173,252.08221,106.89119,106.89119,106.89119,5845.8355,5823.3864,5775.7931,425.4803,1.6966378
2946000.0,1837.7723,5793.3955,3919.528,248.14501,106.89119,106.89119,106.89119,5843.2191,5826.5036,5710.4638,431.6479,1.6966378
2947000.0,1878.8627,5829.7429,3980.7487,252.02089,106.89119,106.89119,106.89119,5866.6623,5852.4223,5770.1443,435.86371,1.6966378
2948000.0,1912.1145,5834.705,3992.3866,252.75769,106.89119,106.89119,106.89119,5809.8366,5875.2985,5818.9801,428.23262,1.6966378
2949000.0,1875.2784,5804.198,3963.5047,250.92918,106.89119,106.89119,106.89119,5825.378,5829.4903,5757.7257,428.62862,1.6966378
2950000.0,1931.9827,5809.0659,3876.4983,245.4208,106.89119,106.89119,106.89119,5796.9924,5826.3746,5803.8306,429.95096,1.6966378
2951000.0,1907.8254,5792.8451,3941.1178,249.51186,106.89119,106.89119,106.89119,5857.3479,5750.0524,5771.1352,431.83287,1.6966378
2952000.0,1853.5889,5815.6058,3930.3245,248.82853,106.89119,106.89119,106.89119,5834.818,5813.4829,5798.5167,433.74536,1.6966378
2953000.0,1916.5496,5797.4346,3942.3099,249.58733,106.89119,106.89119,106.89119,5886.7187,5778.1538,5727.4314,419.1675,1.6966378
2954000.0,1916.2287,5823.0,3891.3263,246.35956,106.89119,106.89119,106.89119,5817.244,5789.87,5861.8861,419.61383,1.6966378
2955000.0,1893.348,5817.1798,3972.414,251.49322,106.89119,106.89119,106.89119,5875.6598,5835.0378,5740.8417,432.13697,1.6966378
2956000.0,1899.4783,5818.36,3978.9886,251.90946,106.89119,106.89119,106.89119,5922.4997,5778.547,5754.0333,432.3174,1.6966378
2957000.0,1848.6828,5774.2669,3942.4642,249.5971,106.89119,106.89119,106.89119,5834.324,5768.2882,5720.1885,432.74095,1.6966378
2958000.0,1769.5616,5773.6628,3865.1027,244.69935,106.89119,106.89119,106.89119,5796.9001,5777.454,5746.6344,432.07913,1.6966378
2959000.0,1906.3869,5821.324,4010.1779,253.88405,106.89119,106.89119,106.89119,5850.2433,5851.739,5761.9898,421.11339,1.6966378
2960000.0,1959.7027,5829.6045,4014.6798,254.16907,106.89119,106.89119,106.89119,5885.6837,5821.3255,5781.8044,411.58688,1.6966378
2961000.0,1881.2294,5820.3003,3889.8427,246.26564,106.89119,106.89119,106.89119,5879.4409,5809.7427,5771.7173,437.83419,1.6966378
2962000.0,1880.5765,5812.2346,4011.5838,253.97306,106.89119,106.89119,106.89119,5868.3346,5783.3872,5784.982,439.53244,1.6966378
2963000.0,1936.0206,5833.7066,3960.3411,250.72888,106.89119,106.89119,106.89119,5853.5085,5787.9969,5859.6145,427.67404,1.6966378
2964000.0,1929.7316,5827.363,3909.5645,247.51423,106.89119,106.89119,106.89119,5855.7432,5871.3308,5755.015,423.55132,1.6966378
2965000.0,1903.4424,5797.4354,3945.7341,249.80412,106.89119,106.89119,106.89119,5838.5808,5784.6186,5769.1069,422.47054,1.6966378
2966000.0,1829.3061,5787.1489,3943.4744,249.66106,106.89119,106.89119,106.89119,5855.0901,5784.4768,5721.8798,421.0988,1.6966378
2967000.0,1952.9758,5837.6068,3924.7739,248.47713,106.89119,106.89119,106.89119,5863.6155,5880.6399,5768.5649,427.81443,1.6966378
2968000.0,1886.1211,5796.8599,3982.6909,252.14385,106.89119,106.89119,106.89119,5799.6388,5828.0931,5762.8478,426.45578,1.6966378
2969000.0,1886.4092,5819.6494,3925.1489,248.50087,106.89119,106.89119,106.89119,5823.7899,5829.0046,5806.1539,432.11107,1.6966378
2970000.0,1788.3395,5788.108,3923.5908,248.40222,106.89119,106.89119,106.89119,5756.5838,5828.687,5779.0531,439.96473,1.6966378
2971000.0,1922.1274,5817.1505,3951.0951,250.14352,106.89119,106.89119,106.89119,5841.1933,5841.5926,5768.6655,429.9137,1.6966378
2972000.0,1883.1339,5803.8841,3920.6671,248.21713,106.89119,106.89119,106.89119,5795.0184,5804.4623,5812.1714,435.54482,1.6966378
2973000.0,1986.7264,5813.4111,3884.2087,245.90895,106.89119,106.89119,106.89119,5807.1101,5793.2638,5839.8596,433.56087,1.6966378
2974000.0,1923.1103,5825.2841,3939.4403,249.40566,106.89119,106.89119,106.89119,5887.4933,5821.8176,5766.5414,434.14426,1.6966378
2975000.0,1901.5692,5826.6907,3944.6058,249.73268,106.89119,106.89119,106.89119,5852.3106,5854.1804,5773.5809,432.49241,1.6966378
2976000.0,1905.6296,5823.3584,3960.9543,250.76771,106.89119,106.89119,106.89119,5783.9363,5828.4146,5857.7241,430.94753,1.6966378
2977000.0,1928.9056,5825.8795,3925.4302,248.51868,106.89119,106.89119,106.89119,5826.8852,5797.2413,5853.5119,422.3088,1.6966378
2978000.0,1889.4999,5834.1204,3905.5115,247.25763,106.89119,106.89119,106.89119,5839.9334,5841.988,5820.4398,434.2261,1.6966378
2979000.0,1851.1068,5802.0655,3951.1409,250.14643,106.89119,106.89119,106.89119,5847.9375,5805.4437,5752.8155,425.57925,1.6966378
2980000.0,1914.8502,5799.29,3982.1472,252.10943,106.89119,106.89119,106.89119,5852.6946,5768.3931,5776.7823,433.56349,1.6966378
2981000.0,1907.9969,5820.2344,3961.1308,250.77888,106.89119,106.89119,106.89119,5821.3111,5806.31,5833.0821,430.69023,1.6966378
2982000.0,1910.4528,5832.9902,3989.3797,252.56732,106.89119,106.89119,106.89119,5872.4941,5840.3971,5786.0794,430.7152,1.6966378
2983000.0,1883.2839,5784.0771,3906.3842,247.31288,106.89119,106.89119,106.89119,5797.2692,5726.1401,5828.822,429.43791,1.6966378
2984000.0,1876.9825,5806.7469,3953.3029,250.2833,106.89119,106.89119,106.89119,5877.2576,5794.6193,5748.3639,428.29509,1.6966378
2985000.0,1915.7621,5809.2548,3893.8453,246.51904,106.89119,106.89119,106.89119,5837.7215,5791.8301,5798.2129,423.24872,1.6966378
2986000.0,1849.1336,5797.2873,3952.1572,250.21076,106.89119,106.89119,106.89119,5840.5783,5806.714,5744.5696,427.87645,1.6966378
2987000.0,1908.7256,5800.6325,3962.4486,250.86231,106.89119,106.89119,106.89119,5839.0341,5771.1041,5791.7592,428.47046,1.6966378
2988000.0,1883.727,5817.7261,3983.6883,252.20699,106.89119,106.89119,106.89119,5828.4521,5840.7488,5783.9773,427.63997,1.6966378
2989000.0,1863.9265,5816.4767,3928.6492,248.72248,106.89119,106.89119,106.89119,5814.1898,5827.31,5807.9303,428.23453,1.6966378
2990000.0,1879.4705,5822.6242,4009.0485,253.81255,106.89119,106.89119,106.89119,5863.1019,5817.7988,5786.972,425.43343,1.6966378
2991000.0,1942.4227,5845.321,3949.2309,250.0255,106.89119,106.89119,106.89119,5891.9418,5836.6932,5807.328,432.15287,1.6966378
2992000.0,1944.8052,5826.1871,3957.7874,250.56721,106.89119,106.89119,106.89119,5829.9582,5874.9681,5773.6351,420.01057,1.6966378
2993000.0,1794.3784,5778.5752,3974.6382,251.63403,106.89119,106.89119,106.89119,5824.751,5796.0551,5714.9194,428.59949,1.6966378
2994000.0,1848.7524,5806.9966,4041.8168,255.88711,106.89119,106.89119,106.89119,5829.1778,5821.8751,5769.9368,424.24371,1.6966378
2995000.0,1941.8826,5816.6282,3895.8807,246.64791,106.89119,106.89119,106.89119,5854.0149,5814.8885,5780.981,419.90826,1.6966378
2996000.0,1864.5088,5804.9761,3987.9108,252.47432,106.89119,106.89119,106.89119,5849.548,5782.1783,5783.202,429.04581,1.6966378
2997000.0,1993.4719,5851.4634,4027.9065,255.00645,106.89119,106.89119,106.89119,5866.8237,5852.4987,5835.0678,419.37685,1.6966378
2998000.0,1848.1697,5797.9332,3859.9077,244.37046,106.89119,106.89119,106.89119,5810.0907,5807.7614,5775.9474,429.35603,1.6966378
2999000.0,1837.6326,5822.5199,3931.3944,248.89628,106.89119,106.89119,106.89119,5833.1416,5849.506,5784.9122,423.07597,1.6966378
3000000.0,1855.0295,5787.1383,3887.6506,246.12686,106.89119,106.89119,106.89119,5828.6784,5766.4122,5766.3242,418.0393,1.6966378
3001000.0,1916.0088,5833.5638,4001.4671,253.33257,106.89119,106.89119,106.89119,5875.1355,5810.4477,5815.1082,410.11959,1.6966378
3002000.0,1886.8066,5823.0466,3983.9542,252.22383,106.89119,106.89119,106.89119,5879.3671,5818.8312,5770.9417,430.4205,1.6966378
3003000.0,1858.5808,5799.8784,3909.9759,247.54027,106.89119,106.89119,106.89119,5809.1371,5836.0643,5754.4336,237.58514,1.6966378
3004000.0,1844.7104,5818.0032,3859.4462,244.34124,106.89119,106.89119,106.89119,5870.7897,5793.7728,5789.4472,409.92969,1.6966378
3005000.0,1914.1554,5813.6709,3909.1714,247.48934,106.89119,106.89119,106.89119,5849.7379,5793.7291,5797.5456,494.71059,1.6966378
3006000.0,1898.8934,5831.8993,3957.2443,250.53283,106.89119,106.89119,106.89119,5854.6513,5831.2541,5809.7925,487.44204,1.6966378
3007000.0,1929.8542,5830.9351,3909.3395,247.49998,106.89119,106.89119,106.89119,5837.0673,5803.7327,5852.0054,500.61197,1.6966378
3008000.0,1933.4368,5855.3659,4005.7073,253.60102,106.89119,106.89119,106.89119,5852.5795,5852.9973,5860.5209,486.64919,1.6966378
3009000.0,1917.9818,5843.3825,3924.96,248.48891,106.89119,106.89119,106.89119,5821.9767,5834.4734,5873.6975,504.32767,1.6966378
3010000.0,1976.9402,5832.2003,3846.9386,243.54939,106.89119,106.89119,106.89119,5906.7461,5778.9536,5810.9013,503.2419,1.6966378
3011000.0,1913.2613,5828.6584,4022.301,254.65156,106.89119,106.89119,106.89119,5865.0833,5835.3733,5785.5187,506.27868,1.6966378
3012000.0,1870.3986,5827.9322,3908.729,247.46133,106.89119,106.89119,106.89119,5869.1322,5834.4486,5780.216,506.48152,1.6966378
3013000.0,1912.0984,5844.7623,4021.512,254.60161,106.89119,106.89119,106.89119,5821.2702,5880.3738,5832.643,493.13776,1.6966378
3014000.0,1939.9147,5828.2711,3905.269,247.24228,106.89119,106.89119,106.89119,5842.4379,5839.2961,5803.0792,485.41677,1.6966378
3015000.0,1901.5925,5833.869,3957.5554,250.55253,106.89119,106.89119,106.89119,5843.8077,5811.0184,5846.7808,492.26703,1.6966378
3016000.0,1989.6195,5851.8708,3960.6328,250.74736,106.89119,106.89119,106.89119,5881.2651,5836.0715,5838.2759,502.66062,1.6966378
3017000.0,1945.6304,5822.7193,3963.4587,250.92626,106.89119,106.89119,106.89119,5825.662,5854.0586,5788.4373,499.3201,1.6966378
3018000.0,2006.0551,5862.9885,3973.5082,251.5625,106.89119,106.89119,106.89119,5905.4938,5869.2695,5814.2022,498.8931,1.6966378
3019000.0,1916.6651,5828.3801,3975.1203,251.66456,106.89119,106.89119,106.89119,5874.44,5807.8275,5802.8728,495.59049,1.6966378
3020000.0,1796.7189,5778.3015,3979.0625,251.91414,106.89119,106.89119,106.89119,5831.634,5715.1335,5788.137,499.1644,1.6966378
3021000.0,1924.0624,5841.8542,3979.0249,251.91176,106.89119,106.89119,106.89119,5859.6737,5869.8103,5796.0785,496.15661,1.6966378
3022000.0,1906.0439,5817.6253,4017.262,254.33254,106.89119,106.89119,106.89119,5827.4734,5842.2848,5783.1175,509.06245,1.6966378
3023000.0,1847.5846,5796.831,3976.9681,251.78154,106.89119,106.89119,106.89119,5812.7809,5843.3104,5734.4016,500.24924,1.6966378
3024000.0,1844.4753,5799.0744,4002.0233,253.36778,106.89119,106.89119,106.89119,5832.5103,5785.4423,5779.2706,486.34674,1.6966378
3025000.0,1802.356,5789.0331,3906.0372,247.29091,106.89119,106.89119,106.89119,5792.567,5811.5681,5762.9641,503.0896,1.6966378
3026000.0,1946.6348,5839.0792,3923.6624,248.40676,106.89119,106.89119,106.89119,5839.837,5825.1196,5852.2811,500.96368,1.6966378
3027000.0,2013.0735,5847.8619,3975.823,251.70905,106.89119,106.89119,106.89119,5885.698,5808.004,5849.8838,502.36208,1.6966378
3028000.0,1899.717,5831.9305,3919.3072,248.13103,106.89119,106.89119,106.89119,5880.0503,5847.5012,5768.2399,503.94326,1.6966378
3029000.0,1812.3799,5802.3956,3943.0587,249.63474,106.89119,106.89119,106.89119,5856.2721,5799.0102,5751.9044,506.05275,1.6966378
3030000.0,1934.5898,5821.0756,3949.1799,250.02227,106.89119,106.89119,106.89119,5873.4748,5803.1207,5786.6314,496.56268,1.6966378
3031000.0,1919.6116,5804.5237,3970.4238,251.36722,106.89119,106.89119,106.89119,5843.5866,5795.0702,5774.9143,500.39435,1.6966378
3032000.0,1963.8716,5824.9222,3935.1829,249.13612,106.89119,106.89119,106.89119,5892.573,5832.4692,5749.7244,501.8291,1.6966378
3033000.0,1781.9977,5779.9008,3989.7807,252.59271,106.89119,106.89119,106.89119,5864.1171,5809.5547,5666.0306,500.9779,1.6966378
3034000.0,1917.7878,5807.948,3912.3922,247.69324,106.89119,106.89119,106.89119,5818.2436,5836.0162,5769.5843,497.23703,1.6966378
3035000.0,1900.0493,5814.7341,3999.7673,253.22495,106.89119,106.89119,106.89119,5813.036,5816.3507,5814.8157,498.05992,1.6966378
3036000.0,1886.8637,5809.7886,4000.5581,253.27502,106.89119,106.89119,106.89119,5880.9948,5762.2986,5786.0725,497.04074,1.6966378
3037000.0,1854.9928,5803.2853,3971.1073,251.4105,106.89119,106.89119,106.89119,5795.6986,5870.2101,5743.9473,498.01505,1.6966378
3038000.0,1871.9819,5828.3249,3952.7404,250.24769,106.89119,106.89119,106.89119,5845.49,5814.9323,5824.5524,492.62773,1.6966378
3039000.0,1924.4974,5808.9119,3979.056,251.91372,106.89119,106.89119,106.89119,5833.8165,5845.8437,5747.0754,496.05358,1.6966378
3040000.0,1866.8605,5780.1639,3889.5837,246.24924,106.89119,106.89119,106.89119,5809.2131,5815.272,5716.0066,492.364,1.6966378
3041000.0,1866.8189,5817.5466,3974.137,251.6023,106.89119,106.89119,106.89119,5829.5677,5831.4683,5791.6039,495.55782,1.6966378
3042000.0,1931.9754,5853.3537,3922.8054,248.3525,106.89119,106.89119,106.89119,5893.0301,5801.1068,5865.9242,492.67842,1.6966378
3043000.0,1893.5628,5808.7177,3919.9412,248.17117,106.89119,106.89119,106.89119,5847.3772,5793.1561,5785.6197,490.62835,1.6966378
3044000.0,1930.2717,5819.376,3969.3113,251.29679,106.89119,106.89119,106.89119,5869.1386,5770.3891,5818.6002,492.36213,1.6966378
3045000.0,1917.9828,5830.5412,3940.1025,249.44758,106.89119,106.89119,106.89119,5906.9573,5779.9268,5804.7396,493.15482,1.6966378
3046000.0,1986.089,5836.5602,3965.4461,251.05208,106.89119,106.89119,106.89119,5895.2358,5806.3605,5808.0843,485.31947,1.6966378
3047000.0,1906.8199,5824.9325,3903.4604,247.12777,106.89119,106.89119,106.89119,5742.7226,5918.3436,5813.7313,491.67867,1.6966378
3048000.0,1837.7175,5812.1807,3903.4248,247.12552,106.89119,106.89119,106.89119,5801.3997,5840.1333,5795.0091,499.94537,1.6966378
3049000.0,1870.5117,5812.3488,3946.6738,249.86361,106.89119,106.89119,106.89119,5837.7213,5761.823,5837.502,502.44682,1.6966378
3050000.0,2006.9473,5814.4565,3927.4814,248.64854,106.89119,106.89119,106.89119,5862.1357,5779.2511,5801.9826,494.53983,1.6966378
3051000.0,1903.0823,5839.9542,3964.569,250.99655,106.89119,106.89119,106.89119,5853.0729,5824.2292,5842.5606,501.4995,1.6966378
3052000.0,1835.6839,5787.9613,3915.3026,247.8775,106.89119,106.89119,106.89119,5759.425,5844.2664,5760.1926,507.47059,1.6966378
3053000.0,1874.5137,5786.1377,3966.6208,251.12645,106.89119,106.89119,106.89119,5803.8638,5812.5697,5741.9796,505.01502,1.6966378
3054000.0,1949.4886,5831.2601,4040.4113,255.79813,106.89119,106.89119,106.89119,5894.4028,5835.5634,5763.8142,505.91227,1.6966378
3055000.0,1863.2895,5786.2315,3959.4014,250.66939,106.89119,106.89119,106.89119,5880.6222,5771.5564,5706.5159,500.72352,1.6966378
3056000.0,1911.2203,5820.3208,3988.2096,252.49324,106.89119,106.89119,106.89119,5849.9834,5831.8957,5779.0834,491.22793,1.6966378
3057000.0,1908.8396,5820.8895,3985.4183,252.31652,106.89119,106.89119,106.89119,5848.6151,5791.6411,5822.4123,474.72135,1.6966378
3058000.0,1912.3045,5798.5625,3943.3115,249.65075,106.89119,106.89119,106.89119,5817.5265,5816.4582,5761.7029,501.98856,1.6966378
3059000.0,1921.7067,5814.5547,3969.0551,251.28057,106.89119,106.89119,106.89119,5882.2236,5832.2023,5729.2382,495.51867,1.6966378
3060000.0,1852.5159,5797.8395,3939.5408,249.41202,106.89119,106.89119,106.89119,5813.2527,5781.3246,5798.9412,476.76067,1.6966378
3061000.0,1905.4931,5812.3995,4081.6634,258.40979,106.89119,106.89119,106.89119,5842.5167,5803.0979,5791.5841,493.13649,1.6966378
3062000.0,1913.2547,5817.1436,3861.0804,244.4447,106.89119,106.89119,106.89119,5831.1353,5790.186,5830.1093,485.23902,1.6966378
3063000.0,1956.7752,5837.5815,3934.5233,249.09437,106.89119,106.89119,106.89119,5873.7673,5817.5179,5821.4593,499.80717,1.6966378
3064000.0,1919.0281,5810.3991,3933.6452,249.03877,106.89119,106.89119,106.89119,5842.0852,5804.4782,5784.6339,492.4423,1.6966378
3065000.0,1940.6118,5803.4109,3955.4316,250.41806,106.89119,106.89119,106.89119,5818.5208,5801.0738,5790.6382,502.75929,1.6966378
3066000.0,1894.981,5809.5674,3995.2741,252.94049,106.89119,106.89119,106.89119,5823.4165,5791.9823,5813.3034,495.32208,1.6966378
3067000.0,1935.8982,5827.6385,3994.4204,252.88644,106.89119,106.89119,106.89119,5811.1596,5817.9568,5853.799,464.80435,1.6966378
3068000.0,1815.2512,5791.993,3935.2405,249.13977,106.89119,106.89119,106.89119,5809.2724,5764.944,5801.7626,494.46412,1.6966378
3069000.0,1928.1758,5809.1342,3913.0895,247.73739,106.89119,106.89119,106.89119,5803.3675,5824.4334,5799.6016,485.48081,1.6966378
3070000.0,1892.8615,5831.5391,3931.4499,248.89979,106.89119,106.89119,106.89119,5798.282,5837.1394,5859.1958,490.64319,1.6966378
3071000.0,1865.3011,5812.5901,3920.4222,248.20162,106.89119,106.89119,106.89119,5810.126,5826.7834,5800.8609,497.75323,1.6966378
3072000.0,1959.8061,5845.5385,4008.2129,253.75965,106.89119,106.89119,106.89119,5853.685,5851.8772,5831.0532,501.56693,1.6966378
3073000.0,1978.5853,5837.888,3892.0343,246.40439,106.89119,106.89119,106.89119,5859.2379,5843.5327,5810.8935,489.95966,1.6966378
3074000.0,1918.6829,5835.7394,3953.8963,250.32087,106.89119,106.89119,106.89119,5862.4003,5856.5087,5788.3093,481.29087,1.6966378
3075000.0,1904.7177,5816.1444,4075.3512,258.01017,106.89119,106.89119,106.89119,5842.8499,5818.6264,5786.9571,495.97032,1.6966378
3076000.0,1912.0871,5808.824,3912.634,247.70855,106.89119,106.89119,106.89119,5868.15,5803.965,5754.3571,486.5781,1.6966378
3077000.0,1809.7823,5788.3014,3914.9072,247.85247,106.89119,106.89119,106.89119,5768.052,5829.9998,5766.8523,498.18727,1.6966378
3078000.0,1836.9094,5796.9893,3961.9547,250.83104,106.89119,106.89119,106.89119,5830.1163,5793.9063,5766.9453,500.90196,1.6966378
3079000.0,1959.3196,5833.121,3949.8014,250.06162,106.89119,106.89119,106.89119,5848.5876,5825.7722,5825.0034,503.69579,1.6966378
3080000.0,1895.8341,5817.4481,4024.0147,254.76006,106.89119,106.89119,106.89119,5889.4066,5758.1125,5804.8252,499.82759,1.6966378
3081000.0,1928.7714,5830.9378,3906.2404,247.30378,106.89119,106.89119,106.89119,5854.9649,5826.7979,5811.0507,502.90688,1.6966378
3082000.0,1853.8389,5789.68,3991.6589,252.71161,106.89119,106.89119,106.89119,5838.5831,5790.6389,5739.8179,497.23771,1.6966378
3083000.0,1829.2814,5795.1435,4029.2227,255.08977,106.89119,106.89119,106.89119,5809.4874,5819.6735,5756.2697,502.07204,1.6966378
3084000.0,1882.8587,5820.3927,3917.9741,248.04663,106.89119,106.89119,106.89119,5814.5069,5804.5391,5842.1321,504.87302,1.6966378
3085000.0,1899.4961,5817.9355,4045.378,256.11256,106.89119,106.89119,106.89119,5864.4021,5796.0802,5793.3243,494.49914,1.6966378
3086000.0,1925.4008,5815.8959,3918.6202,248.08754,106.89119,106.89119,106.89119,5828.249,5829.1005,5790.3382,500.52138,1.6966378
3087000.0,1848.1879,5806.6452,3903.1652,247.10908,106.89119,106.89119,106.89119,5841.3613,5811.6029,5766.9714,498.8476,1.6966378
3088000.0,1908.0903,5817.1765,3915.9466,247.91827,106.89119,106.89119,106.89119,5848.2434,5839.8495,5763.4367,495.31898,1.6966378
3089000.0,1835.0401,5804.045,3933.1085,249.00479,106.89119,106.89119,106.89119,5779.0911,5843.7709,5789.273,503.66583,1.6966378
3090000.0,1854.3332,5807.8173,3952.7741,250.24982,106.89119,106.89119,106.89119,5816.2461,5772.0497,5835.1562,498.12713,1.6966378
3091000.0,1979.8263,5828.4671,3944.0295,249.6962,106.89119,106.89119,106.89119,5829.5484,5832.2969,5823.5559,496.1793,1.6966378
3092000.0,1891.8985,5817.9411,3963.8857,250.95329,106.89119,106.89119,106.89119,5858.6113,5790.39,5804.822,498.63828,1.6966378
3093000.0,1901.7791,5823.5253,3866.9504,244.81633,106.89119,106.89119,106.89119,5862.3074,5841.7935,5766.4752,498.00679,1.6966378
3094000.0,1796.7399,5785.0557,3932.8451,248.98811,106.89119,106.89119,106.89119,5828.6585,5774.37,5752.1387,487.24399,1.6966378
3095000.0,1848.8868,5806.5424,3927.7735,248.66704,106.89119,106.89119,106.89119,5808.0839,5807.1427,5804.4004,500.61264,1.6966378
3096000.0,1930.9111,5828.7446,3957.9716,250.57888,106.89119,106.89119,106.89119,5903.5243,5836.2698,5746.4397,491.68031,1.6966378
3097000.0,1827.7851,5818.8709,3982.8349,252.15297,106.89119,106.89119,106.89119,5850.1844,5836.6809,5769.7474,497.35514,1.6966378
3098000.0,1810.7588,5803.7969,3970.6179,251.37951,106.89119,106.89119,106.89119,5805.0101,5811.2178,5795.163,505.19399,1.6966378
3099000.0,1910.1795,5798.3525,3951.4268,250.16452,106.89119,106.89119,106.89119,5811.1998,5823.7512,5760.1065,499.25329,1.6966378
3100000.0,1921.6197,5806.8868,4018.9167,254.4373,106.89119,106.89119,106.89119,5830.7272,5894.5397,5695.3934,498.96065,1.6966378
3101000.0,1856.9648,5810.0979,3909.9332,247.53757,106.89119,106.89119,106.89119,5853.1064,5836.67,5740.5173,497.03021,1.6966378
3102000.0,1944.7673,5818.7508,3942.6293,249.60755,106.89119,106.89119,106.89119,5839.0413,5874.817,5742.3941,498.72492,1.6966378
3103000.0,1901.6557,5815.454,3912.4563,247.69731,106.89119,106.89119,106.89119,5836.3099,5798.6051,5811.447,494.46046,1.6966378
3104000.0,1907.0855,5816.0276,3956.0867,250.45954,106.89119,106.89119,106.89119,5866.2296,5769.2813,5812.572,499.91654,1.6966378
3105000.0,1946.4802,5838.5054,3891.6863,246.38235,106.89119,106.89119,106.89119,5842.6988,5776.0276,5896.7897,497.83071,1.6966378
3106000.0,1973.4537,5831.7875,3940.8179,249.49287,106.89119,106.89119,106.89119,5842.6692,5852.8372,5799.8563,498.26674,1.6966378
3107000.0,1916.5259,5835.1432,3938.8213,249.36647,106.89119,106.89119,106.89119,5878.3934,5857.6424,5769.3937,498.76843,1.6966378
3108000.0,1878.1466,5814.1094,3946.3394,249.84244,106.89119,106.89119,106.89119,5850.4665,5812.6626,5779.1991,500.97373,1.6966378
3109000.0,1917.0872,5830.107,3903.112,247.10572,106.89119,106.89119,106.89119,5847.0946,5805.0574,5838.1691,497.42566,1.6966378
3110000.0,1905.2817,5805.5459,3897.4844,246.74943,106.89119,106.89119,106.89119,5873.4704,5786.5632,5756.6043,485.28958,1.6966378
3111000.0,1980.5301,5847.338,3939.1493,249.38724,106.89119,106.89119,106.89119,5904.2247,5869.6907,5768.0986,493.35233,1.6966378
3112000.0,1925.6773,5839.9521,4026.0849,254.89112,106.89119,106.89119,106.89119,5867.9989,5829.0096,5822.8479,494.09021,1.6966378
3113000.0,1818.769,5815.8663,3931.0328,248.87338,106.89119,106.89119,106.89119,5871.0944,5799.9941,5776.5105,495.60155,1.6966378
3114000.0,1934.132,5849.1778,4038.5384,255.67955,106.89119,106.89119,106.89119,5814.559,5921.0815,5811.8927,495.5665,1.6966378
3115000.0,1851.5321,5819.3426,4000.5517,253.27462,106.89119,106.89119,106.89119,5871.5179,5796.5647,5789.9452,502.87761,1.6966378
3116000.0,1898.595,5795.8874,3974.6341,251.63377,106.89119,106.89119,106.89119,5778.4935,5804.6579,5804.5108,493.26674,1.6966378
3117000.0,1867.9328,5801.0293,3956.5433,250.48845,106.89119,106.89119,106.89119,5860.3568,5747.2579,5795.4733,495.77342,1.6966378
3118000.0,1927.591,5845.6712,3937.8708,249.30629,106.89119,106.89119,106.89119,5860.3418,5811.8873,5864.7845,496.24058,1.6966378
3119000.0,1877.0513,5811.2022,3940.046,249.44401,106.89119,106.89119,106.89119,5828.1825,5782.1214,5823.3026,495.69169,1.6966378
3120000.0,1933.4918,5816.2112,3875.8871,245.38211,106.89119,106.89119,106.89119,5881.4456,5806.0037,5761.1844,501.79382,1.6966378
3121000.0,1893.3335,5823.7059,3885.5575,245.99435,106.89119,106.89119,106.89119,5831.7576,5823.7972,5815.5631,508.19369,1.6966378
3122000.0,1893.7306,5824.5596,3933.2501,249.01376,106.89119,106.89119,106.89119,5820.6842,5851.7952,5801.1995,508.24968,1.6966378
3123000.0,1914.8519,5830.1421,3941.9731,249.56601,106.89119,106.89119,106.89119,5874.1453,5779.0315,5837.2494,501.42518,1.6966378
3124000.0,1878.1052,5797.5891,4013.5891,254.10001,106.89119,106.89119,106.89119,5839.5412,5781.898,5771.3281,499.83616,1.6966378
3125000.0,1894.5089,5821.9045,3967.703,251.19497,106.89119,106.89119,106.89119,5781.6944,5827.6304,5856.3886,497.25543,1.6966378
3126000.0,1943.9249,5824.2725,3946.0065,249.82136,106.89119,106.89119,106.89119,5896.9138,5828.7967,5747.1071,494.66974,1.6966378
3127000.0,1881.3354,5820.8266,3989.4636,252.57263,106.89119,106.89119,106.89119,5873.899,5797.4443,5791.1363,504.44981,1.6966378
3128000.0,1817.9499,5810.0686,3975.756,251.70481,106.89119,106.89119,106.89119,5795.9491,5839.6497,5794.6071,493.96267,1.6966378
3129000.0,1884.3481,5826.4449,4005.908,253.61373,106.89119,106.89119,106.89119,5842.5316,5802.3029,5834.5001,495.51408,1.6966378
3130000.0,1883.6962,5826.6502,3992.5938,252.7708,106.89119,106.89119,106.89119,5883.3972,5833.7381,5762.8154,504.18945,1.6966378
3131000.0,1911.192,5807.9085,3938.791,249.36455,106.89119,106.89119,106.89119,5866.9245,5806.3731,5750.4279,493.57122,1.6966378
3132000.0,1950.6284,5844.0679,3959.9658,250.70512,106.89119,106.89119,106.89119,5872.0196,5861.449,5798.7349,498.15412,1.6966378
3133000.0,1915.2931,5834.7915,3911.3552,247.62759,106.89119,106.89119,106.89119,5918.8729,5796.2629,5789.2387,503.23522,1.6966378
3134000.0,1891.5414,5854.3193,3930.753,248.85566,106.89119,106.89119,106.89119,5889.2202,5880.867,5792.8707,497.20788,1.6966378
3135000.0,1883.1824,5805.0211,3973.2236,251.54448,106.89119,106.89119,106.89119,5787.2747,5784.8329,5842.9558,497.76224,1.6966378
3136000.0,1896.9128,5801.6761,3940.3539,249.4635,106.89119,106.89119,106.89119,5850.9854,5804.1671,5749.8758,496.76518,1.6966378
3137000.0,1886.2635,5819.2256,3978.7355,251.89343,106.89119,106.89119,106.89119,5910.171,5785.6495,5761.8562,496.22169,1.6966378
3138000.0,1904.1557,5850.0956,3959.7257,250.68993,106.89119,106.89119,106.89119,5842.8579,5891.205,5816.2238,456.37223,1.6966378
3139000.0,1855.0395,5789.19,4017.9463,254.37587,106.89119,106.89119,106.89119,5784.5597,5788.0134,5794.9969,484.02059,1.6966378
3140000.0,1856.1569,5806.9579,3946.2362,249.83591,106.89119,106.89119,106.89119,5802.4626,5826.9839,5791.4272,498.72323,1.6966378
3141000.0,1890.6019,5818.0609,3973.5998,251.56829,106.89119,106.89119,106.89119,5857.4191,5802.2989,5794.4648,498.18738,1.6966378
3142000.0,1899.489,5829.108,3943.0864,249.63649,106.89119,106.89119,106.89119,5841.6878,5870.246,5775.3903,497.95642,1.6966378
3143000.0,1873.5717,5803.1975,3977.7722,251.83245,106.89119,106.89119,106.89119,5855.8866,5808.6941,5745.0117,495.42349,1.6966378
3144000.0,1852.8078,5793.0772,3967.6528,251.19179,106.89119,106.89119,106.89119,5833.9665,5800.0961,5745.1689,448.9447,1.6966378
3145000.0,1849.5067,5823.2966,3983.7912,252.21351,106.89119,106.89119,106.89119,5847.263,5831.7601,5790.8665,460.26059,1.6966378
3146000.0,1896.4709,5823.1424,3977.4881,251.81446,106.89119,106.89119,106.89119,5848.0699,5841.9997,5779.3577,463.8349,1.6966378
3147000.0,1881.9818,5821.3151,3919.9798,248.17362,106.89119,106.89119,106.89119,5877.4147,5794.5338,5791.9969,488.73114,1.6966378
3148000.0,1889.3104,5839.3798,3970.3794,251.36441,106.89119,106.89119,106.89119,5881.9235,5850.8674,5785.3487,451.03219,1.6966378
3149000.0,1909.9864,5814.6041,3967.8837,251.20641,106.89119,106.89119,106.89119,5862.8173,5809.5575,5771.4374,503.20752,1.6966378
3150000.0,1861.3214,5797.9382,3935.0236,249.12604,106.89119,106.89119,106.89119,5843.8204,5776.8334,5773.1608,490.58572,1.6966378
3151000.0,1887.5459,5808.739,3872.4764,245.16618,106.89119,106.89119,106.89119,5822.1617,5816.548,5787.5074,498.54549,1.6966378
3152000.0,1894.0473,5805.7528,4008.0239,253.74768,106.89119,106.89119,106.89119,5854.7464,5759.9408,5802.5712,501.13329,1.6966378
3153000.0,1910.9795,5806.8477,3902.6301,247.0752,106.89119,106.89119,106.89119,5804.8359,5830.7111,5784.996,503.18977,1.6966378
3154000.0,1963.4424,5850.3575,3915.7034,247.90288,106.89119,106.89119,106.89119,5893.6079,5819.9608,5837.5039,504.61627,1.6966378
3155000.0,1892.1184,5823.6088,3916.1456,247.93087,106.89119,106.89119,106.89119,5782.5628,5867.179,5821.0845,501.25472,1.6966378
3156000.0,1899.6882,5835.1255,3988.0921,252.4858,106.89119,106.89119,106.89119,5832.3211,5864.5868,5808.4686,499.03858,1.6966378
3157000.0,1848.4365,5804.0684,3937.7253,249.29708,106.89119,106.89119,106.89119,5851.6376,5836.3198,5724.2478,500.82533,1.6966378
3158000.0,1881.8383,5831.2759,3959.2387,250.6591,106.89119,106.89119,106.89119,5809.8561,5874.3632,5809.6085,502.68441,1.6966378
3159000.0,1877.4034,5835.5196,3961.304,250.78985,106.89119,106.89119,106.89119,5808.8908,5832.452,5865.2162,496.08276,1.6966378
3160000.0,1943.3389,5820.5168,3916.575,247.95806,106.89119,106.89119,106.89119,5817.1951,5821.0308,5823.3243,500.48805,1.6966378
3161000.0,1879.0358,5804.6114,3996.9686,253.04777,106.89119,106.89119,106.89119,5812.4977,5782.1595,5819.1771,506.02818,1.6966378
3162000.0,1878.2488,5811.3655,3961.6312,250.81056,106.89119,106.89119,106.89119,5782.9861,5811.5215,5839.5889,505.11626,1.6966378
3163000.0,1904.5256,5822.9341,3981.3607,252.05964,106.89119,106.89119,106.89119,5839.464,5813.515,5815.8232,503.9215,1.6966378
3164000.0,1903.4622,5799.2777,3999.7564,253.22427,106.89119,106.89119,106.89119,5838.4285,5794.1653,5765.2394,499.594,1.6966378
3165000.0,1827.37,5795.9765,3997.7501,253.09725,106.89119,106.89119,106.89119,5806.9584,5759.3576,5821.6137,446.88578,1.6966378
3166000.0,1899.006,5836.9474,3949.486,250.04165,106.89119,106.89119,106.89119,5897.2501,5835.124,5778.4681,441.43891,1.6966378
3167000.0,1853.9751,5849.4852,3903.8362,247.15156,106.89119,106.89119,106.89119,5858.3769,5838.9111,5851.1676,453.93849,1.6966378
3168000.0,1848.1905,5809.0491,3970.5012,251.37212,106.89119,106.89119,106.89119,5855.0739,5792.5108,5779.5625,447.86635,1.6966378
3169000.0,1844.1586,5804.7759,3904.3083,247.18145,106.89119,106.89119,106.89119,5762.5565,5828.9082,5822.863,470.05968,1.6966378
3170000.0,1855.4777,5786.1354,3931.9407,248.93086,106.89119,106.89119,106.89119,5814.2361,5784.7241,5759.446,474.36035,1.6966378
3171000.0,1908.2804,5805.0826,3916.9435,247.98139,106.89119,106.89119,106.89119,5798.3787,5838.8903,5777.9788,486.5353,1.6966378
3172000.0,1937.7849,5849.1146,3993.5683,252.8325,106.89119,106.89119,106.89119,5869.8921,5846.2644,5831.1872,482.18031,1.6966378
3173000.0,1937.9316,5796.2441,3907.9486,247.41192,106.89119,106.89119,106.89119,5806.8753,5782.0077,5799.8494,494.24268,1.6966378
3174000.0,1849.9944,5802.8535,4003.6211,253.46894,106.89119,106.89119,106.89119,5818.0515,5847.6091,5742.8999,501.2653,1.6966378
3175000.0,1858.1906,5810.5304,3894.2208,246.54281,106.89119,106.89119,106.89119,5842.6016,5778.3567,5810.6328,480.32137,1.6966378
3176000.0,1950.0876,5827.5213,3973.6226,251.56974,106.89119,106.89119,106.89119,5906.1424,5806.9133,5769.5083,474.40632,1.6966378
3177000.0,1855.8426,5803.7639,4036.7207,255.56448,106.89119,106.89119,106.89119,5824.4012,5791.8819,5795.0086,443.14023,1.6966378
3178000.0,1983.2122,5850.1471,3969.5534,251.31212,106.89119,106.89119,106.89119,5899.9967,5831.1478,5819.2968,468.72242,1.6966378
3179000.0,1914.1217,5831.0191,3935.8232,249.17666,106.89119,106.89119,106.89119,5862.7078,5843.7017,5786.6477,484.00645,1.6966378
3180000.0,1905.563,5807.3188,3965.5707,251.05997,106.89119,106.89119,106.89119,5855.4179,5789.6651,5776.8735,498.96579,1.6966378
3181000.0,1907.4586,5836.6129,3950.4564,250.10309,106.89119,106.89119,106.89119,5879.4335,5807.5886,5822.8167,466.71742,1.6966378
3182000.0,1864.6362,5810.9918,4005.182,253.56776,106.89119,106.89119,106.89119,5843.9204,5784.7843,5804.2708,455.35938,1.6966378
3183000.0,1892.9082,5801.8591,3988.2706,252.4971,106.89119,106.89119,106.89119,5830.715,5800.2054,5774.6568,469.12044,1.6966378
3184000.0,1905.6191,5811.9806,3881.8455,245.75934,106.89119,106.89119,106.89119,5809.8091,5820.8449,5805.2877,468.08454,1.6966378
3185000.0,1931.3023,5836.6069,3995.5333,252.9569,106.89119,106.89119,106.89119,5855.6396,5821.5916,5832.5896,442.14353,1.6966378
3186000.0,1862.1287,5800.3844,3949.4495,250.03934,106.89119,106.89119,106.89119,5835.3051,5793.2413,5772.6069,499.46386,1.6966378
3187000.0,1897.7788,5802.4263,4032.5441,255.30005,106.89119,106.89119,106.89119,5843.5686,5727.1837,5836.5264,502.53253,1.6966378
3188000.0,1923.6415,5841.0571,3962.9064,250.8913,106.89119,106.89119,106.89119,5831.3057,5866.003,5825.8624,496.45594,1.6966378
3189000.0,1890.2222,5815.9681,3947.4314,249.91157,106.89119,106.89119,106.89119,5897.446,5782.5463,5767.9119,464.59432,1.6966378
3190000.0,1881.8536,5800.1433,3969.4859,251.30784,106.89119,106.89119,106.89119,5868.962,5754.7698,5776.6982,492.00426,1.6966378
3191000.0,1893.0053,5806.1663,3916.2215,247.93568,106.89119,106.89119,106.89119,5809.9437,5805.0248,5803.5304,493.44938,1.6966378
3192000.0,1901.9754,5821.6107,3960.4963,250.73871,106.89119,106.89119,106.89119,5868.9838,5830.3393,5765.509,468.39971,1.6966378
3193000.0,1845.2663,5795.8878,3931.9324,248.93034,106.89119,106.89119,106.89119,5811.5017,5782.8491,5793.3126,487.71022,1.6966378
3194000.0,1862.3851,5785.1336,3991.6608,252.71173,106.89119,106.89119,106.89119,5860.6111,5746.5433,5748.2464,449.56064,1.6966378
3195000.0,1862.1107,5803.0472,3980.4495,252.00195,106.89119,106.89119,106.89119,5804.3535,5784.4425,5820.3456,454.09517,1.6966378
3196000.0,1945.4791,5822.195,4040.2209,255.78607,106.89119,106.89119,106.89119,5860.2083,5812.7694,5793.6071,489.41086,1.6966378
3197000.0,1876.4254,5832.547,3947.3512,249.9065,106.89119,106.89119,106.89119,5851.4219,5842.7687,5803.4505,497.36261,1.6966378
3198000.0,1866.4209,5808.881,4007.5291,253.71636,106.89119,106.89119,106.89119,5885.9481,5765.4153,5775.2796,487.67733,1.6966378
3199000.0,1936.6884,5831.1229,3917.0026,247.98513,106.89119,106.89119,106.89119,5933.5661,5767.5951,5792.2075,479.27709,1.6966378
3200000.0,1901.3735,5830.0371,3933.4116,249.02398,106.89119,106.89119,106.89119,5908.6023,5804.7073,5776.8017,500.0929,1.6966378
3201000.0,1943.4255,5831.0989,3968.7269,251.25979,106.89119,106.89119,106.89119,5910.5675,5793.0377,5789.6916,441.10308,1.6966378
3202000.0,1952.406,5821.9961,3874.3172,245.28272,106.89119,106.89119,106.89119,5882.3788,5777.3338,5806.2756,500.95111,1.6966378
3203000.0,1862.1213,5800.175,3875.6375,245.36631,106.89119,106.89119,106.89119,5832.6231,5779.7136,5788.1884,488.19031,1.6966378
3204000.0,1940.7425,5815.7834,3891.4882,246.36981,106.89119,106.89119,106.89119,5879.9901,5832.0652,5735.2949,490.07859,1.6966378
3205000.0,1927.1278,5846.6568,3975.9349,251.71613,106.89119,106.89119,106.89119,5915.9633,5803.7698,5820.2374,488.65553,1.6966378
3206000.0,1911.4531,5841.3609,3897.1546,246.72855,106.89119,106.89119,106.89119,5854.3732,5902.6028,5767.1066,504.31765,1.6966378
3207000.0,1942.6137,5839.2502,3952.845,250.25431,106.89119,106.89119,106.89119,5840.0455,5845.511,5832.1942,502.48492,1.6966378
3208000.0,1913.102,5824.4367,3960.6489,250.74837,106.89119,106.89119,106.89119,5894.6742,5787.5283,5791.1075,480.07245,1.6966378
3209000.0,1917.0397,5856.3891,4009.957,253.87007,106.89119,106.89119,106.89119,5891.1851,5895.3548,5782.6273,453.66255,1.6966378
3210000.0,1885.6407,5794.2791,3897.6542,246.76019,106.89119,106.89119,106.89119,5814.4362,5799.3735,5769.0274,460.83464,1.6966378
3211000.0,1900.0335,5833.9125,4014.8905,254.1824,106.89119,106.89119,106.89119,5873.78,5848.942,5779.0153,465.46501,1.6966378
3212000.0,1905.5001,5810.9071,3936.6413,249.22845,106.89119,106.89119,106.89119,5905.9237,5775.4871,5751.3105,489.4528,1.6966378
3213000.0,1828.6052,5804.8194,3962.222,250.84797,106.89119,106.89119,106.89119,5812.3922,5791.2604,5810.8057,463.1264,1.6966378
3214000.0,1910.1892,5794.335,3927.7701,248.66682,106.89119,106.89119,106.89119,5811.0629,5828.7118,5743.2302,478.38205,1.6966378
3215000.0,1928.8867,5842.3258,3979.9404,251.96972,106.89119,106.89119,106.89119,5862.4256,5834.1281,5830.4235,411.16089,1.6966378
3216000.0,1911.7205,5826.1696,3944.502,249.72611,106.89119,106.89119,106.89119,5847.9933,5852.6763,5777.8392,405.01908,1.6966378
3217000.0,1881.2016,5792.0299,3987.6724,252.45923,106.89119,106.89119,106.89119,5828.7782,5778.6332,5768.6782,501.21836,1.6966378
3218000.0,1895.9786,5831.3567,3902.6053,247.07364,106.89119,106.89119,106.89119,5877.1833,5821.5108,5795.3758,498.98146,1.6966378
3219000.0,1881.5818,5813.8162,3916.2238,247.93582,106.89119,106.89119,106.89119,5876.5497,5777.8414,5787.0574,482.74618,1.6966378
3220000.0,1899.7801,5823.0032,3909.2436,247.49391,106.89119,106.89119,106.89119,5885.9129,5790.9821,5792.1145,503.54241,1.6966378
3221000.0,1820.3143,5812.6891,4028.1517,255.02197,106.89119,106.89119,106.89119,5840.0106,5835.7503,5762.3065,501.66814,1.6966378
3222000.0,1954.4065,5847.153,3965.6291,251.06367,106.89119,106.89119,106.89119,5858.9605,5788.3211,5894.1773,481.31641,1.6966378
3223000.0,1879.4563,5833.3448,3931.5073,248.90342,106.89119,106.89119,106.89119,5879.1748,5808.9282,5811.9314,502.56525,1.6966378
3224000.0,1877.1509,5816.5852,3897.9479,246.77878,106.89119,106.89119,106.89119,5848.2279,5821.6455,5779.8823,493.52784,1.6966378
3225000.0,1938.1143,5829.1343,3955.9455,250.4506,106.89119,106.89119,106.89119,5820.7786,5848.1723,5818.452,491.50606,1.6966378
3226000.0,1906.4645,5841.3334,3940.3398,249.4626,106.89119,106.89119,106.89119,5882.9132,5813.8334,5827.2536,495.54075,1.6966378
3227000.0,1891.0474,5823.6637,3907.8509,247.40574,106.89119,106.89119,106.89119,5868.9825,5815.4971,5786.5116,487.12968,1.6966378
3228000.0,1936.7344,5825.7188,3993.0817,252.80169,106.89119,106.89119,106.89119,5869.7348,5846.1619,5761.2598,488.1816,1.6966378
3229000.0,1950.6428,5841.6342,3952.0559,250.20435,106.89119,106.89119,106.89119,5879.6611,5895.1763,5750.0653,494.94777,1.6966378
3230000.0,1859.6077,5817.3529,4010.5693,253.90883,106.89119,106.89119,106.89119,5792.0318,5863.6581,5796.3687,492.88691,1.6966378
3231000.0,1849.844,5811.3926,3950.7007,250.11855,106.89119,106.89119,106.89119,5841.9018,5838.2281,5754.0479,496.83024,1.6966378
3232000.0,1881.4001,5827.1458,3891.6568,246.38049,106.89119,106.89119,106.89119,5895.7953,5799.0659,5786.5763,503.23008,1.6966378
3233000.0,2010.1643,5850.2188,3907.8117,247.40326,106.89119,106.89119,106.89119,5919.194,5813.2038,5818.2586,500.40143,1.6966378
3234000.0,1873.591,5794.7806,3968.7024,251.25824,106.89119,106.89119,106.89119,5799.5225,5770.808,5814.0112,500.23862,1.6966378
3235000.0,1861.6351,5850.5036,4015.8825,254.24521,106.89119,106.89119,106.89119,5925.0118,5839.6598,5786.8391,502.91496,1.6966378
3236000.0,1796.1381,5800.4277,3875.7435,245.37302,106.89119,106.89119,106.89119,5850.8839,5812.9994,5737.3998,495.28343,1.6966378
3237000.0,1900.7315,5813.5913,3947.16,249.89439,106.89119,106.89119,106.89119,5822.0781,5813.059,5805.6368,496.50612,1.6966378
3238000.0,1810.6979,5798.027,3888.8909,246.20538,106.89119,106.89119,106.89119,5825.9105,5815.1053,5753.0654,440.92221,1.6966378
3239000.0,1881.459,5831.7869,3935.9752,249.18628,106.89119,106.89119,106.89119,5849.3147,5815.0903,5830.9556,464.96754,1.6966378
3240000.0,1862.5497,5836.708,4004.7955,253.54329,106.89119,106.89119,106.89119,5938.0711,5810.8116,5761.2412,494.81962,1.6966378
3241000.0,1925.9187,5833.7752,3864.7783,244.67882,106.89119,106.89119,106.89119,5839.8151,5844.6469,5816.8635,478.89553,1.6966378
3242000.0,1906.3482,5854.1892,3910.169,247.5525,106.89119,106.89119,106.89119,5917.3857,5828.8608,5816.3213,474.20919,1.6966378
3243000.0,1924.9531,5829.9134,4005.6758,253.59902,106.89119,106.89119,106.89119,5849.0132,5832.1439,5808.5833,483.32589,1.6966378
3244000.0,1825.3039,5807.2032,3995.4435,252.95122,106.89119,106.89119,106.89119,5852.0881,5750.69,5818.8315,499.32635,1.6966378
3245000.0,1832.6523,5798.9709,3986.6767,252.39619,106.89119,106.89119,106.89119,5819.468,5803.076,5774.3685,498.38642,1.6966378
3246000.0,1878.8727,5830.3772,3993.5372,252.83053,106.89119,106.89119,106.89119,5924.7314,5767.7657,5798.6343,500.77435,1.6966378
3247000.0,1912.0318,5815.6054,3907.0723,247.35644,106.89119,106.89119,106.89119,5822.848,5790.1539,5833.8142,490.47895,1.6966378
3248000.0,1971.0033,5851.692,3923.874,248.42016,106.89119,106.89119,106.89119,5881.2195,5862.055,5811.8016,490.39412,1.6966378
3249000.0,1820.6707,5786.0914,3864.095,244.63555,106.89119,106.89119,106.89119,5801.4985,5791.1717,5765.6042,502.60682,1.6966378
3250000.0,1944.1778,5848.2308,3974.1941,251.60592,106.89119,106.89119,106.89119,5888.8169,5843.0737,5812.8018,504.70405,1.6966378
3251000.0,1880.3516,5826.1486,3945.2744,249.77502,106.89119,106.89119,106.89119,5836.8294,5799.3837,5842.2327,501.31859,1.6966378
3252000.0,1887.1753,5823.3848,3975.5839,251.69391,106.89119,106.89119,106.89119,5799.4483,5839.1983,5831.5078,497.13466,1.6966378
3253000.0,1854.6695,5840.9801,3931.4875,248.90217,106.89119,106.89119,106.89119,5832.5406,5830.6278,5859.7719,500.68495,1.6966378
3254000.0,1844.2809,5811.9074,3939.5096,249.41005,106.89119,106.89119,106.89119,5829.2408,5788.2675,5818.2139,504.41306,1.6966378
3255000.0,1821.1455,5795.2503,3957.7702,250.56612,106.89119,106.89119,106.89119,5796.3087,5764.179,5825.2632,493.76784,1.6966378
3256000.0,1954.1987,5858.9921,3903.1506,247.10816,106.89119,106.89119,106.89119,5814.8025,5938.5648,5823.609,446.54588,1.6966378
3257000.0,1894.7367,5827.6376,3915.5594,247.89376,106.89119,106.89119,106.89119,5812.5516,5878.3002,5792.0611,481.60611,1.6966378
3258000.0,1906.5365,5843.9591,3892.9231,246.46066,106.89119,106.89119,106.89119,5861.5333,5869.4714,5800.8728,504.99974,1.6966378
3259000.0,1855.664,5807.0304,4048.1162,256.28592,106.89119,106.89119,106.89119,5832.2124,5847.1346,5741.7443,498.42443,1.6966378
3260000.0,1872.3305,5830.4056,3991.1421,252.67889,106.89119,106.89119,106.89119,5817.7546,5889.7684,5783.6939,505.96213,1.6966378
3261000.0,1870.5662,5810.8598,3890.8547,246.32971,106.89119,106.89119,106.89119,5859.8778,5806.2071,5766.4945,505.78993,1.6966378
3262000.0,1898.0903,5820.8186,3965.9727,251.08543,106.89119,106.89119,106.89119,5837.6123,5848.872,5775.9714,503.63227,1.6966378
3263000.0,1896.7946,5813.49,3907.0464,247.3548,106.89119,106.89119,106.89119,5807.5707,5834.1917,5798.7076,499.83516,1.6966378
3264000.0,1850.2893,5830.4963,3930.7283,248.85411,106.89119,106.89119,106.89119,5913.1217,5769.2023,5809.165,497.75881,1.6966378
3265000.0,1936.5021,5857.5396,3993.6019,252.83462,106.89119,106.89119,106.89119,5894.2876,5884.2422,5794.0889,501.86217,1.6966378
3266000.0,1873.3245,5833.058,3932.4865,248.96541,106.89119,106.89119,106.89119,5790.2937,5867.9715,5840.9086,493.61821,1.6966378
3267000.0,1876.3166,5848.469,3938.313,249.33429,106.89119,106.89119,106.89119,5843.5481,5890.5948,5811.2639,494.93878,1.6966378
3268000.0,1903.7131,5855.5505,4008.6505,253.78735,106.89119,106.89119,106.89119,5842.2819,5882.3013,5842.0684,492.85754,1.6966378
3269000.0,1895.2596,5838.6733,3948.6966,249.99167,106.89119,106.89119,106.89119,5862.5441,5854.9815,5798.4943,500.91406,1.6966378
3270000.0,1951.8202,5869.8713,3939.0971,249.38393,106.89119,106.89119,106.89119,5849.4649,5856.8499,5903.2991,503.83578,1.6966378
3271000.0,1962.3972,5840.3811,3944.2296,249.70887,106.89119,106.89119,106.89119,5837.2667,5902.16,5781.7165,493.10499,1.6966378
3272000.0,1920.5078,5845.5691,3925.1116,248.49851,106.89119,106.89119,106.89119,5872.0145,5828.9433,5835.7494,493.17819,1.6966378
3273000.0,1846.7539,5835.4725,3960.2428,250.72266,106.89119,106.89119,106.89119,5833.1729,5835.3008,5837.9439,497.25459,1.6966378
3274000.0,1822.5821,5808.5062,4040.0618,255.776,106.89119,106.89119,106.89119,5799.7069,5802.1219,5823.69,492.37317,1.6966378
3275000.0,1956.1365,5855.2278,3916.2437,247.93708,106.89119,106.89119,106.89119,5857.2758,5915.612,5792.7955,495.60566,1.6966378
3276000.0,1847.3067,5785.0121,3956.905,250.51135,106.89119,106.89119,106.89119,5777.2029,5791.4284,5786.405,501.08895,1.6966378
3277000.0,1954.4521,5835.7803,3912.6687,247.71075,106.89119,106.89119,106.89119,5831.0718,5911.7196,5764.5496,497.78267,1.6966378
3278000.0,1899.143,5805.2898,3979.6024,251.94832,106.89119,106.89119,106.89119,5826.8673,5823.7005,5765.3017,504.46545,1.6966378
3279000.0,1807.7086,5799.0035,3947.4149,249.91053,106.89119,106.89119,106.89119,5783.898,5796.3575,5816.7549,496.57135,1.6966378
3280000.0,1798.8601,5797.5405,3859.1461,244.32224,106.89119,106.89119,106.89119,5853.5934,5785.2747,5753.7535,500.94444,1.6966378
3281000.0,1979.0654,5854.1516,3951.1686,250.14818,106.89119,106.89119,106.89119,5888.7434,5838.5699,5835.1414,505.9315,1.6966378
3282000.0,1928.5405,5809.797,3932.0095,248.93522,106.89119,106.89119,106.89119,5837.0977,5797.9343,5794.3589,504.29511,1.6966378
3283000.0,1894.3612,5800.9422,3966.2335,251.10193,106.89119,106.89119,106.89119,5865.7056,5745.9613,5791.1595,498.1587,1.6966378
3284000.0,1818.5214,5813.0961,3999.9937,253.23929,106.89119,106.89119,106.89119,5855.3401,5828.5395,5755.4088,502.01129,1.6966378
3285000.0,1819.5456,5819.4735,3906.406,247.31426,106.89119,106.89119,106.89119,5766.5623,5841.0005,5850.8578,500.55162,1.6966378
3286000.0,1851.3115,5816.8713,3953.482,250.29464,106.89119,106.89119,106.89119,5833.5008,5813.4609,5803.6523,496.18481,1.6966378
3287000.0,1899.3408,5824.4325,3995.2966,252.94191,106.89119,106.89119,106.89119,5857.0385,5818.909,5797.3499,504.38222,1.6966378
3288000.0,1888.3792,5808.7287,3889.3842,246.23661,106.89119,106.89119,106.89119,5835.2582,5820.9338,5769.9941,502.78535,1.6966378
3289000.0,1936.5819,5848.4914,3899.2968,246.86418,106.89119,106.89119,106.89119,5862.4177,5876.1099,5806.9467,501.92909,1.6966378
3290000.0,1904.4842,5823.4433,3886.7689,246.07104,106.89119,106.89119,106.89119,5861.9265,5829.3917,5779.0118,486.34763,1.6966378
3291000.0,1924.3373,5835.817,3902.2878,247.05353,106.89119,106.89119,106.89119,5853.4028,5836.7835,5817.2646,473.26544,1.6966378
3292000.0,1958.2045,5839.315,3985.0537,252.29344,106.89119,106.89119,106.89119,5850.1917,5856.161,5811.5921,497.36796,1.6966378
3293000.0,1879.3117,5834.007,3936.0562,249.19141,106.89119,106.89119,106.89119,5868.8616,5828.9536,5804.2058,475.51827,1.6966378
3294000.0,1889.0169,5830.2059,4003.6079,253.46811,106.89119,106.89119,106.89119,5923.4288,5806.6121,5760.5768,474.49104,1.6966378
3295000.0,1921.8062,5824.7595,3964.3686,250.98387,106.89119,106.89119,106.89119,5885.2115,5827.9193,5761.1478,497.30221,1.6966378
3296000.0,1887.92,5789.2134,4025.3678,254.84572,106.89119,106.89119,106.89119,5831.0081,5797.5923,5739.0398,471.2018,1.6966378
3297000.0,1817.7775,5814.625,3940.1844,249.45277,106.89119,106.89119,106.89119,5837.2005,5817.6933,5788.9811,428.38332,1.6966378
3298000.0,1871.0454,5820.2236,3995.4471,252.95144,106.89119,106.89119,106.89119,5873.5829,5839.2428,5747.845,417.09963,1.6966378
3299000.0,1832.9964,5815.709,3952.7555,250.24864,106.89119,106.89119,106.89119,5823.9978,5807.6857,5815.4436,465.55746,1.6966378
3300000.0,1811.5752,5802.6976,3926.6571,248.59635,106.89119,106.89119,106.89119,5856.5526,5762.24,5789.3003,452.86287,1.6966378
3301000.0,1904.5284,5820.5613,4001.3463,253.32492,106.89119,106.89119,106.89119,5823.4627,5872.2567,5765.9644,471.0764,1.6966378
3302000.0,1914.7753,5820.082,3902.7875,247.08517,106.89119,106.89119,106.89119,5827.1017,5858.3651,5774.7791,487.34351,1.6966378
3303000.0,1884.6148,5816.3007,3927.6358,248.65832,106.89119,106.89119,106.89119,5822.7756,5848.7924,5777.3341,489.99301,1.6966378
3304000.0,1835.4857,5784.8696,4018.4477,254.40761,106.89119,106.89119,106.89119,5767.7388,5854.5005,5732.3694,470.71842,1.6966378
3305000.0,1835.3373,5817.1243,3933.762,249.04617,106.89119,106.89119,106.89119,5854.1148,5860.0827,5737.1754,475.77402,1.6966378
3306000.0,1871.9281,5835.5477,3970.0867,251.34588,106.89119,106.89119,106.89119,5875.2627,5843.2895,5788.0908,456.31003,1.6966378
3307000.0,1823.938,5812.0746,3943.8013,249.68175,106.89119,106.89119,106.89119,5803.1379,5819.9189,5813.1671,502.63202,1.6966378
3308000.0,1894.6395,5808.244,4003.8839,253.48558,106.89119,106.89119,106.89119,5827.3444,5809.5172,5787.8705,505.08392,1.6966378
3309000.0,1936.1734,5840.1179,4066.9167,257.47618,106.89119,106.89119,106.89119,5800.7171,5872.3797,5847.257,501.40398,1.6966378
3310000.0,1866.2338,5805.4953,3950.3734,250.09783,106.89119,106.89119,106.89119,5808.1227,5818.0009,5790.3623,502.11031,1.6966378
3311000.0,1926.5512,5832.3866,3957.9723,250.57892,106.89119,106.89119,106.89119,5807.3274,5855.719,5834.1135,489.73455,1.6966378
3312000.0,1899.826,5834.9194,4022.0509,254.63573,106.89119,106.89119,106.89119,5811.5942,5833.8573,5859.3068,497.15958,1.6966378
3313000.0,1943.4705,5843.6704,4046.3863,256.1764,106.89119,106.89119,106.89119,5867.1703,5862.6041,5801.2368,494.77915,1.6966378
3314000.0,1882.636,5819.7412,3920.2262,248.18922,106.89119,106.89119,106.89119,5776.5632,5836.1604,5846.4999,489.12965,1.6966378
3315000.0,1884.8636,5809.533,3988.6965,252.52407,106.89119,106.89119,106.89119,5822.8586,5823.4262,5782.3142,499.69796,1.6966378
3316000.0,1916.9113,5829.4026,3944.2034,249.70721,106.89119,106.89119,106.89119,5862.2277,5819.7502,5806.2298,489.36284,1.6966378
3317000.0,1841.1809,5809.5834,3929.9756,248.80645,106.89119,106.89119,106.89119,5889.7461,5760.9215,5778.0825,403.16535,1.6966378
3318000.0,1872.4212,5811.5666,3963.8892,250.95352,106.89119,106.89119,106.89119,5842.2264,5805.2222,5787.2513,453.95526,1.6966378
3319000.0,1931.1762,5831.8847,3945.5664,249.7935,106.89119,106.89119,106.89119,5868.482,5825.5567,5801.6154,500.06615,1.6966378
3320000.0,1816.484,5790.5537,3982.1313,252.10842,106.89119,106.89119,106.89119,5775.4947,5790.9058,5805.2606,496.92537,1.6966378
3321000.0,1842.2764,5816.8263,3954.0113,250.32814,106.89119,106.89119,106.89119,5895.7513,5836.6083,5718.1193,500.67996,1.6966378
3322000.0,1881.0329,5818.3039,3926.1611,248.56495,106.89119,106.89119,106.89119,5786.2932,5873.6238,5794.9948,504.76953,1.6966378
3323000.0,1961.4923,5824.1731,3934.5862,249.09834,106.89119,106.89119,106.89119,5838.1669,5864.3171,5770.0354,502.69059,1.6966378
3324000.0,1864.5008,5845.865,3964.9554,251.02102,106.89119,106.89119,106.89119,5813.1505,5847.4269,5877.0177,490.20253,1.6966378
3325000.0,1933.5045,5840.5531,3909.5332,247.51224,106.89119,106.89119,106.89119,5824.314,5848.7897,5848.5556,464.95761,1.6966378
3326000.0,1902.0062,5848.5872,3940.7062,249.4858,106.89119,106.89119,106.89119,5802.9081,5874.7895,5868.064,481.09111,1.6966378
3327000.0,1940.0957,5830.7506,3902.4097,247.06125,106.89119,106.89119,106.89119,5857.9056,5845.7441,5788.6019,467.50383,1.6966378
3328000.0,1814.6053,5783.4051,3997.4878,253.08064,106.89119,106.89119,106.89119,5759.6086,5798.0287,5792.5779,495.77027,1.6966378
3329000.0,1921.6591,5839.216,4001.7521,253.35061,106.89119,106.89119,106.89119,5863.0059,5887.9661,5766.6759,481.13539,1.6966378
3330000.0,1921.0545,5843.7087,3939.8829,249.43368,106.89119,106.89119,106.89119,5887.6087,5825.2924,5818.225,476.32428,1.6966378
3331000.0,1910.1363,5817.0324,3898.7612,246.83027,106.89119,106.89119,106.89119,5850.3228,5827.8281,5772.9462,489.61884,1.6966378
3332000.0,1853.0605,5798.1788,3949.1089,250.01778,106.89119,106.89119,106.89119,5818.7007,5816.8982,5758.9377,500.12006,1.6966378
3333000.0,1846.6821,5802.4993,3832.3901,242.62832,106.89119,106.89119,106.89119,5812.4441,5807.4036,5787.6501,499.66409,1.6966378
3334000.0,1814.7953,5781.8298,3901.0462,246.97493,106.89119,106.89119,106.89119,5799.1489,5824.5434,5721.7972,491.61887,1.6966378
3335000.0,1775.4886,5793.2777,3932.8088,248.98582,106.89119,106.89119,106.89119,5815.768,5816.0192,5748.0458,487.88787,1.6966378
3336000.0,1936.5909,5844.4637,3957.1997,250.53001,106.89119,106.89119,106.89119,5837.666,5880.5827,5815.1425,469.08204,1.6966378
3337000.0,1810.1618,5809.5199,3939.1813,249.38926,106.89119,106.89119,106.89119,5826.8503,5825.0506,5776.6588,465.66981,1.6966378
3338000.0,1868.7214,5807.0446,3920.6056,248.21323,106.89119,106.89119,106.89119,5830.1768,5819.9123,5771.0449,493.9591,1.6966378
3339000.0,1881.3735,5848.2841,3949.7752,250.05996,106.89119,106.89119,106.89119,5871.6887,5863.2524,5809.9113,496.05781,1.6966378
3340000.0,1851.7969,5805.2706,4009.5348,253.84334,106.89119,106.89119,106.89119,5840.5467,5790.8196,5784.4456,494.33101,1.6966378
3341000.0,1867.38,5812.4872,3965.2392,251.03899,106.89119,106.89119,106.89119,5821.2922,5807.7357,5808.4338,480.37462,1.6966378
3342000.0,1934.6746,5834.0527,3896.6509,246.69666,106.89119,106.89119,106.89119,5851.946,5842.4743,5807.7377,487.04367,1.6966378
3343000.0,1805.2368,5784.7345,3854.0024,243.99659,106.89119,106.89119,106.89119,5799.123,5782.1361,5772.9444,460.14075,1.6966378
3344000.0,1880.4105,5820.4503,3877.4194,245.47912,106.89119,106.89119,106.89119,5847.7615,5789.9559,5823.6335,436.19424,1.6966378
3345000.0,1921.6573,5853.4407,3997.0737,253.05442,106.89119,106.89119,106.89119,5886.2493,5874.6182,5799.4545,484.58493,1.6966378
3346000.0,1914.3327,5817.5486,3897.7851,246.76847,106.89119,106.89119,106.89119,5899.0881,5793.5796,5759.978,491.94989,1.6966378
3347000.0,1851.4307,5836.7631,3943.7997,249.68165,106.89119,106.89119,106.89119,5868.5593,5818.6997,5823.0305,445.2059,1.6966378
3348000.0,1882.7018,5806.7435,3945.1411,249.76657,106.89119,106.89119,106.89119,5816.5662,5823.321,5780.3433,492.19055,1.6966378
3349000.0,1870.2599,5807.146,3995.4911,252.95423,106.89119,106.89119,106.89119,5817.2399,5805.1319,5799.0661,496.29213,1.6966378
3350000.0,1904.4758,5807.5149,3929.2628,248.76132,106.89119,106.89119,106.89119,5843.5357,5758.6696,5820.3395,469.33879,1.6966378
3351000.0,1872.9935,5799.6492,3942.7053,249.61236,106.89119,106.89119,106.89119,5832.9983,5803.504,5762.4452,488.26966,1.6966378
3352000.0,1948.9694,5836.2528,3886.0282,246.02414,106.89119,106.89119,106.89119,5834.7792,5810.216,5863.7632,491.10145,1.6966378
3353000.0,1911.8272,5830.8722,3893.4853,246.49625,106.89119,106.89119,106.89119,5848.7842,5801.2256,5842.6068,485.46547,1.6966378
3354000.0,1840.4912,5833.9922,3994.8377,252.91287,106.89119,106.89119,106.89119,5916.1618,5767.1692,5818.6457,487.39629,1.6966378
3355000.0,1895.5826,5807.1991,3958.8147,250.63225,106.89119,106.89119,106.89119,5836.5463,5782.6524,5802.3988,497.05026,1.6966378
3356000.0,1909.9181,5806.6013,3865.2869,244.71101,106.89119,106.89119,106.89119,5884.9852,5757.3408,5777.4779,482.95267,1.6966378
3357000.0,1887.413,5842.6169,3998.3916,253.13786,106.89119,106.89119,106.89119,5927.452,5834.0444,5766.3544,498.73247,1.6966378
3358000.0,1876.097,5842.0519,4012.5207,254.03237,106.89119,106.89119,106.89119,5926.2912,5819.1922,5780.6721,487.03103,1.6966378
3359000.0,1850.5577,5828.027,4048.0091,256.27914,106.89119,106.89119,106.89119,5819.0745,5826.3118,5838.6946,482.96563,1.6966378
3360000.0,1819.2964,5805.3272,3931.8941,248.92791,106.89119,106.89119,106.89119,5827.4656,5773.4443,5815.0716,449.9179,1.6966378
3361000.0,1892.4717,5815.784,3976.3548,251.74271,106.89119,106.89119,106.89119,5814.1506,5837.4486,5795.7528,485.71274,1.6966378
3362000.0,1880.5734,5834.4423,4003.8544,253.48371,106.89119,106.89119,106.89119,5805.4442,5868.1514,5829.7313,499.42891,1.6966378
3363000.0,1849.9455,5802.4429,3926.5852,248.5918,106.89119,106.89119,106.89119,5778.3172,5788.8447,5840.1667,500.86684,1.6966378
3364000.0,1891.8638,5815.7375,3999.4867,253.20719,106.89119,106.89119,106.89119,5814.6466,5817.6883,5814.8776,488.87016,1.6966378
3365000.0,1804.9748,5815.5473,3985.0145,252.29096,106.89119,106.89119,106.89119,5853.4283,5859.6836,5733.53,487.97703,1.6966378
3366000.0,1830.3828,5789.9233,4066.4028,257.44364,106.89119,106.89119,106.89119,5745.2273,5846.0576,5778.4849,473.04979,1.6966378
3367000.0,1867.0497,5806.81,3959.7035,250.68852,106.89119,106.89119,106.89119,5821.6956,5830.5532,5768.1812,472.00413,1.6966378
3368000.0,1938.423,5825.4184,3886.7319,246.06869,106.89119,106.89119,106.89119,5923.2911,5769.0288,5783.9355,467.28921,1.6966378
3369000.0,1887.6691,5808.8488,3942.9379,249.62709,106.89119,106.89119,106.89119,5801.5042,5813.9827,5811.0594,477.95447,1.6966378
3370000.0,1969.6751,5846.2364,3911.7106,247.65009,106.89119,106.89119,106.89119,5853.1882,5877.1222,5808.3989,469.42751,1.6966378
3371000.0,1821.7265,5788.0051,3928.3927,248.70623,106.89119,106.89119,106.89119,5803.4448,5802.9778,5757.5928,454.69069,1.6966378
3372000.0,1896.2235,5818.6354,3898.8941,246.83868,106.89119,106.89119,106.89119,5815.5985,5834.4448,5805.8628,461.67663,1.6966378
3373000.0,1814.9393,5824.4874,3954.7803,250.37683,106.89119,106.89119,106.89119,5883.7224,5737.887,5851.8529,482.71343,1.6966378
3374000.0,1903.9568,5817.427,3945.9196,249.81587,106.89119,106.89119,106.89119,5830.5924,5822.0267,5799.662,469.03456,1.6966378
3375000.0,1905.1907,5816.2604,3982.822,252.15215,106.89119,106.89119,106.89119,5817.5746,5800.0983,5831.1083,452.49067,1.6966378
3376000.0,1911.308,5837.679,3934.4722,249.09113,106.89119,106.89119,106.89119,5858.7286,5792.421,5861.8875,429.6932,1.6966378
3377000.0,1931.4004,5843.8695,3899.084,246.85071,106.89119,106.89119,106.89119,5881.8962,5846.326,5803.3862,447.04839,1.6966378
3378000.0,1938.5204,5837.8383,3954.5175,250.36019,106.89119,106.89119,106.89119,5853.6162,5856.6136,5803.285,425.89112,1.6966378
3379000.0,1856.0256,5787.5131,3966.0148,251.08809,106.89119,106.89119,106.89119,5807.3737,5744.7096,5810.4561,407.88049,1.6966378
3380000.0,1880.4837,5817.1473,3923.1556,248.37467,106.89119,106.89119,106.89119,5825.5908,5829.1098,5796.7413,481.36843,1.6966378
3381000.0,1838.5529,5811.7359,4026.9402,254.94527,106.89119,106.89119,106.89119,5836.431,5796.2551,5802.5215,456.83581,1.6966378
3382000.0,1941.6572,5854.1981,3922.1048,248.30815,106.89119,106.89119,106.89119,5854.6089,5888.6264,5819.3591,439.09972,1.6966378
3383000.0,1872.5204,5810.8159,3850.7362,243.78981,106.89119,106.89119,106.89119,5823.1352,5822.8299,5786.4827,455.36461,1.6966378
3384000.0,1749.4434,5773.125,4020.667,254.54811,106.89119,106.89119,106.89119,5759.1652,5765.0559,5795.1538,463.05438,1.6966378
3385000.0,1766.8787,5778.0768,3892.4872,246.43306,106.89119,106.89119,106.89119,5780.3352,5776.623,5777.2723,472.65738,1.6966378
3386000.0,1928.2209,5830.3413,3957.5993,250.55531,106.89119,106.89119,106.89119,5812.9806,5824.9215,5853.1217,444.66551,1.6966378
3387000.0,1868.6214,5837.2548,3927.8721,248.67328,106.89119,106.89119,106.89119,5854.7605,5839.3327,5817.6712,452.57686,1.6966378
3388000.0,1813.7377,5778.2522,3947.4227,249.91103,106.89119,106.89119,106.89119,5796.8025,5784.661,5753.2932,455.62017,1.6966378
3389000.0,1847.2768,5791.5024,3957.5807,250.55413,106.89119,106.89119,106.89119,5815.1578,5805.0124,5754.3369,476.3394,1.6966378
3390000.0,1909.5145,5824.7184,3925.214,248.50499,106.89119,106.89119,106.89119,5877.4773,5789.718,5806.96,499.86294,1.6966378
3391000.0,1803.5094,5813.2557,3949.9307,250.06981,106.89119,106.89119,106.89119,5795.8686,5833.5202,5810.3782,503.27906,1.6966378
3392000.0,1867.6077,5799.5495,3946.0534,249.82433,106.89119,106.89119,106.89119,5828.9783,5779.8048,5789.8654,500.63605,1.6966378
3393000.0,1851.7025,5830.1694,3933.9091,249.05548,106.89119,106.89119,106.89119,5848.481,5794.2218,5847.8054,503.88219,1.6966378
3394000.0,1799.1717,5800.6384,3938.5484,249.34919,106.89119,106.89119,106.89119,5832.7028,5798.5232,5770.6891,501.17736,1.6966378
3395000.0,1859.5241,5807.6115,3930.5595,248.84341,106.89119,106.89119,106.89119,5826.3614,5783.9492,5812.524,502.45378,1.6966378
3396000.0,1884.7025,5836.0685,4011.7695,253.98482,106.89119,106.89119,106.89119,5859.1153,5876.9651,5772.1251,496.18685,1.6966378
3397000.0,1896.6163,5826.5405,4044.3841,256.04964,106.89119,106.89119,106.89119,5845.5543,5795.9073,5838.1599,498.84624,1.6966378
3398000.0,1923.3386,5823.6897,4009.175,253.82056,106.89119,106.89119,106.89119,5822.1968,5831.2416,5817.6308,488.44724,1.6966378
3399000.0,1840.2148,5815.4652,3997.9624,253.11069,106.89119,106.89119,106.89119,5758.2636,5903.7089,5784.4232,455.43683,1.6966378
3400000.0,1851.5968,5835.8806,4027.2558,254.96525,106.89119,106.89119,106.89119,5802.9155,5880.6903,5824.036,499.32677,1.6966378
3401000.0,1898.6787,5806.5341,3911.4562,247.63398,106.89119,106.89119,106.89119,5863.1667,5800.8406,5755.5951,497.54548,1.6966378
3402000.0,1813.748,5804.7579,3901.2814,246.98982,106.89119,106.89119,106.89119,5821.0921,5805.4349,5787.7466,502.41928,1.6966378
3403000.0,1890.5622,5816.1455,3935.9356,249.18378,106.89119,106.89119,106.89119,5795.5805,5812.678,5840.1782,503.82826,1.6966378
3404000.0,1806.7422,5782.0676,3962.1941,250.8462,106.89119,106.89119,106.89119,5806.4006,5737.4036,5802.3985,491.24468,1.6966378
3405000.0,1808.8685,5800.4405,3942.5967,249.60549,106.89119,106.89119,106.89119,5735.5552,5813.295,5852.4711,480.06127,1.6966378
3406000.0,1796.4893,5819.6126,3902.7228,247.08108,106.89119,106.89119,106.89119,5830.7272,5809.801,5818.3094,490.79098,1.6966378
3407000.0,1938.1157,5843.7851,3937.6881,249.29473,106.89119,106.89119,106.89119,5802.952,5893.4123,5834.991,486.56022,1.6966378
3408000.0,1900.4815,5827.9042,3932.2579,248.95094,106.89119,106.89119,106.89119,5841.292,5830.5553,5811.8654,491.23054,1.6966378
3409000.0,1899.9872,5820.4517,4026.042,254.88841,106.89119,106.89119,106.89119,5826.0962,5828.6559,5806.603,491.4935,1.6966378
3410000.0,1840.0793,5805.9325,3910.9534,247.60215,106.89119,106.89119,106.89119,5856.8856,5810.1152,5750.7966,486.27341,1.6966378
3411000.0,1935.476,5834.1454,3882.0369,245.77145,106.89119,106.89119,106.89119,5883.4473,5823.5448,5795.4441,483.31317,1.6966378
3412000.0,1904.781,5812.1328,3976.244,251.7357,106.89119,106.89119,106.89119,5838.8865,5814.3892,5783.1227,492.98181,1.6966378
3413000.0,1916.6977,5833.1413,3941.6142,249.54329,106.89119,106.89119,106.89119,5882.4933,5811.0759,5805.8546,488.12039,1.6966378
3414000.0,1924.8195,5838.3854,3964.5348,250.99439,106.89119,106.89119,106.89119,5906.5298,5831.943,5776.6835,484.14142,1.6966378
3415000.0,1888.5424,5841.3251,3939.5208,249.41075,106.89119,106.89119,106.89119,5891.352,5815.2886,5817.3348,507.30316,1.6966378
3416000.0,1864.4467,5825.6045,3962.3421,250.85557,106.89119,106.89119,106.89119,5910.7437,5767.6642,5798.4054,502.7398,1.6966378
3417000.0,1837.3129,5810.8216,3982.8901,252.15646,106.89119,106.89119,106.89119,5842.3473,5791.931,5798.1863,498.97713,1.6966378
3418000.0,1912.3885,5829.4032,3904.2098,247.17522,106.89119,106.89119,106.89119,5901.2635,5779.9241,5807.0219,500.39229,1.6966378
3419000.0,1829.4518,5812.0294,3938.2804,249.33223,106.89119,106.89119,106.89119,5888.7056,5795.0324,5752.3503,458.21009,1.6966378
3420000.0,1911.0458,5830.9853,3912.199,247.68101,106.89119,106.89119,106.89119,5869.5818,5822.7333,5800.6409,488.81293,1.6966378
3421000.0,1869.7782,5795.9508,3882.3899,245.7938,106.89119,106.89119,106.89119,5827.3207,5783.2102,5777.3215,497.38757,1.6966378
3422000.0,1911.9369,5820.8551,3910.3001,247.56079,106.89119,106.89119,106.89119,5902.6715,5732.3628,5827.5311,438.75607,1.6966378
3423000.0,1881.256,5805.1613,4010.5008,253.90449,106.89119,106.89119,106.89119,5815.9021,5841.6783,5757.9035,451.30907,1.6966378
3424000.0,1827.2019,5774.2409,3925.785,248.54114,106.89119,106.89119,106.89119,5809.7093,5769.665,5743.3485,487.35621,1.6966378
3425000.0,1916.9733,5826.1286,3978.5074,251.87899,106.89119,106.89119,106.89119,5869.9144,5828.81,5779.6614,489.19652,1.6966378
3426000.0,1887.4118,5805.8726,3992.0916,252.73901,106.89119,106.89119,106.89119,5847.4116,5772.9104,5797.2959,489.73088,1.6966378
3427000.0,1870.2632,5845.0225,3904.9735,247.22357,106.89119,106.89119,106.89119,5879.2736,5844.581,5811.213,447.81379,1.6966378
3428000.0,1869.7456,5809.346,3942.2518,249.58366,106.89119,106.89119,106.89119,5861.0694,5753.2941,5813.6746,480.45729,1.6966378
3429000.0,1849.1101,5812.9128,3949.5418,250.04518,106.89119,106.89119,106.89119,5805.8073,5808.0362,5824.8949,474.97503,1.6966378
3430000.0,1810.2667,5770.6321,3903.4194,247.12518,106.89119,106.89119,106.89119,5827.9716,5716.4942,5767.4306,435.50124,1.6966378
3431000.0,1869.8296,5824.3825,3932.8242,248.98679,106.89119,106.89119,106.89119,5818.8896,5837.4308,5816.8273,467.63038,1.6966378
3432000.0,1895.9412,5819.8283,3907.2286,247.36634,106.89119,106.89119,106.89119,5867.7735,5793.9414,5797.77,493.10656,1.6966378
3433000.0,1912.447,5819.8677,3919.2146,248.12517,106.89119,106.89119,106.89119,5830.8257,5825.4016,5803.3759,499.50315,1.6966378
3434000.0,1914.9385,5816.1719,4003.9936,253.49252,106.89119,106.89119,106.89119,5836.2275,5783.5142,5828.7741,500.51532,1.6966378
3435000.0,1820.9502,5804.7773,4048.8265,256.33089,106.89119,106.89119,106.89119,5835.5625,5842.2367,5736.5327,497.80914,1.6966378
3436000.0,1805.5104,5798.0231,3969.0892,251.28273,106.89119,106.89119,106.89119,5803.3347,5810.5534,5780.1813,503.6209,1.6966378
3437000.0,1905.978,5847.3522,3923.9558,248.42534,106.89119,106.89119,106.89119,5859.3091,5848.5247,5834.2228,499.19956,1.6966378
3438000.0,1958.9239,5850.1514,3910.8786,247.59742,106.89119,106.89119,106.89119,5922.4967,5811.6163,5816.3411,503.07368,1.6966378
3439000.0,1898.747,5817.1401,3910.294,247.56041,106.89119,106.89119,106.89119,5875.0174,5784.0046,5792.3983,500.09446,1.6966378
3440000.0,1918.0568,5848.6795,3942.6286,249.60751,106.89119,106.89119,106.89119,5927.6386,5769.2605,5849.1393,502.82318,1.6966378
3441000.0,1893.5798,5834.8554,3956.0088,250.45461,106.89119,106.89119,106.89119,5837.2224,5836.9648,5830.3792,499.25181,1.6966378
3442000.0,1924.2248,5821.3635,3981.3151,252.05675,106.89119,106.89119,106.89119,5838.6215,5812.6853,5812.7837,495.60676,1.6966378
3443000.0,1847.909,5809.8312,3849.2576,243.6962,106.89119,106.89119,106.89119,5862.323,5756.4615,5810.7092,495.29276,1.6966378
3444000.0,1843.0572,5804.287,3941.8025,249.55521,106.89119,106.89119,106.89119,5795.0942,5803.2876,5814.4792,492.12884,1.6966378
3445000.0,1826.0852,5804.4038,3994.4548,252.88862,106.89119,106.89119,106.89119,5807.9965,5817.145,5788.0699,493.67556,1.6966378
3446000.0,1894.9973,5839.9917,3943.2388,249.64614,106.89119,106.89119,106.89119,5894.4942,5833.6883,5791.7926,491.16175,1.6966378
3447000.0,1759.2649,5805.1701,3982.0491,252.10322,106.89119,106.89119,106.89119,5812.6417,5842.5646,5760.3041,480.32684,1.6966378
3448000.0,1913.2894,5828.937,3900.1217,246.9164,106.89119,106.89119,106.89119,5854.3252,5852.7836,5779.7023,497.88948,1.6966378
3449000.0,1929.4689,5828.6896,3995.3509,252.94535,106.89119,106.89119,106.89119,5853.2937,5843.2987,5789.4765,490.89381,1.6966378
3450000.0,1837.2894,5798.767,3994.7015,252.90424,106.89119,106.89119,106.89119,5857.2639,5795.8156,5743.2214,502.9024,1.6966378
3451000.0,1850.8746,5812.7719,3857.8317,244.23902,106.89119,106.89119,106.89119,5866.6555,5809.2607,5762.3994,497.73583,1.6966378
3452000.0,1889.1891,5817.0962,3963.2819,250.91507,106.89119,106.89119,106.89119,5829.3837,5811.4752,5810.4298,488.74873,1.6966378
3453000.0,1830.634,5813.7036,3953.6586,250.30582,106.89119,106.89119,106.89119,5855.3865,5806.7581,5778.9663,485.97747,1.6966378
3454000.0,1864.5192,5814.5335,3970.2402,251.3556,106.89119,106.89119,106.89119,5829.457,5813.6391,5800.5044,508.23767,1.6966378
3455000.0,1929.391,5815.7462,4005.9051,253.61354,106.89119,106.89119,106.89119,5837.2011,5843.0069,5767.0304,503.83152,1.6966378
3456000.0,1942.2191,5844.9593,3943.0484,249.63409,106.89119,106.89119,106.89119,5866.1674,5851.5696,5817.1407,476.23939,1.6966378
3457000.0,1874.4102,5828.3112,3942.7005,249.61206,106.89119,106.89119,106.89119,5881.5637,5844.5575,5758.8124,494.82847,1.6966378
3458000.0,1862.9432,5813.142,3942.8175,249.61947,106.89119,106.89119,106.89119,5842.6609,5767.5593,5829.2057,483.62797,1.6966378
3459000.0,1857.2083,5839.5065,3992.3806,252.75731,106.89119,106.89119,106.89119,5873.9328,5812.9163,5831.6704,455.06501,1.6966378
3460000.0,1804.9659,5837.8456,4000.2907,253.25809,106.89119,106.89119,106.89119,5870.1113,5802.1079,5841.3176,499.53342,1.6966378
3461000.0,1806.4818,5810.9372,3888.0582,246.15266,106.89119,106.89119,106.89119,5842.0092,5770.022,5820.7805,497.30023,1.6966378
3462000.0,1885.7963,5811.2006,3943.3311,249.65199,106.89119,106.89119,106.89119,5844.8961,5739.2276,5849.4781,501.34675,1.6966378
3463000.0,1810.5444,5820.1441,3896.588,246.69268,106.89119,106.89119,106.89119,5862.436,5795.1538,5802.8424,492.22711,1.6966378
3464000.0,1913.1496,5849.3668,3884.4935,245.92698,106.89119,106.89119,106.89119,5904.4104,5824.7071,5818.9827,432.96519,1.6966378
3465000.0,1888.3987,5828.6711,3915.2634,247.87502,106.89119,106.89119,106.89119,5872.1729,5794.4608,5819.3795,482.26117,1.6966378
3466000.0,1866.9986,5820.5955,3915.4754,247.88844,106.89119,106.89119,106.89119,5860.6672,5786.7062,5814.4131,496.3576,1.6966378
3467000.0,1793.2549,5811.3787,3957.7089,250.56224,106.89119,106.89119,106.89119,5786.4638,5801.4146,5846.2578,470.91429,1.6966378
3468000.0,1983.8035,5844.7794,3920.4472,248.20321,106.89119,106.89119,106.89119,5899.2744,5790.2401,5844.8236,438.10758,1.6966378
3469000.0,1818.8094,5784.3691,3986.2081,252.36653,106.89119,106.89119,106.89119,5865.0694,5742.5346,5745.5033,462.08881,1.6966378
3470000.0,1808.8455,5790.3902,3894.3158,246.54883,106.89119,106.89119,106.89119,5873.8369,5714.1717,5783.162,458.04568,1.6966378
3471000.0,1865.8884,5835.5308,3929.3913,248.76946,106.89119,106.89119,106.89119,5868.2039,5773.4157,5864.9729,474.83807,1.6966378
3472000.0,1884.5452,5781.901,3963.1817,250.90873,106.89119,106.89119,106.89119,5801.2188,5718.9337,5825.5506,495.70609,1.6966378
3473000.0,1833.2923,5823.6895,3952.7966,250.25124,106.89119,106.89119,106.89119,5845.7954,5813.663,5811.6101,494.5432,1.6966378
3474000.0,1861.4072,5818.4309,3922.2585,248.31788,106.89119,106.89119,106.89119,5829.7511,5853.969,5771.5726,479.2962,1.6966378
3475000.0,1957.7323,5810.7218,3956.3864,250.47852,106.89119,106.89119,106.89119,5876.0704,5789.9493,5766.1458,498.80807,1.6966378
3476000.0,1887.7193,5798.7273,4021.7665,254.61772,106.89119,106.89119,106.89119,5786.0223,5747.064,5863.0955,498.08866,1.6966378
3477000.0,1835.8733,5807.9666,3964.2916,250.97899,106.89119,106.89119,106.89119,5928.9981,5718.073,5776.8286,495.92758,1.6966378
3478000.0,1925.3995,5842.7273,3958.0736,250.58533,106.89119,106.89119,106.89119,5857.5248,5765.8176,5904.8395,487.2051,1.6966378
3479000.0,1928.7478,5827.6619,3946.8195,249.87283,106.89119,106.89119,106.89119,5865.2962,5812.5358,5805.1537,490.80489,1.6966378
3480000.0,1929.3813,5825.7991,3934.4516,249.08983,106.89119,106.89119,106.89119,5868.1941,5771.2625,5837.9407,494.20663,1.6966378
3481000.0,1883.4037,5816.7294,3950.504,250.1061,106.89119,106.89119,106.89119,5920.9665,5707.5426,5821.6792,490.47777,1.6966378
3482000.0,1810.6108,5801.1734,3938.4896,249.34547,106.89119,106.89119,106.89119,5863.7839,5754.0736,5785.6628,483.0302,1.6966378
3483000.0,1760.3144,5803.5846,3922.0247,248.30308,106.89119,106.89119,106.89119,5828.6269,5766.8845,5815.2426,451.19691,1.6966378
3484000.0,1886.2079,5829.5459,3986.2909,252.37176,106.89119,106.89119,106.89119,5917.1723,5773.5882,5797.8771,496.52375,1.6966378
3485000.0,1863.8665,5837.2212,4001.8069,253.35409,106.89119,106.89119,106.89119,5880.8852,5821.8091,5808.9693,473.48513,1.6966378
3486000.0,1816.9379,5791.1094,3961.2498,250.78641,106.89119,106.89119,106.89119,5842.4147,5731.5931,5799.3204,495.8151,1.6966378
3487000.0,1831.2426,5830.5406,3968.5744,251.25014,106.89119,106.89119,106.89119,5854.6183,5854.319,5782.6844,492.28337,1.6966378
3488000.0,1807.3366,5817.6224,4044.4041,256.05091,106.89119,106.89119,106.89119,5885.754,5740.2203,5826.8929,493.08569,1.6966378
3489000.0,1823.0639,5804.6791,3954.596,250.36517,106.89119,106.89119,106.89119,5830.4902,5774.8697,5808.6773,452.60614,1.6966378
3490000.0,1907.6816,5831.8402,3932.643,248.97532,106.89119,106.89119,106.89119,5889.62,5759.3615,5846.539,466.26275,1.6966378
3491000.0,1858.8606,5818.8843,3885.0356,245.9613,106.89119,106.89119,106.89119,5846.8276,5812.8251,5797.0001,475.96202,1.6966378
3492000.0,1956.3107,5834.021,3982.4693,252.12982,106.89119,106.89119,106.89119,5831.9475,5799.4837,5870.632,490.65533,1.6966378
3493000.0,1874.3043,5803.9886,3972.8713,251.52217,106.89119,106.89119,106.89119,5832.2854,5785.3103,5794.37,475.43976,1.6966378
3494000.0,1923.4649,5831.7591,3953.8739,250.31945,106.89119,106.89119,106.89119,5863.8108,5843.7915,5787.6748,460.65347,1.6966378
3495000.0,1821.8922,5805.9595,3885.6381,245.99945,106.89119,106.89119,106.89119,5819.5639,5779.893,5818.4216,482.34437,1.6966378
3496000.0,1853.4099,5819.0862,3983.7208,252.20906,106.89119,106.89119,106.89119,5863.042,5824.7442,5769.4724,485.00738,1.6966378
3497000.0,1856.8748,5800.8694,3946.2112,249.83433,106.89119,106.89119,106.89119,5860.4461,5792.2185,5749.9437,474.67053,1.6966378
3498000.0,1917.3301,5820.3592,4052.8331,256.58455,106.89119,106.89119,106.89119,5860.4244,5846.7391,5753.9141,485.37467,1.6966378
3499000.0,1882.9607,5791.6785,3893.3568,246.48811,106.89119,106.89119,106.89119,5819.1222,5794.7766,5761.1366,472.2559,1.6966378
3500000.0,1769.1133,5790.3888,3899.54,246.87957,106.89119,106.89119,106.89119,5852.7365,5740.7372,5777.6927,476.60842,1.6966378
3501000.0,1954.5907,5828.4228,3957.3792,250.54137,106.89119,106.89119,106.89119,5856.222,5788.2758,5840.7706,490.72046,1.6966378
3502000.0,1868.1616,5829.5432,3983.4592,252.19249,106.89119,106.89119,106.89119,5906.8968,5808.3009,5773.4319,501.70215,1.6966378
3503000.0,1893.5321,5842.3678,3997.123,253.05755,106.89119,106.89119,106.89119,5885.518,5868.7258,5772.8596,502.5498,1.6966378
3504000.0,1893.4889,5815.5482,4010.0936,253.87871,106.89119,106.89119,106.89119,5823.8974,5791.8853,5830.8618,501.45114,1.6966378
3505000.0,1840.9609,5809.6566,3973.1807,251.54176,106.89119,106.89119,106.89119,5862.5169,5794.5315,5771.9214,491.21439,1.6966378
3506000.0,1797.1469,5823.285,3990.2852,252.62465,106.89119,106.89119,106.89119,5874.0597,5811.2539,5784.5413,495.69734,1.6966378
3507000.0,1915.8032,5827.8572,3955.1728,250.40168,106.89119,106.89119,106.89119,5846.0863,5823.7591,5813.7262,496.82291,1.6966378
3508000.0,1808.2783,5815.0136,3959.3751,250.66773,106.89119,106.89119,106.89119,5779.203,5853.5736,5812.2643,495.63322,1.6966378
3509000.0,1774.7597,5783.5918,3950.6302,250.11409,106.89119,106.89119,106.89119,5854.9782,5744.5006,5751.2965,496.92274,1.6966378
3510000.0,1974.9258,5842.3024,4025.2264,254.83677,106.89119,106.89119,106.89119,5897.674,5834.5256,5794.7075,496.17752,1.6966378
3511000.0,1758.8699,5783.2104,3993.4051,252.82216,106.89119,106.89119,106.89119,5828.0645,5752.9256,5768.6411,495.93676,1.6966378
3512000.0,1892.5243,5822.2829,3961.6603,250.8124,106.89119,106.89119,106.89119,5875.3669,5803.206,5788.2759,501.75306,1.6966378
3513000.0,1902.8019,5825.7112,3956.5063,250.4861,106.89119,106.89119,106.89119,5935.4827,5716.2167,5825.4343,503.093,1.6966378
3514000.0,1885.0677,5831.0683,3924.3952,248.45315,106.89119,106.89119,106.89119,5882.2229,5830.7175,5780.2645,497.81201,1.6966378
3515000.0,1914.6086,5824.4117,3879.9862,245.64163,106.89119,106.89119,106.89119,5831.4319,5829.4079,5812.3953,494.24348,1.6966378
3516000.0,1790.715,5805.6433,3928.1122,248.68848,106.89119,106.89119,106.89119,5847.0438,5813.9308,5755.9554,501.26087,1.6966378
3517000.0,1882.7701,5838.985,3953.3702,250.28756,106.89119,106.89119,106.89119,5868.131,5878.6015,5770.2224,490.99954,1.6966378
3518000.0,1874.7415,5810.3332,3942.0764,249.57255,106.89119,106.89119,106.89119,5813.203,5808.8702,5808.9264,497.38833,1.6966378
3519000.0,1852.7923,5814.881,3916.4984,247.95321,106.89119,106.89119,106.89119,5865.3877,5779.4227,5799.8327,471.81249,1.6966378
3520000.0,1818.3835,5834.465,3975.2552,251.6731,106.89119,106.89119,106.89119,5820.0977,5795.8791,5887.4182,456.61505,1.6966378
3521000.0,1868.5681,5800.1016,3917.6475,248.02596,106.89119,106.89119,106.89119,5845.6241,5760.0849,5794.5958,491.5913,1.6966378
3522000.0,1828.0771,5792.7356,3975.0418,251.65959,106.89119,106.89119,106.89119,5841.8216,5790.8497,5745.5356,491.37061,1.6966378
3523000.0,1848.0585,5809.1686,3951.3736,250.16116,106.89119,106.89119,106.89119,5845.4516,5792.4646,5789.5896,494.12431,1.6966378
3524000.0,1925.867,5801.8,3946.0529,249.8243,106.89119,106.89119,106.89119,5824.36,5773.8455,5807.1944,500.95391,1.6966378
3525000.0,1864.8196,5793.3623,3938.6741,249.35715,106.89119,106.89119,106.89119,5754.8645,5820.6976,5804.5248,495.63235,1.6966378
3526000.0,1820.0782,5798.6326,3910.2966,247.56057,106.89119,106.89119,106.89119,5838.5166,5773.2199,5784.1613,493.1115,1.6966378
3527000.0,1845.9755,5813.857,4014.0065,254.12644,106.89119,106.89119,106.89119,5865.7395,5827.7671,5748.0644,494.55499,1.6966378
3528000.0,1879.1019,5823.4208,3982.2064,252.11318,106.89119,106.89119,106.89119,5846.7522,5846.6468,5776.8633,489.6332,1.6966378
3529000.0,1804.9657,5788.9492,3991.8131,252.72138,106.89119,106.89119,106.89119,5821.4091,5809.127,5736.3117,487.64129,1.6966378
3530000.0,1952.2342,5841.352,3954.4216,250.35412,106.89119,106.89119,106.89119,5882.0182,5843.7412,5798.2968,488.27597,1.6966378
3531000.0,1864.2267,5833.3933,3956.2849,250.47209,106.89119,106.89119,106.89119,5888.7428,5787.6791,5823.758,486.28564,1.6966378
3532000.0,1885.95,5853.9062,3991.4829,252.70047,106.89119,106.89119,106.89119,5916.5892,5863.7496,5781.3799,486.80436,1.6966378
3533000.0,1887.2817,5828.7152,3998.7332,253.15949,106.89119,106.89119,106.89119,5901.2636,5776.0333,5808.8486,504.83346,1.6966378
3534000.0,1900.9245,5830.1898,3887.9967,246.14877,106.89119,106.89119,106.89119,5816.736,5819.4462,5854.3872,507.97964,1.6966378
3535000.0,1870.3581,5823.3376,3961.2633,250.78727,106.89119,106.89119,106.89119,5805.5637,5827.6922,5836.7569,505.14023,1.6966378
3536000.0,1882.8793,5825.7305,3956.74,250.5009,106.89119,106.89119,106.89119,5810.6487,5879.088,5787.455,498.56566,1.6966378
3537000.0,1861.3386,5823.2259,3940.9817,249.50325,106.89119,106.89119,106.89119,5792.8886,5877.213,5799.5761,494.22415,1.6966378
3538000.0,1923.7401,5866.7451,3960.8099,250.75857,106.89119,106.89119,106.89119,5899.5054,5844.7613,5855.9686,504.4961,1.6966378
3539000.0,1859.0621,5845.1785,3940.9078,249.49857,106.89119,106.89119,106.89119,5865.1629,5823.5898,5846.7827,499.3598,1.6966378
3540000.0,1808.365,5818.2208,3870.4741,245.03941,106.89119,106.89119,106.89119,5824.5939,5855.7048,5774.3636,493.60526,1.6966378
3541000.0,1839.541,5801.0267,3977.8319,251.83622,106.89119,106.89119,106.89119,5815.9122,5803.0103,5784.1575,490.60112,1.6966378
3542000.0,1840.4095,5821.4961,3964.1143,250.96777,106.89119,106.89119,106.89119,5879.7281,5786.5597,5798.2004,492.59529,1.6966378
3543000.0,1945.432,5848.3987,3993.8209,252.84849,106.89119,106.89119,106.89119,5823.9025,5864.4364,5856.8572,493.45556,1.6966378
3544000.0,1922.2754,5842.5546,3907.3667,247.37508,106.89119,106.89119,106.89119,5904.8892,5808.196,5814.5784,492.54105,1.6966378
3545000.0,1788.7641,5823.0994,3963.2302,250.91179,106.89119,106.89119,106.89119,5837.3291,5852.5975,5779.3718,490.32252,1.6966378
3546000.0,1823.6459,5807.1195,3922.1821,248.31305,106.89119,106.89119,106.89119,5818.9207,5823.7595,5778.6784,498.19514,1.6966378
3547000.0,1817.3266,5799.9938,3989.9279,252.60203,106.89119,106.89119,106.89119,5775.7786,5811.3395,5812.8633,493.46251,1.6966378
3548000.0,1850.4827,5778.4924,3887.4834,246.11627,106.89119,106.89119,106.89119,5786.2767,5782.2627,5766.9378,495.60108,1.6966378
3549000.0,1857.0534,5821.2296,3944.6825,249.73754,106.89119,106.89119,106.89119,5892.8677,5811.4608,5759.3602,497.55989,1.6966378
3550000.0,1896.6227,5831.3103,4007.9804,253.74493,106.89119,106.89119,106.89119,5870.5103,5845.0964,5778.3244,498.12578,1.6966378
3551000.0,1835.7454,5812.235,3928.6049,248.71967,106.89119,106.89119,106.89119,5849.2078,5832.5572,5754.9399,486.25985,1.6966378
3552000.0,1905.3051,5826.1419,3965.7064,251.06857,106.89119,106.89119,106.89119,5863.5819,5818.0109,5796.8329,491.57307,1.6966378
3553000.0,1924.427,5831.3097,3996.4147,253.0127,106.89119,106.89119,106.89119,5854.012,5768.7358,5871.1813,498.54229,1.6966378
3554000.0,1815.5048,5802.7765,3898.6671,246.82431,106.89119,106.89119,106.89119,5819.8443,5731.0324,5857.4526,490.1692,1.6966378
3555000.0,1887.1915,5826.6472,3941.9865,249.56686,106.89119,106.89119,106.89119,5840.3226,5824.2484,5815.3708,487.38808,1.6966378
3556000.0,1797.3994,5819.2799,3948.4617,249.9768,106.89119,106.89119,106.89119,5863.5225,5812.3479,5781.9694,487.75094,1.6966378
3557000.0,1982.1579,5851.5609,3888.072,246.15353,106.89119,106.89119,106.89119,5870.7474,5819.5801,5864.3553,485.18244,1.6966378
3558000.0,1861.728,5815.6244,3995.6494,252.96425,106.89119,106.89119,106.89119,5879.9026,5796.4481,5770.5224,487.98241,1.6966378
3559000.0,1863.6066,5829.4578,3987.6037,252.45488,106.89119,106.89119,106.89119,5859.9817,5794.6715,5833.7203,488.71564,1.6966378
3560000.0,1868.8671,5812.5278,3964.843,251.0139,106.89119,106.89119,106.89119,5871.9536,5753.5268,5812.1029,489.10609,1.6966378
3561000.0,1914.9799,5821.9523,3876.9813,245.45138,106.89119,106.89119,106.89119,5862.1847,5811.053,5792.6192,489.67873,1.6966378
3562000.0,1826.8486,5805.6399,3978.2431,251.86226,106.89119,106.89119,106.89119,5842.6861,5776.7125,5797.5212,493.3198,1.6966378
3563000.0,1846.8209,5782.7826,3958.6093,250.61924,106.89119,106.89119,106.89119,5771.1436,5804.8319,5772.3723,489.29165,1.6966378
3564000.0,1939.6597,5828.9147,3826.8706,242.27888,106.89119,106.89119,106.89119,5917.8113,5760.49,5808.4427,498.4171,1.6966378
3565000.0,1842.1092,5828.569,3906.5595,247.32398,106.89119,106.89119,106.89119,5867.4918,5826.6745,5791.5405,498.4256,1.6966378
3566000.0,1840.5701,5817.6008,3943.2168,249.64475,106.89119,106.89119,106.89119,5865.5507,5813.8751,5773.3767,499.81398,1.6966378
3567000.0,1870.7357,5815.5393,4043.2509,255.9779,106.89119,106.89119,106.89119,5807.2036,5786.4166,5852.9976,491.55089,1.6966378
3568000.0,1908.7374,5830.3986,3929.2075,248.75782,106.89119,106.89119,106.89119,5900.2203,5789.9995,5800.9759,491.79536,1.6966378
3569000.0,1932.5683,5808.2346,3982.9121,252.15785,106.89119,106.89119,106.89119,5823.8211,5834.3478,5766.5349,499.64018,1.6966378
3570000.0,1896.144,5837.9918,3969.0538,251.28048,106.89119,106.89119,106.89119,5874.4129,5840.0531,5799.5096,497.35353,1.6966378
3571000.0,1823.1367,5786.6385,3916.353,247.944,106.89119,106.89119,106.89119,5802.1394,5778.3643,5779.4117,495.18684,1.6966378
3572000.0,1857.9743,5830.6619,3986.3438,252.37511,106.89119,106.89119,106.89119,5850.4477,5789.9562,5851.5819,495.10312,1.6966378
3573000.0,1853.5035,5815.7444,3968.1683,251.22443,106.89119,106.89119,106.89119,5848.1597,5804.5929,5794.4805,479.97421,1.6966378
3574000.0,1806.1302,5788.9771,3937.5663,249.28701,106.89119,106.89119,106.89119,5798.9421,5753.6573,5814.332,486.9066,1.6966378
3575000.0,1767.0373,5782.7225,3914.1219,247.80275,106.89119,106.89119,106.89119,5805.2571,5794.4105,5748.4998,498.94616,1.6966378
3576000.0,1857.5789,5816.7041,3971.1233,251.4115,106.89119,106.89119,106.89119,5843.1295,5797.4747,5809.5079,495.99721,1.6966378
3577000.0,1783.9754,5791.1006,3899.7399,246.89223,106.89119,106.89119,106.89119,5800.1302,5765.7574,5807.4142,500.71539,1.6966378
3578000.0,1782.1345,5790.1466,3990.2738,252.62392,106.89119,106.89119,106.89119,5859.3152,5718.5178,5792.6068,504.66009,1.6966378
3579000.0,1867.1975,5819.4475,3955.7696,250.43947,106.89119,106.89119,106.89119,5849.3365,5806.3626,5802.6433,496.93037,1.6966378
3580000.0,1905.5637,5837.5228,3972.9785,251.52896,106.89119,106.89119,106.89119,5867.5218,5775.2101,5869.8367,495.30184,1.6966378
3581000.0,1814.863,5790.9159,3931.6056,248.90965,106.89119,106.89119,106.89119,5814.3237,5771.2556,5787.1683,499.15281,1.6966378
3582000.0,1828.5793,5826.4057,3942.7439,249.61481,106.89119,106.89119,106.89119,5843.6651,5835.2121,5800.34,498.06658,1.6966378
3583000.0,1806.627,5806.6697,3937.4113,249.27721,106.89119,106.89119,106.89119,5940.1427,5730.9555,5748.911,473.83803,1.6966378
3584000.0,1832.993,5819.7665,3993.0788,252.80151,106.89119,106.89119,106.89119,5806.4854,5887.073,5765.7412,476.1926,1.6966378
3585000.0,1844.27,5829.1436,3988.4192,252.50651,106.89119,106.89119,106.89119,5838.5192,5750.0148,5898.8969,484.92238,1.6966378
3586000.0,1832.9362,5814.0412,3887.125,246.09358,106.89119,106.89119,106.89119,5784.5955,5810.7474,5846.7806,476.89698,1.6966378
3587000.0,1968.0852,5846.2444,3943.8517,249.68495,106.89119,106.89119,106.89119,5866.4344,5836.6329,5835.6658,481.5916,1.6966378
3588000.0,1822.62,5802.4252,3969.5417,251.31137,106.89119,106.89119,106.89119,5855.0166,5791.7079,5760.5512,484.7728,1.6966378
3589000.0,1879.1987,5811.4042,3989.5226,252.57637,106.89119,106.89119,106.89119,5840.0111,5760.432,5833.7695,489.81433,1.6966378
3590000.0,1834.3539,5828.7495,3902.5262,247.06863,106.89119,106.89119,106.89119,5829.2848,5860.0332,5796.9305,494.0517,1.6966378
3591000.0,1848.7605,5839.3553,3974.2319,251.60831,106.89119,106.89119,106.89119,5917.0537,5872.5547,5728.4575,451.10336,1.6966378
3592000.0,1821.8205,5812.5627,3909.118,247.48595,106.89119,106.89119,106.89119,5821.0027,5856.3559,5760.3295,490.94597,1.6966378
3593000.0,1884.1975,5819.6519,3961.6756,250.81337,106.89119,106.89119,106.89119,5792.6636,5855.6918,5810.6002,498.8347,1.6966378
3594000.0,1885.2923,5815.2513,3897.2777,246.73635,106.89119,106.89119,106.89119,5812.5005,5819.0944,5814.159,492.532,1.6966378
3595000.0,1849.1925,5821.1202,3926.7179,248.6002,106.89119,106.89119,106.89119,5854.5225,5814.613,5794.2252,500.91128,1.6966378
3596000.0,1896.8008,5819.8587,3924.4267,248.45515,106.89119,106.89119,106.89119,5858.6919,5821.328,5779.5562,493.11683,1.6966378
3597000.0,1864.5147,5840.3813,3899.7959,246.89577,106.89119,106.89119,106.89119,5822.9373,5851.0543,5847.1522,485.92961,1.6966378
3598000.0,1843.8273,5806.5805,3966.2049,251.10012,106.89119,106.89119,106.89119,5844.8461,5854.1796,5720.7158,490.41373,1.6966378
3599000.0,1870.456,5832.1227,3852.3747,243.89354,106.89119,106.89119,106.89119,5891.5827,5831.5498,5773.2358,462.64241,1.6966378
3600000.0,1860.142,5825.6985,4028.9061,255.06973,106.89119,106.89119,106.89119,5842.4059,5828.1072,5806.5825,434.88819,1.6966378
3601000.0,1786.6937,5825.6279,3873.4208,245.22597,106.89119,106.89119,106.89119,5850.6532,5810.6583,5815.5722,490.23015,1.6966378
3602000.0,1826.8887,5804.9391,3897.1749,246.72984,106.89119,106.89119,106.89119,5819.3742,5794.6537,5800.7893,499.57585,1.6966378
3603000.0,1933.028,5805.2638,3940.7305,249.48734,106.89119,106.89119,106.89119,5875.6701,5848.8886,5691.2326,489.07535,1.6966378
3604000.0,1738.0716,5797.9525,3949.416,250.03722,106.89119,106.89119,106.89119,5835.9384,5779.7051,5778.2141,497.84323,1.6966378
3605000.0,1790.2314,5817.5326,3919.1438,248.12069,106.89119,106.89119,106.89119,5822.6964,5841.6225,5788.279,475.98741,1.6966378
3606000.0,1857.1168,5832.6764,3916.7403,247.96852,106.89119,106.89119,106.89119,5801.5343,5901.0486,5795.4462,485.62797,1.6966378
3607000.0,1785.4322,5798.0856,3923.7157,248.41014,106.89119,106.89119,106.89119,5835.5182,5787.9019,5770.8365,478.57856,1.6966378
3608000.0,1842.5813,5783.1998,3879.3984,245.60441,106.89119,106.89119,106.89119,5823.4495,5763.2971,5762.8529,482.7769,1.6966378
3609000.0,1843.9448,5808.9427,4041.5572,255.87067,106.89119,106.89119,106.89119,5851.631,5825.807,5749.3899,488.47007,1.6966378
3610000.0,1854.9408,5814.1063,3986.4587,252.38239,106.89119,106.89119,106.89119,5876.2009,5778.9862,5787.1318,490.93379,1.6966378
3611000.0,1847.7995,5823.1567,3933.0063,248.99832,106.89119,106.89119,106.89119,5861.5892,5804.8087,5803.0721,455.33743,1.6966378
3612000.0,1835.1153,5797.7688,3932.8079,248.98576,106.89119,106.89119,106.89119,5757.6284,5875.6381,5760.0398,448.23926,1.6966378
3613000.0,1824.098,5820.957,3943.554,249.6661,106.89119,106.89119,106.89119,5871.5873,5791.7366,5799.5472,454.2558,1.6966378
3614000.0,1892.899,5807.2566,3860.9415,244.4359,106.89119,106.89119,106.89119,5898.0639,5814.5326,5709.1735,495.88141,1.6966378
3615000.0,1857.8796,5814.5181,3987.5792,252.45333,106.89119,106.89119,106.89119,5792.3829,5803.3875,5847.7841,499.57494,1.6966378
3616000.0,1770.631,5803.1913,3934.3088,249.08078,106.89119,106.89119,106.89119,5803.6179,5799.3134,5806.6427,497.54276,1.6966378
3617000.0,1812.9858,5810.9068,3920.0086,248.17544,106.89119,106.89119,106.89119,5840.4128,5790.0032,5802.3045,497.80016,1.6966378
3618000.0,1855.0887,5805.4308,3945.4744,249.78767,106.89119,106.89119,106.89119,5799.4391,5841.9791,5774.8743,477.63498,1.6966378
3619000.0,1822.6068,5797.0929,3967.0956,251.15651,106.89119,106.89119,106.89119,5823.0074,5784.9576,5783.3138,473.21906,1.6966378
3620000.0,1805.3655,5807.7057,3903.317,247.1187,106.89119,106.89119,106.89119,5886.9174,5736.0714,5800.1282,427.33977,1.6966378
3621000.0,1889.6314,5850.5577,3980.0613,251.97737,106.89119,106.89119,106.89119,5840.8787,5895.2576,5815.5368,458.68977,1.6966378
3622000.0,1828.9017,5798.3199,4020.6807,254.54898,106.89119,106.89119,106.89119,5847.4341,5866.0125,5681.513,468.75565,1.6966378
3623000.0,1868.362,5801.1867,4015.7131,254.23448,106.89119,106.89119,106.89119,5819.823,5764.5108,5819.2264,494.18842,1.6966378
3624000.0,1878.521,5818.7222,3977.6705,251.82601,106.89119,106.89119,106.89119,5829.5741,5823.8995,5802.6931,483.35733,1.6966378
3625000.0,1884.0042,5832.3016,3958.1959,250.59307,106.89119,106.89119,106.89119,5875.8577,5836.9749,5784.0722,483.89697,1.6966378
3626000.0,1847.4716,5801.8795,3975.4459,251.68517,106.89119,106.89119,106.89119,5800.6743,5833.1713,5771.7928,475.04311,1.6966378
3627000.0,1792.5276,5793.316,3951.5014,250.16924,106.89119,106.89119,106.89119,5817.0571,5845.6332,5717.2577,492.60991,1.6966378
3628000.0,1902.4557,5836.0659,3908.0888,247.4208,106.89119,106.89119,106.89119,5889.9257,5829.0765,5789.1955,444.7792,1.6966378
3629000.0,1776.4545,5787.4892,3947.5333,249.91803,106.89119,106.89119,106.89119,5856.5628,5760.1926,5745.7122,494.50745,1.6966378
3630000.0,1844.4574,5823.8741,3932.9165,248.99264,106.89119,106.89119,106.89119,5881.3833,5803.7531,5786.4857,452.79814,1.6966378
3631000.0,1861.3965,5822.8678,3909.5478,247.51317,106.89119,106.89119,106.89119,5841.9126,5816.4936,5810.1973,497.53988,1.6966378
3632000.0,1851.5973,5827.5535,3996.2302,253.00102,106.89119,106.89119,106.89119,5823.7731,5846.8563,5812.031,486.6603,1.6966378
3633000.0,1822.4664,5816.8918,3889.0323,246.21433,106.89119,106.89119,106.89119,5852.5105,5810.4139,5787.751,483.25779,1.6966378
3634000.0,1937.1302,5819.558,3921.4658,248.2677,106.89119,106.89119,106.89119,5867.3385,5838.1837,5753.1518,467.51341,1.6966378
3635000.0,1848.1139,5813.0034,3978.3218,251.86724,106.89119,106.89119,106.89119,5879.4082,5787.9236,5771.6783,489.90714,1.6966378
3636000.0,1802.9771,5805.4997,4009.5915,253.84692,106.89119,106.89119,106.89119,5849.8748,5793.4738,5773.1505,443.69719,1.6966378
3637000.0,1769.9878,5787.6541,3965.1797,251.03522,106.89119,106.89119,106.89119,5807.0828,5813.4985,5742.3811,498.46488,1.6966378
3638000.0,1794.2345,5790.2275,3930.3947,248.83298,106.89119,106.89119,106.89119,5895.1556,5793.8947,5681.6323,500.27764,1.6966378
3639000.0,1782.7295,5799.8255,3965.5258,251.05713,106.89119,106.89119,106.89119,5841.7632,5827.6326,5730.0807,495.63826,1.6966378
3640000.0,1843.815,5810.3347,4033.4817,255.35941,106.89119,106.89119,106.89119,5868.214,5796.9371,5765.853,498.4992,1.6966378
3641000.0,1817.8872,5799.892,3984.5198,252.25964,106.89119,106.89119,106.89119,5858.7539,5758.7808,5782.1414,490.11707,1.6966378
3642000.0,1819.9866,5828.9885,3977.0608,251.78741,106.89119,106.89119,106.89119,5819.2274,5828.9536,5838.7846,495.64629,1.6966378
3643000.0,1889.3509,5814.7896,3972.4995,251.49863,106.89119,106.89119,106.89119,5869.2017,5835.068,5740.0991,486.08464,1.6966378
3644000.0,1832.5252,5820.804,3985.1194,252.2976,106.89119,106.89119,106.89119,5853.6138,5830.8853,5777.9128,488.3697,1.6966378
3645000.0,1825.1953,5805.9185,3863.142,244.57522,106.89119,106.89119,106.89119,5846.3152,5800.7082,5770.7321,491.06778,1.6966378
3646000.0,1853.3906,5801.1233,3935.6759,249.16734,106.89119,106.89119,106.89119,5864.7415,5779.667,5758.9614,494.97895,1.6966378
3647000.0,1852.0291,5799.8649,3957.5013,250.5491,106.89119,106.89119,106.89119,5843.8107,5758.7998,5796.9843,491.17161,1.6966378
3648000.0,1813.1664,5806.5197,3895.2121,246.60557,106.89119,106.89119,106.89119,5880.1213,5831.9959,5707.442,384.7934,1.6966378
3649000.0,1779.4136,5802.1993,3887.2225,246.09976,106.89119,106.89119,106.89119,5860.8586,5796.6579,5749.0814,475.06044,1.6966378
3650000.0,1817.9859,5813.2789,3950.7486,250.12158,106.89119,106.89119,106.89119,5823.6669,5830.3224,5785.8476,502.43938,1.6966378
3651000.0,1800.5476,5827.0929,3960.7615,250.7555,106.89119,106.89119,106.89119,5870.8253,5768.9823,5841.4712,500.40551,1.6966378
3652000.0,1792.1437,5821.6473,3979.6676,251.95244,106.89119,106.89119,106.89119,5869.7707,5797.3473,5797.8238,498.91043,1.6966378
3653000.0,1782.6682,5814.6579,3995.5204,252.95609,106.89119,106.89119,106.89119,5836.4689,5840.1014,5767.4032,493.92892,1.6966378
3654000.0,1737.7418,5784.6167,3950.9777,250.13609,106.89119,106.89119,106.89119,5821.9346,5780.2987,5751.6167,483.55188,1.6966378
3655000.0,1873.0249,5843.6111,3886.3316,246.04335,106.89119,106.89119,106.89119,5918.9932,5799.6437,5812.1965,488.09459,1.6966378
3656000.0,1791.5957,5794.0144,3927.1577,248.62805,106.89119,106.89119,106.89119,5853.1037,5777.2085,5751.7311,497.14166,1.6966378
3657000.0,1906.9428,5838.9005,3945.6742,249.80032,106.89119,106.89119,106.89119,5913.3467,5876.3702,5726.9846,478.99889,1.6966378
3658000.0,1860.8116,5834.295,4014.3303,254.14694,106.89119,106.89119,106.89119,5890.8815,5816.3986,5795.605,475.08379,1.6966378
3659000.0,1766.478,5810.1744,3912.5997,247.70638,106.89119,106.89119,106.89119,5815.1273,5814.04,5801.356,500.17687,1.6966378
3660000.0,1894.7676,5831.7694,3945.9898,249.82031,106.89119,106.89119,106.89119,5860.2724,5841.0541,5793.9817,502.59882,1.6966378
3661000.0,1840.6854,5814.3527,3940.5603,249.47657,106.89119,106.89119,106.89119,5864.32,5813.5991,5765.1388,393.31111,1.6966378
3662000.0,1812.1569,5795.8304,3846.4831,243.52055,106.89119,106.89119,106.89119,5826.2757,5786.7819,5774.4334,397.10317,1.6966378
3663000.0,1860.8974,5835.7686,3938.8446,249.36794,106.89119,106.89119,106.89119,5891.0977,5773.2419,5842.9661,421.96981,1.6966378
3664000.0,1840.1931,5799.5399,3976.9263,251.77889,106.89119,106.89119,106.89119,5832.8026,5758.5105,5807.3066,400.23765,1.6966378
3665000.0,1898.8386,5831.0696,3855.197,244.07222,106.89119,106.89119,106.89119,5838.1094,5834.8229,5820.2765,384.95588,1.6966378
3666000.0,1888.4005,5820.4364,3908.2732,247.43247,106.89119,106.89119,106.89119,5856.4659,5795.7874,5809.056,436.07737,1.6966378
3667000.0,1883.6249,5818.2124,3909.6716,247.521,106.89119,106.89119,106.89119,5817.2741,5764.634,5872.7291,497.20255,1.6966378
3668000.0,1807.6972,5830.3395,3965.5313,251.05748,106.89119,106.89119,106.89119,5868.5253,5789.6644,5832.8288,501.64032,1.6966378
3669000.0,1846.9051,5793.0764,3945.9823,249.81983,106.89119,106.89119,106.89119,5836.3742,5759.2609,5783.5941,493.12355,1.6966378
3670000.0,1845.9352,5809.7439,3991.3787,252.69387,106.89119,106.89119,106.89119,5760.9939,5831.3266,5836.9111,489.76292,1.6966378
3671000.0,1833.3942,5800.5078,3846.0101,243.4906,106.89119,106.89119,106.89119,5801.418,5809.2233,5790.8822,495.23401,1.6966378
3672000.0,1863.1333,5802.388,3971.7929,251.4539,106.89119,106.89119,106.89119,5756.994,5827.0578,5823.1121,491.06105,1.6966378
3673000.0,1785.7459,5793.7049,3965.5211,251.05683,106.89119,106.89119,106.89119,5768.7951,5807.2542,5805.0656,501.83869,1.6966378
3674000.0,1887.4799,5823.5788,3959.955,250.70444,106.89119,106.89119,106.89119,5870.7439,5779.0918,5820.9006,499.76763,1.6966378
3675000.0,1881.1523,5822.7629,3925.5488,248.52619,106.89119,106.89119,106.89119,5839.6404,5869.4232,5759.2251,502.31881,1.6966378
3676000.0,1821.1853,5806.6196,3949.3645,250.03396,106.89119,106.89119,106.89119,5820.342,5825.424,5774.0929,499.25452,1.6966378
3677000.0,1856.5867,5823.8948,4025.4591,254.8515,106.89119,106.89119,106.89119,5897.9443,5819.7742,5753.966,499.94938,1.6966378
3678000.0,1847.612,5805.0672,3872.8428,245.18938,106.89119,106.89119,106.89119,5826.312,5793.4945,5795.3951,502.77376,1.6966378
3679000.0,1831.6928,5814.259,3991.9435,252.72963,106.89119,106.89119,106.89119,5843.7488,5837.5974,5761.4307,500.53556,1.6966378
3680000.0,1813.003,5820.6516,3981.8494,252.09058,106.89119,106.89119,106.89119,5817.8932,5851.1134,5792.9481,498.21113,1.6966378
3681000.0,1838.9551,5816.3698,3999.0249,253.17796,106.89119,106.89119,106.89119,5834.7565,5830.849,5783.5039,492.95166,1.6966378
3682000.0,1862.5489,5821.0672,3910.3187,247.56197,106.89119,106.89119,106.89119,5847.0132,5855.1591,5761.0293,500.05505,1.6966378
3683000.0,1810.712,5791.6103,4033.805,255.37988,106.89119,106.89119,106.89119,5840.9232,5734.4038,5799.5038,497.87043,1.6966378
3684000.0,1809.0438,5816.793,4018.1911,254.39137,106.89119,106.89119,106.89119,5825.0854,5770.7772,5854.5164,496.63453,1.6966378
3685000.0,1766.4961,5800.1967,3956.3766,250.4779,106.89119,106.89119,106.89119,5829.4315,5784.9698,5786.1888,495.33058,1.6966378
3686000.0,1858.6531,5789.5032,3971.859,251.45808,106.89119,106.89119,106.89119,5769.8349,5748.3669,5850.3077,492.65106,1.6966378
3687000.0,1836.9695,5819.0282,3973.2956,251.54904,106.89119,106.89119,106.89119,5896.6452,5791.2986,5769.1408,487.36449,1.6966378
3688000.0,1841.8126,5803.2932,3967.1079,251.15729,106.89119,106.89119,106.89119,5838.3723,5766.1252,5805.382,499.88206,1.6966378
3689000.0,1917.5994,5824.2413,3863.8965,244.62298,106.89119,106.89119,106.89119,5862.2133,5839.5998,5770.9108,497.89411,1.6966378
3690000.0,1832.1101,5804.6054,3935.8605,249.17902,106.89119,106.89119,106.89119,5870.4328,5816.8237,5726.5597,503.34006,1.6966378
3691000.0,1814.3414,5787.713,3942.6026,249.60586,106.89119,106.89119,106.89119,5888.3805,5783.4701,5691.2882,491.44366,1.6966378
3692000.0,1885.3537,5822.726,3973.8949,251.58698,106.89119,106.89119,106.89119,5894.6716,5768.0207,5805.4859,492.32833,1.6966378
3693000.0,1846.3957,5816.0603,3968.8752,251.26918,106.89119,106.89119,106.89119,5841.9291,5837.6703,5768.5815,502.22484,1.6966378
3694000.0,1892.1756,5821.972,3933.6403,249.03846,106.89119,106.89119,106.89119,5840.4665,5870.8824,5754.5672,492.15644,1.6966378
3695000.0,1803.9981,5832.7742,4065.9113,257.41253,106.89119,106.89119,106.89119,5844.0088,5852.8427,5801.471,498.85025,1.6966378
3696000.0,1801.0565,5811.6463,3945.0375,249.76002,106.89119,106.89119,106.89119,5850.944,5851.4985,5732.4964,493.00806,1.6966378
3697000.0,1849.3671,5824.4993,3958.7221,250.62639,106.89119,106.89119,106.89119,5824.121,5834.9454,5814.4314,493.57339,1.6966378
3698000.0,1827.3663,5819.5918,3972.2062,251.48007,106.89119,106.89119,106.89119,5890.1977,5780.7546,5787.8232,488.93336,1.6966378
3699000.0,1829.6356,5816.2563,3954.5055,250.35944,106.89119,106.89119,106.89119,5860.2137,5845.9752,5742.5801,495.00209,1.6966378
3700000.0,1798.6384,5810.1241,4047.3247,256.23581,106.89119,106.89119,106.89119,5794.3986,5841.9179,5794.0559,493.4306,1.6966378
3701000.0,1845.5038,5820.5837,3978.9168,251.90491,106.89119,106.89119,106.89119,5877.536,5843.9297,5740.2855,491.3908,1.6966378
3702000.0,1810.2114,5811.86,3985.5837,252.32699,106.89119,106.89119,106.89119,5833.1187,5805.1074,5797.354,495.63139,1.6966378
3703000.0,1764.4826,5782.1455,3905.8992,247.28217,106.89119,106.89119,106.89119,5817.2367,5733.0412,5796.1586,490.15908,1.6966378
3704000.0,1867.4017,5816.0864,3910.2185,247.55563,106.89119,106.89119,106.89119,5885.323,5782.7874,5780.1488,487.79586,1.6966378
3705000.0,1953.4156,5860.1811,3950.2002,250.08687,106.89119,106.89119,106.89119,5926.9485,5810.1289,5843.466,501.91455,1.6966378
3706000.0,1806.2404,5817.9455,3949.4786,250.04118,106.89119,106.89119,106.89119,5897.1906,5809.3638,5747.282,494.07268,1.6966378
3707000.0,1879.4948,5817.1703,3939.1539,249.38753,106.89119,106.89119,106.89119,5840.5005,5825.2872,5785.7232,494.24218,1.6966378
3708000.0,1790.8179,5818.0211,3969.1944,251.28939,106.89119,106.89119,106.89119,5852.3914,5816.7331,5784.9386,490.97954,1.6966378
3709000.0,1842.3796,5803.2709,3993.5348,252.83038,106.89119,106.89119,106.89119,5772.0715,5823.2193,5814.5219,502.86022,1.6966378
3710000.0,1836.3555,5814.2074,3998.0088,253.11363,106.89119,106.89119,106.89119,5823.075,5856.5187,5763.0285,506.27358,1.6966378
3711000.0,1763.8767,5808.8976,3964.0476,250.96354,106.89119,106.89119,106.89119,5805.0782,5850.0445,5771.5701,505.99606,1.6966378
3712000.0,1843.2257,5812.3256,3905.0803,247.23033,106.89119,106.89119,106.89119,5797.1257,5826.9407,5812.9103,506.3399,1.6966378
3713000.0,1841.368,5820.5796,3914.4596,247.82413,106.89119,106.89119,106.89119,5833.3175,5851.816,5776.6053,494.56409,1.6966378
3714000.0,1878.2297,5813.7126,3980.4023,251.99896,106.89119,106.89119,106.89119,5824.2004,5895.7506,5721.1869,486.00231,1.6966378
3715000.0,1870.6496,5822.1475,3953.479,250.29445,106.89119,106.89119,106.89119,5878.2387,5828.4081,5759.7959,497.87992,1.6966378
3716000.0,1834.0858,5825.7569,4063.5669,257.2641,106.89119,106.89119,106.89119,5838.7431,5835.4204,5803.1071,503.52818,1.6966378
3717000.0,1813.2369,5801.9971,3946.6715,249.86346,106.89119,106.89119,106.89119,5831.5355,5817.5132,5756.9428,500.80758,1.6966378
3718000.0,1810.4589,5793.7203,3952.1325,250.2092,106.89119,106.89119,106.89119,5813.2556,5795.9573,5771.948,500.93426,1.6966378
3719000.0,1830.6168,5836.5392,3871.8616,245.12726,106.89119,106.89119,106.89119,5863.2515,5854.1881,5792.178,498.92587,1.6966378
3720000.0,1872.0672,5829.2711,3972.4325,251.49439,106.89119,106.89119,106.89119,5878.8748,5813.3732,5795.5652,494.58293,1.6966378
3721000.0,1794.479,5791.0912,3902.9901,247.098,106.89119,106.89119,106.89119,5830.1833,5820.9823,5722.1079,489.66386,1.6966378
3722000.0,1821.8619,5812.3757,3956.1103,250.46104,106.89119,106.89119,106.89119,5873.575,5788.2887,5775.2634,493.2524,1.6966378
3723000.0,1830.353,5809.3974,3999.4664,253.20591,106.89119,106.89119,106.89119,5863.8573,5845.4345,5718.9005,492.41866,1.6966378
3724000.0,1771.5321,5784.0363,3963.888,250.95344,106.89119,106.89119,106.89119,5771.7706,5813.1061,5767.232,495.65583,1.6966378
3725000.0,1738.4565,5790.7973,3902.8754,247.09074,106.89119,106.89119,106.89119,5810.6551,5795.3493,5766.3877,503.60847,1.6966378
3726000.0,1815.4167,5776.0734,3958.5957,250.61838,106.89119,106.89119,106.89119,5796.3863,5845.873,5685.9608,501.48374,1.6966378
3727000.0,1842.5954,5804.9997,3904.8134,247.21343,106.89119,106.89119,106.89119,5863.3846,5764.0068,5787.6078,495.91695,1.6966378
3728000.0,1841.8808,5823.0757,3911.3309,247.62605,106.89119,106.89119,106.89119,5806.8499,5837.8943,5824.483,494.65386,1.6966378
3729000.0,1859.4777,5826.9766,3934.8791,249.11689,106.89119,106.89119,106.89119,5934.3175,5785.9916,5760.6207,492.0536,1.6966378
3730000.0,1887.7048,5827.2241,3938.2141,249.32802,106.89119,106.89119,106.89119,5851.3653,5827.6586,5802.6484,500.4485,1.6966378
3731000.0,1825.1097,5787.1321,3957.8384,250.57044,106.89119,106.89119,106.89119,5814.7626,5807.1107,5739.5231,500.49646,1.6966378
3732000.0,1817.7349,5812.3959,3988.4614,252.50918,106.89119,106.89119,106.89119,5892.3334,5760.5463,5784.308,496.30632,1.6966378
3733000.0,1809.4036,5810.0084,3907.8639,247.40656,106.89119,106.89119,106.89119,5827.3624,5845.151,5757.5119,493.91411,1.6966378
3734000.0,1819.1554,5809.8129,3957.0496,250.5205,106.89119,106.89119,106.89119,5887.0142,5765.9363,5776.4882,499.07539,1.6966378
3735000.0,1798.3976,5795.939,3981.5182,252.06961,106.89119,106.89119,106.89119,5886.7047,5788.1057,5713.0067,502.42765,1.6966378
3736000.0,1871.1037,5800.8354,3959.2308,250.65859,106.89119,106.89119,106.89119,5857.0831,5767.7075,5777.7156,496.01166,1.6966378
3737000.0,1794.2141,5771.191,3945.5663,249.79349,106.89119,106.89119,106.89119,5792.0821,5765.6798,5755.8111,491.33974,1.6966378
3738000.0,1818.9959,5797.7768,4005.692,253.60005,106.89119,106.89119,106.89119,5856.8249,5781.2058,5755.2997,498.72403,1.6966378
3739000.0,1909.1903,5843.5461,3984.63,252.26661,106.89119,106.89119,106.89119,5869.0378,5833.4668,5828.1339,483.93983,1.6966378
3740000.0,1805.2646,5781.1228,3940.4526,249.46975,106.89119,106.89119,106.89119,5847.6877,5720.5706,5775.1103,498.81561,1.6966378
3741000.0,1877.3108,5815.5369,3953.3798,250.28817,106.89119,106.89119,106.89119,5862.6062,5802.9332,5781.0713,493.64581,1.6966378
3742000.0,1836.789,5789.7619,3988.2416,252.49527,106.89119,106.89119,106.89119,5814.6045,5760.859,5793.8222,495.11085,1.6966378
3743000.0,1818.8751,5815.7616,3966.9779,251.14906,106.89119,106.89119,106.89119,5846.8612,5835.987,5764.4366,493.8288,1.6966378
3744000.0,1833.4552,5802.2126,3976.9687,251.78158,106.89119,106.89119,106.89119,5813.2956,5820.2849,5773.0574,498.65963,1.6966378
3745000.0,1884.7524,5830.5297,3957.6627,250.55932,106.89119,106.89119,106.89119,5866.696,5845.7737,5779.1196,494.74454,1.6966378
3746000.0,1824.1984,5821.9894,4035.5122,255.48796,106.89119,106.89119,106.89119,5862.8196,5797.4184,5805.7302,492.31611,1.6966378
3747000.0,1825.6526,5824.7295,3934.9176,249.11933,106.89119,106.89119,106.89119,5851.9833,5854.4435,5767.7619,494.12727,1.6966378
3748000.0,1798.7363,5832.9249,4033.127,255.33696,106.89119,106.89119,106.89119,5857.3878,5850.8385,5790.5485,499.34857,1.6966378
3749000.0,1831.7331,5824.5785,3910.3262,247.56245,106.89119,106.89119,106.89119,5853.4717,5825.9667,5794.2971,486.44108,1.6966378
3750000.0,1824.7769,5826.9618,3966.9388,251.14659,106.89119,106.89119,106.89119,5870.474,5823.7001,5786.7112,487.30569,1.6966378
3751000.0,1883.5245,5822.3049,3967.2532,251.16649,106.89119,106.89119,106.89119,5883.656,5795.7632,5787.4956,483.57284,1.6966378
3752000.0,1802.8839,5814.4723,3959.5319,250.67766,106.89119,106.89119,106.89119,5928.4226,5772.5842,5742.41,493.72211,1.6966378
3753000.0,1822.2751,5803.9539,3890.3659,246.29876,106.89119,106.89119,106.89119,5865.9852,5787.5724,5758.304,493.89052,1.6966378
3754000.0,1839.0565,5807.2451,3943.7553,249.67884,106.89119,106.89119,106.89119,5873.9083,5768.4529,5779.3741,494.14313,1.6966378
3755000.0,1875.3126,5823.0698,3979.1345,251.9187,106.89119,106.89119,106.89119,5856.6752,5827.3166,5785.2175,493.06789,1.6966378
3756000.0,1867.3999,5803.7627,3939.8381,249.43085,106.89119,106.89119,106.89119,5843.1158,5789.8482,5778.3241,491.11924,1.6966378
3757000.0,1840.6988,5813.6583,3939.8878,249.43399,106.89119,106.89119,106.89119,5793.1739,5814.5545,5833.2466,487.10881,1.6966378
3758000.0,1839.1487,5825.5479,3900.3324,246.92974,106.89119,106.89119,106.89119,5881.2101,5793.8621,5801.5714,501.94189,1.6966378
3759000.0,1833.7307,5810.4377,4009.9456,253.86934,106.89119,106.89119,106.89119,5841.5632,5805.2516,5784.4985,494.00442,1.6966378
3760000.0,1841.6865,5773.4621,3925.2419,248.50676,106.89119,106.89119,106.89119,5810.4278,5775.0635,5734.895,460.80335,1.6966378
3761000.0,1913.8394,5812.1832,3988.8576,252.53426,106.89119,106.89119,106.89119,5820.3695,5831.4418,5784.7382,499.18677,1.6966378
3762000.0,1792.5125,5791.3595,3882.4532,245.79781,106.89119,106.89119,106.89119,5859.976,5787.6709,5726.4316,484.80476,1.6966378
3763000.0,1825.512,5803.6181,3963.4218,250.92393,106.89119,106.89119,106.89119,5838.841,5801.8744,5770.1389,390.68921,1.6966378
3764000.0,1833.1745,5813.0122,3909.9553,247.53897,106.89119,106.89119,106.89119,5797.8541,5831.7598,5809.4226,460.2573,1.6966378
3765000.0,1766.7446,5809.9911,3978.1768,251.85806,106.89119,106.89119,106.89119,5801.7324,5822.9179,5805.3231,480.91823,1.6966378
3766000.0,1779.1078,5800.0417,3992.5835,252.77015,106.89119,106.89119,106.89119,5845.7946,5806.3839,5747.9467,466.65982,1.6966378
3767000.0,1785.9291,5793.1036,3939.4426,249.40581,106.89119,106.89119,106.89119,5895.2443,5707.3831,5776.6835,486.66947,1.6966378
3768000.0,1863.8252,5823.1144,3953.6968,250.30823,106.89119,106.89119,106.89119,5846.2743,5852.176,5770.8929,503.23051,1.6966378
3769000.0,1848.7876,5822.8628,3932.5146,248.96719,106.89119,106.89119,106.89119,5840.1751,5824.6644,5803.7491,502.79165,1.6966378
3770000.0,1768.3278,5800.5808,3958.8493,250.63444,106.89119,106.89119,106.89119,5889.6752,5789.8306,5722.2366,497.25365,1.6966378
3771000.0,1870.122,5821.9643,3971.5231,251.43682,106.89119,106.89119,106.89119,5890.6159,5795.0519,5780.225,500.17804,1.6966378
3772000.0,1809.5499,5829.5524,3949.1398,250.01973,106.89119,106.89119,106.89119,5868.9334,5839.806,5779.9179,491.64808,1.6966378
3773000.0,1768.6141,5831.6765,3967.2163,251.16415,106.89119,106.89119,106.89119,5940.0746,5773.821,5781.134,496.25308,1.6966378
3774000.0,1828.2655,5807.9913,4013.714,254.10792,106.89119,106.89119,106.89119,5848.2616,5792.4702,5783.242,500.43216,1.6966378
3775000.0,1864.1651,5826.9417,3930.7367,248.85463,106.89119,106.89119,106.89119,5889.7374,5751.7386,5839.349,503.18334,1.6966378
3776000.0,1832.2198,5829.0861,3942.91,249.62533,106.89119,106.89119,106.89119,5869.3986,5814.757,5803.1027,500.1455,1.6966378
3777000.0,1782.6856,5838.8587,3936.6691,249.23021,106.89119,106.89119,106.89119,5890.8884,5826.5288,5799.1588,498.82945,1.6966378
3778000.0,1788.9902,5800.5873,3915.4334,247.88579,106.89119,106.89119,106.89119,5821.4557,5818.2087,5762.0975,495.10244,1.6966378
3779000.0,1862.2284,5836.3988,3950.2124,250.08764,106.89119,106.89119,106.89119,5892.8282,5840.8724,5775.4957,498.4966,1.6966378
3780000.0,1864.8584,5809.7828,3909.456,247.50735,106.89119,106.89119,106.89119,5823.7564,5842.62,5762.972,498.73635,1.6966378
3781000.0,1898.0663,5814.1725,3925.0829,248.49669,106.89119,106.89119,106.89119,5841.2481,5800.1228,5801.1466,500.68239,1.6966378
3782000.0,1823.2679,5820.258,4004.0222,253.49433,106.89119,106.89119,106.89119,5838.6489,5848.6536,5773.4715,504.79776,1.6966378
3783000.0,1773.7156,5812.7569,3944.5149,249.72693,106.89119,106.89119,106.89119,5857.0332,5787.7107,5793.5269,507.98768,1.6966378
3784000.0,1832.4578,5799.1185,4017.1304,254.32421,106.89119,106.89119,106.89119,5819.5327,5799.6768,5778.1459,505.35259,1.6966378
3785000.0,1764.5966,5797.5107,4002.5287,253.39978,106.89119,106.89119,106.89119,5864.0444,5792.0578,5736.4298,502.01335,1.6966378
3786000.0,1897.0154,5821.7021,4044.9258,256.08393,106.89119,106.89119,106.89119,5846.5942,5845.6829,5772.8293,499.55884,1.6966378
3787000.0,1828.441,5814.1621,3961.2425,250.78596,106.89119,106.89119,106.89119,5842.2399,5825.6714,5774.5749,498.64905,1.6966378
3788000.0,1869.3882,5830.333,3963.2851,250.91527,106.89119,106.89119,106.89119,5896.2433,5802.3801,5792.3756,498.39418,1.6966378
3789000.0,1857.9364,5830.3993,3863.1797,244.57761,106.89119,106.89119,106.89119,5943.1668,5816.9567,5731.0745,500.09057,1.6966378
3790000.0,1768.8027,5796.4938,3887.4531,246.11435,106.89119,106.89119,106.89119,5807.8647,5832.699,5748.9178,497.41047,1.6966378
3791000.0,1854.186,5801.8129,3917.1649,247.9954,106.89119,106.89119,106.89119,5863.4704,5834.2333,5707.7349,497.34973,1.6966378
3792000.0,1855.18,5799.9846,3965.8526,251.07782,106.89119,106.89119,106.89119,5797.2109,5787.2544,5815.4885,500.98232,1.6966378
3793000.0,1821.6517,5816.1344,3984.5003,252.2584,106.89119,106.89119,106.89119,5852.0528,5816.4669,5779.8834,496.3058,1.6966378
3794000.0,1792.491,5816.8889,3921.2192,248.25208,106.89119,106.89119,106.89119,5898.3421,5804.0521,5748.2725,499.54393,1.6966378
3795000.0,1822.7172,5805.8821,3997.2622,253.06636,106.89119,106.89119,106.89119,5874.9021,5767.9467,5774.7975,499.91833,1.6966378
3796000.0,1789.634,5813.637,4068.4409,257.57268,106.89119,106.89119,106.89119,5933.2208,5716.7703,5790.9197,495.54683,1.6966378
3797000.0,1736.4561,5788.7703,4011.0543,253.93954,106.89119,106.89119,106.89119,5898.8722,5725.0053,5742.4334,502.97098,1.6966378
3798000.0,1800.3002,5794.87,3975.1711,251.66777,106.89119,106.89119,106.89119,5835.2552,5802.5522,5746.8027,502.67176,1.6966378
3799000.0,1793.3973,5799.2039,3848.9161,243.67458,106.89119,106.89119,106.89119,5858.625,5789.0843,5749.9023,496.35119,1.6966378
3800000.0,1730.1873,5758.5924,3879.7498,245.62666,106.89119,106.89119,106.89119,5804.8213,5761.5549,5709.4012,493.08585,1.6966378
3801000.0,1872.1134,5829.7053,4011.3338,253.95723,106.89119,106.89119,106.89119,5941.3364,5759.4638,5788.3158,499.21855,1.6966378
3802000.0,1859.8099,5791.5571,3904.5017,247.1937,106.89119,106.89119,106.89119,5845.0366,5735.4637,5794.1709,506.09705,1.6966378
3803000.0,1780.6625,5798.4444,3873.6926,245.24318,106.89119,106.89119,106.89119,5926.0782,5743.1319,5726.1229,496.19361,1.6966378
3804000.0,1816.7846,5808.1464,3964.1195,250.96809,106.89119,106.89119,106.89119,5865.7765,5755.3016,5803.3611,498.57971,1.6966378
3805000.0,1805.6324,5801.623,3959.7904,250.69402,106.89119,106.89119,106.89119,5892.6553,5751.6783,5760.5355,495.92019,1.6966378
3806000.0,1807.204,5843.6695,3986.0259,252.35499,106.89119,106.89119,106.89119,5944.24,5789.4284,5797.3402,500.44134,1.6966378
3807000.0,1785.7855,5774.5704,3944.9429,249.75403,106.89119,106.89119,106.89119,5827.4374,5787.2642,5709.0097,502.73781,1.6966378
3808000.0,1853.1094,5801.3965,3958.2395,250.59583,106.89119,106.89119,106.89119,5874.6706,5775.8341,5753.6848,498.04951,1.6966378
3809000.0,1803.9676,5811.1156,3861.2655,244.45642,106.89119,106.89119,106.89119,5851.941,5826.0788,5755.3269,503.83953,1.6966378
3810000.0,1825.2275,5830.8062,4043.422,255.98873,106.89119,106.89119,106.89119,5888.8711,5767.0653,5836.4824,500.08262,1.6966378
3811000.0,1786.4172,5791.1024,3991.2566,252.68614,106.89119,106.89119,106.89119,5809.1337,5754.3873,5809.7862,493.83597,1.6966378
3812000.0,1783.9953,5796.0693,3930.7238,248.85382,106.89119,106.89119,106.89119,5833.6452,5784.0256,5770.5371,495.84574,1.6966378
3813000.0,1815.0351,5810.0,3896.6961,246.69952,106.89119,106.89119,106.89119,5876.3485,5765.6506,5788.0009,487.56933,1.6966378
3814000.0,1883.8189,5824.6556,4014.0524,254.12934,106.89119,106.89119,106.89119,5847.3484,5811.5473,5815.071,489.06886,1.6966378
3815000.0,1798.4146,5824.1996,3967.2355,251.16537,106.89119,106.89119,106.89119,5864.9903,5797.6565,5809.9521,493.61443,1.6966378
3816000.0,1842.3571,5810.0078,3983.1344,252.17193,106.89119,106.89119,106.89119,5856.8418,5760.7792,5812.4024,486.01344,1.6966378
3817000.0,1808.663,5815.7533,3951.8121,250.18891,106.89119,106.89119,106.89119,5864.8334,5774.0366,5808.3899,491.20618,1.6966378
3818000.0,1833.4263,5828.1523,3983.2172,252.17717,106.89119,106.89119,106.89119,5909.1395,5811.7199,5763.5977,501.73196,1.6966378
3819000.0,1899.2919,5809.2968,3946.0509,249.82417,106.89119,106.89119,106.89119,5870.4954,5813.9849,5743.41,502.02902,1.6966378
3820000.0,1823.4703,5814.3019,3965.2853,251.0419,106.89119,106.89119,106.89119,5878.4842,5774.2343,5790.1873,508.98445,1.6966378
3821000.0,1892.619,5829.3573,3905.2529,247.24126,106.89119,106.89119,106.89119,5872.9652,5754.9612,5860.1455,503.67326,1.6966378
3822000.0,1951.5124,5856.3232,3927.7803,248.66746,106.89119,106.89119,106.89119,5924.2778,5844.8923,5799.7994,507.41728,1.6966378
3823000.0,1762.2192,5803.9429,3929.2501,248.76052,106.89119,106.89119,106.89119,5882.7971,5792.3457,5736.6859,506.52481,1.6966378
3824000.0,1806.9493,5846.0555,4069.5825,257.64495,106.89119,106.89119,106.89119,5913.1682,5794.1887,5830.8095,507.19098,1.6966378
3825000.0,1808.4575,5817.5849,3940.9221,249.49947,106.89119,106.89119,106.89119,5817.8261,5828.3005,5806.628,510.03657,1.6966378
3826000.0,1876.6748,5845.7152,4055.3122,256.7415,106.89119,106.89119,106.89119,5862.8491,5812.3918,5861.9047,501.15917,1.6966378
3827000.0,1826.5633,5811.1175,3954.8823,250.38329,106.89119,106.89119,106.89119,5880.2413,5791.3859,5761.7253,495.32695,1.6966378
3828000.0,1845.4925,5835.3619,4024.8365,254.81209,106.89119,106.89119,106.89119,5907.2799,5777.5429,5821.2629,499.19201,1.6966378
3829000.0,1819.701,5820.7832,3951.2331,250.15226,106.89119,106.89119,106.89119,5868.5095,5771.5431,5822.2971,500.11489,1.6966378
3830000.0,1817.2468,5827.6161,4014.7965,254.17645,106.89119,106.89119,106.89119,5919.4237,5823.2662,5740.1585,496.65326,1.6966378
3831000.0,1849.4348,5811.6072,3919.5965,248.14935,106.89119,106.89119,106.89119,5856.479,5801.1547,5777.188,507.03193,1.6966378
3832000.0,1838.3761,5820.7246,3966.1492,251.0966,106.89119,106.89119,106.89119,5869.0374,5759.9542,5833.1822,504.78244,1.6966378
3833000.0,1826.0975,5789.0696,3945.9093,249.81521,106.89119,106.89119,106.89119,5862.2761,5802.6273,5702.3054,502.11575,1.6966378
3834000.0,1805.9844,5812.0973,3961.751,250.81815,106.89119,106.89119,106.89119,5843.7395,5796.6099,5795.9424,498.39689,1.6966378
3835000.0,1778.7371,5826.2079,3927.3278,248.63882,106.89119,106.89119,106.89119,5881.2912,5798.2411,5799.0914,500.51531,1.6966378
3836000.0,1838.8126,5794.8475,3872.7134,245.18118,106.89119,106.89119,106.89119,5855.8345,5740.4748,5788.2332,499.03139,1.6966378
3837000.0,1909.1608,5852.5394,3908.4865,247.44597,106.89119,106.89119,106.89119,5926.2855,5844.344,5786.9886,493.69826,1.6966378
3838000.0,1761.3096,5800.3458,3896.3333,246.67656,106.89119,106.89119,106.89119,5841.0281,5799.9738,5760.0355,488.90817,1.6966378
3839000.0,1935.3125,5846.0942,3970.2491,251.35616,106.89119,106.89119,106.89119,5888.6518,5868.1157,5781.515,492.42354,1.6966378
3840000.0,1835.7113,5817.0175,3978.6384,251.88728,106.89119,106.89119,106.89119,5822.0976,5835.7237,5793.2313,498.90885,1.6966378
3841000.0,1784.6587,5793.9182,3844.0067,243.36376,106.89119,106.89119,106.89119,5820.3588,5795.411,5765.9849,499.86218,1.6966378
3842000.0,1768.9817,5816.9616,3975.2349,251.67181,106.89119,106.89119,106.89119,5865.2552,5803.7573,5781.8723,501.95761,1.6966378
3843000.0,1806.6449,5807.3218,3922.0043,248.30179,106.89119,106.89119,106.89119,5832.0829,5828.5608,5761.3216,500.75698,1.6966378
3844000.0,1788.0436,5819.1801,3966.9545,251.14758,106.89119,106.89119,106.89119,5839.6413,5841.5621,5776.3368,501.09545,1.6966378
3845000.0,1740.2182,5794.0814,3891.2163,246.3526,106.89119,106.89119,106.89119,5796.899,5770.9135,5814.4318,505.51701,1.6966378
3846000.0,1858.8224,5820.1052,3926.3555,248.57726,106.89119,106.89119,106.89119,5876.4325,5795.2687,5788.6145,502.36562,1.6966378
3847000.0,1811.5327,5810.4174,3945.4045,249.78325,106.89119,106.89119,106.89119,5814.1959,5845.6637,5771.3928,500.14941,1.6966378
3848000.0,1924.123,5821.1404,3887.0337,246.0878,106.89119,106.89119,106.89119,5859.0456,5821.9242,5782.4514,498.49301,1.6966378
3849000.0,1843.385,5814.0792,3980.2457,251.98905,106.89119,106.89119,106.89119,5854.5196,5815.9273,5771.7907,498.34273,1.6966378
3850000.0,1866.0009,5829.4662,3971.58,251.44042,106.89119,106.89119,106.89119,5947.5877,5730.6476,5810.1632,511.23514,1.6966378
3851000.0,1805.5085,5813.251,3934.9557,249.12174,106.89119,106.89119,106.89119,5846.2474,5850.6113,5742.8944,503.59874,1.6966378
3852000.0,1975.9676,5860.4891,3993.4384,252.82427,106.89119,106.89119,106.89119,5948.709,5838.7467,5794.0116,504.0347,1.6966378
3853000.0,1916.8917,5831.4341,3973.2965,251.54909,106.89119,106.89119,106.89119,5831.0191,5866.7295,5796.5537,499.30065,1.6966378
3854000.0,1822.1581,5784.8343,4005.8765,253.61173,106.89119,106.89119,106.89119,5846.0493,5807.1846,5701.2688,497.17396,1.6966378
3855000.0,1850.511,5815.5414,3957.5006,250.54906,106.89119,106.89119,106.89119,5831.3223,5789.4569,5825.845,505.83142,1.6966378
3856000.0,1781.9074,5815.5599,3998.1383,253.12183,106.89119,106.89119,106.89119,5862.2254,5798.2856,5786.1686,508.86522,1.6966378
3857000.0,1869.3453,5822.4945,3997.681,253.09287,106.89119,106.89119,106.89119,5870.1347,5797.7616,5799.5871,507.98689,1.6966378
3858000.0,1880.0302,5821.4036,4024.8787,254.81475,106.89119,106.89119,106.89119,5831.8832,5862.2553,5770.0723,499.37392,1.6966378
3859000.0,1842.7487,5813.3046,4005.7144,253.60147,106.89119,106.89119,106.89119,5867.639,5779.5254,5792.7495,495.48968,1.6966378
3860000.0,1787.8475,5782.2306,3921.4987,248.26978,106.89119,106.89119,106.89119,5809.3144,5780.6444,5756.7329,496.05809,1.6966378
3861000.0,1864.2056,5840.6057,3945.1805,249.76907,106.89119,106.89119,106.89119,5895.8668,5833.2804,5792.67,498.5728,1.6966378
3862000.0,1807.7952,5816.5205,3909.1405,247.48738,106.89119,106.89119,106.89119,5885.5184,5776.9302,5787.1129,501.42371,1.6966378
3863000.0,1798.7815,5787.0706,3901.7535,247.01971,106.89119,106.89119,106.89119,5809.6683,5776.8941,5774.6493,495.1289,1.6966378
3864000.0,1775.2377,5792.2208,3960.6618,250.74919,106.89119,106.89119,106.89119,5834.3471,5780.9817,5761.3337,501.48246,1.6966378
3865000.0,1861.3275,5815.3338,3906.0375,247.29093,106.89119,106.89119,106.89119,5879.8306,5781.7253,5784.4456,496.33031,1.6966378
3866000.0,1824.9297,5805.9046,3910.9561,247.60233,106.89119,106.89119,106.89119,5869.3674,5774.5263,5773.8202,497.96009,1.6966378
3867000.0,1795.3368,5782.6812,3931.6294,248.91115,106.89119,106.89119,106.89119,5855.6577,5788.6121,5703.7736,502.34639,1.6966378
3868000.0,1885.6767,5836.9391,3984.6013,252.2648,106.89119,106.89119,106.89119,5912.899,5817.5006,5780.4178,499.50897,1.6966378
3869000.0,1802.7511,5817.8071,3929.4424,248.77269,106.89119,106.89119,106.89119,5876.0966,5795.0074,5782.3174,494.39703,1.6966378
3870000.0,1785.2612,5814.3881,3924.2384,248.44323,106.89119,106.89119,106.89119,5886.8857,5784.85,5771.4285,498.75129,1.6966378
3871000.0,1789.0539,5828.3644,3954.2712,250.3446,106.89119,106.89119,106.89119,5893.6714,5769.8179,5821.6039,498.54028,1.6966378
3872000.0,1780.7685,5826.5903,3949.1898,250.0229,106.89119,106.89119,106.89119,5914.1631,5818.2861,5747.3217,482.85354,1.6966378
3873000.0,1872.1488,5823.0401,3912.589,247.7057,106.89119,106.89119,106.89119,5891.8007,5779.6946,5797.625,498.5787,1.6966378
3874000.0,1817.5789,5811.1343,3968.8875,251.26996,106.89119,106.89119,106.89119,5885.5464,5767.134,5780.7224,506.17467,1.6966378
3875000.0,1808.1575,5808.3584,4013.8997,254.11968,106.89119,106.89119,106.89119,5845.1568,5801.5139,5778.4044,507.38473,1.6966378
3876000.0,1826.7099,5824.8776,3872.8454,245.18954,106.89119,106.89119,106.89119,5846.1898,5849.4055,5779.0374,506.24799,1.6966378
3877000.0,1909.7259,5853.8714,3941.4567,249.53331,106.89119,106.89119,106.89119,5900.0318,5865.9943,5795.5879,480.84712,1.6966378
3878000.0,1876.8306,5823.4315,3942.7143,249.61294,106.89119,106.89119,106.89119,5903.8264,5812.836,5753.632,503.54153,1.6966378
3879000.0,1914.8365,5849.0187,3932.7945,248.98491,106.89119,106.89119,106.89119,5917.0479,5829.248,5800.7603,491.16212,1.6966378
3880000.0,1830.6088,5819.4989,3933.445,249.0261,106.89119,106.89119,106.89119,5877.7719,5772.47,5808.2549,498.16483,1.6966378
3881000.0,1790.6933,5803.6099,3918.5911,248.0857,106.89119,106.89119,106.89119,5840.3271,5830.0434,5740.4592,495.55773,1.6966378
3882000.0,1841.0334,5838.9474,4009.0773,253.81437,106.89119,106.89119,106.89119,5901.3204,5817.2542,5798.2676,500.37169,1.6966378
3883000.0,1832.437,5842.9335,3933.1202,249.00554,106.89119,106.89119,106.89119,5890.1673,5856.1643,5782.4689,501.04581,1.6966378
3884000.0,1916.5928,5822.3624,3986.3935,252.37826,106.89119,106.89119,106.89119,5854.7249,5796.0333,5816.3289,506.35829,1.6966378
3885000.0,1825.3267,5819.3121,3926.8536,248.60879,106.89119,106.89119,106.89119,5843.9381,5796.6136,5817.3847,502.05427,1.6966378
3886000.0,1810.4632,5818.0292,3938.2354,249.32937,106.89119,106.89119,106.89119,5828.4256,5855.1473,5770.5145,497.06829,1.6966378
3887000.0,1742.2924,5808.489,3894.0663,246.53303,106.89119,106.89119,106.89119,5905.5145,5767.4644,5752.4882,506.34112,1.6966378
3888000.0,1844.8859,5823.1234,3936.4699,249.2176,106.89119,106.89119,106.89119,5886.0988,5790.1603,5793.111,499.80394,1.6966378
3889000.0,1794.6166,5798.4455,3931.6456,248.91218,106.89119,106.89119,106.89119,5857.3404,5733.4306,5804.5655,501.22577,1.6966378
3890000.0,1871.3409,5836.027,3976.3758,251.74404,106.89119,106.89119,106.89119,5902.5551,5791.959,5813.567,501.46136,1.6966378
3891000.0,1870.3352,5826.2578,4010.5926,253.9103,106.89119,106.89119,106.89119,5859.1145,5748.2552,5871.4038,488.81594,1.6966378
3892000.0,1793.212,5802.6573,3987.27,252.43375,106.89119,106.89119,106.89119,5813.3118,5847.4457,5747.2144,490.48324,1.6966378
3893000.0,1800.5457,5818.4697,3827.6446,242.32788,106.89119,106.89119,106.89119,5849.1866,5777.1985,5829.024,497.98104,1.6966378
3894000.0,1725.5265,5796.8296,3963.6351,250.93743,106.89119,106.89119,106.89119,5826.2726,5836.021,5728.1954,499.71182,1.6966378
3895000.0,1852.1342,5833.5182,3955.6581,250.43241,106.89119,106.89119,106.89119,5873.7185,5802.2963,5824.5399,504.97933,1.6966378
3896000.0,1818.5752,5799.632,4026.0223,254.88716,106.89119,106.89119,106.89119,5834.5846,5811.2586,5753.0528,506.00608,1.6966378
3897000.0,1761.386,5788.923,3883.9273,245.89113,106.89119,106.89119,106.89119,5901.3599,5749.1181,5716.2909,500.15238,1.6966378
3898000.0,1774.5156,5812.1928,3946.2114,249.83433,106.89119,106.89119,106.89119,5868.3242,5783.9844,5784.2697,504.49513,1.6966378
3899000.0,1855.5768,5837.9747,4031.1629,255.21261,106.89119,106.89119,106.89119,5881.0172,5784.6561,5848.2506,502.97816,1.6966378
3900000.0,1847.7212,5859.8642,3983.2815,252.18124,106.89119,106.89119,106.89119,5887.5134,5825.661,5866.4184,501.27067,1.6966378
3901000.0,1827.3093,5829.8289,3882.8938,245.82571,106.89119,106.89119,106.89119,5849.1666,5819.3538,5820.9662,502.58568,1.6966378
3902000.0,1784.0503,5794.6449,3957.6641,250.55941,106.89119,106.89119,106.89119,5778.7028,5808.311,5796.9209,505.626,1.6966378
3903000.0,1794.2943,5808.628,4041.9238,255.89388,106.89119,106.89119,106.89119,5841.8981,5733.7542,5850.2317,498.60822,1.6966378
3904000.0,1811.4771,5826.8678,4016.2543,254.26875,106.89119,106.89119,106.89119,5907.9568,5798.4868,5774.16,492.32874,1.6966378
3905000.0,1784.6862,5802.3391,3890.0983,246.28182,106.89119,106.89119,106.89119,5840.9758,5767.4145,5798.627,490.52549,1.6966378
3906000.0,1855.7327,5828.1063,3983.1067,252.17017,106.89119,106.89119,106.89119,5833.3708,5883.2371,5767.7108,491.32606,1.6966378
3907000.0,1752.263,5784.1999,4001.2365,253.31797,106.89119,106.89119,106.89119,5794.9929,5826.4431,5731.1637,489.34425,1.6966378
3908000.0,1713.4064,5782.9847,3994.5936,252.89741,106.89119,106.89119,106.89119,5857.833,5760.8331,5730.2879,484.6242,1.6966378
3909000.0,1825.976,5804.7472,3925.5059,248.52347,106.89119,106.89119,106.89119,5783.2816,5838.8733,5792.0868,482.52305,1.6966378
3910000.0,1828.6002,5808.1863,3956.2055,250.46706,106.89119,106.89119,106.89119,5845.5787,5802.2163,5776.764,502.01785,1.6966378
3911000.0,1892.9337,5833.228,3988.8824,252.53583,106.89119,106.89119,106.89119,5861.4019,5823.5523,5814.73,503.59244,1.6966378
3912000.0,1829.8709,5787.7412,3935.6295,249.1644,106.89119,106.89119,106.89119,5883.7049,5826.3939,5653.1248,464.73383,1.6966378
3913000.0,1800.8781,5811.1639,4046.1804,256.16336,106.89119,106.89119,106.89119,5855.2811,5775.9621,5802.2485,498.57663,1.6966378
3914000.0,1829.3552,5808.6148,3930.0775,248.8129,106.89119,106.89119,106.89119,5870.2134,5760.4816,5795.1493,494.77299,1.6966378
3915000.0,1786.4891,5797.3447,3986.4477,252.38169,106.89119,106.89119,106.89119,5842.9733,5776.0846,5772.9762,501.02141,1.6966378
3916000.0,1793.2792,5813.8066,3968.5145,251.24635,106.89119,106.89119,106.89119,5850.8177,5794.1421,5796.4599,493.59972,1.6966378
3917000.0,1839.2422,5825.2458,3937.767,249.29972,106.89119,106.89119,106.89119,5883.1755,5822.7159,5769.846,490.93093,1.6966378
3918000.0,1850.6756,5819.1573,3905.7991,247.27584,106.89119,106.89119,106.89119,5816.9661,5850.8863,5789.6193,496.12047,1.6966378
3919000.0,1801.0006,5778.0391,3850.7559,243.79106,106.89119,106.89119,106.89119,5821.5116,5769.606,5742.9997,500.03881,1.6966378
3920000.0,1838.8773,5823.036,3927.4715,248.64791,106.89119,106.89119,106.89119,5900.7649,5825.2387,5743.1043,509.7047,1.6966378
3921000.0,1859.7218,5820.1205,3974.0372,251.59599,106.89119,106.89119,106.89119,5827.6091,5841.2446,5791.5079,502.88958,1.6966378
3922000.0,1847.4111,5797.554,3909.8087,247.52968,106.89119,106.89119,106.89119,5800.9366,5815.3816,5776.3437,499.75765,1.6966378
3923000.0,1770.5025,5789.6525,3977.0252,251.78516,106.89119,106.89119,106.89119,5857.9644,5769.5531,5741.44,504.9793,1.6966378
3924000.0,1808.4388,5810.4383,4018.2686,254.39627,106.89119,106.89119,106.89119,5854.596,5782.5761,5794.1427,502.178,1.6966378
3925000.0,1779.8829,5799.9455,3844.9857,243.42575,106.89119,106.89119,106.89119,5821.3381,5774.8252,5803.6731,501.60116,1.6966378
3926000.0,1786.0354,5809.9623,3933.5616,249.03348,106.89119,106.89119,106.89119,5880.1252,5767.4306,5782.3311,509.54751,1.6966378
3927000.0,1810.8564,5810.2183,3921.8273,248.29058,106.89119,106.89119,106.89119,5865.9383,5798.3065,5766.4102,507.95573,1.6966378
3928000.0,1823.7271,5820.2681,3986.8447,252.40682,106.89119,106.89119,106.89119,5926.2134,5816.9084,5717.6826,506.20647,1.6966378
3929000.0,1840.4649,5816.663,3968.5532,251.24879,106.89119,106.89119,106.89119,5918.7953,5770.6334,5760.5603,508.09267,1.6966378
3930000.0,1830.819,5822.3201,3951.1845,250.14918,106.89119,106.89119,106.89119,5856.9516,5814.2289,5795.7799,507.62559,1.6966378
3931000.0,1850.9559,5819.6533,3957.1205,250.52499,106.89119,106.89119,106.89119,5858.0583,5790.9468,5809.9548,502.78179,1.6966378
3932000.0,1803.5764,5809.7439,3919.8016,248.16233,106.89119,106.89119,106.89119,5851.3793,5821.4613,5756.3912,506.477,1.6966378
3933000.0,1820.9322,5793.1159,3924.391,248.45289,106.89119,106.89119,106.89119,5847.6189,5794.6641,5737.0647,500.32904,1.6966378
3934000.0,1830.9303,5813.6521,3952.5289,250.23429,106.89119,106.89119,106.89119,5839.8423,5795.4293,5805.6847,497.14813,1.6966378
3935000.0,1802.2698,5805.2452,3954.3557,250.34995,106.89119,106.89119,106.89119,5890.5098,5787.6765,5737.5493,501.96985,1.6966378
3936000.0,1800.9545,5809.3714,3932.1825,248.94617,106.89119,106.89119,106.89119,5871.1118,5844.8019,5712.2006,500.20079,1.6966378
3937000.0,1887.5006,5840.7367,3963.8369,250.9502,106.89119,106.89119,106.89119,5848.661,5852.1658,5821.3833,498.61492,1.6966378
3938000.0,1804.0983,5815.7576,4036.7922,255.569,106.89119,106.89119,106.89119,5836.6912,5799.9687,5810.6129,501.50714,1.6966378
3939000.0,1851.1746,5832.2024,3949.4762,250.04103,106.89119,106.89119,106.89119,5901.0514,5809.6294,5785.9265,502.30242,1.6966378
3940000.0,1859.4258,5810.9189,3947.1231,249.89206,106.89119,106.89119,106.89119,5829.4993,5810.7058,5792.5517,501.84174,1.6966378
3941000.0,1801.2106,5798.0839,4016.4526,254.2813,106.89119,106.89119,106.89119,5866.8538,5767.3974,5760.0004,498.17075,1.6966378
3942000.0,1862.5693,5837.3443,3959.1338,250.65245,106.89119,106.89119,106.89119,5898.0684,5844.5793,5769.3852,487.67312,1.6966378
3943000.0,1829.5635,5774.341,3921.6975,248.28237,106.89119,106.89119,106.89119,5864.7107,5720.3175,5737.9947,495.1337,1.6966378
3944000.0,1837.8263,5827.5608,4035.8908,255.51193,106.89119,106.89119,106.89119,5891.4026,5786.8352,5804.4445,484.87109,1.6966378
3945000.0,1882.2263,5819.5791,3935.5759,249.16101,106.89119,106.89119,106.89119,5900.1814,5782.2416,5776.3145,498.72699,1.6966378
3946000.0,1816.1797,5802.3759,3966.4466,251.11542,106.89119,106.89119,106.89119,5859.8431,5813.0126,5734.272,500.81619,1.6966378
3947000.0,1808.0489,5814.0781,3906.7865,247.33835,106.89119,106.89119,106.89119,5900.8791,5742.2031,5799.152,493.11933,1.6966378
3948000.0,1845.714,5807.0687,3901.6184,247.01115,106.89119,106.89119,106.89119,5835.4229,5776.6866,5809.0965,488.44323,1.6966378
3949000.0,1749.0395,5799.8431,3928.9555,248.74186,106.89119,106.89119,106.89119,5840.3188,5820.8778,5738.3327,493.20617,1.6966378
3950000.0,1860.5866,5840.8825,3973.207,251.54343,106.89119,106.89119,106.89119,5882.8592,5856.2225,5783.5659,486.68654,1.6966378
3951000.0,1871.0708,5841.7105,3901.5057,247.00402,106.89119,106.89119,106.89119,5932.8016,5830.8796,5761.4504,497.36865,1.6966378
3952000.0,1870.5005,5788.4055,3992.3673,252.75646,106.89119,106.89119,106.89119,5840.5,5793.3595,5731.357,498.30002,1.6966378
3953000.0,1857.4765,5818.9149,3985.1286,252.29818,106.89119,106.89119,106.89119,5829.3384,5862.6378,5764.7685,498.9121,1.6966378
3954000.0,1810.6097,5805.3055,3899.0777,246.8503,106.89119,106.89119,106.89119,5883.3834,5799.3553,5733.1779,496.68867,1.6966378
3955000.0,1771.1903,5781.7558,3872.4322,245.16338,106.89119,106.89119,106.89119,5793.4477,5790.6006,5761.219,496.44063,1.6966378
3956000.0,1935.8291,5836.5977,4075.7191,258.03346,106.89119,106.89119,106.89119,5908.1861,5791.1444,5810.4627,496.1143,1.6966378
3957000.0,1832.3889,5788.2802,3956.8112,250.50541,106.89119,106.89119,106.89119,5779.9466,5804.1378,5780.7561,507.56801,1.6966378
3958000.0,1767.2223,5813.168,3843.3886,243.32464,106.89119,106.89119,106.89119,5826.0233,5826.7683,5786.7124,503.39614,1.6966378
3959000.0,1768.729,5790.6154,3996.209,252.99968,106.89119,106.89119,106.89119,5809.403,5806.8896,5755.5535,504.894,1.6966378
3960000.0,1817.729,5835.7979,3963.046,250.90013,106.89119,106.89119,106.89119,5887.8454,5794.3145,5825.2339,502.16417,1.6966378
3961000.0,1768.0388,5797.6807,4001.0321,253.30503,106.89119,106.89119,106.89119,5847.0309,5821.4772,5724.5342,503.36579,1.6966378
3962000.0,1780.2934,5759.9073,3930.7071,248.85276,106.89119,106.89119,106.89119,5779.6452,5750.9396,5749.1371,501.70474,1.6966378
3963000.0,1807.1607,5805.1091,4026.4902,254.91678,106.89119,106.89119,106.89119,5883.4211,5833.5441,5698.3621,505.70495,1.6966378
3964000.0,1854.8389,5790.6307,3985.492,252.32119,106.89119,106.89119,106.89119,5798.261,5799.6515,5773.9795,499.32838,1.6966378
3965000.0,1806.8282,5809.4465,3970.2534,251.35644,106.89119,106.89119,106.89119,5893.3568,5797.8821,5737.1007,504.79337,1.6966378
3966000.0,1803.5731,5772.3719,3900.6913,246.95246,106.89119,106.89119,106.89119,5807.6678,5753.4222,5756.0255,497.77677,1.6966378
3967000.0,1848.4279,5832.8248,3954.1498,250.33692,106.89119,106.89119,106.89119,5886.6142,5847.7073,5764.1529,504.44605,1.6966378
3968000.0,1834.8451,5814.4924,3896.0645,246.65954,106.89119,106.89119,106.89119,5871.599,5829.608,5742.2702,505.06161,1.6966378
3969000.0,1764.9545,5789.5056,4001.4184,253.32949,106.89119,106.89119,106.89119,5812.0249,5793.132,5763.3598,504.80729,1.6966378
3970000.0,1826.025,5811.1268,3969.6756,251.31986,106.89119,106.89119,106.89119,5873.1538,5770.8924,5789.3343,507.34661,1.6966378
3971000.0,1752.744,5801.6934,3934.826,249.11353,106.89119,106.89119,106.89119,5887.0213,5772.6564,5745.4026,506.79957,1.6966378
3972000.0,1725.3354,5785.256,3905.187,247.23709,106.89119,106.89119,106.89119,5851.5896,5773.2165,5730.9619,505.04752,1.6966378
3973000.0,1843.2643,5827.854,3852.7434,243.91688,106.89119,106.89119,106.89119,5895.2337,5779.8322,5808.496,503.70019,1.6966378
3974000.0,1800.7166,5785.0029,3967.082,251.15565,106.89119,106.89119,106.89119,5813.8175,5778.9702,5762.221,496.79451,1.6966378
3975000.0,1796.8913,5794.2859,3948.1608,249.95775,106.89119,106.89119,106.89119,5869.6939,5755.8305,5757.3332,507.63389,1.6966378
3976000.0,1761.6691,5784.0267,3949.2018,250.02366,106.89119,106.89119,106.89119,5805.1545,5816.5848,5730.3409,504.452,1.6966378
3977000.0,1812.9883,5821.1201,3976.1363,251.72888,106.89119,106.89119,106.89119,5887.847,5813.3872,5762.1262,507.20841,1.6966378
3978000.0,1833.7241,5812.0503,3923.7318,248.41116,106.89119,106.89119,106.89119,5904.8137,5765.327,5766.0102,501.02191,1.6966378
3979000.0,1813.3011,5810.7352,3925.621,248.53076,106.89119,106.89119,106.89119,5881.6001,5783.6538,5766.9516,500.13769,1.6966378
3980000.0,1828.6951,5825.989,3997.654,253.09116,106.89119,106.89119,106.89119,5907.272,5782.2982,5788.3968,504.20652,1.6966378
3981000.0,1835.7371,5808.7631,3923.4755,248.39493,106.89119,106.89119,106.89119,5809.3011,5852.4552,5764.5329,499.06807,1.6966378
3982000.0,1783.488,5798.3296,3953.4829,250.2947,106.89119,106.89119,106.89119,5880.4645,5783.7376,5730.7868,498.75742,1.6966378
3983000.0,1783.8743,5795.3472,3985.1109,252.29706,106.89119,106.89119,106.89119,5815.1852,5819.0172,5751.8391,510.03906,1.6966378
3984000.0,1885.0045,5834.8478,3926.127,248.56279,106.89119,106.89119,106.89119,5879.694,5814.1384,5810.7112,487.94107,1.6966378
3985000.0,1841.8347,5811.7252,3997.0145,253.05067,106.89119,106.89119,106.89119,5836.7665,5837.5777,5760.8314,496.5159,1.6966378
3986000.0,1743.7416,5795.1903,3982.6913,252.14388,106.89119,106.89119,106.89119,5834.6184,5804.4605,5746.4919,494.63983,1.6966378
3987000.0,1867.2242,5821.5887,3946.8823,249.87681,106.89119,106.89119,106.89119,5847.3125,5835.6421,5781.8115,496.84578,1.6966378
3988000.0,1849.7582,5800.3949,3976.6536,251.76163,106.89119,106.89119,106.89119,5857.9721,5801.1096,5742.103,502.9665,1.6966378
3989000.0,1770.5615,5805.9984,3932.9272,248.99332,106.89119,106.89119,106.89119,5868.1187,5814.2879,5735.5886,497.47511,1.6966378
3990000.0,1810.6627,5802.5891,3946.272,249.83817,106.89119,106.89119,106.89119,5843.3125,5731.2147,5833.2402,498.15722,1.6966378
3991000.0,1805.1654,5803.813,3974.8197,251.64553,106.89119,106.89119,106.89119,5892.7769,5766.7011,5751.961,496.79779,1.6966378
3992000.0,1836.2048,5807.682,3963.9059,250.95457,106.89119,106.89119,106.89119,5879.1719,5792.1989,5751.6754,504.39834,1.6966378
3993000.0,1839.4714,5816.651,3847.1848,243.56497,106.89119,106.89119,106.89119,5862.7823,5792.7495,5794.4212,495.15225,1.6966378
3994000.0,1817.2554,5802.9826,3955.2324,250.40546,106.89119,106.89119,106.89119,5837.9875,5828.6256,5742.3346,499.79212,1.6966378
3995000.0,1792.4503,5801.6918,3871.6443,245.1135,106.89119,106.89119,106.89119,5862.7236,5788.5689,5753.783,493.12586,1.6966378
3996000.0,1776.8322,5797.2525,4014.9143,254.18391,106.89119,106.89119,106.89119,5785.22,5811.1854,5795.3522,486.24938,1.6966378
3997000.0,1711.4752,5779.1985,3939.5906,249.41518,106.89119,106.89119,106.89119,5783.8017,5790.5785,5763.2152,488.08196,1.6966378
3998000.0,1804.9888,5832.651,3915.3864,247.88281,106.89119,106.89119,106.89119,5903.6587,5772.8077,5821.4864,489.28913,1.6966378
3999000.0,1784.724,5805.3343,3908.2971,247.43398,106.89119,106.89119,106.89119,5841.3564,5805.4882,5769.1583,502.09222,1.6966378
4000000.0,1766.2456,5777.6615,4042.6863,255.94215,106.89119,106.89119,106.89119,5851.7833,5753.5064,5727.6948,506.49316,1.6966378
4001000.0,1784.9288,5799.4781,3992.9822,252.79539,106.89119,106.89119,106.89119,5787.2524,5804.8839,5806.298,502.04317,1.6966378
4002000.0,1786.329,5808.8758,3984.8829,252.28263,106.89119,106.89119,106.89119,5826.4633,5796.7825,5803.3816,507.36964,1.6966378
4003000.0,1768.904,5806.689,4029.6104,255.11432,106.89119,106.89119,106.89119,5857.5253,5800.5661,5761.9755,509.73131,1.6966378
4004000.0,1823.8696,5810.225,4041.3216,255.85575,106.89119,106.89119,106.89119,5833.5314,5798.0983,5799.0454,505.1854,1.6966378
4005000.0,1806.2878,5804.7449,3867.564,244.85517,106.89119,106.89119,106.89119,5865.9088,5784.0102,5764.3155,490.32692,1.6966378
4006000.0,1824.3462,5831.0822,3885.227,245.97342,106.89119,106.89119,106.89119,5836.9067,5829.2707,5827.0691,493.52253,1.6966378
4007000.0,1892.519,5844.2443,3938.6626,249.35642,106.89119,106.89119,106.89119,5871.6364,5870.3349,5790.7617,500.62407,1.6966378
4008000.0,1814.5184,5808.9116,3962.475,250.86398,106.89119,106.89119,106.89119,5837.9428,5774.541,5814.2508,502.00029,1.6966378
4009000.0,1829.4658,5816.7911,3974.7387,251.6404,106.89119,106.89119,106.89119,5798.317,5816.5958,5835.4606,504.61914,1.6966378
4010000.0,1808.7115,5812.9058,3902.4241,247.06216,106.89119,106.89119,106.89119,5819.7883,5835.7732,5783.1557,496.82684,1.6966378
4011000.0,1767.4932,5807.0876,3917.6867,248.02844,106.89119,106.89119,106.89119,5845.9828,5803.9915,5771.2886,502.64485,1.6966378
4012000.0,1875.6481,5808.9122,3938.2573,249.33076,106.89119,106.89119,106.89119,5844.3166,5788.2189,5794.2011,502.95741,1.6966378
4013000.0,1852.4516,5808.249,3924.1623,248.43841,106.89119,106.89119,106.89119,5871.9785,5766.1978,5786.5707,502.62006,1.6966378
4014000.0,1713.1943,5764.8913,3935.1242,249.13241,106.89119,106.89119,106.89119,5769.4385,5771.1645,5754.071,485.95281,1.6966378
4015000.0,1802.9834,5813.1492,3990.4901,252.63762,106.89119,106.89119,106.89119,5929.2706,5756.7893,5753.3876,490.43943,1.6966378
4016000.0,1803.2279,5796.899,4083.0966,258.50053,106.89119,106.89119,106.89119,5849.639,5738.7838,5802.2741,491.11272,1.6966378
4017000.0,1890.2411,5808.9227,3974.2753,251.61106,106.89119,106.89119,106.89119,5883.2214,5774.6576,5768.8891,495.06845,1.6966378
4018000.0,1777.4803,5804.1891,3892.1244,246.41009,106.89119,106.89119,106.89119,5829.3386,5813.0306,5770.198,497.034,1.6966378
4019000.0,1793.9958,5824.7587,3928.0132,248.68221,106.89119,106.89119,106.89119,5897.6995,5774.0335,5802.5431,487.45155,1.6966378
4020000.0,1876.5397,5821.1834,3971.5495,251.43849,106.89119,106.89119,106.89119,5841.5737,5817.4804,5804.4962,492.67366,1.6966378
4021000.0,1932.7807,5832.2199,3924.5773,248.46468,106.89119,106.89119,106.89119,5886.5003,5777.7751,5832.3842,500.41877,1.6966378
4022000.0,1799.2793,5809.7753,3965.6521,251.06512,106.89119,106.89119,106.89119,5836.9144,5822.4743,5769.9373,471.03331,1.6966378
4023000.0,1828.4061,5806.8481,3975.3044,251.67621,106.89119,106.89119,106.89119,5902.2633,5752.6997,5765.5814,509.80083,1.6966378
4024000.0,1834.6823,5836.0229,3994.4872,252.89067,106.89119,106.89119,106.89119,5900.5204,5800.2148,5807.3335,499.19923,1.6966378
4025000.0,1841.1567,5806.5898,3892.1873,246.41407,106.89119,106.89119,106.89119,5827.8228,5792.4287,5799.5178,498.91621,1.6966378
4026000.0,1887.5252,5829.3837,3959.9954,250.707,106.89119,106.89119,106.89119,5816.8541,5829.1351,5842.1619,508.97604,1.6966378
4027000.0,1717.855,5779.6585,3952.9854,250.26319,106.89119,106.89119,106.89119,5781.8389,5737.5858,5819.5507,505.28252,1.6966378
4028000.0,1782.2603,5804.0414,3939.288,249.39601,106.89119,106.89119,106.89119,5897.919,5798.3596,5715.8456,504.77295,1.6966378
4029000.0,1841.1911,5818.7013,3948.7226,249.99332,106.89119,106.89119,106.89119,5929.7074,5744.4728,5781.9236,506.79599,1.6966378
4030000.0,1812.595,5813.3118,3963.2026,250.91005,106.89119,106.89119,106.89119,5866.2599,5815.53,5758.1455,503.55336,1.6966378
4031000.0,1811.6753,5781.9724,3916.9879,247.9842,106.89119,106.89119,106.89119,5830.6188,5796.8983,5718.4002,506.75035,1.6966378
4032000.0,1836.563,5795.9592,3951.8152,250.18911,106.89119,106.89119,106.89119,5865.169,5798.1576,5724.551,502.60831,1.6966378
4033000.0,1841.704,5823.9888,3866.0647,244.76025,106.89119,106.89119,106.89119,5813.934,5860.4299,5797.6024,501.61058,1.6966378
4034000.0,1825.1852,5811.2367,3925.4495,248.5199,106.89119,106.89119,106.89119,5885.4385,5810.9662,5737.3055,494.94451,1.6966378
4035000.0,1851.0025,5842.0863,3928.1967,248.69383,106.89119,106.89119,106.89119,5927.5126,5813.0897,5785.6564,491.84093,1.6966378
4036000.0,1823.5408,5826.2378,3943.2183,249.64485,106.89119,106.89119,106.89119,5869.3709,5810.114,5799.2285,487.34401,1.6966378
4037000.0,1807.3009,5826.4414,3947.1042,249.89086,106.89119,106.89119,106.89119,5863.736,5810.9103,5804.6779,488.40567,1.6966378
4038000.0,1800.3652,5786.3391,3999.5771,253.21291,106.89119,106.89119,106.89119,5865.4648,5768.2933,5725.259,490.76941,1.6966378
4039000.0,1748.8434,5778.2588,3923.8446,248.4183,106.89119,106.89119,106.89119,5842.9462,5777.5627,5714.2675,487.8859,1.6966378
4040000.0,1828.0211,5845.777,3968.4135,251.23995,106.89119,106.89119,106.89119,5926.8526,5779.0606,5831.4179,484.09198,1.6966378
4041000.0,1827.9699,5834.734,3853.2666,243.95001,106.89119,106.89119,106.89119,5858.4852,5824.3537,5821.3632,503.47167,1.6966378
4042000.0,1803.0348,5817.6635,3937.5223,249.28423,106.89119,106.89119,106.89119,5879.7282,5767.802,5805.4602,501.28965,1.6966378
4043000.0,1839.116,5838.1663,4001.5843,253.33999,106.89119,106.89119,106.89119,5934.5931,5803.3131,5776.5928,501.00353,1.6966378
4044000.0,1851.0413,5791.8117,3878.3002,245.53489,106.89119,106.89119,106.89119,5835.5423,5755.2339,5784.659,506.94141,1.6966378
4045000.0,1873.6623,5827.1339,3954.2345,250.34227,106.89119,106.89119,106.89119,5863.1377,5811.3204,5806.9437,508.45654,1.6966378
4046000.0,1803.9028,5825.6054,3912.7912,247.7185,106.89119,106.89119,106.89119,5902.0952,5776.9595,5797.7616,494.42435,1.6966378
4047000.0,1873.6815,5816.3469,3951.8467,250.19111,106.89119,106.89119,106.89119,5862.1499,5789.2904,5797.6004,492.48194,1.6966378
4048000.0,1894.7579,5859.7658,3994.764,252.9082,106.89119,106.89119,106.89119,5915.4215,5788.8171,5875.0588,495.91728,1.6966378
4049000.0,1917.9759,5832.1962,3959.9848,250.70633,106.89119,106.89119,106.89119,5899.1666,5768.1784,5829.2436,499.51733,1.6966378
4050000.0,1769.7359,5821.9908,3913.4551,247.76053,106.89119,106.89119,106.89119,5889.2013,5774.4052,5802.3659,493.23431,1.6966378
4051000.0,1822.457,5819.232,3986.4305,252.38061,106.89119,106.89119,106.89119,5833.9407,5812.0487,5811.7066,482.86664,1.6966378
4052000.0,1834.0325,5825.8779,3934.9227,249.11965,106.89119,106.89119,106.89119,5845.0185,5788.4497,5844.1655,495.89856,1.6966378
4053000.0,1844.1977,5835.7061,3976.8806,251.776,106.89119,106.89119,106.89119,5945.0423,5766.4617,5795.6143,498.24394,1.6966378
4054000.0,1806.9713,5785.8269,3969.2368,251.29207,106.89119,106.89119,106.89119,5816.477,5787.7296,5753.274,499.45124,1.6966378
4055000.0,1798.8796,5823.8285,4004.3368,253.51425,106.89119,106.89119,106.89119,5898.6402,5808.7649,5764.0804,491.98935,1.6966378
4056000.0,1846.3456,5790.3432,3910.8014,247.59253,106.89119,106.89119,106.89119,5898.2261,5756.9917,5715.8118,493.06084,1.6966378
4057000.0,1862.9439,5794.5328,3885.4703,245.98882,106.89119,106.89119,106.89119,5841.5003,5801.8903,5740.208,495.64792,1.6966378
4058000.0,1780.7953,5831.086,3978.0327,251.84894,106.89119,106.89119,106.89119,5908.6214,5825.3349,5759.3018,482.22787,1.6966378
4059000.0,1801.3758,5831.6898,4018.0922,254.3851,106.89119,106.89119,106.89119,5852.4902,5832.1379,5810.4413,512.05509,1.6966378
4060000.0,1779.5875,5803.4397,3923.5564,248.40005,106.89119,106.89119,106.89119,5827.696,5769.4004,5813.2228,508.44033,1.6966378
4061000.0,1915.8143,5843.2165,3986.6787,252.39632,106.89119,106.89119,106.89119,5858.283,5867.3571,5804.0095,505.29925,1.6966378
4062000.0,1844.4998,5804.9361,3924.3815,248.45229,106.89119,106.89119,106.89119,5858.6839,5779.095,5777.0293,497.56774,1.6966378
4063000.0,1880.1445,5811.8245,3910.2636,247.55848,106.89119,106.89119,106.89119,5886.5395,5751.5644,5797.3697,493.61107,1.6966378
4064000.0,1890.0183,5807.9919,3932.076,248.93943,106.89119,106.89119,106.89119,5912.2159,5780.108,5731.6517,504.57255,1.6966378
4065000.0,1787.7215,5845.2962,3990.3169,252.62665,106.89119,106.89119,106.89119,5877.9798,5842.2859,5815.623,497.90089,1.6966378
4066000.0,1767.3039,5762.6241,3947.1232,249.89206,106.89119,106.89119,106.89119,5835.905,5738.4471,5713.5201,503.99739,1.6966378
4067000.0,1807.4113,5795.9981,3990.6174,252.64567,106.89119,106.89119,106.89119,5875.0499,5748.8253,5764.1191,502.53342,1.6966378
4068000.0,1782.5163,5825.4932,3936.8974,249.24467,106.89119,106.89119,106.89119,5896.4237,5775.2549,5804.8011,502.50813,1.6966378
4069000.0,1733.9305,5803.5927,3981.8964,252.09355,106.89119,106.89119,106.89119,5859.6826,5764.9048,5786.1907,501.59795,1.6966378
4070000.0,1881.8231,5838.2096,3931.6725,248.91388,106.89119,106.89119,106.89119,5933.8237,5829.5293,5751.2759,497.58057,1.6966378
4071000.0,1782.4065,5807.9904,3922.1247,248.30941,106.89119,106.89119,106.89119,5859.9222,5827.7814,5736.2676,509.80994,1.6966378
4072000.0,1774.4553,5809.1356,3991.9657,252.73103,106.89119,106.89119,106.89119,5874.4959,5774.8212,5778.0897,501.91983,1.6966378
4073000.0,1789.7212,5788.8678,3917.7038,248.02952,106.89119,106.89119,106.89119,5828.1618,5763.0952,5775.3465,500.31,1.6966378
4074000.0,1724.7156,5810.0634,3954.268,250.3444,106.89119,106.89119,106.89119,5922.6683,5720.6817,5786.8403,497.27449,1.6966378
4075000.0,1825.9182,5807.0478,4051.6893,256.51213,106.89119,106.89119,106.89119,5850.4475,5741.8211,5828.8748,502.77702,1.6966378
4076000.0,1783.4367,5793.4732,3989.2713,252.56046,106.89119,106.89119,106.89119,5841.8579,5797.1135,5741.4484,502.74331,1.6966378
4077000.0,1818.7902,5804.9301,3953.3753,250.28788,106.89119,106.89119,106.89119,5896.713,5769.0281,5749.0493,504.15927,1.6966378
4078000.0,1808.6583,5807.3714,3950.4477,250.10254,106.89119,106.89119,106.89119,5913.0842,5792.8272,5716.2026,499.64009,1.6966378
4079000.0,1841.9992,5824.779,3983.1858,252.17519,106.89119,106.89119,106.89119,5935.6871,5783.8008,5754.8491,502.77987,1.6966378
4080000.0,1848.3755,5844.429,3917.2852,248.00302,106.89119,106.89119,106.89119,5913.3761,5822.0153,5797.8958,492.0503,1.6966378
4081000.0,1795.9089,5804.1766,3889.6671,246.25452,106.89119,106.89119,106.89119,5890.4825,5755.7079,5766.3394,493.30468,1.6966378
4082000.0,1790.2745,5778.1556,3925.1933,248.50368,106.89119,106.89119,106.89119,5848.3025,5767.4878,5718.6766,497.36274,1.6966378
4083000.0,1716.3018,5771.8841,4017.9122,254.37371,106.89119,106.89119,106.89119,5804.7442,5776.9633,5733.9449,493.70634,1.6966378
4084000.0,1765.0017,5802.9006,3958.6488,250.62175,106.89119,106.89119,106.89119,5871.6106,5800.9201,5736.171,502.7888,1.6966378
4085000.0,1760.6172,5803.7043,4015.5169,254.22206,106.89119,106.89119,106.89119,5864.2842,5801.5005,5745.3281,500.17558,1.6966378
4086000.0,1854.4918,5812.3756,4008.6712,253.78866,106.89119,106.89119,106.89119,5872.9132,5787.0013,5777.2123,502.60545,1.6966378
4087000.0,1837.428,5822.5431,3957.1153,250.52466,106.89119,106.89119,106.89119,5914.9638,5786.159,5766.5065,499.7885,1.6966378
4088000.0,1806.0493,5831.622,3949.2852,250.02894,106.89119,106.89119,106.89119,5862.0871,5842.627,5790.1519,500.71134,1.6966378
4089000.0,1812.7662,5835.1974,3952.6574,250.24243,106.89119,106.89119,106.89119,5852.5679,5815.0044,5838.0197,499.5262,1.6966378
4090000.0,1781.3747,5817.1908,3955.6769,250.4336,106.89119,106.89119,106.89119,5847.7569,5842.5023,5761.3134,499.87349,1.6966378
4091000.0,1840.0187,5813.2404,4007.5777,253.71943,106.89119,106.89119,106.89119,5898.8295,5754.6736,5786.218,498.06224,1.6966378
4092000.0,1882.5214,5805.5037,3924.1973,248.44062,106.89119,106.89119,106.89119,5888.0365,5749.7486,5778.7259,502.49661,1.6966378
4093000.0,1784.422,5808.0137,3876.2833,245.4072,106.89119,106.89119,106.89119,5859.1107,5785.3309,5779.5996,504.32585,1.6966378
4094000.0,1791.7576,5811.1907,4000.8999,253.29666,106.89119,106.89119,106.89119,5924.7173,5748.1126,5760.7423,491.73389,1.6966378
4095000.0,1796.9724,5829.4558,3932.2776,248.95219,106.89119,106.89119,106.89119,5948.6147,5782.7243,5757.0285,493.51681,1.6966378
4096000.0,1829.469,5817.1761,4027.1886,254.961,106.89119,106.89119,106.89119,5872.3238,5819.4178,5759.7867,497.25961,1.6966378
4097000.0,1798.227,5785.7659,3800.4633,240.60704,106.89119,106.89119,106.89119,5828.8714,5803.7416,5724.6846,503.72096,1.6966378
4098000.0,1813.8402,5787.6606,3940.3533,249.46346,106.89119,106.89119,106.89119,5817.3392,5743.4464,5802.1963,508.55856,1.6966378
4099000.0,1844.9314,5831.97,3964.1941,250.97282,106.89119,106.89119,106.89119,5898.2187,5792.1011,5805.5901,496.40502,1.6966378
4100000.0,1803.6098,5795.8007,3974.7707,251.64242,106.89119,106.89119,106.89119,5876.934,5775.8291,5734.639,495.1699,1.6966378
4101000.0,1788.429,5792.9092,3985.4592,252.31911,106.89119,106.89119,106.89119,5865.1344,5811.4266,5702.1666,499.53547,1.6966378
4102000.0,1744.7947,5821.8632,3935.7952,249.17489,106.89119,106.89119,106.89119,5896.6807,5757.8795,5811.0293,495.43719,1.6966378
4103000.0,1773.5412,5806.3015,3968.4196,251.24033,106.89119,106.89119,106.89119,5880.5094,5756.6684,5781.7265,496.36867,1.6966378
4104000.0,1821.0031,5833.3185,3957.2591,250.53376,106.89119,106.89119,106.89119,5926.7393,5783.5533,5789.663,494.13251,1.6966378
4105000.0,1799.6916,5813.2596,3942.3057,249.58706,106.89119,106.89119,106.89119,5889.5437,5766.8448,5783.3902,491.02531,1.6966378
4106000.0,1782.9527,5812.1322,3903.5075,247.13076,106.89119,106.89119,106.89119,5907.0116,5765.5735,5763.8114,504.9599,1.6966378
4107000.0,1780.3392,5810.7568,3981.1589,252.04686,106.89119,106.89119,106.89119,5820.0794,5784.3023,5827.8887,498.22157,1.6966378
4108000.0,1821.6332,5813.0574,3981.0038,252.03704,106.89119,106.89119,106.89119,5885.7539,5772.5741,5780.8441,507.44531,1.6966378
4109000.0,1868.5002,5825.9675,3912.8551,247.72255,106.89119,106.89119,106.89119,5843.1178,5738.0388,5896.7458,505.00816,1.6966378
4110000.0,1747.1355,5789.8255,3958.1216,250.58837,106.89119,106.89119,106.89119,5882.6611,5802.7532,5684.0622,504.70925,1.6966378
4111000.0,1834.8573,5805.7889,3982.1739,252.11112,106.89119,106.89119,106.89119,5882.1145,5753.5313,5781.721,504.8514,1.6966378
4112000.0,1705.7915,5790.628,3920.5264,248.20822,106.89119,106.89119,106.89119,5831.15,5772.3979,5768.336,501.79893,1.6966378
4113000.0,1801.0473,5811.5675,4017.1852,254.32768,106.89119,106.89119,106.89119,5851.4539,5815.9166,5767.3319,506.29395,1.6966378
4114000.0,1838.0044,5818.5319,4040.4358,255.79967,106.89119,106.89119,106.89119,5916.1528,5810.1562,5729.2866,503.62618,1.6966378
4115000.0,1783.5719,5813.5567,4081.1192,258.37534,106.89119,106.89119,106.89119,5830.1717,5822.1948,5788.3035,501.44702,1.6966378
4116000.0,1764.105,5800.3141,3896.5871,246.69263,106.89119,106.89119,106.89119,5870.2568,5761.2918,5769.3936,500.65612,1.6966378
4117000.0,1782.48,5813.6267,4016.7214,254.29832,106.89119,106.89119,106.89119,5870.0789,5774.4515,5796.3496,505.3289,1.6966378
4118000.0,1764.3608,5794.3001,3968.9305,251.27268,106.89119,106.89119,106.89119,5924.5796,5755.3474,5702.9733,502.96182,1.6966378
4119000.0,1805.0513,5802.9967,3868.4865,244.91358,106.89119,106.89119,106.89119,5925.7153,5700.0642,5783.2105,504.37372,1.6966378
4120000.0,1648.3599,5783.9745,3995.4721,252.95303,106.89119,106.89119,106.89119,5882.4398,5728.5056,5740.978,505.33471,1.6966378
4121000.0,1825.0333,5802.0769,3936.9772,249.24972,106.89119,106.89119,106.89119,5840.8332,5810.6193,5754.7784,506.01863,1.6966378
4122000.0,1807.4982,5819.3645,4025.8207,254.8744,106.89119,106.89119,106.89119,5850.9023,5796.3972,5810.7941,503.15067,1.6966378
4123000.0,1786.8302,5809.1862,3914.5225,247.82811,106.89119,106.89119,106.89119,5859.6197,5762.0275,5805.9114,492.29818,1.6966378
4124000.0,1851.0648,5835.3075,3977.6322,251.82359,106.89119,106.89119,106.89119,5902.5229,5834.7212,5768.6783,502.88931,1.6966378
4125000.0,1775.1836,5794.3572,3840.218,243.1239,106.89119,106.89119,106.89119,5860.984,5754.5266,5767.561,502.78554,1.6966378
4126000.0,1799.9172,5812.6759,3976.8714,251.77542,106.89119,106.89119,106.89119,5857.8726,5786.8672,5793.288,504.18815,1.6966378
4127000.0,1899.1542,5828.4016,3928.4504,248.70989,106.89119,106.89119,106.89119,5832.9255,5806.2142,5846.0649,501.23114,1.6966378
4128000.0,1885.2285,5832.983,3937.1847,249.26286,106.89119,106.89119,106.89119,5909.1613,5773.1797,5816.6081,503.0985,1.6966378
4129000.0,1768.5005,5827.8708,3932.651,248.97583,106.89119,106.89119,106.89119,5863.8054,5764.3669,5855.4401,502.89754,1.6966378
4130000.0,1789.6102,5782.6265,4003.8116,253.481,106.89119,106.89119,106.89119,5847.3004,5757.3325,5743.2467,500.88971,1.6966378
4131000.0,1779.4306,5799.9736,3999.0627,253.18035,106.89119,106.89119,106.89119,5847.7183,5782.0698,5770.1325,497.6639,1.6966378
4132000.0,1845.8793,5808.4024,3922.3803,248.32559,106.89119,106.89119,106.89119,5843.8835,5779.4441,5801.8795,503.56047,1.6966378
4133000.0,1803.6057,5809.2898,3919.4717,248.14145,106.89119,106.89119,106.89119,5916.6797,5761.2719,5749.9177,504.04547,1.6966378
4134000.0,1829.0031,5815.105,3950.1403,250.08307,106.89119,106.89119,106.89119,5866.6539,5756.8471,5821.8139,501.41305,1.6966378
4135000.0,1829.7621,5798.3206,3875.6028,245.36411,106.89119,106.89119,106.89119,5791.2788,5823.2468,5780.4364,500.55744,1.6966378
4136000.0,1762.7092,5808.5927,3941.2274,249.5188,106.89119,106.89119,106.89119,5880.5663,5818.3168,5726.8949,501.98251,1.6966378
4137000.0,1811.2323,5815.2196,3941.9358,249.56365,106.89119,106.89119,106.89119,5891.2705,5778.4604,5775.9279,497.05461,1.6966378
4138000.0,1858.0716,5832.616,4001.6161,253.342,106.89119,106.89119,106.89119,5812.6349,5837.9458,5847.2673,495.12584,1.6966378
4139000.0,1787.8783,5829.1195,4017.6794,254.35897,106.89119,106.89119,106.89119,5898.4394,5770.0417,5818.8772,504.97969,1.6966378
4140000.0,1784.663,5816.3253,3967.055,251.15394,106.89119,106.89119,106.89119,5850.3625,5810.5002,5788.1132,504.40864,1.6966378
4141000.0,1810.425,5801.0515,3933.19,249.00995,106.89119,106.89119,106.89119,5837.0519,5846.4016,5719.7011,499.9559,1.6966378
4142000.0,1769.6602,5777.8536,3873.1579,245.20933,106.89119,106.89119,106.89119,5857.1652,5796.2346,5680.1611,490.81651,1.6966378
4143000.0,1754.4467,5798.0169,4024.1152,254.76642,106.89119,106.89119,106.89119,5840.2959,5760.4377,5793.3171,486.17357,1.6966378
4144000.0,1804.5432,5809.9071,4007.4402,253.71073,106.89119,106.89119,106.89119,5857.2803,5795.2376,5777.2034,488.89713,1.6966378
4145000.0,1827.7953,5822.5497,3968.9328,251.27283,106.89119,106.89119,106.89119,5909.9991,5768.2225,5789.4274,488.44445,1.6966378
4146000.0,1812.5,5803.8124,3947.9691,249.94561,106.89119,106.89119,106.89119,5839.4985,5795.8089,5776.1297,489.44406,1.6966378
4147000.0,1767.4954,5796.2501,3890.9004,246.3326,106.89119,106.89119,106.89119,5872.674,5757.6829,5758.3932,487.4644,1.6966378
4148000.0,1739.331,5847.7296,3961.2608,250.78711,106.89119,106.89119,106.89119,5921.3969,5839.2082,5782.5839,493.41516,1.6966378
4149000.0,1896.6747,5839.9625,3919.7908,248.16165,106.89119,106.89119,106.89119,5869.7598,5877.6836,5772.4441,485.6709,1.6966378
4150000.0,1864.6753,5835.5653,3954.3384,250.34886,106.89119,106.89119,106.89119,5953.597,5746.1595,5806.9394,486.22516,1.6966378
4151000.0,1819.5818,5814.6345,4013.944,254.12248,106.89119,106.89119,106.89119,5901.3706,5722.4017,5820.1312,492.67229,1.6966378
4152000.0,1817.918,5804.2395,3975.5573,251.69222,106.89119,106.89119,106.89119,5870.6526,5770.9721,5771.094,478.52392,1.6966378
4153000.0,1846.852,5813.8821,3927.0968,248.62419,106.89119,106.89119,106.89119,5859.1644,5736.1149,5846.3671,475.29548,1.6966378
4154000.0,1740.5141,5769.6941,3964.7943,251.01082,106.89119,106.89119,106.89119,5851.2491,5664.9013,5792.9319,481.79649,1.6966378
4155000.0,1845.3779,5813.8826,4014.5989,254.16394,106.89119,106.89119,106.89119,5878.7702,5735.3412,5827.5364,496.48137,1.6966378
4156000.0,1725.3523,5799.8966,3898.893,246.83861,106.89119,106.89119,106.89119,5927.3266,5739.4132,5732.9499,499.46956,1.6966378
4157000.0,1888.5481,5835.1515,3949.4321,250.03824,106.89119,106.89119,106.89119,5864.4254,5761.8414,5879.1877,501.01322,1.6966378
4158000.0,1857.3701,5840.2856,3997.5181,253.08256,106.89119,106.89119,106.89119,5912.5933,5745.6199,5862.6435,500.77707,1.6966378
4159000.0,1743.721,5775.4425,3944.0437,249.6971,106.89119,106.89119,106.89119,5845.7601,5719.7326,5760.8349,499.64,1.6966378
4160000.0,1826.0081,5801.8629,3930.7715,248.85684,106.89119,106.89119,106.89119,5872.8401,5800.2553,5732.4932,494.91018,1.6966378
4161000.0,1837.966,5809.6548,3868.452,244.91139,106.89119,106.89119,106.89119,5923.7857,5772.0027,5733.176,501.19389,1.6966378
4162000.0,1836.981,5793.6871,3922.1731,248.31248,106.89119,106.89119,106.89119,5868.8402,5713.2438,5798.9771,498.1217,1.6966378
4163000.0,1841.058,5827.0311,3913.063,247.73571,106.89119,106.89119,106.89119,5927.1979,5760.9589,5792.9365,496.82488,1.6966378
4164000.0,1762.0438,5769.1806,3909.2655,247.49529,106.89119,106.89119,106.89119,5840.3091,5708.4332,5758.7994,503.51144,1.6966378
4165000.0,1857.512,5819.7279,3974.7336,251.64007,106.89119,106.89119,106.89119,5863.8577,5807.9813,5787.3448,495.68281,1.6966378
4166000.0,1749.5881,5805.5806,4050.9545,256.46561,106.89119,106.89119,106.89119,5837.8073,5804.6515,5774.2831,490.31098,1.6966378
4167000.0,1774.2575,5788.7543,3864.5051,244.66152,106.89119,106.89119,106.89119,5861.2574,5757.2062,5747.7994,494.7836,1.6966378
4168000.0,1780.2167,5780.1405,3937.5636,249.28684,106.89119,106.89119,106.89119,5838.5376,5742.5894,5759.2946,503.30265,1.6966378
4169000.0,1839.0771,5823.9032,3927.3178,248.63819,106.89119,106.89119,106.89119,5873.1693,5793.795,5804.7453,496.55345,1.6966378
4170000.0,1822.6529,5832.1052,3926.9074,248.6122,106.89119,106.89119,106.89119,5917.3253,5774.2823,5804.7081,498.51591,1.6966378
4171000.0,1815.3273,5809.1657,3902.2692,247.05236,106.89119,106.89119,106.89119,5846.4508,5775.346,5805.7003,497.34896,1.6966378
4172000.0,1772.5253,5804.6034,3998.315,253.13301,106.89119,106.89119,106.89119,5883.8369,5775.2266,5754.7468,505.43489,1.6966378
4173000.0,1820.9078,5804.619,3987.8579,252.47097,106.89119,106.89119,106.89119,5881.0436,5726.4813,5806.3321,493.36625,1.6966378
4174000.0,1830.9521,5820.9235,3943.5115,249.66341,106.89119,106.89119,106.89119,5834.9054,5825.6074,5802.2576,498.91732,1.6966378
4175000.0,1714.0842,5808.145,3891.3555,246.36141,106.89119,106.89119,106.89119,5859.5774,5786.7357,5778.1219,503.1355,1.6966378
4176000.0,1720.0356,5794.0598,4000.7851,253.28939,106.89119,106.89119,106.89119,5799.324,5770.6877,5812.1677,501.13426,1.6966378
4177000.0,1745.4432,5797.7338,3984.0471,252.22971,106.89119,106.89119,106.89119,5811.5698,5793.6877,5787.944,504.85245,1.6966378
4178000.0,1761.8555,5826.2282,3940.5308,249.4747,106.89119,106.89119,106.89119,5886.7176,5773.3216,5818.6454,499.77393,1.6966378
4179000.0,1747.8085,5758.009,3891.2586,246.35528,106.89119,106.89119,106.89119,5806.6024,5692.3868,5775.0378,507.9448,1.6966378
4180000.0,1731.2496,5782.7726,3967.1996,251.1631,106.89119,106.89119,106.89119,5794.5398,5765.2159,5788.5621,493.60115,1.6966378
4181000.0,1827.6864,5820.4344,3931.5456,248.90585,106.89119,106.89119,106.89119,5809.4332,5795.6556,5856.2142,499.07024,1.6966378
4182000.0,1749.6301,5809.8113,3989.2666,252.56016,106.89119,106.89119,106.89119,5825.233,5772.6871,5831.5139,495.12731,1.6966378
4183000.0,1796.014,5812.2949,3947.4989,249.91585,106.89119,106.89119,106.89119,5863.0783,5747.7716,5826.0346,500.431,1.6966378
4184000.0,1798.59,5809.4753,3934.1758,249.07236,106.89119,106.89119,106.89119,5888.2899,5766.572,5773.5639,498.88647,1.6966378
4185000.0,1840.9092,5818.8825,4023.1918,254.70796,106.89119,106.89119,106.89119,5899.9298,5789.03,5767.6876,496.55953,1.6966378
4186000.0,1916.6251,5815.9501,4007.108,253.68969,106.89119,106.89119,106.89119,5889.9599,5706.2798,5851.6107,501.69084,1.6966378
4187000.0,1827.8163,5815.9524,3936.7023,249.23232,106.89119,106.89119,106.89119,5830.386,5785.5557,5831.9156,498.73697,1.6966378
4188000.0,1792.8371,5783.3717,4008.0931,253.75206,106.89119,106.89119,106.89119,5864.6446,5708.6247,5776.8458,500.30982,1.6966378
4189000.0,1777.9968,5821.3184,3967.2869,251.16862,106.89119,106.89119,106.89119,5832.6601,5825.9926,5805.3024,493.2394,1.6966378
4190000.0,1762.4398,5812.5522,3980.2562,251.98971,106.89119,106.89119,106.89119,5868.0389,5837.08,5732.5377,497.62577,1.6966378
4191000.0,1796.4225,5799.4693,3923.9423,248.42448,106.89119,106.89119,106.89119,5845.3272,5799.9211,5753.1598,489.75179,1.6966378
4192000.0,1769.9139,5792.3289,3947.9869,249.94674,106.89119,106.89119,106.89119,5834.254,5707.5509,5835.1818,490.22627,1.6966378
4193000.0,1836.5502,5818.4132,3977.7465,251.83082,106.89119,106.89119,106.89119,5896.6792,5763.5981,5794.9623,491.43577,1.6966378
4194000.0,1727.4761,5788.6946,3945.0189,249.75884,106.89119,106.89119,106.89119,5849.7083,5801.8766,5714.499,500.49804,1.6966378
4195000.0,1745.6688,5786.5956,3992.6892,252.77684,106.89119,106.89119,106.89119,5831.0418,5766.1864,5762.5585,506.04617,1.6966378
4196000.0,1816.548,5782.0797,3913.8011,247.78244,106.89119,106.89119,106.89119,5832.1522,5769.4084,5744.6784,507.48217,1.6966378
4197000.0,1806.6096,5809.7541,3934.4231,249.08802,106.89119,106.89119,106.89119,5839.3971,5794.2108,5795.6543,499.63298,1.6966378
4198000.0,1797.2839,5804.2562,3920.5635,248.21057,106.89119,106.89119,106.89119,5930.5846,5761.9808,5720.2033,499.94114,1.6966378
4199000.0,1807.9197,5816.2841,3910.0465,247.54474,106.89119,106.89119,106.89119,5878.3419,5795.9593,5774.5511,490.45582,1.6966378
4200000.0,1776.118,5812.8469,3978.5868,251.88402,106.89119,106.89119,106.89119,5847.8099,5836.8616,5753.869,497.87066,1.6966378
4201000.0,1779.5559,5812.2853,3851.9564,243.86706,106.89119,106.89119,106.89119,5822.8944,5831.9009,5782.0605,488.86199,1.6966378
4202000.0,1780.8842,5811.3802,3972.8247,251.51922,106.89119,106.89119,106.89119,5794.7649,5813.4609,5825.9148,486.75784,1.6966378
4203000.0,1871.5718,5844.4634,3973.4838,251.56095,106.89119,106.89119,106.89119,5888.9125,5814.551,5829.9267,485.11478,1.6966378
4204000.0,1836.4011,5802.113,3984.3303,252.24764,106.89119,106.89119,106.89119,5867.1906,5780.6614,5758.487,489.00222,1.6966378
4205000.0,1825.9296,5821.7403,3965.5926,251.06136,106.89119,106.89119,106.89119,5872.2496,5824.7575,5768.2137,495.28159,1.6966378
4206000.0,1825.7328,5822.3936,4014.0878,254.13159,106.89119,106.89119,106.89119,5928.2243,5747.2362,5791.7204,496.81067,1.6966378
4207000.0,1872.7399,5804.3968,3928.2049,248.69435,106.89119,106.89119,106.89119,5918.6828,5706.0772,5788.4304,491.44238,1.6966378
4208000.0,1692.4683,5760.0061,4005.8233,253.60836,106.89119,106.89119,106.89119,5810.7868,5743.3019,5725.9296,500.39878,1.6966378
4209000.0,1771.9966,5781.9871,3986.2456,252.3689,106.89119,106.89119,106.89119,5827.7173,5708.543,5809.7011,496.99774,1.6966378
4210000.0,1730.3293,5803.2826,3913.0579,247.73539,106.89119,106.89119,106.89119,5889.0874,5778.8175,5741.9428,499.40632,1.6966378
4211000.0,1801.4984,5813.1973,3951.1499,250.147,106.89119,106.89119,106.89119,5838.5667,5819.9129,5781.1122,495.24836,1.6966378
4212000.0,1808.6324,5802.9412,3982.5184,252.13293,106.89119,106.89119,106.89119,5871.9861,5739.2765,5797.561,501.79323,1.6966378
4213000.0,1813.1283,5797.1949,4007.3901,253.70755,106.89119,106.89119,106.89119,5891.4091,5747.1975,5752.9782,498.38482,1.6966378
4214000.0,1777.243,5796.2981,3961.9371,250.82993,106.89119,106.89119,106.89119,5794.8675,5813.2767,5780.75,495.58939,1.6966378
4215000.0,1805.9378,5836.6604,3966.2423,251.10249,106.89119,106.89119,106.89119,5838.5464,5838.0117,5833.4232,483.92881,1.6966378
4216000.0,1762.6177,5816.9994,3953.7493,250.31156,106.89119,106.89119,106.89119,5838.0928,5832.953,5779.9524,494.31756,1.6966378
4217000.0,1777.8781,5822.1685,3965.6884,251.06742,106.89119,106.89119,106.89119,5828.7688,5793.9912,5843.7456,487.1316,1.6966378
4218000.0,1753.1829,5787.6889,3897.9657,246.7799,106.89119,106.89119,106.89119,5829.5432,5770.4549,5763.0685,489.83003,1.6966378
4219000.0,1763.026,5784.171,3946.0522,249.82426,106.89119,106.89119,106.89119,5842.9764,5767.6216,5741.915,491.89003,1.6966378
4220000.0,1833.5049,5791.3712,3992.748,252.78057,106.89119,106.89119,106.89119,5846.5002,5813.816,5713.7974,490.89959,1.6966378
4221000.0,1828.174,5800.1039,3908.0726,247.41977,106.89119,106.89119,106.89119,5791.5776,5749.5168,5859.2172,504.09048,1.6966378
4222000.0,1886.8331,5842.1304,3972.579,251.50366,106.89119,106.89119,106.89119,5911.7805,5810.9754,5803.6352,506.46874,1.6966378
4223000.0,1819.856,5812.455,4016.2863,254.27077,106.89119,106.89119,106.89119,5863.1486,5759.3232,5814.8932,505.58832,1.6966378
4224000.0,1899.1102,5824.0665,3949.7029,250.05538,106.89119,106.89119,106.89119,5884.3221,5801.4896,5786.3878,500.17191,1.6966378
4225000.0,1867.7661,5804.053,4030.0713,255.1435,106.89119,106.89119,106.89119,5893.3013,5781.8485,5737.0092,497.90369,1.6966378
4226000.0,1853.6219,5798.4851,3922.7269,248.34753,106.89119,106.89119,106.89119,5833.3336,5784.3855,5777.7363,497.2961,1.6966378
4227000.0,1793.4523,5801.878,3962.3682,250.85722,106.89119,106.89119,106.89119,5870.1957,5788.8592,5746.579,499.35705,1.6966378
4228000.0,1787.9538,5814.9631,3954.3188,250.34762,106.89119,106.89119,106.89119,5891.6698,5783.965,5769.2544,496.80176,1.6966378
4229000.0,1750.897,5787.6814,3947.6481,249.92529,106.89119,106.89119,106.89119,5836.1883,5756.7443,5770.1117,497.37223,1.6966378
4230000.0,1796.8413,5810.5048,3871.0241,245.07423,106.89119,106.89119,106.89119,5892.47,5758.7803,5780.2641,497.22633,1.6966378
4231000.0,1863.7083,5857.683,3921.7158,248.28352,106.89119,106.89119,106.89119,5925.837,5842.4737,5804.7382,501.61068,1.6966378
4232000.0,1809.8537,5781.1116,3925.1131,248.4986,106.89119,106.89119,106.89119,5848.9865,5711.5962,5782.7522,494.29629,1.6966378
4233000.0,1734.6201,5774.5246,3910.1752,247.55289,106.89119,106.89119,106.89119,5810.4276,5790.3015,5722.8447,493.68949,1.6966378
4234000.0,1800.8996,5814.8285,3879.7783,245.62846,106.89119,106.89119,106.89119,5912.0559,5769.8409,5762.5889,495.28149,1.6966378
4235000.0,1811.0527,5809.9445,4019.0852,254.44797,106.89119,106.89119,106.89119,5827.6416,5772.0492,5830.1427,493.61756,1.6966378
4236000.0,1813.3615,5829.9438,3957.9747,250.57907,106.89119,106.89119,106.89119,5849.0569,5847.252,5793.5225,492.81316,1.6966378
4237000.0,1832.2,5846.8915,4020.6631,254.54787,106.89119,106.89119,106.89119,5934.2116,5809.5795,5796.8834,494.63905,1.6966378
4238000.0,1818.3034,5829.4851,3932.933,248.99368,106.89119,106.89119,106.89119,5884.0587,5802.8469,5801.5496,491.27503,1.6966378
4239000.0,1821.3154,5802.5797,3981.4927,252.06799,106.89119,106.89119,106.89119,5830.6122,5770.0574,5807.0695,486.89757,1.6966378
4240000.0,1825.3858,5829.6589,3942.3442,249.58951,106.89119,106.89119,106.89119,5915.5472,5783.7087,5789.7207,499.50296,1.6966378
4241000.0,1822.1952,5830.1707,3920.4169,248.20129,106.89119,106.89119,106.89119,5905.4314,5805.1359,5779.945,507.43883,1.6966378
4242000.0,1759.9798,5791.1958,3957.5327,250.55109,106.89119,106.89119,106.89119,5836.8796,5768.8996,5767.8082,502.42441,1.6966378
4243000.0,1709.9964,5799.3448,3944.0441,249.69712,106.89119,106.89119,106.89119,5856.5652,5782.9059,5758.5633,500.70842,1.6966378
4244000.0,1805.7099,5797.0173,3969.5788,251.31373,106.89119,106.89119,106.89119,5874.7037,5760.2594,5756.0887,503.37804,1.6966378
4245000.0,1844.6602,5822.6085,3947.0641,249.88832,106.89119,106.89119,106.89119,5917.0364,5771.279,5779.51,504.37995,1.6966378
4246000.0,1830.4556,5805.4066,3925.194,248.50373,106.89119,106.89119,106.89119,5851.8276,5779.4745,5784.9176,508.0223,1.6966378
4247000.0,1788.0305,5809.7389,4004.7798,253.5423,106.89119,106.89119,106.89119,5842.0141,5813.8139,5773.3887,508.947,1.6966378
4248000.0,1800.0536,5797.349,3955.9095,250.44832,106.89119,106.89119,106.89119,5805.0715,5779.5198,5807.4557,504.02525,1.6966378
4249000.0,1786.9324,5797.1233,3894.3339,246.54997,106.89119,106.89119,106.89119,5874.1876,5734.7007,5782.4817,501.14121,1.6966378
4250000.0,1809.1441,5823.1461,3979.2208,251.92416,106.89119,106.89119,106.89119,5852.7161,5787.8847,5828.8375,499.99906,1.6966378
4251000.0,1832.4452,5805.1112,4055.5065,256.7538,106.89119,106.89119,106.89119,5872.2498,5752.5725,5790.5115,501.43807,1.6966378
4252000.0,1819.2225,5803.0139,3970.2402,251.3556,106.89119,106.89119,106.89119,5871.1164,5726.4813,5811.4439,501.21302,1.6966378
4253000.0,1745.1115,5797.9993,4016.4013,254.27805,106.89119,106.89119,106.89119,5856.3872,5702.9181,5834.6926,497.17388,1.6966378
4254000.0,1815.6259,5828.8537,3937.1763,249.26232,106.89119,106.89119,106.89119,5879.7696,5809.9475,5796.8439,492.45084,1.6966378
4255000.0,1742.7947,5786.4761,3989.8351,252.59615,106.89119,106.89119,106.89119,5830.4489,5717.3436,5811.6359,493.50546,1.6966378
4256000.0,1794.9242,5811.173,3907.7154,247.39716,106.89119,106.89119,106.89119,5904.6329,5774.9998,5753.8862,497.94102,1.6966378
4257000.0,1790.6656,5812.9559,3971.8785,251.45932,106.89119,106.89119,106.89119,5887.1115,5735.8864,5815.8697,495.52195,1.6966378
4258000.0,1758.5625,5811.1383,3940.3254,249.4617,106.89119,106.89119,106.89119,5885.2138,5773.3307,5774.8704,491.20141,1.6966378
4259000.0,1793.2005,5831.5594,3905.7965,247.27567,106.89119,106.89119,106.89119,5885.6411,5745.8583,5863.1789,500.61751,1.6966378
4260000.0,1825.2033,5806.3631,3942.9594,249.62845,106.89119,106.89119,106.89119,5914.4729,5712.7672,5791.8493,497.10725,1.6966378
4261000.0,1817.0316,5829.0868,3861.909,244.49716,106.89119,106.89119,106.89119,5877.4419,5779.2492,5830.5694,499.98002,1.6966378
4262000.0,1889.5164,5825.9545,4015.034,254.19149,106.89119,106.89119,106.89119,5860.1075,5784.5271,5833.2291,502.42373,1.6966378
4263000.0,1819.5625,5782.3371,3948.4901,249.9786,106.89119,106.89119,106.89119,5805.7808,5752.2655,5788.9651,497.17985,1.6966378
4264000.0,1827.5521,5839.7855,3975.0314,251.65893,106.89119,106.89119,106.89119,5870.9799,5827.5984,5820.7781,496.34683,1.6966378
4265000.0,1827.8991,5830.3879,3934.78,249.11061,106.89119,106.89119,106.89119,5877.8772,5790.7436,5822.5428,492.58315,1.6966378
4266000.0,1731.2791,5799.0344,3929.6254,248.78428,106.89119,106.89119,106.89119,5835.2323,5748.5923,5813.2787,494.0002,1.6966378
4267000.0,1813.9043,5829.2519,3961.2655,250.78741,106.89119,106.89119,106.89119,5858.4785,5771.9905,5857.2867,508.89088,1.6966378
4268000.0,1823.3026,5813.7887,3980.5015,252.00524,106.89119,106.89119,106.89119,5881.6162,5764.9349,5794.8148,508.17581,1.6966378
4269000.0,1827.5248,5805.5276,3901.609,247.01056,106.89119,106.89119,106.89119,5880.6332,5773.9989,5761.9505,501.7646,1.6966378
4270000.0,1737.7047,5773.6884,3907.2405,247.36709,106.89119,106.89119,106.89119,5779.5679,5776.9549,5764.5423,504.66926,1.6966378
4271000.0,1795.3978,5807.159,3874.4514,245.29121,106.89119,106.89119,106.89119,5833.9677,5814.1077,5773.4016,502.29922,1.6966378
4272000.0,1769.8658,5805.1416,3931.1997,248.88394,106.89119,106.89119,106.89119,5864.5055,5769.8107,5781.1086,506.76428,1.6966378
4273000.0,1840.494,5837.3076,3913.8645,247.78646,106.89119,106.89119,106.89119,5908.8907,5761.0449,5841.9871,502.57613,1.6966378
4274000.0,1747.6748,5780.7866,3877.1098,245.45952,106.89119,106.89119,106.89119,5864.6651,5671.7461,5805.9487,495.82611,1.6966378
4275000.0,1738.7866,5790.2297,4003.5286,253.46308,106.89119,106.89119,106.89119,5871.9336,5741.4893,5757.2662,503.75787,1.6966378
4276000.0,1796.1981,5795.8784,3911.9464,247.66502,106.89119,106.89119,106.89119,5881.3003,5761.9659,5744.3688,502.70729,1.6966378
4277000.0,1745.5594,5807.9118,4007.1939,253.69513,106.89119,106.89119,106.89119,5907.4425,5726.4739,5789.8191,502.44446,1.6966378
4278000.0,1769.7869,5813.0166,3945.1481,249.76702,106.89119,106.89119,106.89119,5931.3214,5732.3678,5775.3606,503.65659,1.6966378
4279000.0,1828.1947,5777.0751,3909.0065,247.4789,106.89119,106.89119,106.89119,5825.4173,5701.0247,5804.7833,503.29812,1.6966378
4280000.0,1760.2903,5803.1039,3927.8075,248.66919,106.89119,106.89119,106.89119,5831.0978,5790.2667,5787.947,500.72807,1.6966378
4281000.0,1812.3906,5822.8784,4004.8509,253.5468,106.89119,106.89119,106.89119,5896.4511,5779.7722,5792.4119,496.97068,1.6966378
4282000.0,1794.9101,5808.1274,3990.1379,252.61532,106.89119,106.89119,106.89119,5880.9976,5763.7228,5779.6619,497.61259,1.6966378
4283000.0,1790.6881,5819.4689,3966.545,251.12166,106.89119,106.89119,106.89119,5892.209,5799.774,5766.4235,494.50644,1.6966378
4284000.0,1803.9714,5808.2721,3897.0601,246.72257,106.89119,106.89119,106.89119,5866.7293,5766.7315,5791.3556,497.40842,1.6966378
4285000.0,1846.9095,5824.1505,3928.3102,248.70101,106.89119,106.89119,106.89119,5919.0981,5779.3259,5774.0274,497.5849,1.6966378
4286000.0,1856.7449,5827.1816,3980.9287,252.03229,106.89119,106.89119,106.89119,5866.1397,5813.5384,5801.8667,504.48035,1.6966378
4287000.0,1861.3854,5819.1352,4011.4791,253.96643,106.89119,106.89119,106.89119,5877.5239,5786.4845,5793.3973,502.4475,1.6966378
4288000.0,1807.8703,5786.3717,3883.0169,245.8335,106.89119,106.89119,106.89119,5837.256,5792.8126,5729.0466,504.7737,1.6966378
4289000.0,1802.5685,5794.0885,4005.1236,253.56407,106.89119,106.89119,106.89119,5820.7145,5757.3995,5804.1515,499.07614,1.6966378
4290000.0,1768.0978,5816.2788,4018.954,254.43967,106.89119,106.89119,106.89119,5849.9352,5731.0922,5867.8089,499.97092,1.6966378
4291000.0,1805.7293,5804.5345,3905.3445,247.24706,106.89119,106.89119,106.89119,5861.7549,5809.7482,5742.1005,492.68786,1.6966378
4292000.0,1832.796,5828.9966,3946.647,249.86191,106.89119,106.89119,106.89119,5900.8911,5802.9253,5783.1736,502.51888,1.6966378
4293000.0,1868.5262,5806.2282,3938.1457,249.3237,106.89119,106.89119,106.89119,5897.6671,5771.0079,5750.0095,491.55063,1.6966378
4294000.0,1716.8998,5799.8762,3978.3739,251.87054,106.89119,106.89119,106.89119,5845.3964,5780.0628,5774.1693,501.58794,1.6966378
4295000.0,1760.2703,5782.9109,3934.9836,249.1235,106.89119,106.89119,106.89119,5784.5888,5767.594,5796.5498,497.21401,1.6966378
4296000.0,1840.1115,5814.2112,3936.1408,249.19677,106.89119,106.89119,106.89119,5843.6776,5797.7554,5801.2006,499.00272,1.6966378
4297000.0,1852.072,5801.5648,3950.2672,250.09111,106.89119,106.89119,106.89119,5826.2334,5807.8945,5770.5666,500.30692,1.6966378
4298000.0,1821.0021,5827.5047,3939.6202,249.41704,106.89119,106.89119,106.89119,5898.0751,5764.4044,5820.0346,496.85384,1.6966378
4299000.0,1770.0208,5804.975,3994.9335,252.91893,106.89119,106.89119,106.89119,5877.9489,5759.4487,5777.5274,491.82252,1.6966378
4300000.0,1866.9645,5851.3473,4005.985,253.6186,106.89119,106.89119,106.89119,5867.406,5874.5797,5812.0563,499.16148,1.6966378
4301000.0,1748.8101,5796.6092,3901.1022,246.97847,106.89119,106.89119,106.89119,5864.3287,5764.3199,5761.179,494.90733,1.6966378
4302000.0,1791.2692,5776.8646,4011.4348,253.96363,106.89119,106.89119,106.89119,5848.0284,5737.2395,5745.3258,494.15184,1.6966378
4303000.0,1736.0582,5835.4231,4015.652,254.23062,106.89119,106.89119,106.89119,5895.6989,5797.7894,5812.7809,498.88736,1.6966378
4304000.0,1791.3141,5823.1164,4007.3434,253.7046,106.89119,106.89119,106.89119,5865.1223,5781.698,5822.5289,496.66744,1.6966378
4305000.0,1812.7623,5813.7393,3982.3446,252.12193,106.89119,106.89119,106.89119,5920.9104,5765.6159,5754.6915,485.12294,1.6966378
4306000.0,1796.8945,5787.0506,3961.905,250.8279,106.89119,106.89119,106.89119,5838.7484,5780.8901,5741.5133,494.9461,1.6966378
4307000.0,1783.121,5783.1591,3919.0246,248.11314,106.89119,106.89119,106.89119,5816.48,5775.838,5757.1594,490.34881,1.6966378
4308000.0,1766.2766,5772.171,3944.6694,249.73672,106.89119,106.89119,106.89119,5791.1862,5799.1358,5726.1909,496.07605,1.6966378
4309000.0,1836.7017,5815.387,3916.7464,247.96891,106.89119,106.89119,106.89119,5837.4763,5771.1418,5837.543,497.06871,1.6966378
4310000.0,1764.3697,5799.6157,3936.023,249.18931,106.89119,106.89119,106.89119,5794.8548,5798.5674,5805.4249,501.6957,1.6966378
4311000.0,1784.2458,5806.8397,3986.9404,252.41289,106.89119,106.89119,106.89119,5834.4344,5799.3537,5786.7311,495.74289,1.6966378
4312000.0,1784.9639,5799.3193,3923.7575,248.41278,106.89119,106.89119,106.89119,5879.6034,5745.0767,5773.2778,494.03614,1.6966378
4313000.0,1835.1261,5811.6023,3881.4004,245.73115,106.89119,106.89119,106.89119,5895.0066,5760.7821,5779.018,503.91837,1.6966378
4314000.0,1826.4738,5822.9423,3937.1575,249.26114,106.89119,106.89119,106.89119,5857.4126,5821.5585,5789.856,507.93681,1.6966378
4315000.0,1773.7972,5805.2782,3932.9099,248.99222,106.89119,106.89119,106.89119,5851.2678,5754.5166,5810.0502,505.98756,1.6966378
4316000.0,1757.7386,5780.0403,3886.7413,246.06929,106.89119,106.89119,106.89119,5866.3075,5763.7383,5710.0751,504.76052,1.6966378
4317000.0,1833.0644,5817.6301,3974.755,251.64143,106.89119,106.89119,106.89119,5873.6669,5822.7547,5756.4688,495.15509,1.6966378
4318000.0,1831.895,5810.3584,3960.6674,250.74955,106.89119,106.89119,106.89119,5832.6201,5774.9506,5823.5043,505.97366,1.6966378
4319000.0,1750.3378,5786.9762,3957.25,250.53319,106.89119,106.89119,106.89119,5778.741,5808.4089,5773.7788,497.64532,1.6966378
4320000.0,1793.5742,5787.0665,3980.8406,252.02671,106.89119,106.89119,106.89119,5877.1159,5710.5301,5773.5534,506.43983,1.6966378
4321000.0,1781.4116,5785.1123,3947.1809,249.89572,106.89119,106.89119,106.89119,5804.6531,5792.5172,5758.1665,501.07274,1.6966378
4322000.0,1791.4273,5794.3496,3913.8157,247.78337,106.89119,106.89119,106.89119,5847.6316,5724.494,5810.9231,500.97475,1.6966378
4323000.0,1851.3705,5829.8965,3969.3658,251.30024,106.89119,106.89119,106.89119,5884.7853,5760.7878,5844.1163,500.69804,1.6966378
4324000.0,1769.3615,5772.3382,3960.1612,250.7175,106.89119,106.89119,106.89119,5778.4103,5816.9427,5721.6615,502.90379,1.6966378
4325000.0,1794.7882,5805.7716,3945.4587,249.78668,106.89119,106.89119,106.89119,5858.1371,5764.684,5794.4936,500.95721,1.6966378
4326000.0,1776.1924,5775.1656,3868.3735,244.90642,106.89119,106.89119,106.89119,5863.5993,5750.3494,5711.548,500.30998,1.6966378
4327000.0,1809.699,5778.9784,3934.4656,249.09071,106.89119,106.89119,106.89119,5826.3797,5735.2195,5775.3361,503.10214,1.6966378
4328000.0,1773.0969,5795.0902,3934.6902,249.10493,106.89119,106.89119,106.89119,5887.7246,5678.5659,5818.9799,500.11182,1.6966378
4329000.0,1852.9704,5822.5952,4030.6391,255.17944,106.89119,106.89119,106.89119,5884.9384,5760.8322,5822.015,501.01282,1.6966378
4330000.0,1717.0855,5763.1752,3944.0258,249.69596,106.89119,106.89119,106.89119,5870.3312,5705.1799,5714.0144,483.52777,1.6966378
4331000.0,1782.5248,5788.1961,3911.9561,247.66564,106.89119,106.89119,106.89119,5850.6585,5764.3218,5749.6081,491.99396,1.6966378
4332000.0,1819.6842,5811.736,4018.4465,254.40753,106.89119,106.89119,106.89119,5827.7874,5789.7897,5817.6308,490.46208,1.6966378
4333000.0,1826.0139,5819.7193,3935.0935,249.13046,106.89119,106.89119,106.89119,5843.9416,5797.4039,5817.8125,494.34118,1.6966378
4334000.0,1807.3707,5809.4935,3999.176,253.18752,106.89119,106.89119,106.89119,5805.4838,5850.6482,5772.3484,489.27628,1.6966378
4335000.0,1792.2737,5777.9185,4006.8074,253.67067,106.89119,106.89119,106.89119,5802.7695,5790.3491,5740.637,490.15738,1.6966378
4336000.0,1782.3944,5787.5926,3973.3482,251.55237,106.89119,106.89119,106.89119,5786.3503,5794.3292,5782.0982,497.64623,1.6966378
4337000.0,1823.0599,5801.8282,3931.3913,248.89608,106.89119,106.89119,106.89119,5833.3626,5783.4639,5788.6582,495.86839,1.6966378
4338000.0,1804.3956,5806.217,3949.7681,250.05951,106.89119,106.89119,106.89119,5844.8717,5754.0533,5819.7261,491.42276,1.6966378
4339000.0,1804.9934,5794.6074,3998.2321,253.12776,106.89119,106.89119,106.89119,5852.1592,5826.9153,5704.7478,496.79662,1.6966378
4340000.0,1745.0446,5771.6584,3882.047,245.77209,106.89119,106.89119,106.89119,5818.2734,5745.9585,5750.7432,495.44971,1.6966378
4341000.0,1732.0859,5781.4106,3915.6589,247.90006,106.89119,106.89119,106.89119,5852.3347,5716.1921,5775.705,492.68755,1.6966378
4342000.0,1834.7579,5804.8975,3983.9058,252.22076,106.89119,106.89119,106.89119,5810.4338,5810.721,5793.5377,478.9501,1.6966378
4343000.0,1747.531,5766.8197,3991.9218,252.72826,106.89119,106.89119,106.89119,5816.617,5735.455,5748.387,504.81132,1.6966378
4344000.0,1821.4411,5797.2866,3976.0714,251.72477,106.89119,106.89119,106.89119,5890.6268,5729.6051,5771.6279,502.30421,1.6966378
4345000.0,1823.2859,5811.7142,3987.7612,252.46485,106.89119,106.89119,106.89119,5860.6945,5795.8292,5778.619,502.90439,1.6966378
4346000.0,1820.0924,5823.0402,3952.0348,250.20301,106.89119,106.89119,106.89119,5883.1156,5812.9198,5773.0854,498.06382,1.6966378
4347000.0,1758.5297,5783.6631,3913.2562,247.74795,106.89119,106.89119,106.89119,5864.0779,5753.2377,5733.6736,499.65751,1.6966378
4348000.0,1766.4599,5794.572,3899.7582,246.89338,106.89119,106.89119,106.89119,5863.313,5781.4623,5738.9407,502.95954,1.6966378
4349000.0,1838.5626,5828.2025,3977.9829,251.84579,106.89119,106.89119,106.89119,5840.8007,5775.6987,5868.108,504.71282,1.6966378
4350000.0,1738.9021,5793.7119,4012.1672,254.00999,106.89119,106.89119,106.89119,5848.5154,5744.4579,5788.1623,507.45466,1.6966378
4351000.0,1879.2282,5829.0697,3982.0257,252.10174,106.89119,106.89119,106.89119,5873.6763,5746.9683,5866.5644,501.73451,1.6966378
4352000.0,1747.4392,5807.352,3952.1152,250.20811,106.89119,106.89119,106.89119,5858.9937,5793.9861,5769.0761,497.4313,1.6966378
4353000.0,1754.5629,5766.5934,3910.1609,247.55198,106.89119,106.89119,106.89119,5786.5499,5723.7365,5789.4939,498.70212,1.6966378
4354000.0,1778.0502,5817.2382,4015.6938,254.23326,106.89119,106.89119,106.89119,5868.1994,5806.6065,5776.9088,494.47368,1.6966378
4355000.0,1756.6278,5804.7636,3912.257,247.68469,106.89119,106.89119,106.89119,5868.0215,5752.514,5793.7554,492.67564,1.6966378
4356000.0,1754.4456,5809.8448,3971.4959,251.4351,106.89119,106.89119,106.89119,5867.8473,5733.9267,5827.7604,489.05027,1.6966378
4357000.0,1809.7938,5808.5399,3965.1881,251.03575,106.89119,106.89119,106.89119,5893.3469,5744.3978,5787.8751,495.34369,1.6966378
4358000.0,1789.3378,5811.8105,3894.6338,246.56896,106.89119,106.89119,106.89119,5876.7223,5728.5537,5830.1556,494.88492,1.6966378
4359000.0,1811.5802,5807.9469,3994.9539,252.92022,106.89119,106.89119,106.89119,5853.0847,5822.4817,5748.2741,494.91462,1.6966378
4360000.0,1878.0072,5810.1273,3977.0002,251.78357,106.89119,106.89119,106.89119,5884.2142,5734.5299,5811.6377,498.08219,1.6966378
4361000.0,1802.2155,5785.6866,3981.2543,252.0529,106.89119,106.89119,106.89119,5809.3127,5739.76,5807.9871,503.70716,1.6966378
4362000.0,1755.3746,5777.1195,3912.1085,247.67529,106.89119,106.89119,106.89119,5786.5708,5803.5861,5741.2016,496.15416,1.6966378
4363000.0,1790.6799,5816.4476,3999.75,253.22386,106.89119,106.89119,106.89119,5893.1779,5766.2542,5789.9108,502.6096,1.6966378
4364000.0,1769.2014,5788.636,3933.0479,249.00096,106.89119,106.89119,106.89119,5799.5189,5745.9121,5820.4771,503.73945,1.6966378
4365000.0,1772.657,5808.6369,3979.3522,251.93247,106.89119,106.89119,106.89119,5835.9995,5793.6134,5796.2977,501.47826,1.6966378
4366000.0,1777.5404,5791.5735,3934.4595,249.09032,106.89119,106.89119,106.89119,5826.7584,5808.0085,5739.9536,490.14923,1.6966378
4367000.0,1784.118,5820.2461,3913.4158,247.75805,106.89119,106.89119,106.89119,5890.9846,5815.0554,5754.6981,497.54626,1.6966378
4368000.0,1758.6422,5772.092,3936.7779,249.2371,106.89119,106.89119,106.89119,5825.517,5727.7613,5762.9976,501.25047,1.6966378
4369000.0,1867.4569,5798.0048,3871.2723,245.08995,106.89119,106.89119,106.89119,5808.6008,5767.2272,5818.1863,490.34047,1.6966378
4370000.0,1738.6183,5789.9037,3965.3972,251.04899,106.89119,106.89119,106.89119,5833.6149,5760.073,5776.0232,496.70185,1.6966378
4371000.0,1780.505,5762.8969,3914.4297,247.82224,106.89119,106.89119,106.89119,5777.6582,5737.3771,5773.6554,487.46033,1.6966378
4372000.0,1854.5811,5797.2369,3952.9355,250.26004,106.89119,106.89119,106.89119,5811.1957,5832.8294,5747.6856,484.91007,1.6966378
4373000.0,1841.8975,5806.5123,3979.6507,251.95137,106.89119,106.89119,106.89119,5835.3892,5787.0656,5797.0823,502.51523,1.6966378
4374000.0,1811.1262,5827.4371,3946.2534,249.83699,106.89119,106.89119,106.89119,5898.3897,5733.3764,5850.545,496.26436,1.6966378
4375000.0,1786.1583,5795.8863,3950.0355,250.07644,106.89119,106.89119,106.89119,5836.5252,5730.7791,5820.3546,497.87255,1.6966378
4376000.0,1762.0111,5792.9293,3949.5882,250.04812,106.89119,106.89119,106.89119,5807.7907,5777.4016,5793.5957,500.00566,1.6966378
4377000.0,1757.4044,5803.8421,3924.0258,248.42977,106.89119,106.89119,106.89119,5789.5929,5761.055,5860.8784,505.58986,1.6966378
4378000.0,1779.33,5772.753,3991.8459,252.72345,106.89119,106.89119,106.89119,5801.8923,5763.6296,5752.7369,507.34072,1.6966378
4379000.0,1726.0425,5802.0404,4000.4649,253.26912,106.89119,106.89119,106.89119,5857.6754,5785.1457,5763.3001,504.31647,1.6966378
4380000.0,1842.9176,5797.9259,4000.7546,253.28746,106.89119,106.89119,106.89119,5841.1045,5839.8328,5712.8405,498.41618,1.6966378
4381000.0,1734.5546,5779.3917,3899.7173,246.8908,106.89119,106.89119,106.89119,5779.9603,5799.8521,5758.3627,492.75518,1.6966378
4382000.0,1788.8795,5823.8702,3980.9669,252.0347,106.89119,106.89119,106.89119,5867.4412,5864.3149,5739.8546,497.82177,1.6966378
4383000.0,1753.8451,5797.6695,3886.8002,246.07302,106.89119,106.89119,106.89119,5836.4338,5783.507,5773.0676,495.89984,1.6966378
4384000.0,1774.4973,5779.9778,3860.5099,244.40858,106.89119,106.89119,106.89119,5807.8352,5775.052,5757.0462,492.04297,1.6966378
4385000.0,1765.4441,5771.3323,3972.0001,251.46701,106.89119,106.89119,106.89119,5813.3752,5804.6355,5695.9863,495.73083,1.6966378
4386000.0,1789.9914,5779.3009,3968.6747,251.25648,106.89119,106.89119,106.89119,5813.757,5776.924,5747.2218,495.51577,1.6966378
4387000.0,1828.1251,5802.1479,3943.7781,249.68028,106.89119,106.89119,106.89119,5846.3686,5754.0285,5806.0468,500.16528,1.6966378
4388000.0,1814.6196,5804.1157,3921.8675,248.29313,106.89119,106.89119,106.89119,5868.4256,5745.9531,5797.9685,499.59525,1.6966378
4389000.0,1777.1057,5777.9407,3855.9464,244.11966,106.89119,106.89119,106.89119,5820.1148,5755.1359,5758.5713,492.34629,1.6966378
4390000.0,1765.5954,5802.0723,4015.6932,254.23323,106.89119,106.89119,106.89119,5783.304,5797.147,5825.7658,497.0331,1.6966378
4391000.0,1729.0886,5756.5512,3904.8865,247.21806,106.89119,106.89119,106.89119,5796.2613,5731.5351,5741.8571,487.18307,1.6966378
4392000.0,1802.9365,5802.7105,3972.5431,251.50139,106.89119,106.89119,106.89119,5811.1102,5781.5505,5815.4708,498.11054,1.6966378
4393000.0,1803.8258,5807.2358,3966.7827,251.13671,106.89119,106.89119,106.89119,5842.3588,5813.2114,5766.1372,499.79127,1.6966378
4394000.0,1803.0802,5804.6479,3907.8304,247.40444,106.89119,106.89119,106.89119,5866.9032,5769.7745,5777.2662,500.44223,1.6966378
4395000.0,1773.0026,5810.0652,3956.547,250.48868,106.89119,106.89119,106.89119,5881.9064,5743.0388,5805.2504,495.06299,1.6966378
4396000.0,1952.1051,5815.1243,3949.2257,250.02517,106.89119,106.89119,106.89119,5905.0353,5762.9396,5777.3979,501.65151,1.6966378
4397000.0,1767.9336,5762.9019,3986.7324,252.39972,106.89119,106.89119,106.89119,5869.1658,5718.4575,5701.0823,497.16152,1.6966378
4398000.0,1756.8925,5774.2417,3953.7295,250.31031,106.89119,106.89119,106.89119,5797.2253,5771.2843,5754.2155,495.96546,1.6966378
4399000.0,1762.2962,5822.1735,3946.1514,249.83053,106.89119,106.89119,106.89119,5895.2837,5774.8972,5796.3397,493.17369,1.6966378
4400000.0,1812.6649,5797.3441,3939.7195,249.42333,106.89119,106.89119,106.89119,5796.7573,5765.951,5829.3241,502.45323,1.6966378
4401000.0,1781.9402,5774.9236,3897.4284,246.74589,106.89119,106.89119,106.89119,5881.462,5707.9743,5735.3345,497.16815,1.6966378
4402000.0,1887.321,5813.1763,3875.7838,245.37557,106.89119,106.89119,106.89119,5895.838,5722.8651,5820.8259,492.43138,1.6966378
4403000.0,1757.3229,5820.3531,3993.6138,252.83538,106.89119,106.89119,106.89119,5871.8646,5818.2497,5770.9449,496.72067,1.6966378
4404000.0,1684.7992,5755.9601,4004.0237,253.49443,106.89119,106.89119,106.89119,5891.0436,5700.5852,5676.2514,497.24379,1.6966378
4405000.0,1759.1987,5792.8335,3938.2798,249.33219,106.89119,106.89119,106.89119,5854.6197,5777.1152,5746.7657,495.63825,1.6966378
4406000.0,1798.9324,5782.813,4004.9632,253.55391,106.89119,106.89119,106.89119,5880.1717,5741.4307,5726.8367,496.47654,1.6966378
4407000.0,1795.6331,5816.9682,3939.0817,249.38296,106.89119,106.89119,106.89119,5893.0991,5735.9527,5821.853,503.48745,1.6966378
4408000.0,1834.0112,5819.8833,3976.1824,251.7318,106.89119,106.89119,106.89119,5879.945,5809.926,5769.7789,494.87683,1.6966378
4409000.0,1805.8632,5805.189,3955.6756,250.43351,106.89119,106.89119,106.89119,5857.8291,5752.2501,5805.4877,498.56883,1.6966378
4410000.0,1799.0437,5779.228,3970.2627,251.35702,106.89119,106.89119,106.89119,5840.5639,5773.3284,5723.7917,494.64557,1.6966378
4411000.0,1811.9983,5826.6262,3885.6197,245.99828,106.89119,106.89119,106.89119,5924.3072,5800.9832,5754.5881,494.28157,1.6966378
4412000.0,1710.1529,5779.7809,4051.2252,256.48275,106.89119,106.89119,106.89119,5847.7257,5759.2814,5732.3356,497.4971,1.6966378
4413000.0,1858.3811,5811.0743,3855.1267,244.06777,106.89119,106.89119,106.89119,5884.9957,5768.1507,5780.0766,500.40144,1.6966378
4414000.0,1749.5718,5800.3211,3915.4935,247.88959,106.89119,106.89119,106.89119,5855.3583,5784.8759,5760.729,496.62482,1.6966378
4415000.0,1865.5715,5830.4287,3913.0716,247.73626,106.89119,106.89119,106.89119,5854.7621,5782.9377,5853.5862,486.41017,1.6966378
4416000.0,1822.5976,5804.6293,3897.082,246.72396,106.89119,106.89119,106.89119,5874.799,5744.1775,5794.9113,502.7414,1.6966378
4417000.0,1762.5214,5783.2315,3970.9535,251.40076,106.89119,106.89119,106.89119,5853.0156,5771.9021,5724.7767,495.14414,1.6966378
4418000.0,1840.8025,5836.59,3982.0334,252.10223,106.89119,106.89119,106.89119,5909.4633,5790.3436,5809.9631,488.88524,1.6966378
4419000.0,1852.9575,5824.7408,3976.2466,251.73586,106.89119,106.89119,106.89119,5872.9612,5796.5483,5804.713,500.1886,1.6966378
4420000.0,1750.8284,5784.7327,3861.9611,244.50045,106.89119,106.89119,106.89119,5834.7072,5806.8161,5712.6748,495.73353,1.6966378
4421000.0,1763.792,5789.3335,3894.9025,246.58597,106.89119,106.89119,106.89119,5883.7468,5744.6329,5739.6209,502.40465,1.6966378
4422000.0,1850.5116,5807.5952,3896.0266,246.65714,106.89119,106.89119,106.89119,5859.6549,5787.5047,5775.6261,499.68828,1.6966378
4423000.0,1836.4086,5829.5769,4027.4814,254.97954,106.89119,106.89119,106.89119,5893.2863,5801.7316,5793.7129,498.21857,1.6966378
4424000.0,1811.4499,5795.0493,3976.5362,251.75419,106.89119,106.89119,106.89119,5847.0163,5786.365,5751.7665,497.64963,1.6966378
4425000.0,1732.5138,5772.015,4015.9147,254.24725,106.89119,106.89119,106.89119,5824.4979,5720.74,5770.8071,491.63419,1.6966378
4426000.0,1819.2876,5790.7831,3992.2607,252.74971,106.89119,106.89119,106.89119,5825.3681,5759.8086,5787.1727,499.1435,1.6966378
4427000.0,1757.6513,5802.4488,4002.9957,253.42934,106.89119,106.89119,106.89119,5883.4574,5726.8255,5797.0636,489.90785,1.6966378
4428000.0,1814.1892,5780.3524,3990.3019,252.6257,106.89119,106.89119,106.89119,5854.8565,5763.7,5722.5008,488.20626,1.6966378
4429000.0,1790.8611,5780.1035,3915.337,247.87968,106.89119,106.89119,106.89119,5783.3036,5782.0514,5774.9554,490.89291,1.6966378
4430000.0,1807.9509,5802.9368,3961.974,250.83227,106.89119,106.89119,106.89119,5860.5383,5799.2486,5749.0235,489.73176,1.6966378
4431000.0,1762.6274,5787.3529,3923.5395,248.39898,106.89119,106.89119,106.89119,5834.62,5722.3318,5805.1069,483.02479,1.6966378
4432000.0,1765.4013,5801.7416,3940.6505,249.48228,106.89119,106.89119,106.89119,5851.7714,5782.3132,5771.1403,496.86312,1.6966378
4433000.0,1825.1715,5780.1464,3993.9668,252.85773,106.89119,106.89119,106.89119,5828.3424,5749.69,5762.407,489.57418,1.6966378
4434000.0,1783.2414,5796.5871,3939.5492,249.41255,106.89119,106.89119,106.89119,5848.3291,5727.6853,5813.7468,490.73959,1.6966378
4435000.0,1798.4291,5806.1796,3913.0156,247.73271,106.89119,106.89119,106.89119,5818.1264,5809.7497,5790.6626,471.41203,1.6966378
4436000.0,1852.1128,5801.9186,3916.4887,247.95259,106.89119,106.89119,106.89119,5915.0444,5761.891,5728.8204,491.55593,1.6966378
4437000.0,1774.178,5802.6451,4016.6224,254.29205,106.89119,106.89119,106.89119,5797.8963,5797.6157,5812.4233,491.69477,1.6966378
4438000.0,1805.7657,5829.9092,3973.0775,251.53523,106.89119,106.89119,106.89119,5931.1818,5757.001,5801.5448,498.76428,1.6966378
4439000.0,1828.6904,5800.869,3949.863,250.06552,106.89119,106.89119,106.89119,5858.7875,5781.4526,5762.3669,493.9631,1.6966378
4440000.0,1762.3493,5786.9439,3850.5819,243.78004,106.89119,106.89119,106.89119,5801.2275,5785.561,5774.0431,498.57775,1.6966378
4441000.0,1716.3434,5794.7404,3919.1215,248.11927,106.89119,106.89119,106.89119,5818.6319,5758.8318,5806.7574,498.81145,1.6966378
4442000.0,1806.8776,5823.8107,4008.7399,253.79301,106.89119,106.89119,106.89119,5856.1741,5790.1096,5825.1484,482.77182,1.6966378
4443000.0,1729.0828,5786.3883,4040.2349,255.78696,106.89119,106.89119,106.89119,5802.3883,5790.4324,5766.3443,483.38042,1.6966378
4444000.0,1766.9952,5795.6369,3920.9197,248.23312,106.89119,106.89119,106.89119,5828.7374,5822.2499,5735.9233,489.07694,1.6966378
4445000.0,1776.8013,5796.3824,3950.3221,250.09459,106.89119,106.89119,106.89119,5877.615,5747.4013,5764.1308,496.88932,1.6966378
4446000.0,1869.7368,5793.8741,4038.815,255.69707,106.89119,106.89119,106.89119,5820.605,5768.9042,5792.1132,497.33731,1.6966378
4447000.0,1789.1341,5812.1158,3947.4605,249.91342,106.89119,106.89119,106.89119,5881.4892,5782.6662,5772.192,496.85643,1.6966378
4448000.0,1745.8623,5800.8136,3991.6189,252.70908,106.89119,106.89119,106.89119,5847.5692,5783.5631,5771.3084,491.74852,1.6966378
4449000.0,1898.8526,5829.8304,3922.9522,248.3618,106.89119,106.89119,106.89119,5864.0887,5796.8303,5828.5723,493.8026,1.6966378
4450000.0,1817.344,5798.9928,3920.3124,248.19467,106.89119,106.89119,106.89119,5872.814,5730.0817,5794.0826,488.98826,1.6966378
4451000.0,1837.2136,5833.5256,3940.9935,249.50399,106.89119,106.89119,106.89119,5855.8373,5795.5275,5849.2119,485.19787,1.6966378
4452000.0,1837.2127,5810.277,3896.8014,246.70619,106.89119,106.89119,106.89119,5858.1169,5787.2284,5785.4858,482.50054,1.6966378
4453000.0,1804.5686,5801.6095,3987.6475,252.45765,106.89119,106.89119,106.89119,5841.17,5791.1461,5772.5125,490.28272,1.6966378
4454000.0,1759.2747,5802.9072,3957.8365,250.57032,106.89119,106.89119,106.89119,5854.702,5800.9047,5753.1148,495.73139,1.6966378
4455000.0,1735.1937,5806.35,3895.5036,246.62403,106.89119,106.89119,106.89119,5844.7245,5826.3345,5747.991,486.41983,1.6966378
4456000.0,1845.2346,5838.5941,3970.7686,251.38905,106.89119,106.89119,106.89119,5874.6801,5829.178,5811.9241,488.82157,1.6966378
4457000.0,1891.7683,5804.2666,3997.6411,253.09034,106.89119,106.89119,106.89119,5807.7914,5787.9831,5817.0255,497.94021,1.6966378
4458000.0,1769.7852,5809.9056,3951.8324,250.1902,106.89119,106.89119,106.89119,5820.6149,5806.0566,5803.0454,495.3686,1.6966378
4459000.0,1809.0319,5797.95,3956.902,250.51116,106.89119,106.89119,106.89119,5803.1485,5793.8887,5796.8129,491.76055,1.6966378
4460000.0,1854.8502,5839.1402,3932.5227,248.96771,106.89119,106.89119,106.89119,5879.5379,5792.4281,5845.4547,499.54071,1.6966378
4461000.0,1785.6751,5785.0459,3832.1711,242.61446,106.89119,106.89119,106.89119,5825.2208,5772.9619,5756.9549,498.64553,1.6966378
4462000.0,1814.2766,5818.316,3929.4978,248.7762,106.89119,106.89119,106.89119,5857.6496,5748.7373,5848.561,501.15455,1.6966378
4463000.0,1849.9842,5800.1665,3929.5488,248.77943,106.89119,106.89119,106.89119,5859.736,5765.4552,5775.3084,487.3226,1.6966378
4464000.0,1679.4526,5756.599,3886.75,246.06984,106.89119,106.89119,106.89119,5742.4391,5742.7714,5784.5866,505.71912,1.6966378
4465000.0,1789.7856,5783.9053,3986.0601,252.35715,106.89119,106.89119,106.89119,5793.3339,5757.976,5800.4061,496.00672,1.6966378
4466000.0,1793.9783,5802.5651,3928.6443,248.72216,106.89119,106.89119,106.89119,5817.1357,5803.7979,5786.7618,492.72927,1.6966378
4467000.0,1644.1197,5773.7301,3995.1043,252.92974,106.89119,106.89119,106.89119,5802.156,5758.9092,5760.125,496.33337,1.6966378
4468000.0,1847.1071,5822.8166,3940.0026,249.44126,106.89119,106.89119,106.89119,5893.097,5780.8489,5794.5038,489.68793,1.6966378
4469000.0,1864.3382,5834.7149,4002.8724,253.42154,106.89119,106.89119,106.89119,5870.4472,5835.4888,5798.2088,490.5395,1.6966378
4470000.0,1826.3462,5810.5589,3957.9124,250.57512,106.89119,106.89119,106.89119,5864.029,5810.4347,5757.213,476.50555,1.6966378
4471000.0,1752.5752,5806.2134,3965.2861,251.04196,106.89119,106.89119,106.89119,5769.822,5817.8896,5830.9287,496.01044,1.6966378
4472000.0,1803.2395,5815.8072,4044.5154,256.05795,106.89119,106.89119,106.89119,5883.5587,5828.019,5735.8439,480.34767,1.6966378
4473000.0,1795.7106,5790.9782,3863.8976,244.62306,106.89119,106.89119,106.89119,5852.257,5793.4005,5727.2771,461.47577,1.6966378
4474000.0,1725.2816,5776.5061,3942.7915,249.61782,106.89119,106.89119,106.89119,5828.6851,5762.881,5737.9521,490.70958,1.6966378
4475000.0,1825.5445,5800.136,3905.6383,247.26565,106.89119,106.89119,106.89119,5836.51,5816.5554,5747.3426,489.70353,1.6966378
4476000.0,1815.7208,5771.8264,3929.2207,248.75866,106.89119,106.89119,106.89119,5789.447,5822.7867,5703.2456,501.94628,1.6966378
4477000.0,1757.1397,5819.3512,3899.6643,246.88744,106.89119,106.89119,106.89119,5895.0247,5802.2925,5760.7364,501.39516,1.6966378
4478000.0,1698.2421,5781.5072,4007.2076,253.696,106.89119,106.89119,106.89119,5815.323,5780.4742,5748.7243,493.4471,1.6966378
4479000.0,1787.1386,5812.9916,3914.4703,247.82481,106.89119,106.89119,106.89119,5885.0283,5799.4556,5754.4909,498.2162,1.6966378
4480000.0,1824.6881,5800.7066,3954.4671,250.35701,106.89119,106.89119,106.89119,5880.2475,5766.7191,5755.1533,497.1406,1.6966378
4481000.0,1853.8753,5817.4595,3862.7724,244.55182,106.89119,106.89119,106.89119,5823.4515,5821.1052,5807.8218,495.6684,1.6966378
4482000.0,1794.3538,5795.0959,3993.2722,252.81375,106.89119,106.89119,106.89119,5870.9196,5786.4963,5727.8719,492.39874,1.6966378
4483000.0,1856.079,5803.2988,3896.7086,246.70032,106.89119,106.89119,106.89119,5817.1024,5813.7945,5778.9996,495.68136,1.6966378
4484000.0,1769.7391,5809.6963,3947.1219,249.89198,106.89119,106.89119,106.89119,5848.3881,5799.9616,5780.7391,486.85893,1.6966378
4485000.0,1816.4663,5800.6592,4005.1855,253.56798,106.89119,106.89119,106.89119,5822.1916,5827.3111,5752.4749,489.94414,1.6966378
4486000.0,1730.6791,5767.3246,3854.3891,244.02107,106.89119,106.89119,106.89119,5850.0628,5732.1677,5719.7433,494.0177,1.6966378
4487000.0,1794.3887,5808.4307,4005.2484,253.57197,106.89119,106.89119,106.89119,5892.5653,5786.0865,5746.6404,492.65863,1.6966378
4488000.0,1840.2999,5818.1522,3986.5731,252.38963,106.89119,106.89119,106.89119,5805.6657,5870.6325,5778.1584,487.05037,1.6966378
4489000.0,1860.8586,5846.8818,3936.2628,249.20449,106.89119,106.89119,106.89119,5878.6534,5829.7885,5832.2033,485.39218,1.6966378
4490000.0,1766.3768,5791.9405,3894.8951,246.5855,106.89119,106.89119,106.89119,5824.4531,5749.3028,5802.0656,500.4108,1.6966378
4491000.0,1781.2044,5813.1518,3985.9211,252.34835,106.89119,106.89119,106.89119,5827.4302,5813.7675,5798.2577,501.40969,1.6966378
4492000.0,1829.7198,5801.3581,3945.8185,249.80946,106.89119,106.89119,106.89119,5843.6599,5785.4938,5774.9205,498.26133,1.6966378
4493000.0,1772.708,5782.0598,3861.0041,244.43987,106.89119,106.89119,106.89119,5824.9324,5813.9218,5707.3251,495.43396,1.6966378
4494000.0,1772.7946,5794.8315,3921.8541,248.29227,106.89119,106.89119,106.89119,5808.5379,5761.2385,5814.7181,489.98062,1.6966378
4495000.0,1737.4251,5794.4148,3983.3778,252.18734,106.89119,106.89119,106.89119,5868.0812,5745.7601,5769.4031,493.98083,1.6966378
4496000.0,1769.1762,5781.4718,3978.5124,251.87931,106.89119,106.89119,106.89119,5860.3691,5736.417,5747.6292,492.93327,1.6966378
4497000.0,1779.6771,5771.6886,3965.5803,251.06058,106.89119,106.89119,106.89119,5801.8461,5803.1942,5710.0256,496.64592,1.6966378
4498000.0,1739.7023,5783.3789,3992.3286,252.75401,106.89119,106.89119,106.89119,5870.6429,5746.9707,5732.523,496.69395,1.6966378
4499000.0,1840.9027,5802.949,4037.2576,255.59846,106.89119,106.89119,106.89119,5864.4397,5799.7785,5744.6288,489.6843,1.6966378
4500000.0,1724.095,5779.1541,3954.1459,250.33667,106.89119,106.89119,106.89119,5817.6562,5769.2915,5750.5146,495.14188,1.6966378
4501000.0,1791.8757,5817.0339,3915.8466,247.91194,106.89119,106.89119,106.89119,5926.6994,5762.3402,5762.062,497.0815,1.6966378
4502000.0,1718.8616,5807.8092,3975.547,251.69157,106.89119,106.89119,106.89119,5847.6588,5801.9494,5773.8194,490.99413,1.6966378
4503000.0,1775.2663,5784.1809,3867.1791,244.83081,106.89119,106.89119,106.89119,5866.1195,5744.7903,5741.633,496.45528,1.6966378
4504000.0,1715.0214,5769.1234,4001.7112,253.34802,106.89119,106.89119,106.89119,5793.7437,5745.1431,5768.4836,477.43554,1.6966378
4505000.0,1758.1958,5794.7766,3943.5648,249.66678,106.89119,106.89119,106.89119,5790.2241,5858.4156,5735.6902,496.04794,1.6966378
4506000.0,1825.4262,5793.9649,3966.9094,251.14473,106.89119,106.89119,106.89119,5845.9776,5771.0728,5764.8441,493.80635,1.6966378
4507000.0,1768.8808,5807.9456,3925.5331,248.5252,106.89119,106.89119,106.89119,5870.5279,5807.3968,5745.9122,499.65698,1.6966378
4508000.0,1797.7619,5801.2441,3916.2467,247.93727,106.89119,106.89119,106.89119,5820.1577,5773.0087,5810.5658,501.64781,1.6966378
4509000.0,1727.4488,5767.6657,3927.0069,248.6185,106.89119,106.89119,106.89119,5835.3473,5753.2872,5714.3626,499.65809,1.6966378
4510000.0,1795.878,5788.5437,3881.1668,245.71637,106.89119,106.89119,106.89119,5836.5456,5807.6162,5721.4692,494.58182,1.6966378
4511000.0,1718.3656,5792.3716,3921.4781,248.26848,106.89119,106.89119,106.89119,5877.1228,5779.2287,5720.7633,495.48503,1.6966378
4512000.0,1792.1358,5816.224,3923.4166,248.3912,106.89119,106.89119,106.89119,5817.6713,5796.1131,5834.8876,494.85574,1.6966378
4513000.0,1871.9878,5828.8957,3929.9472,248.80465,106.89119,106.89119,106.89119,5906.1438,5801.0464,5779.4968,494.96135,1.6966378
4514000.0,1787.5356,5790.4142,3968.6962,251.25784,106.89119,106.89119,106.89119,5855.0858,5759.0909,5757.0659,494.32983,1.6966378
4515000.0,1835.5586,5843.0038,4007.1004,253.68922,106.89119,106.89119,106.89119,5897.9984,5794.7086,5836.3043,495.85413,1.6966378
4516000.0,1766.8874,5803.6168,3951.5655,250.17331,106.89119,106.89119,106.89119,5842.1796,5810.3611,5758.3097,498.04458,1.6966378
4517000.0,1793.6272,5821.8338,3921.9166,248.29623,106.89119,106.89119,106.89119,5872.44,5818.7775,5774.2838,493.52208,1.6966378
4518000.0,1857.1188,5827.1486,4016.9506,254.31283,106.89119,106.89119,106.89119,5903.7697,5774.1704,5803.5058,490.19221,1.6966378
4519000.0,1746.1625,5799.2316,3934.5167,249.09395,106.89119,106.89119,106.89119,5833.177,5788.1691,5776.3486,493.69998,1.6966378
4520000.0,1803.7976,5779.8484,4002.0628,253.37029,106.89119,106.89119,106.89119,5817.9557,5756.5375,5765.052,485.00602,1.6966378
4521000.0,1790.1669,5788.0505,3904.7795,247.21129,106.89119,106.89119,106.89119,5762.9637,5810.942,5790.2459,495.25448,1.6966378
4522000.0,1754.6524,5792.1097,3882.2476,245.78479,106.89119,106.89119,106.89119,5880.4633,5751.7627,5744.1031,494.18614,1.6966378
4523000.0,1718.1648,5751.4432,4002.5922,253.4038,106.89119,106.89119,106.89119,5850.2838,5698.0602,5705.9858,499.45082,1.6966378
4524000.0,1818.2465,5826.3854,3972.9845,251.52934,106.89119,106.89119,106.89119,5846.5449,5791.8553,5840.7559,500.22102,1.6966378
4525000.0,1753.7875,5773.1803,3978.6802,251.88993,106.89119,106.89119,106.89119,5852.6084,5725.593,5741.3396,495.21521,1.6966378
4526000.0,1817.6813,5805.256,3956.7209,250.49969,106.89119,106.89119,106.89119,5885.9736,5747.5877,5782.2067,493.50332,1.6966378
4527000.0,1720.4472,5758.3737,3917.0711,247.98946,106.89119,106.89119,106.89119,5823.2108,5740.0237,5711.8864,495.03964,1.6966378
4528000.0,1815.3502,5819.49,3914.5123,247.82747,106.89119,106.89119,106.89119,5877.274,5787.6903,5793.5057,504.76468,1.6966378
4529000.0,1801.1608,5780.489,3927.3729,248.64168,106.89119,106.89119,106.89119,5857.9402,5726.3516,5757.1751,501.27729,1.6966378
4530000.0,1838.8086,5818.383,3953.9136,250.32196,106.89119,106.89119,106.89119,5940.5639,5777.1639,5737.4211,496.47469,1.6966378
4531000.0,1852.7081,5814.13,4003.5034,253.46149,106.89119,106.89119,106.89119,5850.2836,5730.4214,5861.685,501.90805,1.6966378
4532000.0,1732.4425,5767.3409,4124.5754,261.12655,106.89119,106.89119,106.89119,5787.2983,5712.2603,5802.464,491.64753,1.6966378
4533000.0,1772.3779,5784.3145,3911.2247,247.61933,106.89119,106.89119,106.89119,5855.4822,5739.961,5757.5005,497.54403,1.6966378
4534000.0,1848.5433,5805.0484,3960.136,250.7159,106.89119,106.89119,106.89119,5829.3262,5827.5618,5758.257,502.70241,1.6966378
4535000.0,1726.5342,5769.2033,3992.8606,252.78769,106.89119,106.89119,106.89119,5850.1901,5722.9307,5734.4891,495.71852,1.6966378
4536000.0,1828.9502,5800.119,3950.4955,250.10556,106.89119,106.89119,106.89119,5835.3948,5748.5316,5816.4307,501.945,1.6966378
4537000.0,1767.515,5829.1209,4004.2098,253.50621,106.89119,106.89119,106.89119,5821.7097,5856.8717,5808.7812,504.28698,1.6966378
4538000.0,1756.2893,5781.4856,4003.9046,253.48689,106.89119,106.89119,106.89119,5825.209,5751.9116,5767.3362,501.64708,1.6966378
4539000.0,1821.4476,5809.4861,4043.0544,255.96546,106.89119,106.89119,106.89119,5905.251,5691.7349,5831.4724,504.34534,1.6966378
4540000.0,1774.1165,5799.9816,3905.196,247.23765,106.89119,106.89119,106.89119,5823.9227,5781.2951,5794.727,502.6423,1.6966378
4541000.0,1754.604,5747.5923,3943.434,249.6585,106.89119,106.89119,106.89119,5790.0844,5707.7143,5744.9783,500.49095,1.6966378
4542000.0,1742.1307,5780.807,3944.5868,249.73148,106.89119,106.89119,106.89119,5780.6585,5813.5134,5748.2492,495.24173,1.6966378
4543000.0,1836.487,5795.7676,3911.1294,247.6133,106.89119,106.89119,106.89119,5810.0167,5782.0298,5795.2565,498.62229,1.6966378
4544000.0,1810.848,5786.6087,3961.4478,250.79895,106.89119,106.89119,106.89119,5869.0957,5753.0541,5737.6762,497.37276,1.6966378
4545000.0,1846.4267,5817.6886,3943.4783,249.6613,106.89119,106.89119,106.89119,5825.7196,5795.6369,5831.7092,491.92804,1.6966378
4546000.0,1801.2138,5794.1027,4048.0762,256.28339,106.89119,106.89119,106.89119,5849.8738,5762.1165,5770.3179,490.80675,1.6966378
4547000.0,1744.2576,5779.4186,4013.4579,254.0917,106.89119,106.89119,106.89119,5811.9757,5770.0997,5756.1805,493.70816,1.6966378
4548000.0,1753.7478,5806.1823,3982.9172,252.15818,106.89119,106.89119,106.89119,5794.7617,5797.3179,5826.4674,497.77897,1.6966378
4549000.0,1781.0823,5779.1657,3968.4944,251.24507,106.89119,106.89119,106.89119,5863.0862,5712.0642,5762.3467,489.46607,1.6966378
4550000.0,1722.105,5778.0581,3964.0603,250.96435,106.89119,106.89119,106.89119,5847.6625,5733.9751,5752.5368,498.20858,1.6966378
4551000.0,1773.4397,5798.992,3962.9378,250.89328,106.89119,106.89119,106.89119,5858.9015,5782.1521,5755.9223,484.90023,1.6966378
4552000.0,1786.5014,5807.9561,3946.521,249.85394,106.89119,106.89119,106.89119,5930.1777,5690.6696,5803.0211,501.0919,1.6966378
4553000.0,1841.6809,5829.6431,4018.2553,254.39543,106.89119,106.89119,106.89119,5874.8794,5805.6062,5808.4436,501.82742,1.6966378
4554000.0,1769.211,5812.5262,3889.657,246.25388,106.89119,106.89119,106.89119,5891.0556,5741.5505,5804.9724,503.29238,1.6966378
4555000.0,1848.1696,5824.2352,3940.3185,249.46125,106.89119,106.89119,106.89119,5912.0746,5778.7133,5781.9177,502.42568,1.6966378
4556000.0,1819.0165,5797.3997,3919.1022,248.11805,106.89119,106.89119,106.89119,5865.5701,5729.241,5797.3881,493.37986,1.6966378
4557000.0,1838.5638,5796.8272,3947.3471,249.90624,106.89119,106.89119,106.89119,5895.5516,5751.5642,5743.3657,496.46925,1.6966378
4558000.0,1768.3617,5783.9855,3979.9447,251.96999,106.89119,106.89119,106.89119,5798.8602,5781.211,5771.8852,495.12211,1.6966378
4559000.0,1733.5965,5804.8793,3914.6866,247.8385,106.89119,106.89119,106.89119,5907.5167,5739.1588,5767.9623,502.84383,1.6966378
4560000.0,1814.1743,5819.7201,3946.5738,249.85728,106.89119,106.89119,106.89119,5880.697,5781.5187,5796.9446,503.80319,1.6966378
4561000.0,1690.4188,5785.9608,3966.2222,251.10122,106.89119,106.89119,106.89119,5817.4139,5758.5079,5781.9608,500.87536,1.6966378
4562000.0,1829.011,5791.6654,3978.7637,251.89522,106.89119,106.89119,106.89119,5822.0814,5764.9499,5787.965,500.59988,1.6966378
4563000.0,1821.764,5798.3415,3949.4079,250.03671,106.89119,106.89119,106.89119,5842.7299,5776.7055,5775.5891,491.6716,1.6966378
4564000.0,1863.5773,5810.0525,3973.1016,251.53675,106.89119,106.89119,106.89119,5833.0406,5732.372,5864.7447,500.56015,1.6966378
4565000.0,1845.259,5841.7492,3996.9317,253.04544,106.89119,106.89119,106.89119,5886.978,5853.8499,5784.4196,489.10644,1.6966378
4566000.0,1795.2265,5810.3337,3914.603,247.83321,106.89119,106.89119,106.89119,5879.0603,5771.3665,5780.5743,488.4186,1.6966378
4567000.0,1835.6161,5822.8787,3983.4065,252.18916,106.89119,106.89119,106.89119,5879.3627,5764.9691,5824.3044,495.17763,1.6966378
4568000.0,1807.1726,5808.6804,3950.3764,250.09802,106.89119,106.89119,106.89119,5949.0493,5730.4537,5746.5384,489.60174,1.6966378
4569000.0,1759.0451,5791.8022,3893.3689,246.48888,106.89119,106.89119,106.89119,5845.1833,5765.843,5764.3804,490.52041,1.6966378
4570000.0,1812.8972,5822.0818,3966.7551,251.13496,106.89119,106.89119,106.89119,5836.2279,5816.7059,5813.3116,498.46113,1.6966378
4571000.0,1772.306,5782.6229,3931.2714,248.88849,106.89119,106.89119,106.89119,5823.6346,5813.4264,5710.8076,500.23715,1.6966378
4572000.0,1788.0155,5792.0262,3885.7177,246.00449,106.89119,106.89119,106.89119,5875.6435,5768.635,5731.8,494.25645,1.6966378
4573000.0,1757.2216,5794.2462,4021.6112,254.60789,106.89119,106.89119,106.89119,5843.6909,5746.591,5792.4568,492.38974,1.6966378
4574000.0,1796.5187,5766.9932,3995.549,252.9579,106.89119,106.89119,106.89119,5825.1319,5735.0757,5740.772,499.96401,1.6966378
4575000.0,1785.4791,5772.9806,3879.2157,245.59284,106.89119,106.89119,106.89119,5816.0143,5775.1069,5727.8207,499.30516,1.6966378
4576000.0,1729.8856,5772.0069,3992.9777,252.79511,106.89119,106.89119,106.89119,5846.9451,5698.2398,5770.8359,498.55038,1.6966378
4577000.0,1774.5909,5829.3109,4005.6632,253.59823,106.89119,106.89119,106.89119,5835.2693,5828.0913,5824.5721,495.92872,1.6966378
4578000.0,1861.9458,5820.8139,3965.1346,251.03236,106.89119,106.89119,106.89119,5870.8295,5820.496,5771.1163,497.40794,1.6966378
4579000.0,1785.4683,5799.4332,3941.6441,249.54518,106.89119,106.89119,106.89119,5870.149,5775.3727,5752.7779,498.87936,1.6966378
4580000.0,1810.5114,5812.7566,3920.2068,248.18799,106.89119,106.89119,106.89119,5905.8064,5764.5503,5767.9131,492.66188,1.6966378
4581000.0,1814.0869,5807.1391,3995.0253,252.92474,106.89119,106.89119,106.89119,5834.3988,5816.6744,5770.344,498.56412,1.6966378
4582000.0,1809.9993,5789.4556,3895.5227,246.62524,106.89119,106.89119,106.89119,5851.4096,5757.0401,5759.9172,500.05396,1.6966378
4583000.0,1787.32,5807.6386,3949.5511,250.04577,106.89119,106.89119,106.89119,5858.7625,5799.8182,5764.335,488.13223,1.6966378
4584000.0,1772.6585,5785.7615,3993.4934,252.82776,106.89119,106.89119,106.89119,5878.2512,5693.202,5785.8313,496.28125,1.6966378
4585000.0,1778.3782,5807.5479,3906.898,247.34541,106.89119,106.89119,106.89119,5826.1338,5841.8741,5754.6357,492.34481,1.6966378
4586000.0,1817.1335,5797.4019,3931.0074,248.87177,106.89119,106.89119,106.89119,5866.6544,5789.7337,5735.8177,489.35846,1.6966378
4587000.0,1763.1013,5778.7904,3959.2865,250.66212,106.89119,106.89119,106.89119,5861.0197,5774.5356,5700.8159,494.26472,1.6966378
4588000.0,1809.6346,5801.647,3853.086,243.93858,106.89119,106.89119,106.89119,5760.3525,5846.1839,5798.4045,492.73712,1.6966378
4589000.0,1814.4365,5791.0589,3952.3014,250.21989,106.89119,106.89119,106.89119,5789.4992,5796.311,5787.3666,495.80793,1.6966378
4590000.0,1722.4839,5788.7978,3942.1648,249.57815,106.89119,106.89119,106.89119,5875.9225,5729.1774,5761.2936,492.11025,1.6966378
4591000.0,1751.596,5776.2126,3898.8078,246.83322,106.89119,106.89119,106.89119,5802.3672,5778.7117,5747.5587,499.60745,1.6966378
4592000.0,1859.2481,5799.3517,4038.8065,255.69652,106.89119,106.89119,106.89119,5829.2177,5749.3891,5819.4483,493.90804,1.6966378
4593000.0,1704.5975,5799.0893,3974.1866,251.60544,106.89119,106.89119,106.89119,5876.2747,5767.6162,5753.377,499.29159,1.6966378
4594000.0,1809.7881,5804.7054,4036.2891,255.53715,106.89119,106.89119,106.89119,5872.4111,5784.0702,5757.6351,500.86217,1.6966378
4595000.0,1775.198,5798.7996,3977.3857,251.80798,106.89119,106.89119,106.89119,5900.6754,5770.1486,5725.5748,496.07791,1.6966378
4596000.0,1840.6533,5831.2328,3971.1068,251.41046,106.89119,106.89119,106.89119,5918.3149,5794.5153,5780.8683,497.07051,1.6966378
4597000.0,1803.0499,5778.8818,3968.6286,251.25357,106.89119,106.89119,106.89119,5855.1703,5729.7644,5751.7107,501.72536,1.6966378
4598000.0,1805.4249,5816.4986,3967.5723,251.18669,106.89119,106.89119,106.89119,5915.481,5777.8544,5756.1605,502.54755,1.6966378
4599000.0,1834.4101,5811.9047,3986.608,252.39184,106.89119,106.89119,106.89119,5904.9551,5792.8231,5737.9361,501.18616,1.6966378
4600000.0,1816.0262,5807.8349,3972.1267,251.47503,106.89119,106.89119,106.89119,5875.5634,5799.9598,5747.9814,489.37499,1.6966378
4601000.0,1829.8572,5797.4848,4041.292,255.85388,106.89119,106.89119,106.89119,5899.9575,5761.6811,5730.8158,487.13823,1.6966378
4602000.0,1872.7367,5829.959,3978.6021,251.88499,106.89119,106.89119,106.89119,5861.8382,5791.301,5836.7377,483.73839,1.6966378
4603000.0,1870.981,5827.1854,4010.1245,253.88067,106.89119,106.89119,106.89119,5886.7293,5834.8531,5759.9739,492.89432,1.6966378
4604000.0,1881.4337,5830.1347,3942.2652,249.5845,106.89119,106.89119,106.89119,5917.318,5842.5557,5730.5303,497.60128,1.6966378
4605000.0,1778.0686,5814.4651,4018.4334,254.40671,106.89119,106.89119,106.89119,5846.4715,5824.8477,5772.076,501.03949,1.6966378
4606000.0,1822.7666,5831.2423,3937.1248,249.25906,106.89119,106.89119,106.89119,5942.6744,5766.6903,5784.3624,500.38501,1.6966378
4607000.0,1793.8499,5792.0179,3993.9815,252.85866,106.89119,106.89119,106.89119,5882.1337,5795.2731,5698.6467,495.28532,1.6966378
4608000.0,1823.0945,5819.5983,3944.1666,249.70488,106.89119,106.89119,106.89119,5895.2702,5787.3394,5776.1852,498.27627,1.6966378
4609000.0,1745.9924,5781.2374,3889.263,246.22894,106.89119,106.89119,106.89119,5824.1827,5765.7372,5753.7923,491.48342,1.6966378
4610000.0,1786.9985,5790.6962,3849.9663,243.74106,106.89119,106.89119,106.89119,5827.7225,5761.2644,5783.1017,491.25918,1.6966378
4611000.0,1790.6102,5775.925,4038.0117,255.6462,106.89119,106.89119,106.89119,5827.1362,5787.3999,5713.239,506.76493,1.6966378
4612000.0,1792.7831,5807.8213,3959.4134,250.67015,106.89119,106.89119,106.89119,5834.5719,5820.4143,5768.4777,499.98367,1.6966378
4613000.0,1745.8532,5784.086,3923.0731,248.36945,106.89119,106.89119,106.89119,5864.3391,5747.1716,5740.7472,500.90449,1.6966378
4614000.0,1809.6837,5840.9947,3942.8583,249.62205,106.89119,106.89119,106.89119,5852.1399,5845.2248,5825.6192,491.3592,1.6966378
4615000.0,1689.9574,5762.1092,3908.2461,247.43075,106.89119,106.89119,106.89119,5856.8385,5745.4368,5684.0523,503.02479,1.6966378
4616000.0,1778.5622,5796.1949,3953.9495,250.32423,106.89119,106.89119,106.89119,5853.601,5827.6955,5707.2883,497.04727,1.6966378
4617000.0,1762.1361,5790.7736,4031.5792,255.23897,106.89119,106.89119,106.89119,5855.9628,5790.973,5725.3851,497.12377,1.6966378
4618000.0,1788.7883,5799.6175,3942.1774,249.57894,106.89119,106.89119,106.89119,5749.841,5822.2696,5826.7419,493.57866,1.6966378
4619000.0,1823.2273,5841.9127,3959.817,250.6957,106.89119,106.89119,106.89119,5931.278,5815.8185,5778.6418,490.15162,1.6966378
4620000.0,1789.8308,5809.8224,3979.9982,251.97338,106.89119,106.89119,106.89119,5801.4356,5815.6531,5812.3784,495.33718,1.6966378
4621000.0,1874.3336,5804.112,3876.9491,245.44935,106.89119,106.89119,106.89119,5843.352,5792.8439,5776.14,503.08581,1.6966378
4622000.0,1816.3641,5814.9049,3986.1811,252.36481,106.89119,106.89119,106.89119,5877.7924,5806.6305,5760.2918,496.28326,1.6966378
4623000.0,1820.4013,5821.7807,3928.6944,248.72534,106.89119,106.89119,106.89119,5870.9361,5839.4462,5754.9597,497.81215,1.6966378
4624000.0,1821.7245,5797.2474,3923.6787,248.40779,106.89119,106.89119,106.89119,5877.4662,5779.5212,5734.7547,498.01562,1.6966378
4625000.0,1813.8673,5823.6597,3886.3438,246.04412,106.89119,106.89119,106.89119,5895.0153,5824.0007,5751.9631,501.37769,1.6966378
4626000.0,1827.0118,5838.174,3999.3524,253.19869,106.89119,106.89119,106.89119,5924.5761,5805.6445,5784.3016,499.1247,1.6966378
4627000.0,1752.624,5802.7007,3924.1147,248.4354,106.89119,106.89119,106.89119,5855.5791,5786.8288,5765.6942,484.1608,1.6966378
4628000.0,1712.0049,5803.7517,3910.2045,247.55474,106.89119,106.89119,106.89119,5858.3986,5821.1116,5731.7449,494.69412,1.6966378
4629000.0,1753.9895,5788.7499,3913.0904,247.73745,106.89119,106.89119,106.89119,5819.6267,5758.6525,5787.9705,499.69825,1.6966378
4630000.0,1761.1799,5781.91,3933.8832,249.05384,106.89119,106.89119,106.89119,5857.2115,5794.6858,5693.8327,497.2371,1.6966378
4631000.0,1685.9275,5791.4834,3996.3314,253.00743,106.89119,106.89119,106.89119,5850.8389,5765.2396,5758.3717,500.02186,1.6966378
4632000.0,1810.6565,5792.3546,3925.0021,248.49158,106.89119,106.89119,106.89119,5848.7805,5799.9639,5728.3194,499.46061,1.6966378
4633000.0,1746.2822,5770.0226,3917.1838,247.9966,106.89119,106.89119,106.89119,5872.7518,5739.4222,5697.8939,492.91512,1.6966378
4634000.0,1809.9153,5816.852,3822.7208,242.01615,106.89119,106.89119,106.89119,5834.3844,5884.6818,5731.4898,497.35537,1.6966378
4635000.0,1782.249,5805.4626,3958.7165,250.62603,106.89119,106.89119,106.89119,5862.274,5801.2803,5752.8334,496.55362,1.6966378
4636000.0,1831.5942,5819.9025,4046.6317,256.19194,106.89119,106.89119,106.89119,5848.7345,5847.1072,5763.8657,497.99746,1.6966378
4637000.0,1845.6943,5802.9041,3877.951,245.51278,106.89119,106.89119,106.89119,5832.0346,5791.6507,5785.0271,491.97597,1.6966378
4638000.0,1811.1981,5815.1782,3987.4599,252.44578,106.89119,106.89119,106.89119,5832.9874,5786.6077,5825.9394,490.74194,1.6966378
4639000.0,1807.8568,5814.1933,3930.4264,248.83499,106.89119,106.89119,106.89119,5860.4618,5844.126,5737.9921,489.88849,1.6966378
4640000.0,1824.2275,5827.5491,3982.8661,252.15494,106.89119,106.89119,106.89119,5834.933,5796.3398,5851.3744,495.26093,1.6966378
4641000.0,1818.187,5810.4929,3927.9404,248.6776,106.89119,106.89119,106.89119,5846.7566,5770.543,5814.179,495.14863,1.6966378
4642000.0,1714.4278,5792.9115,4015.0888,254.19496,106.89119,106.89119,106.89119,5821.2861,5816.8425,5740.6061,489.50721,1.6966378
4643000.0,1810.1894,5799.588,3894.7488,246.57625,106.89119,106.89119,106.89119,5847.3284,5760.5034,5790.9322,502.90821,1.6966378
4644000.0,1820.1833,5796.2185,3870.1371,245.01808,106.89119,106.89119,106.89119,5861.3213,5761.6059,5765.7282,500.51738,1.6966378
4645000.0,1783.7383,5799.0346,3955.8122,250.44216,106.89119,106.89119,106.89119,5839.1822,5738.0553,5819.8663,495.85305,1.6966378
4646000.0,1829.829,5818.6021,3908.2731,247.43246,106.89119,106.89119,106.89119,5841.0594,5877.4406,5737.3063,495.38391,1.6966378
4647000.0,1816.2512,5797.3407,3952.0517,250.20408,106.89119,106.89119,106.89119,5822.0599,5776.5467,5793.4156,494.84655,1.6966378
4648000.0,1728.5113,5799.1189,3974.1802,251.60504,106.89119,106.89119,106.89119,5867.522,5764.1821,5765.6527,507.44333,1.6966378
4649000.0,1905.8064,5856.0382,3989.6179,252.5824,106.89119,106.89119,106.89119,5881.6332,5837.4395,5849.042,498.31044,1.6966378
4650000.0,1776.0242,5788.2145,3952.0565,250.20439,106.89119,106.89119,106.89119,5853.574,5765.6554,5745.4143,494.99877,1.6966378
4651000.0,1838.7308,5808.3226,3965.8826,251.07972,106.89119,106.89119,106.89119,5889.0557,5783.8569,5752.0553,491.62797,1.6966378
4652000.0,1774.1665,5791.6945,3951.1188,250.14503,106.89119,106.89119,106.89119,5865.9179,5795.3888,5713.7767,495.7668,1.6966378
4653000.0,1797.3484,5843.0909,3904.6187,247.20111,106.89119,106.89119,106.89119,5894.59,5832.0804,5802.6023,498.87217,1.6966378
4654000.0,1751.5657,5822.3063,4065.2769,257.37236,106.89119,106.89119,106.89119,5876.9236,5789.9089,5800.0864,499.13081,1.6966378
4655000.0,1823.197,5807.7141,3975.8279,251.70935,106.89119,106.89119,106.89119,5809.5378,5787.1451,5826.4594,492.1252,1.6966378
4656000.0,1810.7312,5823.7264,3992.6114,252.77192,106.89119,106.89119,106.89119,5882.3228,5789.0461,5799.8103,498.62995,1.6966378
4657000.0,1771.2914,5794.8583,4022.1064,254.63925,106.89119,106.89119,106.89119,5837.6234,5726.1182,5820.8332,486.96118,1.6966378
4658000.0,1802.9808,5784.2986,3877.1043,245.45917,106.89119,106.89119,106.89119,5837.7176,5766.3337,5748.8444,500.56577,1.6966378
4659000.0,1840.772,5817.1248,4014.1477,254.13538,106.89119,106.89119,106.89119,5830.4403,5775.4571,5845.4769,503.79184,1.6966378
4660000.0,1757.8538,5770.2872,3940.4992,249.4727,106.89119,106.89119,106.89119,5771.0283,5752.4579,5787.3754,504.3805,1.6966378
4661000.0,1701.0878,5791.2617,3931.8214,248.92331,106.89119,106.89119,106.89119,5819.8487,5795.3754,5758.561,498.69299,1.6966378
4662000.0,1828.3364,5811.9292,4024.2451,254.77464,106.89119,106.89119,106.89119,5841.5271,5830.9285,5763.3321,503.07591,1.6966378
4663000.0,1788.1611,5814.1958,3933.6437,249.03867,106.89119,106.89119,106.89119,5901.1431,5778.1059,5763.3385,499.14047,1.6966378
4664000.0,1768.8119,5800.7398,3989.3531,252.56564,106.89119,106.89119,106.89119,5799.9746,5816.9117,5785.3331,502.63156,1.6966378
4665000.0,1746.1369,5779.2001,3980.8674,252.02841,106.89119,106.89119,106.89119,5834.3391,5758.3187,5744.9424,500.77208,1.6966378
4666000.0,1723.5114,5767.2445,4000.872,253.29489,106.89119,106.89119,106.89119,5809.8849,5779.7813,5712.0672,498.55144,1.6966378
4667000.0,1796.751,5806.3823,3970.5755,251.37683,106.89119,106.89119,106.89119,5906.2296,5782.1209,5730.7963,497.19985,1.6966378
4668000.0,1766.8903,5779.5196,3978.9427,251.90655,106.89119,106.89119,106.89119,5793.2249,5744.418,5800.9159,503.45816,1.6966378
4669000.0,1840.679,5819.436,3944.1095,249.70127,106.89119,106.89119,106.89119,5874.1689,5791.9955,5792.1437,497.82141,1.6966378
4670000.0,1827.6211,5851.1177,3936.4927,249.21904,106.89119,106.89119,106.89119,5896.5725,5849.3929,5807.3876,501.39931,1.6966378
4671000.0,1808.464,5781.0427,3996.3866,253.01092,106.89119,106.89119,106.89119,5826.5685,5748.1132,5768.4463,500.26472,1.6966378
4672000.0,1782.0013,5804.597,3920.6312,248.21486,106.89119,106.89119,106.89119,5812.3102,5822.1119,5779.369,501.27168,1.6966378
4673000.0,1775.1284,5796.3463,3976.4771,251.75046,106.89119,106.89119,106.89119,5839.2958,5783.079,5766.6642,503.15409,1.6966378
4674000.0,1813.0129,5804.5962,4008.1344,253.75467,106.89119,106.89119,106.89119,5847.2113,5763.0031,5803.5742,497.65643,1.6966378
4675000.0,1800.0986,5819.5863,3910.9937,247.60471,106.89119,106.89119,106.89119,5862.4418,5787.5138,5808.8032,497.88416,1.6966378
4676000.0,1863.5971,5841.0511,3942.3623,249.59065,106.89119,106.89119,106.89119,5919.6717,5792.8982,5810.5834,494.50618,1.6966378
4677000.0,1719.4855,5782.8328,3885.529,245.99254,106.89119,106.89119,106.89119,5831.9677,5773.9875,5742.5432,498.81073,1.6966378
4678000.0,1772.965,5805.195,3924.877,248.48366,106.89119,106.89119,106.89119,5853.5547,5798.9985,5763.0318,501.22688,1.6966378
4679000.0,1819.5522,5797.7846,3953.0386,250.26656,106.89119,106.89119,106.89119,5826.3776,5813.9908,5752.9855,495.58851,1.6966378
4680000.0,1801.6695,5803.2961,3935.4683,249.15419,106.89119,106.89119,106.89119,5901.8209,5769.2686,5738.799,493.72016,1.6966378
4681000.0,1797.556,5795.0507,3887.8643,246.14038,106.89119,106.89119,106.89119,5849.7572,5789.6553,5745.7397,498.37875,1.6966378
4682000.0,1862.0236,5842.1949,3935.4572,249.15349,106.89119,106.89119,106.89119,5807.7689,5863.562,5855.2539,496.86045,1.6966378
4683000.0,1753.3477,5778.9307,3976.7856,251.76998,106.89119,106.89119,106.89119,5748.7725,5756.3689,5831.6507,503.64978,1.6966378
4684000.0,1741.8818,5776.5204,3910.0801,247.54687,106.89119,106.89119,106.89119,5765.1194,5758.4132,5806.0286,504.07029,1.6966378
4685000.0,1807.6024,5814.6176,3920.1191,248.18244,106.89119,106.89119,106.89119,5846.7005,5792.216,5804.9363,511.07189,1.6966378
4686000.0,1817.2809,5828.4026,3947.3871,249.90877,106.89119,106.89119,106.89119,5943.7061,5806.2271,5735.2747,502.11583,1.6966378
4687000.0,1757.4813,5765.3673,3982.7736,252.14908,106.89119,106.89119,106.89119,5793.0718,5746.1403,5756.8897,504.0979,1.6966378
4688000.0,1777.5107,5806.7696,3905.6436,247.26599,106.89119,106.89119,106.89119,5833.9872,5799.4496,5786.872,510.28206,1.6966378
4689000.0,1797.2002,5797.1832,3879.2467,245.5948,106.89119,106.89119,106.89119,5828.473,5827.7984,5735.2784,507.83993,1.6966378
4690000.0,1743.9935,5770.3501,4000.6141,253.27856,106.89119,106.89119,106.89119,5747.4712,5780.3716,5783.2075,499.7711,1.6966378
4691000.0,1774.8907,5808.2748,3941.567,249.5403,106.89119,106.89119,106.89119,5864.3672,5848.0958,5712.3615,496.86973,1.6966378
4692000.0,1810.0821,5804.5225,4059.1238,256.98281,106.89119,106.89119,106.89119,5886.309,5796.6649,5730.5934,500.22415,1.6966378
4693000.0,1710.612,5793.8158,3931.0899,248.87699,106.89119,106.89119,106.89119,5817.7571,5758.5772,5805.1131,497.49259,1.6966378
4694000.0,1790.5237,5787.804,3960.1823,250.71883,106.89119,106.89119,106.89119,5853.9948,5821.2621,5688.1552,494.95368,1.6966378
4695000.0,1784.1947,5790.5276,4020.9088,254.56342,106.89119,106.89119,106.89119,5807.5976,5764.8017,5799.1834,500.78864,1.6966378
4696000.0,1797.2995,5791.2359,3904.4841,247.19259,106.89119,106.89119,106.89119,5791.1765,5826.4416,5756.0897,497.78332,1.6966378
4697000.0,1789.5856,5792.3028,3966.6473,251.12813,106.89119,106.89119,106.89119,5810.7998,5772.8601,5793.2484,499.62923,1.6966378
4698000.0,1793.3392,5810.7705,3907.5044,247.3838,106.89119,106.89119,106.89119,5832.2428,5809.8257,5790.2429,494.59656,1.6966378
4699000.0,1835.5438,5801.9546,4028.2511,255.02826,106.89119,106.89119,106.89119,5813.477,5830.6075,5761.7794,497.5845,1.6966378
4700000.0,1752.8857,5785.953,3964.0839,250.96584,106.89119,106.89119,106.89119,5816.0499,5791.4399,5750.3691,493.23207,1.6966378
4701000.0,1771.1477,5797.1116,4026.6858,254.92916,106.89119,106.89119,106.89119,5862.5421,5802.1838,5726.6089,488.03376,1.6966378
4702000.0,1813.2214,5803.9176,3968.57,251.24985,106.89119,106.89119,106.89119,5855.3857,5783.8911,5772.4759,505.88123,1.6966378
4703000.0,1820.0477,5790.5953,3903.472,247.12851,106.89119,106.89119,106.89119,5826.4104,5809.5083,5735.8672,505.02041,1.6966378
4704000.0,1873.8878,5831.0541,3946.9035,249.87815,106.89119,106.89119,106.89119,5849.6028,5885.7494,5757.81,497.36707,1.6966378
4705000.0,1767.6623,5771.2189,4042.371,255.92219,106.89119,106.89119,106.89119,5827.3881,5765.7082,5720.5606,499.2557,1.6966378
4706000.0,1723.9997,5784.8895,3923.1641,248.37521,106.89119,106.89119,106.89119,5823.2022,5765.3733,5766.093,497.89459,1.6966378
4707000.0,1752.958,5798.636,3919.0323,248.11363,106.89119,106.89119,106.89119,5784.1632,5810.4933,5801.2516,495.64717,1.6966378
4708000.0,1815.7413,5816.5134,3995.1109,252.93016,106.89119,106.89119,106.89119,5837.3044,5862.6194,5749.6163,498.6147,1.6966378
4709000.0,1751.6554,5764.7334,3887.9401,246.14518,106.89119,106.89119,106.89119,5774.0826,5775.4112,5744.7063,497.60254,1.6966378
4710000.0,1719.8532,5782.5752,3977.1108,251.79057,106.89119,106.89119,106.89119,5791.4855,5853.1838,5703.0562,498.73225,1.6966378
4711000.0,1717.722,5780.2065,3967.2666,251.16734,106.89119,106.89119,106.89119,5788.2512,5794.8793,5757.4889,506.22413,1.6966378
4712000.0,1813.8456,5800.8074,3950.0171,250.07528,106.89119,106.89119,106.89119,5832.8013,5827.1585,5742.4624,503.61971,1.6966378
4713000.0,1818.6677,5813.5725,3893.9678,246.5268,106.89119,106.89119,106.89119,5799.4878,5807.8865,5833.3431,500.44514,1.6966378
4714000.0,1785.3082,5818.5306,3959.9814,250.70612,106.89119,106.89119,106.89119,5901.8918,5816.907,5736.7929,499.65875,1.6966378
4715000.0,1732.1203,5818.5666,3935.5103,249.15685,106.89119,106.89119,106.89119,5879.3672,5819.8066,5756.5261,500.08328,1.6966378
4716000.0,1737.0196,5805.789,3947.8649,249.93902,106.89119,106.89119,106.89119,5825.2633,5827.9716,5764.1322,498.03832,1.6966378
4717000.0,1854.4368,5846.0625,4066.5028,257.44997,106.89119,106.89119,106.89119,5904.5332,5794.3252,5839.3291,493.59044,1.6966378
4718000.0,1833.1412,5828.653,3968.2638,251.23047,106.89119,106.89119,106.89119,5866.7933,5860.8108,5758.3548,495.7776,1.6966378
4719000.0,1799.6977,5815.013,3974.1005,251.59999,106.89119,106.89119,106.89119,5890.0636,5750.0335,5804.9418,498.02813,1.6966378
4720000.0,1800.8136,5822.4118,3924.7703,248.4769,106.89119,106.89119,106.89119,5847.8643,5865.5817,5753.7894,498.81356,1.6966378
4721000.0,1783.8633,5806.082,3954.7074,250.37222,106.89119,106.89119,106.89119,5871.4455,5799.1228,5747.6776,492.16556,1.6966378
4722000.0,1681.9366,5778.0696,3924.5522,248.46309,106.89119,106.89119,106.89119,5843.7211,5823.1928,5667.2949,493.20952,1.6966378
4723000.0,1801.676,5815.4463,3944.9614,249.7552,106.89119,106.89119,106.89119,5871.0454,5814.456,5760.8374,495.62343,1.6966378
4724000.0,1792.1542,5816.0032,3890.6573,246.31721,106.89119,106.89119,106.89119,5823.9098,5786.3324,5837.7674,496.17623,1.6966378
4725000.0,1725.8578,5780.1555,3934.5702,249.09733,106.89119,106.89119,106.89119,5836.1441,5736.1789,5768.1436,505.32873,1.6966378
4726000.0,1772.7781,5802.3473,3967.9148,251.20837,106.89119,106.89119,106.89119,5819.6564,5796.5617,5790.8239,503.31953,1.6966378
4727000.0,1749.5058,5780.3761,3852.5045,243.90176,106.89119,106.89119,106.89119,5779.7382,5781.7595,5779.6307,500.02219,1.6966378
4728000.0,1766.353,5789.3479,3979.2744,251.92755,106.89119,106.89119,106.89119,5832.7773,5784.8314,5750.435,498.53072,1.6966378
4729000.0,1781.7243,5798.446,3965.049,251.02694,106.89119,106.89119,106.89119,5835.3101,5814.0042,5746.0237,501.09018,1.6966378
4730000.0,1756.8015,5790.4722,3967.7716,251.19931,106.89119,106.89119,106.89119,5828.1545,5770.9396,5772.3224,496.43095,1.6966378
4731000.0,1872.6349,5843.7533,4015.2419,254.20465,106.89119,106.89119,106.89119,5901.7959,5809.4185,5820.0455,501.80873,1.6966378
4732000.0,1743.7888,5817.7049,3932.3013,248.95369,106.89119,106.89119,106.89119,5873.1273,5773.2753,5806.7123,497.30574,1.6966378
4733000.0,1734.6506,5799.4822,3980.8612,252.02801,106.89119,106.89119,106.89119,5845.8582,5771.2506,5781.3379,499.68638,1.6966378
4734000.0,1828.3825,5814.7501,3880.255,245.65864,106.89119,106.89119,106.89119,5882.0286,5788.4111,5773.8107,493.59188,1.6966378
4735000.0,1752.9822,5787.4133,3871.584,245.10968,106.89119,106.89119,106.89119,5800.9416,5808.7666,5752.5316,492.84697,1.6966378
4736000.0,1730.9011,5802.2167,3900.373,246.93231,106.89119,106.89119,106.89119,5842.1872,5809.765,5754.6978,488.08383,1.6966378
4737000.0,1756.59,5811.2611,3919.3658,248.13474,106.89119,106.89119,106.89119,5824.339,5812.4131,5797.0313,507.39892,1.6966378
4738000.0,1792.2191,5829.851,3963.0929,250.9031,106.89119,106.89119,106.89119,5851.879,5826.659,5811.0151,505.22288,1.6966378
4739000.0,1817.423,5832.9925,3974.1168,251.60102,106.89119,106.89119,106.89119,5854.3598,5871.1594,5773.4581,503.48457,1.6966378
4740000.0,1845.812,5821.3087,3898.7289,246.82823,106.89119,106.89119,106.89119,5927.7725,5824.579,5711.5747,500.69758,1.6966378
4741000.0,1811.6571,5823.6671,3961.6928,250.81446,106.89119,106.89119,106.89119,5903.8293,5780.7665,5786.4056,497.68806,1.6966378
4742000.0,1762.359,5779.9802,3880.0599,245.64629,106.89119,106.89119,106.89119,5821.7398,5727.9506,5790.2503,498.3481,1.6966378
4743000.0,1709.3266,5779.0495,3998.4286,253.14021,106.89119,106.89119,106.89119,5887.4484,5756.4271,5693.273,503.74774,1.6966378
4744000.0,1782.8185,5792.5247,3937.7763,249.30031,106.89119,106.89119,106.89119,5815.8404,5820.0397,5741.6941,502.22964,1.6966378
4745000.0,1711.3878,5784.4694,3987.6464,252.45758,106.89119,106.89119,106.89119,5837.8627,5779.9531,5735.5923,494.43936,1.6966378
4746000.0,1798.9312,5817.4138,3984.4728,252.25666,106.89119,106.89119,106.89119,5826.5128,5801.7587,5823.9699,484.96003,1.6966378
4747000.0,1805.8104,5786.6751,3854.3661,244.01961,106.89119,106.89119,106.89119,5785.2587,5765.1389,5809.6278,489.30726,1.6966378
4748000.0,1748.6938,5791.388,3984.0441,252.22952,106.89119,106.89119,106.89119,5828.2537,5771.7161,5774.1941,493.93313,1.6966378
4749000.0,1763.3582,5812.8101,3975.0998,251.66326,106.89119,106.89119,106.89119,5853.1741,5771.5981,5813.658,500.07536,1.6966378
4750000.0,1783.9193,5812.0612,3976.6877,251.76379,106.89119,106.89119,106.89119,5902.5558,5782.0031,5751.6246,498.03353,1.6966378
4751000.0,1757.5463,5798.377,3998.1849,253.12478,106.89119,106.89119,106.89119,5858.8186,5782.1078,5754.2046,497.88191,1.6966378
4752000.0,1705.1618,5785.7525,4008.13,253.7544,106.89119,106.89119,106.89119,5845.5117,5792.6047,5719.141,499.92487,1.6966378
4753000.0,1738.0768,5801.7393,3908.6413,247.45578,106.89119,106.89119,106.89119,5876.6829,5789.0964,5739.4386,500.01408,1.6966378
4754000.0,1812.0537,5778.5196,3904.7244,247.2078,106.89119,106.89119,106.89119,5859.4328,5735.294,5740.8321,503.46838,1.6966378
4755000.0,1821.4004,5806.9569,4018.2545,254.39538,106.89119,106.89119,106.89119,5842.1531,5760.2302,5818.4874,501.56461,1.6966378
4756000.0,1924.3144,5848.1616,3973.04,251.53285,106.89119,106.89119,106.89119,5952.0336,5823.2349,5769.2163,501.89476,1.6966378
4757000.0,1762.6158,5788.9486,3884.6782,245.93867,106.89119,106.89119,106.89119,5821.3621,5757.5502,5787.9336,494.04201,1.6966378
4758000.0,1762.3315,5776.6961,3953.7458,250.31134,106.89119,106.89119,106.89119,5831.8194,5739.4557,5758.8133,499.11054,1.6966378
4759000.0,1725.6446,5778.2533,4010.1392,253.8816,106.89119,106.89119,106.89119,5794.7048,5804.1364,5735.9186,497.29324,1.6966378
4760000.0,1809.8006,5812.3365,3969.7481,251.32445,106.89119,106.89119,106.89119,5895.2233,5783.2054,5758.5808,502.53417,1.6966378
4761000.0,1759.6818,5814.5539,4010.1242,253.88065,106.89119,106.89119,106.89119,5878.7024,5791.3877,5773.5715,498.32646,1.6966378
4762000.0,1791.368,5786.1867,3916.8495,247.97543,106.89119,106.89119,106.89119,5870.8721,5791.2363,5696.4517,503.58689,1.6966378
4763000.0,1795.4635,5817.0951,3934.5749,249.09763,106.89119,106.89119,106.89119,5882.8448,5805.6517,5762.7888,499.26841,1.6966378
4764000.0,1744.7709,5787.3937,3960.8682,250.76226,106.89119,106.89119,106.89119,5829.7657,5791.4496,5740.9657,501.84794,1.6966378
4765000.0,1808.013,5815.4839,3996.5159,253.01911,106.89119,106.89119,106.89119,5869.361,5778.2535,5798.8371,503.25171,1.6966378
4766000.0,1820.9634,5815.5849,3915.1854,247.87008,106.89119,106.89119,106.89119,5834.3132,5778.6065,5833.8349,502.91275,1.6966378
4767000.0,1809.1352,5825.4076,3939.1382,249.38653,106.89119,106.89119,106.89119,5840.1541,5829.754,5806.3147,499.47683,1.6966378
4768000.0,1775.3197,5800.8939,3935.6732,249.16716,106.89119,106.89119,106.89119,5846.1254,5732.5096,5824.0468,502.53971,1.6966378
4769000.0,1815.4778,5799.9494,3948.9786,250.00953,106.89119,106.89119,106.89119,5878.161,5780.0526,5741.6345,504.27911,1.6966378
4770000.0,1802.3997,5792.3143,3912.6347,247.7086,106.89119,106.89119,106.89119,5847.2224,5783.4063,5746.314,503.17842,1.6966378
4771000.0,1732.0279,5792.8674,3985.0755,252.29482,106.89119,106.89119,106.89119,5901.374,5776.5984,5700.6296,495.58494,1.6966378
4772000.0,1692.4061,5745.2078,3969.8453,251.3306,106.89119,106.89119,106.89119,5855.3096,5703.509,5676.8048,495.69301,1.6966378
4773000.0,1731.9541,5792.5838,3909.4847,247.50917,106.89119,106.89119,106.89119,5864.0933,5724.1499,5789.5082,502.95417,1.6966378
4774000.0,1680.5828,5762.6751,3959.102,250.65044,106.89119,106.89119,106.89119,5776.9919,5765.5868,5745.4467,505.12486,1.6966378
4775000.0,1871.6889,5827.8022,4024.5875,254.79632,106.89119,106.89119,106.89119,5869.8939,5790.4079,5823.1049,496.43385,1.6966378
4776000.0,1797.2381,5801.2708,3940.404,249.46667,106.89119,106.89119,106.89119,5852.0994,5782.5303,5769.1828,491.13019,1.6966378
4777000.0,1714.0382,5808.0932,4037.3037,255.60138,106.89119,106.89119,106.89119,5828.0969,5805.3261,5790.8566,489.88767,1.6966378
4778000.0,1734.951,5794.5832,3911.9249,247.66366,106.89119,106.89119,106.89119,5866.1806,5792.0719,5725.4971,500.94438,1.6966378
4779000.0,1790.6108,5813.7674,3971.9869,251.46618,106.89119,106.89119,106.89119,5814.4888,5857.2161,5769.5972,499.89511,1.6966378
4780000.0,1771.7065,5813.0773,3963.934,250.95635,106.89119,106.89119,106.89119,5814.8852,5858.6866,5765.6602,496.87198,1.6966378
4781000.0,1720.2051,5776.4028,3958.0255,250.58229,106.89119,106.89119,106.89119,5773.1462,5787.0218,5769.0403,495.12018,1.6966378
4782000.0,1804.8749,5806.9766,3940.7578,249.48907,106.89119,106.89119,106.89119,5884.0942,5831.9665,5704.8692,497.37443,1.6966378
4783000.0,1794.4165,5804.6473,3948.5427,249.98193,106.89119,106.89119,106.89119,5902.701,5810.7055,5700.5353,499.12274,1.6966378
4784000.0,1813.2118,5804.4587,3982.7799,252.14948,106.89119,106.89119,106.89119,5826.4275,5857.3783,5729.5703,496.3929,1.6966378
4785000.0,1696.9793,5760.204,3961.7143,250.81582,106.89119,106.89119,106.89119,5809.8736,5771.3912,5699.3471,494.07752,1.6966378
4786000.0,1840.6215,5816.4905,4019.9294,254.50142,106.89119,106.89119,106.89119,5891.1182,5830.0007,5728.3527,496.95883,1.6966378
4787000.0,1674.8373,5777.2721,3990.1728,252.61753,106.89119,106.89119,106.89119,5861.7244,5771.4922,5698.5998,495.81062,1.6966378
4788000.0,1825.8449,5816.0689,3938.927,249.37316,106.89119,106.89119,106.89119,5846.9098,5853.0629,5748.2339,501.50457,1.6966378
4789000.0,1849.5672,5815.2008,3942.4011,249.59311,106.89119,106.89119,106.89119,5880.3477,5790.6744,5774.5801,503.49829,1.6966378
4790000.0,1799.9001,5797.4295,3991.2639,252.68661,106.89119,106.89119,106.89119,5840.1583,5797.2885,5754.8419,504.02734,1.6966378
4791000.0,1781.3026,5805.5379,4052.0862,256.53726,106.89119,106.89119,106.89119,5865.9574,5793.5517,5757.1045,502.15414,1.6966378
4792000.0,1739.4219,5803.7807,3936.8956,249.24456,106.89119,106.89119,106.89119,5823.8334,5854.3745,5733.1342,501.43496,1.6966378
4793000.0,1768.5683,5798.5232,3971.0522,251.407,106.89119,106.89119,106.89119,5834.5398,5797.3892,5763.6407,502.84922,1.6966378
4794000.0,1820.8593,5827.7515,3951.8163,250.18918,106.89119,106.89119,106.89119,5845.2714,5854.5228,5783.4604,500.09818,1.6966378
4795000.0,1753.7552,5808.9725,4052.5263,256.56513,106.89119,106.89119,106.89119,5783.1663,5864.0964,5779.6549,502.41032,1.6966378
4796000.0,1774.6772,5806.8986,3937.2216,249.26519,106.89119,106.89119,106.89119,5855.5672,5808.6154,5756.5132,503.22176,1.6966378
4797000.0,1776.2959,5806.7333,3935.7038,249.1691,106.89119,106.89119,106.89119,5848.4038,5821.4211,5750.3752,499.63768,1.6966378
4798000.0,1709.3572,5766.9723,3911.5234,247.63824,106.89119,106.89119,106.89119,5890.9958,5707.9155,5702.0056,500.59615,1.6966378
4799000.0,1633.8233,5762.8912,3999.8697,253.23144,106.89119,106.89119,106.89119,5813.5658,5715.5303,5759.5776,503.58529,1.6966378
4800000.0,1746.3248,5805.9289,4000.3838,253.26399,106.89119,106.89119,106.89119,5829.2884,5784.6725,5803.8258,496.02343,1.6966378
4801000.0,1818.6857,5824.5393,3957.7781,250.56662,106.89119,106.89119,106.89119,5878.1053,5761.2827,5834.2299,498.5062,1.6966378
4802000.0,1817.8915,5792.9265,3992.7697,252.78194,106.89119,106.89119,106.89119,5814.4355,5813.369,5750.9749,501.21389,1.6966378
4803000.0,1713.0099,5808.4664,3964.1239,250.96837,106.89119,106.89119,106.89119,5890.9741,5738.0677,5796.3573,505.90996,1.6966378
4804000.0,1766.286,5790.8489,3956.0423,250.45673,106.89119,106.89119,106.89119,5850.0697,5758.1168,5764.36,500.13942,1.6966378
4805000.0,1761.5049,5809.7419,3962.091,250.83967,106.89119,106.89119,106.89119,5832.0176,5792.4768,5804.7313,498.3328,1.6966378
4806000.0,1828.9526,5806.0024,3976.1667,251.7308,106.89119,106.89119,106.89119,5827.011,5755.9707,5835.0255,509.67001,1.6966378
4807000.0,1739.014,5790.1587,3891.0037,246.33914,106.89119,106.89119,106.89119,5783.1975,5828.7299,5758.5488,502.20716,1.6966378
4808000.0,1827.7768,5821.9936,4024.3613,254.782,106.89119,106.89119,106.89119,5824.9771,5808.6141,5832.3895,495.67752,1.6966378
4809000.0,1740.9201,5778.9564,3941.2039,249.51731,106.89119,106.89119,106.89119,5790.8571,5764.5989,5781.4132,501.38662,1.6966378
4810000.0,1782.9397,5819.4816,3906.3198,247.3088,106.89119,106.89119,106.89119,5846.3095,5854.0978,5758.0375,501.64695,1.6966378
4811000.0,1756.2232,5807.5419,4012.4335,254.02685,106.89119,106.89119,106.89119,5838.9141,5792.3904,5791.3211,495.99576,1.6966378
4812000.0,1761.6813,5792.4689,3989.4197,252.56985,106.89119,106.89119,106.89119,5858.3604,5813.5473,5705.4989,496.45209,1.6966378
4813000.0,1773.7179,5794.4154,3927.2123,248.6315,106.89119,106.89119,106.89119,5870.3426,5783.8312,5729.0723,499.16229,1.6966378
4814000.0,1790.9207,5791.5435,3937.548,249.28585,106.89119,106.89119,106.89119,5812.8422,5800.4926,5761.2959,500.6151,1.6966378
4815000.0,1813.131,5807.4599,3899.5394,246.87954,106.89119,106.89119,106.89119,5826.4289,5866.0794,5729.8715,499.62481,1.6966378
4816000.0,1720.1437,5783.2111,4001.6999,253.34731,106.89119,106.89119,106.89119,5821.2676,5791.459,5736.9069,496.24145,1.6966378
4817000.0,1803.695,5775.2175,3961.2631,250.78726,106.89119,106.89119,106.89119,5784.295,5805.8706,5735.4867,497.02784,1.6966378
4818000.0,1811.3137,5811.7013,4028.5506,255.04723,106.89119,106.89119,106.89119,5849.4602,5820.6217,5765.022,498.30901,1.6966378
4819000.0,1778.395,5787.8317,3910.7271,247.58783,106.89119,106.89119,106.89119,5828.3266,5825.1255,5710.0431,499.63749,1.6966378
4820000.0,1885.3171,5838.3782,4031.9861,255.26473,106.89119,106.89119,106.89119,5775.5686,5919.1492,5820.4167,498.36962,1.6966378
4821000.0,1790.1288,5804.5322,3927.8122,248.66948,106.89119,106.89119,106.89119,5863.94,5801.4687,5748.188,499.15222,1.6966378
4822000.0,1803.7799,5835.2406,4037.6234,255.62162,106.89119,106.89119,106.89119,5810.9254,5874.3209,5820.4754,494.6269,1.6966378
4823000.0,1753.4804,5828.4776,3984.2739,252.24407,106.89119,106.89119,106.89119,5811.6965,5867.5743,5806.1619,503.7653,1.6966378
4824000.0,1874.4046,5803.7861,3980.7245,252.01936,106.89119,106.89119,106.89119,5837.6232,5821.425,5752.3102,503.86118,1.6966378
4825000.0,1647.0681,5753.9747,4026.7644,254.93414,106.89119,106.89119,106.89119,5800.1393,5771.9398,5689.8449,506.57063,1.6966378
4826000.0,1724.8367,5823.3122,4043.0019,255.96213,106.89119,106.89119,106.89119,5843.2325,5863.9542,5762.7501,502.2322,1.6966378
4827000.0,1789.2223,5813.0762,3948.2339,249.96238,106.89119,106.89119,106.89119,5848.4975,5772.1556,5818.5757,506.34351,1.6966378
4828000.0,1768.6876,5801.3306,3981.0165,252.03785,106.89119,106.89119,106.89119,5789.9143,5849.4759,5764.6017,507.36658,1.6966378
4829000.0,1804.0513,5819.6698,3894.9361,246.5881,106.89119,106.89119,106.89119,5908.061,5822.9534,5727.9949,508.26623,1.6966378
4830000.0,1833.2655,5821.0805,4011.3234,253.95657,106.89119,106.89119,106.89119,5854.7489,5765.3829,5843.1095,501.40835,1.6966378
4831000.0,1769.8607,5818.337,3930.4387,248.83577,106.89119,106.89119,106.89119,5921.6942,5796.6706,5736.6463,499.99507,1.6966378
4832000.0,1762.612,5792.6839,3980.2938,251.99209,106.89119,106.89119,106.89119,5812.3207,5799.4197,5766.3113,501.05234,1.6966378
4833000.0,1752.7615,5830.3314,3933.1061,249.00464,106.89119,106.89119,106.89119,5844.8656,5820.4315,5825.6972,500.96172,1.6966378
4834000.0,1786.0674,5808.302,3957.848,250.57105,106.89119,106.89119,106.89119,5833.5694,5798.4435,5792.8931,500.3149,1.6966378
4835000.0,1756.851,5817.5336,4000.976,253.30148,106.89119,106.89119,106.89119,5847.6563,5855.5366,5749.4079,501.64449,1.6966378
4836000.0,1819.2293,5803.7257,3950.6573,250.11581,106.89119,106.89119,106.89119,5886.7598,5812.1937,5712.2236,486.31144,1.6966378
4837000.0,1715.2778,5790.7922,3896.6616,246.69734,106.89119,106.89119,106.89119,5811.9314,5799.8017,5760.6435,489.81529,1.6966378
4838000.0,1730.1886,5788.8064,3939.1441,249.3869,106.89119,106.89119,106.89119,5856.5664,5777.2478,5732.6049,496.00632,1.6966378
4839000.0,1757.1778,5789.5816,4053.5578,256.63043,106.89119,106.89119,106.89119,5865.9652,5809.8783,5692.9013,485.28355,1.6966378
4840000.0,1775.9472,5819.745,3913.353,247.75408,106.89119,106.89119,106.89119,5861.7136,5767.8235,5829.6978,495.57207,1.6966378
4841000.0,1805.5212,5800.1895,3975.2153,251.67057,106.89119,106.89119,106.89119,5772.9678,5835.3688,5792.2319,487.56388,1.6966378
4842000.0,1803.0075,5809.2911,3965.7279,251.06993,106.89119,106.89119,106.89119,5833.4981,5857.8381,5736.5372,484.76454,1.6966378
4843000.0,1803.3069,5815.3707,3940.9373,249.50044,106.89119,106.89119,106.89119,5888.3709,5792.694,5765.0471,485.99776,1.6966378
4844000.0,1795.3969,5786.9221,3889.7129,246.25742,106.89119,106.89119,106.89119,5811.5609,5771.0783,5778.127,499.29738,1.6966378
4845000.0,1726.5526,5772.1052,3933.4061,249.02363,106.89119,106.89119,106.89119,5838.4563,5769.3235,5708.5359,500.02545,1.6966378
4846000.0,1779.6896,5812.3708,3967.666,251.19262,106.89119,106.89119,106.89119,5929.0992,5779.7923,5728.221,497.19611,1.6966378
4847000.0,1808.6989,5798.9486,3994.5492,252.8946,106.89119,106.89119,106.89119,5897.206,5772.4603,5727.1794,501.85767,1.6966378
4848000.0,1773.9619,5796.0178,3946.5602,249.85642,106.89119,106.89119,106.89119,5889.5738,5776.5882,5721.8915,496.84106,1.6966378
4849000.0,1738.4725,5775.7154,3886.2525,246.03834,106.89119,106.89119,106.89119,5812.2782,5728.2623,5786.6058,495.92158,1.6966378
4850000.0,1766.8371,5796.9554,3904.5431,247.19632,106.89119,106.89119,106.89119,5872.2517,5756.8094,5761.8051,495.02261,1.6966378
4851000.0,1798.683,5792.4129,3938.4758,249.3446,106.89119,106.89119,106.89119,5839.5837,5805.381,5732.2738,492.466,1.6966378
4852000.0,1794.0092,5799.7748,3898.4484,246.81047,106.89119,106.89119,106.89119,5857.1264,5846.8035,5695.3944,498.06816,1.6966378
4853000.0,1765.205,5787.5797,3990.1502,252.6161,106.89119,106.89119,106.89119,5834.396,5861.2891,5667.0541,499.97137,1.6966378
4854000.0,1768.3093,5806.5543,3955.4612,250.41994,106.89119,106.89119,106.89119,5902.5509,5715.8798,5801.2323,506.19434,1.6966378
4855000.0,1754.9197,5797.8106,3999.5417,253.21067,106.89119,106.89119,106.89119,5874.8689,5788.5445,5730.0185,500.13798,1.6966378
4856000.0,1719.2693,5789.9989,4004.7585,253.54095,106.89119,106.89119,106.89119,5814.7443,5821.5021,5733.7502,501.04902,1.6966378
4857000.0,1714.3686,5808.6449,3961.4726,250.80052,106.89119,106.89119,106.89119,5840.263,5818.9909,5766.6806,497.93869,1.6966378
4858000.0,1727.7728,5773.9809,3957.3458,250.53925,106.89119,106.89119,106.89119,5786.2493,5796.5503,5739.1432,500.6506,1.6966378
4859000.0,1750.012,5795.681,3944.1747,249.70539,106.89119,106.89119,106.89119,5913.9957,5748.8372,5724.21,500.28372,1.6966378
4860000.0,1736.4404,5795.0072,3904.1476,247.17128,106.89119,106.89119,106.89119,5843.5684,5741.307,5800.1462,503.48398,1.6966378
4861000.0,1837.1773,5803.1115,3984.2628,252.24337,106.89119,106.89119,106.89119,5849.184,5804.4658,5755.6846,497.41116,1.6966378
4862000.0,1785.2338,5796.9481,3977.7622,251.83181,106.89119,106.89119,106.89119,5851.9126,5782.8122,5756.1193,500.8861,1.6966378
4863000.0,1789.7647,5803.6761,3962.2035,250.8468,106.89119,106.89119,106.89119,5857.3025,5811.4089,5742.3169,500.26734,1.6966378
4864000.0,1811.9123,5808.2216,3892.7471,246.44951,106.89119,106.89119,106.89119,5859.346,5863.4501,5701.8687,499.99775,1.6966378
4865000.0,1833.5477,5823.52,3963.941,250.95679,106.89119,106.89119,106.89119,5865.89,5816.5832,5788.0868,499.40317,1.6966378
4866000.0,1764.2226,5796.8502,3945.4218,249.78435,106.89119,106.89119,106.89119,5876.9637,5761.7508,5751.8362,498.65981,1.6966378
4867000.0,1828.4242,5802.709,3920.8883,248.23113,106.89119,106.89119,106.89119,5881.1423,5835.1448,5691.84,499.91309,1.6966378
4868000.0,1802.7159,5797.1045,3966.8881,251.14338,106.89119,106.89119,106.89119,5881.1543,5766.5152,5743.6439,495.60951,1.6966378
4869000.0,1824.3854,5817.1914,3918.7819,248.09777,106.89119,106.89119,106.89119,5854.4337,5880.7492,5716.3913,497.5224,1.6966378
4870000.0,1786.3512,5822.4098,3935.7073,249.16932,106.89119,106.89119,106.89119,5839.8797,5839.4038,5787.9459,502.10752,1.6966378
4871000.0,1824.0582,5828.5287,3858.293,244.26823,106.89119,106.89119,106.89119,5910.1256,5757.7556,5817.7051,502.64161,1.6966378
4872000.0,1592.0713,5762.7251,3889.0813,246.21743,106.89119,106.89119,106.89119,5809.6553,5794.1444,5684.3756,508.51208,1.6966378
4873000.0,1732.1471,5796.0641,3937.9366,249.31046,106.89119,106.89119,106.89119,5850.328,5724.9888,5812.8756,503.48209,1.6966378
4874000.0,1785.7556,5810.0096,3935.9331,249.18362,106.89119,106.89119,106.89119,5841.8198,5801.2916,5786.9174,510.60444,1.6966378
4875000.0,1758.8369,5805.4334,3909.2502,247.49432,106.89119,106.89119,106.89119,5878.8994,5804.3729,5733.0281,502.71178,1.6966378
4876000.0,1791.0677,5816.3564,3954.33,250.34833,106.89119,106.89119,106.89119,5881.7604,5782.4523,5784.8565,508.34478,1.6966378
4877000.0,1779.3622,5804.9086,4035.4402,255.4834,106.89119,106.89119,106.89119,5852.0466,5813.0483,5749.6309,498.54637,1.6966378
4878000.0,1791.0447,5808.5194,3917.8981,248.04182,106.89119,106.89119,106.89119,5882.9322,5780.5574,5762.0687,500.84498,1.6966378
4879000.0,1779.5201,5821.2331,4003.1617,253.43986,106.89119,106.89119,106.89119,5866.8024,5805.4611,5791.4359,503.10179,1.6966378
4880000.0,1837.6645,5799.8893,3918.9079,248.10575,106.89119,106.89119,106.89119,5819.1754,5810.5535,5769.939,500.7023,1.6966378
4881000.0,1819.1654,5800.5675,3948.7529,249.99524,106.89119,106.89119,106.89119,5823.0165,5731.5851,5847.1009,500.22503,1.6966378
4882000.0,1813.7675,5813.5765,3871.7169,245.1181,106.89119,106.89119,106.89119,5822.0575,5833.2,5785.472,505.73279,1.6966378
4883000.0,1803.0393,5822.3157,4011.6602,253.97789,106.89119,106.89119,106.89119,5826.2266,5882.2328,5758.4877,498.82671,1.6966378
4884000.0,1752.0041,5819.029,3897.3212,246.7391,106.89119,106.89119,106.89119,5850.7133,5821.3414,5785.0322,504.36668,1.6966378
4885000.0,1704.4056,5790.6579,3966.9509,251.14735,106.89119,106.89119,106.89119,5841.6965,5772.6329,5757.6442,505.34186,1.6966378
4886000.0,1743.2239,5796.3027,3911.8333,247.65786,106.89119,106.89119,106.89119,5861.9265,5805.8133,5721.1683,507.43549,1.6966378
4887000.0,1774.3147,5791.6535,3884.4943,245.92703,106.89119,106.89119,106.89119,5828.0425,5825.126,5721.7919,504.27343,1.6966378
4888000.0,1786.6893,5804.3257,3950.755,250.12199,106.89119,106.89119,106.89119,5842.9985,5812.8198,5757.1587,501.67776,1.6966378
4889000.0,1726.8583,5804.6096,3962.8049,250.88487,106.89119,106.89119,106.89119,5872.2311,5764.9335,5776.6642,505.22431,1.6966378
4890000.0,1794.1378,5811.782,4031.5466,255.2369,106.89119,106.89119,106.89119,5832.6957,5844.6404,5758.0098,506.33195,1.6966378
4891000.0,1714.2368,5794.0775,3866.3412,244.77776,106.89119,106.89119,106.89119,5766.9195,5799.9985,5815.3146,497.06418,1.6966378
4892000.0,1758.2085,5787.3131,3960.2629,250.72394,106.89119,106.89119,106.89119,5868.5235,5785.0378,5708.3781,495.53204,1.6966378
4893000.0,1704.1738,5773.1982,3988.4909,252.51105,106.89119,106.89119,106.89119,5793.6783,5732.3452,5793.571,495.89718,1.6966378
4894000.0,1761.4068,5802.0229,3901.4233,246.9988,106.89119,106.89119,106.89119,5850.9951,5776.9239,5778.1496,498.60177,1.6966378
4895000.0,1676.565,5799.5128,3931.215,248.88492,106.89119,106.89119,106.89119,5814.8903,5778.9826,5804.6654,503.81652,1.6966378
4896000.0,1787.7646,5782.3593,4052.2289,256.5463,106.89119,106.89119,106.89119,5823.6881,5795.4398,5727.95,503.23451,1.6966378
4897000.0,1748.68,5798.4717,4012.6418,254.04004,106.89119,106.89119,106.89119,5846.5259,5749.0395,5799.8495,488.84034,1.6966378
4898000.0,1805.3547,5801.6847,3938.4319,249.34182,106.89119,106.89119,106.89119,5843.038,5826.9316,5735.0843,483.2021,1.6966378
4899000.0,1749.5652,5787.8886,3961.4834,250.8012,106.89119,106.89119,106.89119,5782.8138,5826.5235,5754.3286,488.49502,1.6966378
4900000.0,1751.9661,5794.8309,3934.7275,249.10729,106.89119,106.89119,106.89119,5823.6335,5856.7905,5704.0687,503.14654,1.6966378
4901000.0,1755.277,5797.9575,3908.3704,247.43862,106.89119,106.89119,106.89119,5794.0476,5809.365,5790.4599,506.26254,1.6966378
4902000.0,1661.8321,5800.07,3967.7738,251.19945,106.89119,106.89119,106.89119,5858.1639,5795.2631,5746.783,500.50097,1.6966378
4903000.0,1732.7443,5817.4025,3953.6854,250.30751,106.89119,106.89119,106.89119,5806.7544,5880.5347,5764.9185,500.81919,1.6966378
4904000.0,1759.6459,5791.3667,3982.1239,252.10795,106.89119,106.89119,106.89119,5847.4727,5757.9475,5768.6797,498.87384,1.6966378
4905000.0,1744.6836,5801.5346,3875.9009,245.38298,106.89119,106.89119,106.89119,5855.1641,5803.8918,5745.5479,498.41705,1.6966378
4906000.0,1699.7247,5794.9891,3955.8097,250.442,106.89119,106.89119,106.89119,5849.314,5737.4139,5798.2394,495.93113,1.6966378
4907000.0,1792.6067,5812.9958,4039.6761,255.75158,106.89119,106.89119,106.89119,5842.9275,5831.8333,5764.2265,494.97068,1.6966378
4908000.0,1775.1037,5805.4731,4041.7559,255.88325,106.89119,106.89119,106.89119,5892.2819,5807.4588,5716.6784,497.39339,1.6966378
4909000.0,1757.6756,5809.3883,3965.4044,251.04944,106.89119,106.89119,106.89119,5879.4643,5820.7782,5727.9223,498.00421,1.6966378
4910000.0,1767.7851,5812.2667,3968.0798,251.21882,106.89119,106.89119,106.89119,5852.9858,5863.4346,5720.3798,499.40467,1.6966378
4911000.0,1723.4106,5770.4669,3962.4709,250.86372,106.89119,106.89119,106.89119,5823.2872,5779.5954,5708.518,498.44663,1.6966378
4912000.0,1743.7208,5797.444,3913.3576,247.75436,106.89119,106.89119,106.89119,5841.7667,5795.7355,5754.8298,496.91448,1.6966378
4913000.0,1757.0935,5812.3163,4031.6293,255.24214,106.89119,106.89119,106.89119,5882.2429,5816.9274,5737.7785,499.04606,1.6966378
4914000.0,1742.6199,5800.0441,3911.3153,247.62506,106.89119,106.89119,106.89119,5867.9412,5783.9399,5748.2513,497.23867,1.6966378
4915000.0,1820.8586,5810.6957,3980.1356,251.98207,106.89119,106.89119,106.89119,5805.0656,5792.0837,5834.9378,494.28666,1.6966378
4916000.0,1757.7209,5825.8031,3975.1478,251.6663,106.89119,106.89119,106.89119,5882.8609,5811.296,5783.2523,494.03232,1.6966378
4917000.0,1691.0765,5789.8512,3927.5544,248.65316,106.89119,106.89119,106.89119,5837.3995,5777.5493,5754.605,490.2646,1.6966378
4918000.0,1779.5319,5784.118,3977.9203,251.84183,106.89119,106.89119,106.89119,5805.5294,5739.8458,5806.9787,497.32638,1.6966378
4919000.0,1754.7689,5788.7454,3937.7646,249.29957,106.89119,106.89119,106.89119,5829.8308,5744.3944,5792.0109,493.75926,1.6966378
4920000.0,1745.3974,5761.2261,3910.2244,247.556,106.89119,106.89119,106.89119,5787.1859,5762.2853,5734.2071,495.40803,1.6966378
4921000.0,1747.9948,5798.0071,3971.837,251.45669,106.89119,106.89119,106.89119,5853.62,5790.2491,5750.1521,498.50718,1.6966378
4922000.0,1794.5387,5808.371,3954.6248,250.36699,106.89119,106.89119,106.89119,5864.9151,5851.0321,5709.166,500.50529,1.6966378
4923000.0,1797.4454,5810.5815,3927.6808,248.66116,106.89119,106.89119,106.89119,5859.2991,5751.531,5820.9144,499.58263,1.6966378
4924000.0,1707.2248,5780.7114,4024.305,254.77844,106.89119,106.89119,106.89119,5786.8993,5787.668,5767.5669,498.15595,1.6966378
4925000.0,1762.6454,5788.2666,3920.1389,248.18369,106.89119,106.89119,106.89119,5806.9981,5792.9405,5764.8611,500.01608,1.6966378
4926000.0,1601.6189,5755.1337,3908.4754,247.44528,106.89119,106.89119,106.89119,5803.4775,5711.0309,5750.8927,500.27125,1.6966378
4927000.0,1739.3026,5804.9442,3968.1348,251.22231,106.89119,106.89119,106.89119,5858.2638,5797.523,5759.0458,502.83436,1.6966378
4928000.0,1722.1761,5785.909,4002.424,253.39315,106.89119,106.89119,106.89119,5805.0163,5782.3306,5770.3802,503.69906,1.6966378
4929000.0,1762.1094,5812.8067,3958.5074,250.61279,106.89119,106.89119,106.89119,5843.5351,5788.2452,5806.6399,498.13465,1.6966378
4930000.0,1822.2622,5805.2706,3978.4509,251.87542,106.89119,106.89119,106.89119,5866.9551,5786.3243,5762.5325,503.4188,1.6966378
4931000.0,1773.7305,5829.4459,3899.7794,246.89473,106.89119,106.89119,106.89119,5897.3971,5847.298,5743.6426,499.05674,1.6966378
4932000.0,1813.3993,5811.8557,3946.3081,249.84046,106.89119,106.89119,106.89119,5841.4175,5803.4584,5790.6912,492.09457,1.6966378
4933000.0,1775.4649,5798.7702,3962.7459,250.88114,106.89119,106.89119,106.89119,5891.2187,5746.4448,5758.6471,498.3369,1.6966378
4934000.0,1731.3785,5795.7945,3981.8564,252.09102,106.89119,106.89119,106.89119,5855.791,5747.1012,5784.4912,499.5444,1.6966378
4935000.0,1725.5014,5778.4011,3925.0598,248.49523,106.89119,106.89119,106.89119,5832.8625,5779.7679,5722.5728,508.70796,1.6966378
4936000.0,1735.9835,5777.6072,4002.0446,253.36913,106.89119,106.89119,106.89119,5796.4268,5791.1745,5745.2202,507.11921,1.6966378
4937000.0,1778.7551,5811.9407,3898.8918,246.83854,106.89119,106.89119,106.89119,5905.0357,5762.996,5767.7905,507.59408,1.6966378
4938000.0,1787.0555,5802.6531,3904.0434,247.16469,106.89119,106.89119,106.89119,5856.5551,5787.2406,5764.1636,507.77895,1.6966378
4939000.0,1728.7776,5790.721,3963.6815,250.94037,106.89119,106.89119,106.89119,5858.0857,5783.3252,5730.7521,504.6612,1.6966378
4940000.0,1760.851,5762.9452,4015.3111,254.20903,106.89119,106.89119,106.89119,5833.9736,5713.2079,5741.6541,503.63209,1.6966378
4941000.0,1752.2743,5806.9295,3932.637,248.97494,106.89119,106.89119,106.89119,5884.3455,5764.126,5772.3172,506.02429,1.6966378
4942000.0,1803.1464,5801.6335,4008.9285,253.80495,106.89119,106.89119,106.89119,5787.7746,5813.9546,5803.1713,504.54338,1.6966378
4943000.0,1776.872,5781.5523,3961.6548,250.81206,106.89119,106.89119,106.89119,5814.1492,5755.1452,5775.3626,499.40416,1.6966378
4944000.0,1799.7846,5806.218,3868.6938,244.9267,106.89119,106.89119,106.89119,5822.5506,5794.4475,5801.656,500.77889,1.6966378
4945000.0,1715.0436,5795.7052,3993.2392,252.81166,106.89119,106.89119,106.89119,5862.8335,5794.0841,5730.1981,501.60042,1.6966378
4946000.0,1814.8494,5815.7697,3906.3686,247.31189,106.89119,106.89119,106.89119,5828.1469,5836.0085,5783.1539,503.44442,1.6966378
4947000.0,1761.9094,5804.0608,3928.261,248.6979,106.89119,106.89119,106.89119,5859.3204,5798.7433,5754.1186,491.13941,1.6966378
4948000.0,1790.585,5832.7419,3997.6434,253.09049,106.89119,106.89119,106.89119,5844.3362,5849.6282,5804.2613,493.96327,1.6966378
4949000.0,1765.6734,5816.6892,3921.2696,248.25527,106.89119,106.89119,106.89119,5798.0831,5884.9565,5767.0281,497.30158,1.6966378
4950000.0,1806.6391,5813.9046,3898.12,246.78967,106.89119,106.89119,106.89119,5873.4251,5813.7009,5754.5879,498.09997,1.6966378
4951000.0,1771.4383,5777.0308,3982.1676,252.11072,106.89119,106.89119,106.89119,5840.1867,5786.2222,5704.6835,499.43464,1.6966378
4952000.0,1782.0705,5800.425,3935.4202,249.15114,106.89119,106.89119,106.89119,5823.487,5831.006,5746.7819,500.08163,1.6966378
4953000.0,1709.6661,5797.5476,4071.5074,257.76682,106.89119,106.89119,106.89119,5818.2143,5788.2499,5786.1785,504.83005,1.6966378
4954000.0,1679.2411,5776.8564,3988.8478,252.53365,106.89119,106.89119,106.89119,5859.9494,5713.8601,5756.7598,501.78323,1.6966378
4955000.0,1710.5703,5780.7482,3957.1508,250.52691,106.89119,106.89119,106.89119,5881.4219,5751.1373,5709.6855,501.06091,1.6966378
4956000.0,1709.3229,5786.0358,3928.8015,248.73211,106.89119,106.89119,106.89119,5845.8688,5767.6362,5744.6023,500.83456,1.6966378
4957000.0,1715.2327,5785.4317,3947.3919,249.90908,106.89119,106.89119,106.89119,5827.6624,5751.2567,5777.3759,495.5381,1.6966378
4958000.0,1738.1646,5809.2294,3933.2503,249.01377,106.89119,106.89119,106.89119,5898.5814,5774.0144,5755.0923,496.05364,1.6966378
4959000.0,1782.2729,5775.5213,3932.02,248.93588,106.89119,106.89119,106.89119,5810.816,5756.3366,5759.4113,499.31814,1.6966378
4960000.0,1726.9727,5788.471,3935.7687,249.17321,106.89119,106.89119,106.89119,5812.5079,5778.3434,5774.5617,498.39178,1.6966378
4961000.0,1794.233,5808.9509,3998.4296,253.14026,106.89119,106.89119,106.89119,5855.9322,5781.9728,5788.9476,495.16389,1.6966378
4962000.0,1734.9333,5794.3982,3968.8895,251.27009,106.89119,106.89119,106.89119,5830.3727,5756.4851,5796.3369,495.14724,1.6966378
4963000.0,1816.2937,5813.905,3934.4481,249.0896,106.89119,106.89119,106.89119,5807.3649,5821.2847,5813.0654,501.08059,1.6966378
4964000.0,1834.6886,5823.84,3914.8278,247.84744,106.89119,106.89119,106.89119,5889.512,5799.0567,5782.9513,498.82896,1.6966378
4965000.0,1783.3189,5807.1129,4000.8098,253.29096,106.89119,106.89119,106.89119,5843.4205,5799.2738,5778.6445,500.43941,1.6966378
4966000.0,1811.4948,5796.4581,3940.2738,249.45843,106.89119,106.89119,106.89119,5871.7658,5740.0428,5777.5656,489.43858,1.6966378
4967000.0,1729.3661,5832.3458,3928.0223,248.68279,106.89119,106.89119,106.89119,5904.7139,5778.5119,5813.8116,499.81496,1.6966378
4968000.0,1695.5985,5799.3448,4055.1697,256.73248,106.89119,106.89119,106.89119,5843.9074,5758.7807,5795.3464,491.71068,1.6966378
4969000.0,1739.44,5788.3128,3987.1334,252.42511,106.89119,106.89119,106.89119,5811.1175,5802.8051,5751.0158,496.69769,1.6966378
4970000.0,1761.9419,5789.1562,3913.664,247.77377,106.89119,106.89119,106.89119,5875.7374,5778.6897,5713.0415,497.16424,1.6966378
4971000.0,1745.6966,5774.4798,3996.2916,253.00491,106.89119,106.89119,106.89119,5857.1218,5774.8389,5691.4786,498.28749,1.6966378
4972000.0,1761.8704,5792.6318,3949.6996,250.05517,106.89119,106.89119,106.89119,5805.0613,5803.3292,5769.5049,494.03269,1.6966378
4973000.0,1786.4913,5818.6008,3874.9594,245.32338,106.89119,106.89119,106.89119,5810.1796,5815.3492,5830.2735,495.29508,1.6966378
4974000.0,1690.6556,5769.2126,3871.914,245.13057,106.89119,106.89119,106.89119,5783.3839,5767.6574,5756.5964,499.28285,1.6966378
4975000.0,1715.0734,5792.997,3891.9168,246.39695,106.89119,106.89119,106.89119,5794.8777,5796.8107,5787.3027,496.38727,1.6966378
4976000.0,1686.4208,5779.7233,3933.7665,249.04645,106.89119,106.89119,106.89119,5814.2018,5713.3335,5811.6346,497.36024,1.6966378
4977000.0,1808.2643,5797.4336,3896.2167,246.66917,106.89119,106.89119,106.89119,5887.2861,5760.0407,5744.9742,492.58393,1.6966378
4978000.0,1746.0546,5806.7313,3989.0308,252.54523,106.89119,106.89119,106.89119,5835.2223,5795.4645,5789.5071,494.08479,1.6966378
4979000.0,1643.4206,5751.0164,3965.7475,251.07117,106.89119,106.89119,106.89119,5809.7246,5726.1778,5717.1468,499.20323,1.6966378
4980000.0,1808.7866,5814.5949,3863.8582,244.62056,106.89119,106.89119,106.89119,5853.1922,5784.5197,5806.0727,497.0924,1.6966378
4981000.0,1729.1446,5791.3061,3917.0785,247.98993,106.89119,106.89119,106.89119,5777.2799,5779.4467,5817.1916,496.713,1.6966378
4982000.0,1723.7664,5780.0986,3920.3351,248.19611,106.89119,106.89119,106.89119,5837.4818,5698.7197,5804.0943,494.11319,1.6966378
4983000.0,1733.5478,5787.8465,3971.3546,251.42615,106.89119,106.89119,106.89119,5840.0472,5769.1067,5754.3857,503.36543,1.6966378
4984000.0,1787.489,5783.1809,3876.6097,245.42786,106.89119,106.89119,106.89119,5854.8037,5717.5282,5777.2109,499.70434,1.6966378
4985000.0,1773.0937,5801.136,3928.8422,248.73469,106.89119,106.89119,106.89119,5902.4413,5771.3276,5729.6391,492.74752,1.6966378
4986000.0,1819.7588,5825.4611,3880.7399,245.68934,106.89119,106.89119,106.89119,5882.1806,5756.6854,5837.5174,509.52644,1.6966378
4987000.0,1763.2861,5807.3325,3928.3034,248.70058,106.89119,106.89119,106.89119,5905.7259,5736.5691,5779.7024,508.1581,1.6966378
4988000.0,1723.5533,5791.601,3930.9337,248.8671,106.89119,106.89119,106.89119,5780.2328,5788.0951,5806.4752,498.70147,1.6966378
4989000.0,1756.0785,5795.1401,3926.3162,248.57477,106.89119,106.89119,106.89119,5829.9263,5823.2719,5732.222,495.57214,1.6966378
4990000.0,1780.7252,5804.9955,3939.7329,249.42418,106.89119,106.89119,106.89119,5864.688,5795.3202,5754.9782,487.65714,1.6966378
4991000.0,1769.5662,5779.6765,3934.1971,249.07371,106.89119,106.89119,106.89119,5801.5498,5723.6201,5813.8596,497.985,1.6966378
4992000.0,1831.9954,5793.6533,4034.1914,255.40434,106.89119,106.89119,106.89119,5815.3939,5825.6811,5739.885,502.75611,1.6966378
4993000.0,1717.3083,5802.0496,4013.4072,254.0885,106.89119,106.89119,106.89119,5850.7911,5838.6599,5716.6977,498.55589,1.6966378
4994000.0,1766.4085,5825.4644,3939.8265,249.43011,106.89119,106.89119,106.89119,5846.7789,5822.5933,5807.0209,495.44886,1.6966378
4995000.0,1722.419,5781.4276,3942.2847,249.58574,106.89119,106.89119,106.89119,5857.3461,5730.7729,5756.1638,485.1204,1.6966378
4996000.0,1810.7211,5807.2643,3976.5738,251.75658,106.89119,106.89119,106.89119,5869.3099,5807.9613,5744.5217,505.62868,1.6966378
4997000.0,1698.1826,5782.2863,3906.1394,247.29738,106.89119,106.89119,106.89119,5828.5418,5763.5618,5754.7554,499.45636,1.6966378
4998000.0,1774.6851,5802.5882,3927.2658,248.63489,106.89119,106.89119,106.89119,5898.8398,5767.4087,5741.5159,497.8742,1.6966378
4999000.0,1815.6589,5809.7354,3981.3081,252.05631,106.89119,106.89119,106.89119,5862.5553,5770.46,5796.1909,499.10289,1.6966378
5000000.0,1763.7518,5795.8711,3941.2343,249.51924,106.89119,106.89119,106.89119,5884.4702,5760.8925,5742.2506,499.16481,1.6966378
5001000.0,1715.1582,5796.8841,3983.32,252.18368,106.89119,106.89119,106.89119,5855.156,5799.2724,5736.2238,492.14742,1.6966378
5002000.0,1631.0845,5780.236,3981.2527,252.0528,106.89119,106.89119,106.89119,5830.9122,5711.5055,5798.2902,499.37134,1.6966378