Step,PotEng,Press,KinEng,Temp,Lx,Ly,Lz,Pxx,Pyy,Pzz,SPCPU,Density
1002971.0,2484.7204,5952.987,3964.0724,250.96511,106.89119,106.89119,106.89119,5993.3733,5939.7303,5925.8575,0.0,1.6966378
1003000.0,2458.4105,5961.8738,3873.2225,245.21341,106.89119,106.89119,106.89119,5980.8434,5952.3572,5952.4208,290.94062,1.6966378
1004000.0,2444.5091,5951.0752,3946.7415,249.8679,106.89119,106.89119,106.89119,5938.17,5963.0827,5951.9729,426.15083,1.6966378
1005000.0,2504.0585,5956.1924,3896.8612,246.70998,106.89119,106.89119,106.89119,6010.4429,5934.2477,5923.8866,504.56082,1.6966378
1006000.0,2444.6749,5973.8084,3958.3538,250.60307,106.89119,106.89119,106.89119,5988.4116,5925.6939,6007.3197,505.69703,1.6966378
1007000.0,2403.542,5954.0094,3942.964,249.62874,106.89119,106.89119,106.89119,6001.0808,5999.6385,5861.309,498.67999,1.6966378
1008000.0,2504.9034,5967.5782,4023.0961,254.7019,106.89119,106.89119,106.89119,6019.6544,5961.6777,5921.4024,479.10223,1.6966378
1009000.0,2506.903,5977.0658,3963.1235,250.90504,106.89119,106.89119,106.89119,5977.7061,5964.9083,5988.583,499.21017,1.6966378
1010000.0,2455.5549,5986.1122,3974.4572,251.62257,106.89119,106.89119,106.89119,5992.9553,6008.714,5956.6672,477.22707,1.6966378
1011000.0,2458.4665,5961.6251,3954.0162,250.32845,106.89119,106.89119,106.89119,6032.5836,5962.741,5889.5507,509.44378,1.6966378
1012000.0,2439.6878,5974.4508,4007.2543,253.69896,106.89119,106.89119,106.89119,6010.5456,5972.7689,5940.038,500.222,1.6966378
1013000.0,2460.5951,5982.0138,3932.9119,248.99235,106.89119,106.89119,106.89119,6010.5003,5917.5364,6018.0049,487.53299,1.6966378
1014000.0,2434.5726,5967.4272,4060.4071,257.06406,106.89119,106.89119,106.89119,6025.5708,5968.5337,5908.177,477.66244,1.6966378
1015000.0,2393.1763,5944.3166,3953.8845,250.32012,106.89119,106.89119,106.89119,5981.8853,5913.5997,5937.4647,504.29022,1.6966378
1016000.0,2451.0747,5963.2491,3986.4772,252.38356,106.89119,106.89119,106.89119,6000.6238,5914.6699,5974.4535,498.2681,1.6966378
1017000.0,2421.1978,5953.7668,3947.8592,249.93866,106.89119,106.89119,106.89119,6036.0649,5937.2982,5887.9374,499.98656,1.6966378
1018000.0,2384.4291,5925.8155,3920.6693,248.21727,106.89119,106.89119,106.89119,5938.7272,5883.0922,5955.6272,507.59798,1.6966378
1019000.0,2330.3207,5926.0041,3946.6475,249.86195,106.89119,106.89119,106.89119,5971.084,5908.6564,5898.2719,505.05384,1.6966378
1020000.0,2442.8231,5960.6153,3940.5883,249.47833,106.89119,106.89119,106.89119,6043.8129,5924.0799,5913.9532,500.20727,1.6966378
1021000.0,2491.8816,5984.7843,3883.6759,245.87522,106.89119,106.89119,106.89119,6066.0196,5958.3959,5929.9374,492.59306,1.6966378
1022000.0,2470.1971,5958.6613,3988.3307,252.50091,106.89119,106.89119,106.89119,5985.4784,5937.0478,5953.4577,506.44098,1.6966378
1023000.0,2456.1481,5954.0808,3935.5869,249.1617,106.89119,106.89119,106.89119,6021.2466,5960.7243,5880.2713,506.45345,1.6966378
1024000.0,2456.3674,5969.9893,3918.8215,248.10029,106.89119,106.89119,106.89119,6050.1832,5903.0542,5956.7304,497.78804,1.6966378
1025000.0,2472.5156,6015.9681,3950.2882,250.09243,106.89119,106.89119,106.89119,6078.1973,5958.1263,6011.5808,495.23536,1.6966378
1026000.0,2319.2033,5954.3496,3912.1828,247.67999,106.89119,106.89119,106.89119,6003.1268,5897.8558,5962.0663,515.17546,1.6966378
1027000.0,2433.6774,5956.2458,3908.3209,247.43549,106.89119,106.89119,106.89119,6045.9538,5865.6899,5957.0936,514.647,1.6966378
1028000.0,2406.3199,5970.1702,3904.0747,247.16666,106.89119,106.89119,106.89119,5991.6728,5959.1367,5959.7012,517.36524,1.6966378
1029000.0,2469.9213,5980.7652,4044.5756,256.06176,106.89119,106.89119,106.89119,6037.8904,5971.6662,5932.7391,510.55874,1.6966378
1030000.0,2392.0378,5979.0583,3985.7092,252.33494,106.89119,106.89119,106.89119,6067.5855,5951.9254,5917.6639,513.95588,1.6966378
1031000.0,2404.2173,5969.298,3877.1516,245.46216,106.89119,106.89119,106.89119,5998.0881,5969.5455,5940.2606,510.6366,1.6966378
1032000.0,2405.1415,5947.2436,3846.7303,243.53619,106.89119,106.89119,106.89119,6069.6979,5880.0536,5891.9792,507.31822,1.6966378
1033000.0,2416.8707,5963.536,4013.331,254.08367,106.89119,106.89119,106.89119,6025.3857,5913.0629,5952.1595,492.05669,1.6966378
1034000.0,2378.7892,5946.637,4015.4042,254.21493,106.89119,106.89119,106.89119,5952.7258,5934.757,5952.4281,505.41242,1.6966378
1035000.0,2414.3392,5957.2271,3954.5105,250.35975,106.89119,106.89119,106.89119,5945.9284,5964.6989,5961.054,506.48408,1.6966378
1036000.0,2378.9599,5927.3731,3938.0531,249.31783,106.89119,106.89119,106.89119,6003.1732,5951.3659,5827.5802,508.84094,1.6966378
1037000.0,2398.678,5949.4496,3939.9001,249.43477,106.89119,106.89119,106.89119,5989.0844,5967.8079,5891.4564,502.21088,1.6966378
1038000.0,2462.2213,5947.0847,3960.3297,250.72817,106.89119,106.89119,106.89119,5954.9081,5988.2431,5898.1029,512.46243,1.6966378
1039000.0,2445.6815,5960.1123,3881.8267,245.75814,106.89119,106.89119,106.89119,5982.1863,5959.6671,5938.4835,505.60554,1.6966378
1040000.0,2431.4606,5972.5104,4030.4091,255.16489,106.89119,106.89119,106.89119,5999.709,6003.8217,5914.0006,498.92078,1.6966378
1041000.0,2390.2134,5945.9005,3960.5258,250.74058,106.89119,106.89119,106.89119,6035.0301,5903.0916,5899.5799,491.01322,1.6966378
1042000.0,2367.7479,5920.2711,3924.0478,248.43116,106.89119,106.89119,106.89119,5996.929,5914.7797,5849.1045,489.10877,1.6966378
1043000.0,2326.4149,5927.9581,3894.5247,246.56206,106.89119,106.89119,106.89119,5914.2576,5942.5977,5927.019,502.27727,1.6966378
1044000.0,2407.637,5947.1307,3955.7818,250.44024,106.89119,106.89119,106.89119,6023.1838,5879.317,5938.8912,497.9191,1.6966378
1045000.0,2397.3531,5953.5207,3953.1273,250.27218,106.89119,106.89119,106.89119,5977.4183,5924.3728,5958.7711,500.14811,1.6966378
1046000.0,2365.3039,5935.1477,3893.6272,246.50523,106.89119,106.89119,106.89119,5966.4468,5924.8908,5914.1054,499.21447,1.6966378
1047000.0,2415.4754,5957.8427,3903.6751,247.14137,106.89119,106.89119,106.89119,6031.3466,5953.7439,5888.4375,500.06917,1.6966378
1048000.0,2350.9867,5962.311,3937.5761,249.28764,106.89119,106.89119,106.89119,6032.0789,5900.191,5954.663,499.80195,1.6966378
1049000.0,2376.5795,5956.5998,3973.2791,251.54799,106.89119,106.89119,106.89119,5941.5443,5967.1484,5961.1067,499.56629,1.6966378
1050000.0,2421.8611,5941.0756,3939.0666,249.382,106.89119,106.89119,106.89119,6008.1505,5980.6926,5834.3837,501.88079,1.6966378
1051000.0,2363.2695,5925.2356,3945.8449,249.81113,106.89119,106.89119,106.89119,6012.8755,5908.4889,5854.3426,500.16167,1.6966378
1052000.0,2435.1547,5963.4202,3969.4213,251.30375,106.89119,106.89119,106.89119,6021.6201,5980.9462,5887.6943,494.88429,1.6966378
1053000.0,2477.6356,5962.1399,3921.2451,248.25372,106.89119,106.89119,106.89119,5986.026,5965.0352,5935.3587,497.23154,1.6966378
1054000.0,2320.0462,5909.1428,3892.4194,246.42877,106.89119,106.89119,106.89119,5983.9678,5895.5896,5847.8709,499.82292,1.6966378
1055000.0,2390.1918,5940.4459,3874.539,245.29676,106.89119,106.89119,106.89119,5962.5554,5938.312,5920.4703,496.74582,1.6966378
1056000.0,2350.5698,5922.8989,3948.3305,249.9685,106.89119,106.89119,106.89119,5923.4774,5944.6878,5900.5314,503.61583,1.6966378
1057000.0,2442.3466,5935.7757,3925.6748,248.53416,106.89119,106.89119,106.89119,5989.6985,5933.0048,5884.6239,497.23636,1.6966378
1058000.0,2451.3745,5956.2268,3927.9797,248.68009,106.89119,106.89119,106.89119,5995.0581,5981.0656,5892.5566,501.47734,1.6966378
1059000.0,2374.0795,5940.4932,3855.0045,244.06003,106.89119,106.89119,106.89119,5928.7251,5912.8654,5979.889,500.54787,1.6966378
1060000.0,2423.0574,5948.1563,3978.2769,251.8644,106.89119,106.89119,106.89119,6041.0702,5913.9049,5889.4938,505.1215,1.6966378
1061000.0,2351.4147,5940.4684,3962.1107,250.84092,106.89119,106.89119,106.89119,6037.3223,5930.7421,5853.3407,502.65178,1.6966378
1062000.0,2399.1328,5963.6274,3933.3009,249.01697,106.89119,106.89119,106.89119,6018.4986,5965.1647,5907.2189,504.49215,1.6966378
1063000.0,2465.466,5941.3616,4000.1441,253.24881,106.89119,106.89119,106.89119,6013.0496,5947.3389,5863.6961,503.00071,1.6966378
1064000.0,2382.6994,5940.0209,3951.5518,250.17244,106.89119,106.89119,106.89119,6016.9443,5928.1634,5874.9549,505.75483,1.6966378
1065000.0,2381.9866,5953.075,4064.5455,257.32606,106.89119,106.89119,106.89119,5986.6103,5977.6278,5894.987,501.45792,1.6966378
1066000.0,2372.1155,5928.228,3935.6923,249.16837,106.89119,106.89119,106.89119,5938.1021,5911.9058,5934.6759,492.55457,1.6966378
1067000.0,2399.8721,5963.9659,4016.2702,254.26976,106.89119,106.89119,106.89119,5992.903,5966.0154,5932.9794,494.53591,1.6966378
1068000.0,2440.0646,5961.4083,3870.4809,245.03984,106.89119,106.89119,106.89119,5998.0297,5943.5835,5942.6116,498.19767,1.6966378
1069000.0,2426.0398,5961.4055,3916.6631,247.96363,106.89119,106.89119,106.89119,6011.2975,5899.1751,5973.744,498.30654,1.6966378
1070000.0,2344.5037,5935.1451,3941.0292,249.50625,106.89119,106.89119,106.89119,5956.4223,5884.5427,5964.4704,494.71009,1.6966378
1071000.0,2369.6577,5920.4183,3876.0003,245.38928,106.89119,106.89119,106.89119,6044.4684,5899.6955,5817.091,502.06945,1.6966378
1072000.0,2406.9738,5962.7288,3968.3304,251.23469,106.89119,106.89119,106.89119,5981.7126,5962.7344,5943.7393,493.4622,1.6966378
1073000.0,2469.9439,5967.2185,3919.2462,248.12717,106.89119,106.89119,106.89119,5996.9759,5974.641,5930.0385,498.92801,1.6966378
1074000.0,2439.6543,5939.5488,3868.4939,244.91405,106.89119,106.89119,106.89119,5990.9103,5854.9253,5972.8108,492.15053,1.6966378
1075000.0,2365.1375,5941.4819,3917.8381,248.03802,106.89119,106.89119,106.89119,6016.8499,5902.683,5904.9129,495.59606,1.6966378
1076000.0,2403.6388,5942.5798,3909.4051,247.50413,106.89119,106.89119,106.89119,6018.0919,5912.9689,5896.6787,504.15225,1.6966378
1077000.0,2383.1036,5944.459,3971.1713,251.41455,106.89119,106.89119,106.89119,6014.5111,5915.1208,5903.7452,499.42494,1.6966378
1078000.0,2399.9026,5954.8088,4071.8327,257.78741,106.89119,106.89119,106.89119,5954.1946,5967.1548,5943.0769,505.07062,1.6966378
1079000.0,2417.6561,5944.8699,3904.9871,247.22443,106.89119,106.89119,106.89119,5954.6564,5992.7714,5887.182,504.7237,1.6966378
1080000.0,2393.021,5964.237,3936.7913,249.23795,106.89119,106.89119,106.89119,5927.7907,5975.2865,5989.6338,501.02788,1.6966378
1081000.0,2383.2839,5941.6974,3993.0322,252.79856,106.89119,106.89119,106.89119,5990.382,5929.901,5904.8091,499.42429,1.6966378
1082000.0,2311.4631,5921.1888,3946.8081,249.87211,106.89119,106.89119,106.89119,5996.8524,5913.0708,5853.6433,490.64787,1.6966378
1083000.0,2378.7515,5936.1685,3943.6861,249.67446,106.89119,106.89119,106.89119,6000.7288,5925.6409,5882.1357,491.29302,1.6966378
1084000.0,2331.6328,5924.7137,4001.9485,253.36305,106.89119,106.89119,106.89119,5913.8903,5913.4204,5946.8304,487.57095,1.6966378
1085000.0,2370.2797,5944.2465,3959.6431,250.6847,106.89119,106.89119,106.89119,5979.2003,5901.4785,5952.0607,485.70724,1.6966378
1086000.0,2357.1798,5937.6021,3925.8517,248.54537,106.89119,106.89119,106.89119,5985.2539,5915.3062,5912.2462,492.01599,1.6966378
1087000.0,2331.8638,5928.5218,4001.0785,253.30797,106.89119,106.89119,106.89119,5922.2258,5947.064,5916.2757,479.92705,1.6966378
1088000.0,2350.6551,5935.5904,4034.3756,255.416,106.89119,106.89119,106.89119,5915.0665,5963.952,5927.7527,490.00631,1.6966378
1089000.0,2399.0355,5972.9342,3944.0562,249.69789,106.89119,106.89119,106.89119,6064.5075,5905.0,5949.2949,487.85566,1.6966378
1090000.0,2454.1977,5959.995,3847.4243,243.58013,106.89119,106.89119,106.89119,5992.7316,5913.2288,5974.0244,493.73714,1.6966378
1091000.0,2408.8218,5930.525,3939.8119,249.42918,106.89119,106.89119,106.89119,6016.0238,5904.7057,5870.8457,496.80105,1.6966378
1092000.0,2347.8998,5942.6548,3916.1812,247.93312,106.89119,106.89119,106.89119,5968.9794,5943.7276,5915.2575,503.11322,1.6966378
1093000.0,2343.1335,5914.9598,3911.5003,247.63678,106.89119,106.89119,106.89119,5975.3787,5897.0049,5872.4957,499.08107,1.6966378
1094000.0,2384.255,5919.9593,3855.8229,244.11185,106.89119,106.89119,106.89119,5957.651,5935.0619,5867.1652,501.77068,1.6966378
1095000.0,2289.8242,5933.5959,3900.3193,246.92891,106.89119,106.89119,106.89119,5959.3302,5910.3932,5931.0642,502.72456,1.6966378
1096000.0,2337.4939,5920.0716,3919.2723,248.12882,106.89119,106.89119,106.89119,5952.3262,5945.5686,5862.32,505.1323,1.6966378
1097000.0,2342.9838,5920.4184,3959.4521,250.6726,106.89119,106.89119,106.89119,5929.0408,5942.7339,5889.4804,496.56795,1.6966378
1098000.0,2406.1715,5950.0549,3994.7339,252.90629,106.89119,106.89119,106.89119,5952.9015,5996.0902,5901.1729,500.07485,1.6966378
1099000.0,2415.3742,5957.7763,3909.0724,247.48307,106.89119,106.89119,106.89119,6011.5806,5927.3616,5934.3866,502.99175,1.6966378
1100000.0,2462.1541,5967.5996,4012.9026,254.05655,106.89119,106.89119,106.89119,6023.3098,5948.8242,5930.6647,503.46184,1.6966378
1101000.0,2395.9765,5930.1311,3959.9342,250.70312,106.89119,106.89119,106.89119,5951.1127,5946.192,5893.0887,501.28863,1.6966378
1102000.0,2364.0675,5939.9419,3949.204,250.0238,106.89119,106.89119,106.89119,5973.0452,5917.5814,5929.199,496.82813,1.6966378
1103000.0,2428.9375,5953.2647,3971.0432,251.40643,106.89119,106.89119,106.89119,5978.7876,5960.9404,5920.0662,503.13636,1.6966378
1104000.0,2341.8369,5907.528,3986.8721,252.40856,106.89119,106.89119,106.89119,5975.279,5896.9776,5850.3275,497.42952,1.6966378
1105000.0,2312.4861,5934.4446,3952.6608,250.24265,106.89119,106.89119,106.89119,5986.1117,5914.5043,5902.7178,501.12224,1.6966378
1106000.0,2283.1706,5883.6565,3943.2395,249.64618,106.89119,106.89119,106.89119,5879.4956,5905.5929,5865.8811,501.02474,1.6966378
1107000.0,2375.2349,5942.2115,3982.1991,252.11272,106.89119,106.89119,106.89119,5993.5779,5944.095,5888.9617,493.03803,1.6966378
1108000.0,2367.8641,5932.7279,4002.9919,253.4291,106.89119,106.89119,106.89119,5963.2384,5913.4416,5921.5037,496.80577,1.6966378
1109000.0,2455.2427,5953.1559,3978.1548,251.85667,106.89119,106.89119,106.89119,6005.5438,5933.8522,5920.0718,492.3954,1.6966378
1110000.0,2299.3605,5904.7331,4022.6448,254.67333,106.89119,106.89119,106.89119,5945.3419,5908.3538,5860.5036,497.96726,1.6966378
1111000.0,2351.5132,5953.9726,3936.6912,249.23161,106.89119,106.89119,106.89119,5993.637,5947.476,5920.8049,498.32838,1.6966378
1112000.0,2406.1043,5926.9202,3984.6696,252.26912,106.89119,106.89119,106.89119,5968.9404,5883.4408,5928.3795,507.45221,1.6966378
1113000.0,2334.1344,5927.6504,3914.5667,247.83091,106.89119,106.89119,106.89119,5935.742,5895.5313,5951.6779,504.08104,1.6966378
1114000.0,2394.9557,5924.1378,3943.8881,249.68725,106.89119,106.89119,106.89119,5932.2775,5920.7732,5919.3627,500.09235,1.6966378
1115000.0,2387.3002,5948.0106,3978.0277,251.84862,106.89119,106.89119,106.89119,6005.2113,5916.4781,5922.3423,503.5262,1.6966378
1116000.0,2293.8845,5902.8551,4003.9523,253.48991,106.89119,106.89119,106.89119,5904.1551,5921.1026,5883.3076,508.50789,1.6966378
1117000.0,2302.299,5899.3383,4012.2119,254.01282,106.89119,106.89119,106.89119,5920.3939,5888.1528,5889.4682,505.97013,1.6966378
1118000.0,2399.6365,5949.0716,3922.0811,248.30665,106.89119,106.89119,106.89119,6015.1725,5957.178,5874.8644,506.44395,1.6966378
1119000.0,2399.4699,5934.9645,4035.5906,255.49293,106.89119,106.89119,106.89119,5992.5103,5914.1387,5898.2445,501.26116,1.6966378
1120000.0,2344.4693,5929.8586,3989.1572,252.55323,106.89119,106.89119,106.89119,5952.5072,5902.4981,5934.5705,499.70436,1.6966378
1121000.0,2390.3192,5934.052,3985.6011,252.32809,106.89119,106.89119,106.89119,5995.1329,5897.8198,5909.2033,498.65075,1.6966378
1122000.0,2380.6208,5927.9371,4010.1265,253.88079,106.89119,106.89119,106.89119,6018.4138,5884.2284,5881.1689,482.99608,1.6966378
1123000.0,2316.5903,5922.932,3911.3805,247.6292,106.89119,106.89119,106.89119,5939.7514,5892.5653,5936.4792,474.00522,1.6966378
1124000.0,2361.7508,5952.4473,3997.322,253.07015,106.89119,106.89119,106.89119,6025.6915,5864.8005,5966.8498,497.92909,1.6966378
1125000.0,2325.4358,5912.691,4015.9745,254.25103,106.89119,106.89119,106.89119,5917.5962,5927.3116,5893.1652,493.78107,1.6966378
1126000.0,2344.4014,5926.7469,3911.5687,247.64111,106.89119,106.89119,106.89119,5975.1911,5936.7006,5868.3488,481.57481,1.6966378
1127000.0,2355.4533,5957.0283,4005.1995,253.56887,106.89119,106.89119,106.89119,5958.0273,5930.4402,5982.6176,475.28546,1.6966378
1128000.0,2385.6682,5956.959,3936.7197,249.23342,106.89119,106.89119,106.89119,5983.7891,5948.1897,5938.8981,499.83999,1.6966378
1129000.0,2278.9388,5896.5987,3937.4746,249.28121,106.89119,106.89119,106.89119,5917.7274,5938.1924,5833.8762,493.24074,1.6966378
1130000.0,2258.68,5905.8076,3935.8122,249.17596,106.89119,106.89119,106.89119,5911.7087,5904.7988,5900.9154,497.70102,1.6966378
1131000.0,2372.1183,5927.49,4007.4978,253.71437,106.89119,106.89119,106.89119,5981.7437,5913.313,5887.4132,508.19967,1.6966378
1132000.0,2331.3197,5905.968,4025.4667,254.85198,106.89119,106.89119,106.89119,5949.0951,5898.6694,5870.1394,496.41666,1.6966378
1133000.0,2333.8254,5907.9584,3953.6822,250.30731,106.89119,106.89119,106.89119,5931.7975,5859.3947,5932.6831,494.54651,1.6966378
1134000.0,2349.3439,5954.4389,3974.1864,251.60543,106.89119,106.89119,106.89119,5972.7442,5935.74,5954.8324,501.17802,1.6966378
1135000.0,2293.1799,5911.813,3912.0928,247.67429,106.89119,106.89119,106.89119,5986.0451,5857.8772,5891.5169,504.71921,1.6966378
1136000.0,2332.6713,5931.8443,3875.9414,245.38555,106.89119,106.89119,106.89119,5997.8679,5882.9206,5914.7446,503.82533,1.6966378
1137000.0,2238.3316,5886.1338,4053.2839,256.61309,106.89119,106.89119,106.89119,5910.8492,5873.3725,5874.1797,503.30041,1.6966378
1138000.0,2369.0047,5925.6826,3849.4449,243.70806,106.89119,106.89119,106.89119,5973.3922,5894.4886,5909.1669,499.82224,1.6966378
1139000.0,2366.462,5926.7469,4012.5469,254.03403,106.89119,106.89119,106.89119,5960.3824,5909.2787,5910.5797,495.03622,1.6966378
1140000.0,2325.3927,5930.1492,3938.3934,249.33938,106.89119,106.89119,106.89119,6019.924,5902.9615,5867.5622,496.34808,1.6966378
1141000.0,2316.8777,5937.004,4023.8257,254.74809,106.89119,106.89119,106.89119,6009.6684,5904.7023,5896.6412,491.63733,1.6966378
1142000.0,2245.2649,5906.7297,4034.0138,255.3931,106.89119,106.89119,106.89119,5921.916,5882.904,5915.3691,485.127,1.6966378
1143000.0,2374.5316,5931.7979,3945.4407,249.78554,106.89119,106.89119,106.89119,5987.8128,5897.587,5909.9939,501.52288,1.6966378
1144000.0,2262.1687,5910.6323,3989.9232,252.60173,106.89119,106.89119,106.89119,5928.1686,5908.0088,5895.7194,495.624,1.6966378
1145000.0,2383.407,5928.1991,3973.1444,251.53946,106.89119,106.89119,106.89119,5940.9886,5916.2703,5927.3385,491.49746,1.6966378
1146000.0,2304.1688,5905.0604,3921.7865,248.288,106.89119,106.89119,106.89119,5947.5101,5941.2754,5826.3958,505.91949,1.6966378
1147000.0,2321.9037,5927.7192,3929.295,248.76336,106.89119,106.89119,106.89119,5923.1236,5907.5606,5952.4734,500.13856,1.6966378
1148000.0,2347.5791,5936.6153,3991.8825,252.72577,106.89119,106.89119,106.89119,5962.1261,5889.4967,5958.2231,494.55115,1.6966378
1149000.0,2272.1576,5913.8464,3932.0886,248.94022,106.89119,106.89119,106.89119,5937.054,5929.5623,5874.9231,505.47261,1.6966378
1150000.0,2267.4635,5881.3115,3943.1385,249.63979,106.89119,106.89119,106.89119,5924.2252,5839.631,5880.0783,499.84122,1.6966378
1151000.0,2388.5995,5932.9466,3983.4928,252.19462,106.89119,106.89119,106.89119,5956.9865,5931.8736,5909.9798,505.24416,1.6966378
1152000.0,2236.256,5892.8373,3959.0843,250.64932,106.89119,106.89119,106.89119,5897.3512,5908.2306,5872.9303,501.66988,1.6966378
1153000.0,2406.2998,5936.696,3946.167,249.83153,106.89119,106.89119,106.89119,5968.1725,5876.7845,5965.1309,504.23821,1.6966378
1154000.0,2318.7743,5945.0261,3939.2214,249.3918,106.89119,106.89119,106.89119,6007.651,5890.9395,5936.4879,499.24367,1.6966378
1155000.0,2243.2926,5915.7868,3957.1585,250.5274,106.89119,106.89119,106.89119,5991.3029,5833.4924,5922.5651,503.92286,1.6966378
1156000.0,2267.8151,5921.3103,3951.8042,250.18842,106.89119,106.89119,106.89119,5971.9861,5943.9492,5847.9956,506.64525,1.6966378
1157000.0,2314.3978,5922.4088,3985.9098,252.34764,106.89119,106.89119,106.89119,5931.2388,5878.373,5957.6146,498.41319,1.6966378
1158000.0,2305.6184,5918.2285,3960.5478,250.74197,106.89119,106.89119,106.89119,5997.478,5891.0926,5866.115,497.21545,1.6966378
1159000.0,2331.5757,5924.079,3957.6616,250.55925,106.89119,106.89119,106.89119,5987.793,5890.6175,5893.8264,495.56884,1.6966378
1160000.0,2288.0901,5910.3686,3903.4642,247.12801,106.89119,106.89119,106.89119,5918.2754,5940.6167,5872.2135,507.41529,1.6966378
1161000.0,2335.9009,5941.3735,3951.0834,250.14278,106.89119,106.89119,106.89119,5925.2883,5975.8103,5923.0221,503.3373,1.6966378
1162000.0,2341.801,5924.619,3954.2922,250.34593,106.89119,106.89119,106.89119,5932.4358,5938.5499,5902.8714,505.29031,1.6966378
1163000.0,2322.8508,5936.3353,4009.4592,253.83855,106.89119,106.89119,106.89119,5987.0795,5914.8789,5907.0474,505.88559,1.6966378
1164000.0,2378.464,5954.7751,3960.2284,250.72175,106.89119,106.89119,106.89119,5921.776,6020.2636,5922.2856,507.53174,1.6966378
1165000.0,2393.7222,5953.8935,3869.5473,244.98074,106.89119,106.89119,106.89119,6004.6489,5915.0394,5941.9921,502.92718,1.6966378
1166000.0,2328.0408,5913.6743,3990.1445,252.61574,106.89119,106.89119,106.89119,5932.1198,5915.1502,5893.7529,506.20632,1.6966378
1167000.0,2281.9531,5906.0286,3921.2123,248.25165,106.89119,106.89119,106.89119,5937.6714,5883.0434,5897.3711,504.68782,1.6966378
1168000.0,2347.7595,5923.3724,3925.1991,248.50405,106.89119,106.89119,106.89119,5975.5674,5904.4688,5890.0809,504.74204,1.6966378
1169000.0,2249.9308,5909.1603,3951.6982,250.1817,106.89119,106.89119,106.89119,5874.0539,5962.959,5890.4679,504.93914,1.6966378
1170000.0,2333.1787,5892.413,3976.759,251.7683,106.89119,106.89119,106.89119,5894.6767,5927.7515,5854.8106,502.13165,1.6966378
1171000.0,2357.3125,5924.3599,3927.9101,248.67568,106.89119,106.89119,106.89119,5974.4171,5898.2414,5900.4211,499.69732,1.6966378
1172000.0,2285.8898,5904.1233,4006.0354,253.62179,106.89119,106.89119,106.89119,5986.0259,5846.9022,5879.4417,498.7175,1.6966378
1173000.0,2262.2196,5896.4325,3970.9,251.39737,106.89119,106.89119,106.89119,5926.6492,5865.962,5896.6864,497.28981,1.6966378
1174000.0,2326.5373,5937.1413,3982.8325,252.15282,106.89119,106.89119,106.89119,5909.8391,5971.718,5929.8666,501.59949,1.6966378
1175000.0,2206.3177,5879.2649,3918.6358,248.08853,106.89119,106.89119,106.89119,5910.0056,5919.0641,5808.7251,501.65261,1.6966378
1176000.0,2323.9819,5951.9075,3958.4264,250.60767,106.89119,106.89119,106.89119,5965.4538,6031.1568,5859.1121,502.22377,1.6966378
1177000.0,2303.7873,5914.0899,3943.954,249.69142,106.89119,106.89119,106.89119,5947.0047,5898.4705,5896.7944,503.97046,1.6966378
1178000.0,2274.6508,5910.599,3956.8914,250.51048,106.89119,106.89119,106.89119,5930.6463,5899.2975,5901.8533,502.76432,1.6966378
1179000.0,2225.7654,5889.2493,3894.154,246.53859,106.89119,106.89119,106.89119,6007.1273,5821.2467,5839.3738,499.42333,1.6966378
1180000.0,2272.443,5923.7168,3948.3904,249.97229,106.89119,106.89119,106.89119,5975.0635,5880.1661,5915.9209,498.63209,1.6966378
1181000.0,2250.9184,5909.4493,3958.3557,250.60319,106.89119,106.89119,106.89119,6014.6099,5843.4546,5870.2834,492.26517,1.6966378
1182000.0,2207.7572,5883.4341,3970.09,251.34609,106.89119,106.89119,106.89119,5872.158,5867.6138,5910.5305,489.47929,1.6966378
1183000.0,2272.6756,5895.6593,3928.3995,248.70666,106.89119,106.89119,106.89119,5938.6756,5845.8687,5902.4335,508.49815,1.6966378
1184000.0,2253.5653,5900.4683,3914.6711,247.83752,106.89119,106.89119,106.89119,5948.9041,5925.5348,5826.9661,506.01396,1.6966378
1185000.0,2295.3476,5886.2229,3990.8926,252.6631,106.89119,106.89119,106.89119,5906.9458,5829.6946,5922.0282,505.24306,1.6966378
1186000.0,2239.9574,5906.5664,3926.0385,248.55719,106.89119,106.89119,106.89119,5946.3921,5889.5787,5883.7282,501.88075,1.6966378
1187000.0,2264.9191,5902.519,4010.9298,253.93165,106.89119,106.89119,106.89119,5960.9173,5933.4545,5813.185,499.72916,1.6966378
1188000.0,2314.4377,5937.5787,3944.3613,249.7172,106.89119,106.89119,106.89119,6018.8081,5893.8348,5900.0931,501.70824,1.6966378
1189000.0,2346.4107,5921.8994,3883.8617,245.88698,106.89119,106.89119,106.89119,5995.8972,5879.6111,5890.19,495.6728,1.6966378
1190000.0,2330.5764,5923.3559,3972.5113,251.49938,106.89119,106.89119,106.89119,5958.2127,5896.8311,5915.024,497.7593,1.6966378
1191000.0,2371.5642,5940.3851,3905.3798,247.24929,106.89119,106.89119,106.89119,6058.5885,5877.4533,5885.1135,498.80458,1.6966378
1192000.0,2336.288,5918.0767,3932.7059,248.97931,106.89119,106.89119,106.89119,5985.0089,5882.0619,5887.1594,500.73784,1.6966378
1193000.0,2271.2538,5906.5278,3949.9789,250.07286,106.89119,106.89119,106.89119,5940.7514,5902.1447,5876.6872,501.19551,1.6966378
1194000.0,2278.1674,5892.8704,3866.7122,244.80125,106.89119,106.89119,106.89119,5957.5392,5888.2581,5832.814,497.46661,1.6966378
1195000.0,2280.4373,5894.1403,4057.6984,256.89257,106.89119,106.89119,106.89119,5973.9376,5837.3758,5871.1075,497.90102,1.6966378
1196000.0,2312.1282,5911.6045,3820.4609,241.87308,106.89119,106.89119,106.89119,5959.2731,5910.057,5865.4834,502.55425,1.6966378
1197000.0,2315.5415,5924.8784,3945.492,249.78879,106.89119,106.89119,106.89119,5952.3261,5874.0247,5948.2844,489.77475,1.6966378
1198000.0,2320.3349,5924.3855,3905.0975,247.23142,106.89119,106.89119,106.89119,5993.8623,5839.6839,5939.6102,484.8154,1.6966378
1199000.0,2351.3183,5910.3607,3931.1277,248.87939,106.89119,106.89119,106.89119,5966.8566,5875.3776,5888.8479,500.33485,1.6966378
1200000.0,2249.2477,5899.0328,3885.2283,245.9735,106.89119,106.89119,106.89119,5939.3802,5870.7239,5886.9944,496.74567,1.6966378
1201000.0,2320.1988,5922.3534,3987.5236,252.44981,106.89119,106.89119,106.89119,5926.4587,5894.2223,5946.3792,496.28544,1.6966378
1202000.0,2357.2551,5937.6177,4027.6034,254.98726,106.89119,106.89119,106.89119,5972.6403,5912.3253,5927.8876,499.35912,1.6966378
1203000.0,2341.0687,5908.8384,3959.3007,250.66302,106.89119,106.89119,106.89119,5939.9745,5898.5048,5888.0359,497.00355,1.6966378
1204000.0,2199.6645,5912.6077,3969.2875,251.29528,106.89119,106.89119,106.89119,5949.0148,5898.2261,5890.5822,495.26826,1.6966378
1205000.0,2261.7232,5918.2585,4064.1559,257.30139,106.89119,106.89119,106.89119,5946.1537,5885.4706,5923.151,492.72785,1.6966378
1206000.0,2317.9417,5909.0163,3950.4269,250.10122,106.89119,106.89119,106.89119,5935.2985,5855.3678,5936.3825,493.57302,1.6966378
1207000.0,2214.1899,5921.93,3929.2982,248.76356,106.89119,106.89119,106.89119,5940.6788,5935.66,5889.4512,498.10646,1.6966378
1208000.0,2254.5137,5892.3724,3982.9492,252.1602,106.89119,106.89119,106.89119,5972.8816,5848.8971,5855.3385,498.8463,1.6966378
1209000.0,2225.0663,5913.3646,3950.275,250.0916,106.89119,106.89119,106.89119,5962.4089,5879.327,5898.3577,497.58328,1.6966378
1210000.0,2315.8007,5933.2077,3964.2324,250.97524,106.89119,106.89119,106.89119,5975.6106,5896.2913,5927.7212,490.24568,1.6966378
1211000.0,2331.7587,5919.8069,3956.8548,250.50817,106.89119,106.89119,106.89119,5961.5533,5917.5376,5880.3299,489.35844,1.6966378
1212000.0,2273.2066,5915.3365,3939.99,249.44046,106.89119,106.89119,106.89119,5971.4994,5866.9437,5907.5666,485.29047,1.6966378
1213000.0,2256.2182,5921.1644,3957.0934,250.52328,106.89119,106.89119,106.89119,5979.0849,5879.6144,5904.7941,490.06918,1.6966378
1214000.0,2285.0258,5910.1979,3963.9429,250.95691,106.89119,106.89119,106.89119,5974.6509,5875.4813,5880.4614,487.41343,1.6966378
1215000.0,2320.9729,5933.1369,4027.6017,254.98715,106.89119,106.89119,106.89119,5979.7006,5854.304,5965.406,500.09927,1.6966378
1216000.0,2323.5606,5909.5794,3926.9103,248.61239,106.89119,106.89119,106.89119,5896.2637,5905.6363,5926.8383,497.19734,1.6966378
1217000.0,2238.5514,5893.8835,3956.1475,250.46339,106.89119,106.89119,106.89119,5884.8729,5855.1855,5941.5921,501.46453,1.6966378
1218000.0,2310.2617,5925.868,3998.9247,253.17161,106.89119,106.89119,106.89119,5957.7262,5900.6083,5919.2697,498.5349,1.6966378
1219000.0,2266.8225,5902.4779,3916.7434,247.96872,106.89119,106.89119,106.89119,5943.4716,5883.0183,5880.9439,495.02856,1.6966378
1220000.0,2320.2906,5925.5958,3965.5921,251.06133,106.89119,106.89119,106.89119,5964.7676,5944.533,5867.4869,501.87463,1.6966378
1221000.0,2287.3857,5923.2285,3961.6243,250.81012,106.89119,106.89119,106.89119,5949.0296,5906.537,5914.1188,504.8488,1.6966378
1222000.0,2293.2149,5915.494,3931.4431,248.89936,106.89119,106.89119,106.89119,5967.0654,5863.1694,5916.2473,501.61079,1.6966378
1223000.0,2236.3231,5902.248,3970.875,251.39579,106.89119,106.89119,106.89119,5901.6505,5923.4864,5881.607,504.21372,1.6966378
1224000.0,2353.6778,5942.1027,3999.3751,253.20013,106.89119,106.89119,106.89119,5989.1536,5921.4234,5915.7311,501.00124,1.6966378
1225000.0,2321.6847,5951.1657,4011.4728,253.96603,106.89119,106.89119,106.89119,6015.6949,5909.4114,5928.3907,503.28484,1.6966378
1226000.0,2249.0458,5907.2872,3989.9277,252.60201,106.89119,106.89119,106.89119,5922.3841,5871.3704,5928.1071,507.74194,1.6966378
1227000.0,2260.6772,5911.3419,3891.8086,246.3901,106.89119,106.89119,106.89119,5957.6182,5882.7822,5893.6253,503.88168,1.6966378
1228000.0,2281.8287,5899.4572,3944.7104,249.73931,106.89119,106.89119,106.89119,5950.0666,5880.1495,5868.1554,507.77176,1.6966378
1229000.0,2279.5592,5905.5923,3945.0654,249.76178,106.89119,106.89119,106.89119,5944.5769,5865.9784,5906.2215,500.10073,1.6966378
1230000.0,2320.6032,5924.1193,3953.3601,250.28692,106.89119,106.89119,106.89119,5949.7801,5884.2101,5938.3677,515.39128,1.6966378
1231000.0,2288.8946,5899.7249,3957.1709,250.52818,106.89119,106.89119,106.89119,5892.5251,5884.3586,5922.2909,508.27356,1.6966378
1232000.0,2360.977,5916.4151,3989.2669,252.56017,106.89119,106.89119,106.89119,5959.2761,5910.5823,5879.3868,509.60313,1.6966378
1233000.0,2340.6553,5945.2036,3997.9261,253.10839,106.89119,106.89119,106.89119,5957.3515,5914.5616,5963.6976,510.81569,1.6966378
1234000.0,2242.9367,5867.036,3871.3822,245.09691,106.89119,106.89119,106.89119,5968.999,5820.6067,5811.5024,486.34278,1.6966378
1235000.0,2289.7872,5893.4611,3891.6579,246.38056,106.89119,106.89119,106.89119,5886.8006,5889.848,5903.7347,492.15534,1.6966378
1236000.0,2292.4287,5915.9547,3904.0009,247.16199,106.89119,106.89119,106.89119,5890.5443,5876.5492,5980.7704,499.9445,1.6966378
1237000.0,2319.8785,5935.6776,3953.6961,250.30819,106.89119,106.89119,106.89119,5963.1014,5935.5852,5908.3462,501.55195,1.6966378
1238000.0,2277.8155,5887.6366,3984.8736,252.28203,106.89119,106.89119,106.89119,5921.6693,5891.0871,5850.1535,505.89015,1.6966378
1239000.0,2255.0268,5898.0922,4043.6466,256.00295,106.89119,106.89119,106.89119,5912.2185,5927.0265,5855.0317,506.58375,1.6966378
1240000.0,2347.3923,5940.9272,3921.6851,248.28158,106.89119,106.89119,106.89119,5978.2087,5946.306,5898.2669,508.80728,1.6966378
1241000.0,2273.2722,5912.2431,3944.5638,249.73003,106.89119,106.89119,106.89119,5924.6464,5921.8175,5890.2653,499.12799,1.6966378
1242000.0,2273.7139,5917.2952,3932.5598,248.97005,106.89119,106.89119,106.89119,5934.901,5909.2328,5907.7517,506.30545,1.6966378
1243000.0,2397.9102,5947.4755,3955.2029,250.40359,106.89119,106.89119,106.89119,6006.224,5952.9852,5883.2172,504.10678,1.6966378
1244000.0,2276.9799,5905.0203,3894.4492,246.55728,106.89119,106.89119,106.89119,5965.4713,5890.4465,5859.143,506.94601,1.6966378
1245000.0,2246.5424,5894.9245,3958.1272,250.58873,106.89119,106.89119,106.89119,5918.8037,5927.2137,5838.7563,508.81063,1.6966378
1246000.0,2293.073,5909.8296,3934.4859,249.09199,106.89119,106.89119,106.89119,5964.1454,5905.59,5859.7533,503.82213,1.6966378
1247000.0,2284.2126,5906.6159,3949.5884,250.04814,106.89119,106.89119,106.89119,5920.1271,5957.6903,5842.0305,497.0974,1.6966378
1248000.0,2282.8206,5915.3523,4011.8877,253.9923,106.89119,106.89119,106.89119,5883.3287,5912.5225,5950.2056,495.4101,1.6966378
1249000.0,2246.0042,5909.8268,3864.7659,244.67803,106.89119,106.89119,106.89119,5920.4594,5896.7936,5912.2274,494.0781,1.6966378
1250000.0,2414.9093,5952.4938,3953.7824,250.31366,106.89119,106.89119,106.89119,5962.8272,5973.1564,5921.4977,491.19759,1.6966378
1251000.0,2318.4863,5941.4229,4038.0613,255.64935,106.89119,106.89119,106.89119,6005.6673,5911.3234,5907.278,505.11253,1.6966378
1252000.0,2291.2447,5899.4867,4030.3025,255.15813,106.89119,106.89119,106.89119,5893.7358,5902.0151,5902.7093,496.82035,1.6966378
1253000.0,2315.7747,5919.301,3933.5141,249.03047,106.89119,106.89119,106.89119,5921.6854,5923.8001,5912.4177,501.19078,1.6966378
1254000.0,2338.3323,5933.1248,3968.7011,251.25816,106.89119,106.89119,106.89119,5961.6884,5940.0039,5897.6823,497.29224,1.6966378
1255000.0,2317.12,5921.1485,3980.3817,251.99766,106.89119,106.89119,106.89119,5935.5308,5924.1283,5903.7864,496.75574,1.6966378
1256000.0,2220.7621,5918.6285,3880.1208,245.65014,106.89119,106.89119,106.89119,5962.0929,5889.1434,5904.6491,506.02334,1.6966378
1257000.0,2282.0206,5916.6082,3992.7243,252.77906,106.89119,106.89119,106.89119,5963.2954,5880.6034,5905.9259,502.79895,1.6966378
1258000.0,2297.4741,5934.3182,3923.2719,248.38204,106.89119,106.89119,106.89119,5988.7019,5913.7687,5900.4841,502.18198,1.6966378
1259000.0,2310.3161,5908.3334,3974.9267,251.6523,106.89119,106.89119,106.89119,5876.7044,5928.2268,5920.0689,505.08107,1.6966378
1260000.0,2240.9449,5917.0351,3968.1987,251.22635,106.89119,106.89119,106.89119,5956.608,5892.647,5901.8503,508.90068,1.6966378
1261000.0,2260.096,5928.1867,3930.2662,248.82484,106.89119,106.89119,106.89119,5893.6027,5936.017,5954.9405,509.27094,1.6966378
1262000.0,2264.0067,5915.5789,3962.49,250.86493,106.89119,106.89119,106.89119,5945.5551,5932.5751,5868.6064,503.78103,1.6966378
1263000.0,2325.4417,5916.0589,3929.8701,248.79977,106.89119,106.89119,106.89119,5908.3512,5948.4741,5891.3514,502.69566,1.6966378
1264000.0,2216.9497,5880.3275,3926.2409,248.57,106.89119,106.89119,106.89119,5868.4496,5908.5638,5863.9691,495.51131,1.6966378
1265000.0,2277.8354,5911.8449,3888.5305,246.18256,106.89119,106.89119,106.89119,5902.1401,5944.192,5889.2025,496.78329,1.6966378
1266000.0,2316.7463,5940.3922,3923.7467,248.4121,106.89119,106.89119,106.89119,5905.7609,5985.4729,5929.943,501.42926,1.6966378
1267000.0,2212.3257,5891.1412,3926.3922,248.57958,106.89119,106.89119,106.89119,5887.3668,5905.6698,5880.3869,494.77004,1.6966378
1268000.0,2226.7067,5908.0401,3979.1455,251.91939,106.89119,106.89119,106.89119,5878.2083,5927.2817,5918.6301,502.44271,1.6966378
1269000.0,2234.1084,5874.8589,3811.8612,241.32863,106.89119,106.89119,106.89119,5870.2467,5905.3924,5848.9376,507.28125,1.6966378
1270000.0,2281.6218,5888.8269,4012.7588,254.04744,106.89119,106.89119,106.89119,5897.7281,5887.9031,5880.8495,505.93401,1.6966378
1271000.0,2252.187,5901.5555,3917.1656,247.99545,106.89119,106.89119,106.89119,5869.376,5967.9574,5867.3333,498.62315,1.6966378
1272000.0,2237.2592,5878.261,3962.7065,250.87864,106.89119,106.89119,106.89119,5935.1818,5845.2979,5854.3033,503.17643,1.6966378
1273000.0,2290.4978,5904.0577,3951.9824,250.1997,106.89119,106.89119,106.89119,5907.998,5884.241,5919.9342,500.7733,1.6966378
1274000.0,2276.1405,5904.0906,4018.2808,254.39705,106.89119,106.89119,106.89119,5933.4501,5861.3396,5917.4821,499.29745,1.6966378
1275000.0,2263.7382,5911.222,3978.605,251.88517,106.89119,106.89119,106.89119,5884.9854,5850.8302,5997.8504,490.68703,1.6966378
1276000.0,2291.5887,5924.8111,3925.3733,248.51508,106.89119,106.89119,106.89119,5909.1145,5952.087,5913.2318,477.2702,1.6966378
1277000.0,2288.5933,5899.9403,3955.0253,250.39234,106.89119,106.89119,106.89119,5904.8714,5872.7226,5922.2269,508.02003,1.6966378
1278000.0,2293.521,5910.4297,3997.1708,253.06057,106.89119,106.89119,106.89119,5921.3189,5885.974,5923.9961,500.46047,1.6966378
1279000.0,2361.1804,5923.125,4027.7913,254.99916,106.89119,106.89119,106.89119,5920.8465,5916.8373,5931.6912,500.31974,1.6966378
1280000.0,2252.6,5935.6672,4009.3471,253.83145,106.89119,106.89119,106.89119,5957.6639,5911.7817,5937.5561,485.2214,1.6966378
1281000.0,2347.7888,5938.8166,3841.4796,243.20377,106.89119,106.89119,106.89119,5950.0594,5925.0507,5941.3398,483.7749,1.6966378
1282000.0,2244.754,5910.2623,3996.7654,253.03491,106.89119,106.89119,106.89119,5907.6615,5941.5195,5881.606,486.52146,1.6966378
1283000.0,2284.4798,5935.8576,4020.4719,254.53576,106.89119,106.89119,106.89119,5925.1974,5933.2965,5949.079,482.07134,1.6966378
1284000.0,2247.2181,5906.2262,3927.3334,248.63917,106.89119,106.89119,106.89119,5958.2014,5858.8212,5901.6559,498.06101,1.6966378
1285000.0,2254.6961,5883.8742,3971.8484,251.45741,106.89119,106.89119,106.89119,5838.7111,5917.2131,5895.6983,507.23278,1.6966378
1286000.0,2317.783,5929.6364,3942.9763,249.62952,106.89119,106.89119,106.89119,5969.9477,5883.6243,5935.3371,506.49775,1.6966378
1287000.0,2314.192,5914.4721,4007.7786,253.73215,106.89119,106.89119,106.89119,5962.7555,5862.1845,5918.4762,497.38563,1.6966378
1288000.0,2272.5864,5911.9726,3935.9859,249.18696,106.89119,106.89119,106.89119,5882.3776,5893.5961,5959.9442,504.23142,1.6966378
1289000.0,2237.0784,5907.7786,3988.4657,252.50945,106.89119,106.89119,106.89119,5939.8199,5806.852,5976.664,507.12234,1.6966378
1290000.0,2255.6902,5911.8884,4038.1335,255.65392,106.89119,106.89119,106.89119,5883.4852,5896.8502,5955.3298,500.39116,1.6966378
1291000.0,2267.7891,5926.9231,3976.0342,251.72241,106.89119,106.89119,106.89119,5893.4894,5960.2772,5927.0027,500.31803,1.6966378
1292000.0,2298.8256,5926.9082,3932.2373,248.94964,106.89119,106.89119,106.89119,5914.3571,5962.5749,5903.7926,501.28293,1.6966378
1293000.0,2195.351,5902.2382,3936.4328,249.21525,106.89119,106.89119,106.89119,5918.2159,5893.2327,5895.266,506.12049,1.6966378
1294000.0,2305.7585,5930.8042,3912.1897,247.68042,106.89119,106.89119,106.89119,5912.2863,5911.6423,5968.484,504.95143,1.6966378
1295000.0,2215.7695,5886.6882,3905.7601,247.27337,106.89119,106.89119,106.89119,5902.1047,5840.2364,5917.7233,502.86829,1.6966378
1296000.0,2231.1346,5921.0086,3959.0788,250.64897,106.89119,106.89119,106.89119,5882.5761,5958.5425,5921.9071,500.1391,1.6966378
1297000.0,2255.7449,5918.2652,3938.6617,249.35636,106.89119,106.89119,106.89119,5937.4927,5889.7146,5927.5882,510.30131,1.6966378
1298000.0,2240.5942,5889.7718,3965.297,251.04265,106.89119,106.89119,106.89119,5891.1834,5861.5857,5916.5464,501.21904,1.6966378
1299000.0,2265.1417,5928.2267,4007.7555,253.73069,106.89119,106.89119,106.89119,5946.5002,5909.4272,5928.7526,496.65063,1.6966378
1300000.0,2250.327,5891.4091,3973.6539,251.57172,106.89119,106.89119,106.89119,5922.5272,5872.8628,5878.8372,508.20487,1.6966378
1301000.0,2287.6778,5916.3696,3990.2367,252.62157,106.89119,106.89119,106.89119,5910.799,5940.0372,5898.2726,507.66141,1.6966378
1302000.0,2257.373,5905.7008,3963.7986,250.94778,106.89119,106.89119,106.89119,5904.6462,5883.1768,5929.2794,508.63917,1.6966378
1303000.0,2224.1844,5892.8447,3903.3233,247.1191,106.89119,106.89119,106.89119,5911.3417,5892.0533,5875.139,503.64625,1.6966378
1304000.0,2284.0491,5947.1656,3958.0701,250.58511,106.89119,106.89119,106.89119,5947.5111,5959.1861,5934.7997,511.65356,1.6966378
1305000.0,2233.7621,5916.071,3987.8634,252.47132,106.89119,106.89119,106.89119,5988.1898,5898.1324,5861.8907,505.443,1.6966378
1306000.0,2221.992,5892.1388,3930.1955,248.82037,106.89119,106.89119,106.89119,5946.6403,5822.2869,5907.4892,505.84172,1.6966378
1307000.0,2263.7177,5886.3308,3916.7759,247.97078,106.89119,106.89119,106.89119,5874.4636,5857.334,5927.195,503.44488,1.6966378
1308000.0,2269.637,5902.26,3957.0043,250.51763,106.89119,106.89119,106.89119,5880.1993,5916.9392,5909.6415,507.27099,1.6966378
1309000.0,2385.5225,5938.3957,3977.1845,251.79524,106.89119,106.89119,106.89119,5910.3213,5996.1955,5908.6704,510.04871,1.6966378
1310000.0,2215.1459,5904.821,3994.0163,252.86086,106.89119,106.89119,106.89119,5923.2349,5895.4027,5895.8255,501.8683,1.6966378
1311000.0,2282.8579,5914.1667,3956.5869,250.49121,106.89119,106.89119,106.89119,5986.9922,5880.3149,5875.1929,505.72313,1.6966378
1312000.0,2289.603,5905.6893,3979.0429,251.9129,106.89119,106.89119,106.89119,5906.2352,5899.1323,5911.7004,504.01031,1.6966378
1313000.0,2266.3436,5911.4023,3921.899,248.29512,106.89119,106.89119,106.89119,5863.4674,5912.3841,5958.3553,495.58885,1.6966378
1314000.0,2254.9604,5907.5349,3946.4693,249.85066,106.89119,106.89119,106.89119,5955.1755,5864.1652,5903.2639,510.4342,1.6966378
1315000.0,2268.9693,5903.505,3985.8965,252.3468,106.89119,106.89119,106.89119,5913.2916,5937.6865,5859.537,499.53802,1.6966378
1316000.0,2368.9188,5930.3869,3962.477,250.86411,106.89119,106.89119,106.89119,5934.358,5909.5862,5947.2166,504.12068,1.6966378
1317000.0,2241.35,5929.3501,3958.5222,250.61373,106.89119,106.89119,106.89119,5873.2248,5937.8288,5976.9967,505.425,1.6966378
1318000.0,2263.6544,5897.0835,4004.3548,253.51539,106.89119,106.89119,106.89119,5905.3319,5925.1371,5860.7815,499.39418,1.6966378
1319000.0,2347.1409,5913.0719,3957.3944,250.54233,106.89119,106.89119,106.89119,5897.424,5932.6822,5909.1096,501.53008,1.6966378
1320000.0,2192.8934,5849.9325,3978.1743,251.8579,106.89119,106.89119,106.89119,5880.9034,5817.7275,5851.1666,498.62264,1.6966378
1321000.0,2275.3572,5925.2709,3894.5245,246.56204,106.89119,106.89119,106.89119,5937.1426,5896.361,5942.3091,502.28449,1.6966378
1322000.0,2168.8263,5902.6977,3991.6593,252.71164,106.89119,106.89119,106.89119,5937.3977,5889.6631,5881.0322,498.47238,1.6966378
1323000.0,2271.0838,5904.5879,3922.3949,248.32651,106.89119,106.89119,106.89119,5893.1362,5896.8796,5923.7478,499.35094,1.6966378
1324000.0,2311.1932,5923.9527,3972.604,251.50525,106.89119,106.89119,106.89119,5983.1204,5897.2438,5891.4939,499.5221,1.6966378
1325000.0,2264.8051,5925.801,3983.5466,252.19803,106.89119,106.89119,106.89119,5922.5577,5910.7415,5944.1039,505.27598,1.6966378
1326000.0,2159.8493,5859.386,3954.4522,250.35606,106.89119,106.89119,106.89119,5874.3404,5848.359,5855.4585,506.45837,1.6966378
1327000.0,2197.7584,5893.6906,3959.6687,250.68632,106.89119,106.89119,106.89119,5839.2758,5918.5421,5923.2538,505.60187,1.6966378
1328000.0,2261.2603,5899.4035,4048.925,256.33713,106.89119,106.89119,106.89119,5874.8136,5896.3798,5927.017,506.70208,1.6966378
1329000.0,2260.1266,5906.6826,3911.1648,247.61554,106.89119,106.89119,106.89119,5960.3692,5881.2492,5878.4295,500.05303,1.6966378
1330000.0,2262.791,5914.3591,3907.3975,247.37703,106.89119,106.89119,106.89119,5922.0695,5930.2346,5890.773,496.53044,1.6966378
1331000.0,2288.6007,5915.3379,3994.8776,252.91539,106.89119,106.89119,106.89119,5968.8685,5909.0571,5868.0882,501.04478,1.6966378
1332000.0,2199.4878,5895.9163,3955.7021,250.43519,106.89119,106.89119,106.89119,5964.2777,5835.4212,5888.05,495.9583,1.6966378
1333000.0,2306.0665,5919.3735,3967.8775,251.20601,106.89119,106.89119,106.89119,5918.7688,5891.7556,5947.596,499.53667,1.6966378
1334000.0,2272.9602,5921.2529,3988.8737,252.53528,106.89119,106.89119,106.89119,5880.3245,5961.7883,5921.6459,495.93144,1.6966378
1335000.0,2220.3415,5891.8718,3899.1893,246.85737,106.89119,106.89119,106.89119,5888.3928,5900.8174,5886.4051,496.63429,1.6966378
1336000.0,2241.6613,5891.0017,3978.0297,251.84875,106.89119,106.89119,106.89119,5907.862,5856.2272,5908.9159,501.46418,1.6966378
1337000.0,2300.2002,5931.6901,3951.2638,250.1542,106.89119,106.89119,106.89119,5892.0194,5955.0987,5947.9522,501.68863,1.6966378
1338000.0,2245.4002,5907.2498,3994.4308,252.8871,106.89119,106.89119,106.89119,5917.0248,5914.9647,5889.76,496.5286,1.6966378
1339000.0,2264.9797,5898.0383,3976.3223,251.74065,106.89119,106.89119,106.89119,5916.734,5876.1917,5901.1893,507.12335,1.6966378
1340000.0,2280.8416,5928.973,3927.4281,248.64517,106.89119,106.89119,106.89119,5953.1556,5914.7123,5919.051,507.88482,1.6966378
1341000.0,2240.5601,5902.895,3965.0514,251.02709,106.89119,106.89119,106.89119,5924.5243,5922.2061,5861.9547,493.93365,1.6966378
1342000.0,2189.2715,5873.3171,3863.1241,244.57408,106.89119,106.89119,106.89119,5933.9484,5831.1486,5854.8542,496.91324,1.6966378
1343000.0,2271.2693,5903.4798,3954.8747,250.38281,106.89119,106.89119,106.89119,5952.1151,5880.8268,5877.4977,500.0986,1.6966378
1344000.0,2218.6165,5892.2846,3913.3189,247.75191,106.89119,106.89119,106.89119,5932.8775,5885.1786,5858.7977,496.44736,1.6966378
1345000.0,2219.2212,5897.4991,3915.2979,247.8772,106.89119,106.89119,106.89119,5905.6849,5876.1597,5910.6526,487.25377,1.6966378
1346000.0,2257.5124,5904.6179,4023.3249,254.71639,106.89119,106.89119,106.89119,5911.0831,5869.0143,5933.7563,478.69089,1.6966378
1347000.0,2203.6699,5878.9179,3952.7191,250.24634,106.89119,106.89119,106.89119,5968.5942,5825.4518,5842.7077,508.82751,1.6966378
1348000.0,2204.1741,5891.2459,3987.8099,252.46794,106.89119,106.89119,106.89119,5941.8904,5886.0991,5845.7482,503.70456,1.6966378
1349000.0,2253.2033,5905.2966,3928.7141,248.72658,106.89119,106.89119,106.89119,5961.1705,5895.0368,5859.6827,508.33845,1.6966378
1350000.0,2311.9341,5923.0998,3985.4927,252.32123,106.89119,106.89119,106.89119,5971.6511,5881.7487,5915.8995,489.64553,1.6966378
1351000.0,2284.2416,5922.0766,3901.4576,247.00097,106.89119,106.89119,106.89119,5930.0395,5938.1668,5898.0235,495.10945,1.6966378
1352000.0,2241.6585,5920.939,3995.1645,252.93355,106.89119,106.89119,106.89119,5993.891,5880.267,5888.6589,490.67634,1.6966378
1353000.0,2236.465,5901.8434,4008.9367,253.80547,106.89119,106.89119,106.89119,5912.5247,5875.9657,5917.0398,498.07546,1.6966378
1354000.0,2169.9206,5871.8422,3950.6637,250.11621,106.89119,106.89119,106.89119,5892.0348,5840.3339,5883.1579,496.27204,1.6966378
1355000.0,2258.9417,5913.5733,4029.1038,255.08225,106.89119,106.89119,106.89119,5882.1574,5905.2829,5953.2796,471.33719,1.6966378
1356000.0,2336.2438,5915.3693,3932.2097,248.94789,106.89119,106.89119,106.89119,5928.0246,5952.0322,5866.051,475.98198,1.6966378
1357000.0,2173.5785,5900.309,3986.8013,252.40408,106.89119,106.89119,106.89119,5915.6644,5920.2818,5864.9807,495.4919,1.6966378
1358000.0,2247.6912,5911.7352,3865.8445,244.74632,106.89119,106.89119,106.89119,5950.8754,5912.8352,5871.4951,499.08126,1.6966378
1359000.0,2259.192,5894.1583,3946.4359,249.84855,106.89119,106.89119,106.89119,5946.627,5900.6687,5835.1791,498.7835,1.6966378
1360000.0,2224.0166,5869.0957,3920.2957,248.19361,106.89119,106.89119,106.89119,5892.7556,5813.9427,5900.5887,503.37547,1.6966378
1361000.0,2215.2784,5917.7565,3960.3414,250.7289,106.89119,106.89119,106.89119,5937.4056,5904.6919,5911.1719,500.50912,1.6966378
1362000.0,2277.1091,5896.663,3959.8123,250.69541,106.89119,106.89119,106.89119,5913.0202,5884.8477,5892.1211,505.22178,1.6966378
1363000.0,2231.9337,5906.4301,3902.4631,247.06463,106.89119,106.89119,106.89119,5982.8584,5875.5663,5860.8657,504.60729,1.6966378
1364000.0,2193.1226,5876.1447,3894.2693,246.54589,106.89119,106.89119,106.89119,5910.6103,5889.8582,5827.9656,505.43576,1.6966378
1365000.0,2202.7904,5872.1505,3968.948,251.27379,106.89119,106.89119,106.89119,5925.7662,5836.0123,5854.6729,501.98499,1.6966378
1366000.0,2336.594,5913.4413,3974.3028,251.6128,106.89119,106.89119,106.89119,5971.2456,5874.4499,5894.6283,501.65304,1.6966378
1367000.0,2227.9046,5876.9179,3980.8176,252.02525,106.89119,106.89119,106.89119,5915.7178,5833.7282,5881.3075,502.12651,1.6966378
1368000.0,2236.3111,5890.2828,3998.4261,253.14005,106.89119,106.89119,106.89119,5943.1587,5846.8762,5880.8135,501.03937,1.6966378
1369000.0,2222.5413,5878.4226,3955.1677,250.40136,106.89119,106.89119,106.89119,5882.8272,5856.3047,5896.1359,505.40301,1.6966378
1370000.0,2234.0784,5894.6941,3956.5193,250.48693,106.89119,106.89119,106.89119,5907.1351,5925.6167,5851.3305,497.46567,1.6966378
1371000.0,2172.3247,5895.2441,3887.0845,246.09102,106.89119,106.89119,106.89119,5870.1936,5877.7903,5937.7482,500.19015,1.6966378
1372000.0,2250.6031,5892.0442,4009.3633,253.83248,106.89119,106.89119,106.89119,5850.0778,5916.1434,5909.9115,501.96962,1.6966378
1373000.0,2220.7934,5884.9042,3932.1456,248.94383,106.89119,106.89119,106.89119,5916.8755,5884.7918,5853.0452,510.16169,1.6966378
1374000.0,2266.7458,5902.0999,3943.3289,249.65185,106.89119,106.89119,106.89119,5946.0039,5896.21,5864.0857,506.42182,1.6966378
1375000.0,2263.2657,5919.2416,3893.7396,246.51235,106.89119,106.89119,106.89119,5921.0147,5897.3476,5939.3624,501.67229,1.6966378
1376000.0,2270.1271,5919.4986,3959.4505,250.6725,106.89119,106.89119,106.89119,5921.8319,5907.6712,5928.9927,498.32126,1.6966378
1377000.0,2283.4238,5897.8657,3987.833,252.46939,106.89119,106.89119,106.89119,5934.387,5881.7338,5877.4763,503.19728,1.6966378
1378000.0,2275.5929,5911.9444,3955.9902,250.45343,106.89119,106.89119,106.89119,5944.352,5902.5852,5888.8961,500.42923,1.6966378
1379000.0,2279.1808,5935.0143,3975.5277,251.69035,106.89119,106.89119,106.89119,5913.1364,5955.4143,5936.4922,498.80479,1.6966378
1380000.0,2237.72,5910.3343,3913.8247,247.78393,106.89119,106.89119,106.89119,5912.9163,5947.4114,5870.6751,498.27959,1.6966378
1381000.0,2200.0399,5877.7056,4044.7566,256.07322,106.89119,106.89119,106.89119,5857.9561,5902.0943,5873.0665,502.78945,1.6966378
1382000.0,2188.9527,5886.8623,3932.3473,248.9566,106.89119,106.89119,106.89119,5879.9356,5885.0811,5895.5701,500.54225,1.6966378
1383000.0,2231.8776,5905.2491,3986.2228,252.36745,106.89119,106.89119,106.89119,5920.321,5917.813,5877.6134,498.57302,1.6966378
1384000.0,2212.6987,5898.2292,3995.9801,252.98519,106.89119,106.89119,106.89119,5898.8714,5931.4806,5864.3356,503.81603,1.6966378
1385000.0,2236.5108,5906.739,3920.9264,248.23355,106.89119,106.89119,106.89119,5907.8436,5907.1399,5905.2336,500.38114,1.6966378
1386000.0,2335.0245,5917.9049,3891.6656,246.38105,106.89119,106.89119,106.89119,5934.421,5914.2615,5905.0323,502.93758,1.6966378
1387000.0,2189.4891,5881.2207,3951.5993,250.17544,106.89119,106.89119,106.89119,5932.3354,5850.5031,5860.8236,502.44954,1.6966378
1388000.0,2176.4623,5865.7904,4014.8063,254.17707,106.89119,106.89119,106.89119,5927.0339,5880.1846,5790.1527,496.06777,1.6966378
1389000.0,2275.7011,5905.9018,3939.3405,249.39934,106.89119,106.89119,106.89119,5960.0034,5891.0603,5866.6417,496.55758,1.6966378
1390000.0,2233.6833,5898.6109,3964.818,251.01232,106.89119,106.89119,106.89119,5916.9324,5889.4071,5889.4931,497.07116,1.6966378
1391000.0,2248.8804,5896.1525,3916.791,247.97173,106.89119,106.89119,106.89119,5908.3345,5938.0954,5842.0276,497.60961,1.6966378
1392000.0,2177.9123,5910.7268,3952.6498,250.24195,106.89119,106.89119,106.89119,5931.4883,5881.6356,5919.0567,495.09639,1.6966378
1393000.0,2252.0756,5896.8234,3927.9006,248.67508,106.89119,106.89119,106.89119,5858.2275,5949.7752,5882.4673,498.30389,1.6966378
1394000.0,2243.9489,5912.202,3999.9468,253.23632,106.89119,106.89119,106.89119,5904.218,5911.2068,5921.1811,499.4384,1.6966378
1395000.0,2178.3276,5875.5212,3936.2036,249.20074,106.89119,106.89119,106.89119,5892.1973,5880.653,5853.7133,497.73502,1.6966378
1396000.0,2358.4729,5946.4607,3958.7897,250.63067,106.89119,106.89119,106.89119,5948.5773,5893.2007,5997.6042,497.35142,1.6966378
1397000.0,2277.3849,5900.7277,4010.4901,253.90381,106.89119,106.89119,106.89119,5882.6719,5888.0196,5931.4916,502.52635,1.6966378
1398000.0,2239.1972,5919.9803,3929.9675,248.80594,106.89119,106.89119,106.89119,5984.096,5877.8551,5897.9899,501.7647,1.6966378
1399000.0,2267.5247,5897.2783,3983.3697,252.18682,106.89119,106.89119,106.89119,5923.2492,5881.9263,5886.6593,502.49643,1.6966378
1400000.0,2234.9586,5896.7981,3919.2021,248.12438,106.89119,106.89119,106.89119,5895.6402,5894.1627,5900.5913,495.33433,1.6966378
1401000.0,2276.3903,5895.5522,3962.2136,250.84744,106.89119,106.89119,106.89119,5900.759,5965.0069,5820.8906,502.9677,1.6966378
1402000.0,2173.2181,5876.1036,3980.8598,252.02792,106.89119,106.89119,106.89119,5893.9747,5889.5764,5844.7598,497.31332,1.6966378
1403000.0,2245.3622,5916.0953,3933.1455,249.00714,106.89119,106.89119,106.89119,5923.0646,5924.0904,5901.1309,497.71919,1.6966378
1404000.0,2198.3832,5901.7722,3996.0537,252.98985,106.89119,106.89119,106.89119,5921.3685,5946.1839,5837.7643,502.75615,1.6966378
1405000.0,2294.2724,5900.5099,3989.312,252.56303,106.89119,106.89119,106.89119,5929.0179,5905.6535,5866.8583,496.74422,1.6966378
1406000.0,2166.8979,5891.6891,3986.9466,252.41328,106.89119,106.89119,106.89119,5949.7755,5871.6558,5853.6361,487.01057,1.6966378
1407000.0,2205.3619,5905.6594,3935.1299,249.13277,106.89119,106.89119,106.89119,5913.1222,5887.2512,5916.6047,483.53172,1.6966378
1408000.0,2285.9204,5928.3597,4000.4083,253.26554,106.89119,106.89119,106.89119,5912.8891,5897.7384,5974.4515,486.06136,1.6966378
1409000.0,2248.9681,5910.7902,3922.2457,248.31707,106.89119,106.89119,106.89119,5898.4219,5895.7757,5938.1731,487.11479,1.6966378
1410000.0,2230.6052,5910.3259,3939.3657,249.40094,106.89119,106.89119,106.89119,5905.092,5941.4783,5884.4076,489.00936,1.6966378
1411000.0,2218.1732,5916.1605,3994.3831,252.88408,106.89119,106.89119,106.89119,5927.0968,5954.0535,5867.3314,507.70142,1.6966378
1412000.0,2178.2027,5902.8705,4048.3361,256.29984,106.89119,106.89119,106.89119,5903.7335,5892.7849,5912.093,494.9089,1.6966378
1413000.0,2200.8275,5899.8401,3919.188,248.12349,106.89119,106.89119,106.89119,5884.5223,5906.9511,5908.0468,501.62612,1.6966378
1414000.0,2200.9358,5906.3728,3974.7235,251.63943,106.89119,106.89119,106.89119,5906.2308,5904.9751,5907.9125,496.52769,1.6966378
1415000.0,2204.0708,5922.715,4020.7172,254.55129,106.89119,106.89119,106.89119,5891.9172,5972.5571,5903.6706,503.44577,1.6966378
1416000.0,2247.0605,5899.7507,3940.5653,249.47688,106.89119,106.89119,106.89119,5886.7578,5907.1359,5905.3584,503.50468,1.6966378
1417000.0,2211.3148,5892.2848,3985.9115,252.34774,106.89119,106.89119,106.89119,5895.1986,5894.2777,5887.3781,498.42003,1.6966378
1418000.0,2166.1117,5879.3,3904.0756,247.16672,106.89119,106.89119,106.89119,5901.6139,5890.9949,5845.2911,490.53122,1.6966378
1419000.0,2181.8019,5890.2529,3946.7703,249.86972,106.89119,106.89119,106.89119,5910.139,5863.0322,5897.5875,492.85916,1.6966378
1420000.0,2199.0011,5905.2565,3986.6351,252.39356,106.89119,106.89119,106.89119,5871.9244,5955.7208,5888.1242,497.26315,1.6966378
1421000.0,2185.2778,5904.537,3971.2057,251.41672,106.89119,106.89119,106.89119,5910.5577,5890.6518,5912.4016,493.61657,1.6966378
1422000.0,2277.5088,5915.4702,3933.0873,249.00345,106.89119,106.89119,106.89119,5914.3227,5906.7557,5925.3322,501.57388,1.6966378
1423000.0,2247.035,5924.6088,3948.7797,249.99694,106.89119,106.89119,106.89119,5978.8784,5869.9694,5924.9787,499.8038,1.6966378
1424000.0,2230.7467,5894.8278,3980.4425,252.0015,106.89119,106.89119,106.89119,5935.0483,5866.6866,5882.7486,494.64744,1.6966378
1425000.0,2185.9434,5898.9246,3955.0104,250.3914,106.89119,106.89119,106.89119,5945.1865,5821.0154,5930.572,502.08647,1.6966378
1426000.0,2240.4286,5907.9772,3969.5252,251.31033,106.89119,106.89119,106.89119,5937.3168,5889.1978,5897.4169,494.92884,1.6966378
1427000.0,2312.956,5927.2827,3995.1583,252.93316,106.89119,106.89119,106.89119,5957.9807,5932.8904,5890.9771,501.55391,1.6966378
1428000.0,2276.8983,5907.4832,4036.8938,255.57543,106.89119,106.89119,106.89119,5952.4114,5813.4337,5956.6044,506.55047,1.6966378
1429000.0,2178.2453,5896.5103,3860.4323,244.40367,106.89119,106.89119,106.89119,5916.876,5914.1498,5858.5052,500.03171,1.6966378
1430000.0,2190.938,5886.9899,3962.8265,250.88624,106.89119,106.89119,106.89119,5903.0088,5847.0852,5910.8758,499.0116,1.6966378
1431000.0,2266.5335,5897.8641,4026.4045,254.91136,106.89119,106.89119,106.89119,5948.8067,5825.3944,5919.3911,504.52225,1.6966378
1432000.0,2108.8543,5866.159,3917.2362,247.99992,106.89119,106.89119,106.89119,5891.5493,5853.1897,5853.738,504.55893,1.6966378
1433000.0,2159.9888,5886.413,3930.0788,248.81298,106.89119,106.89119,106.89119,5916.0038,5910.1845,5833.0506,502.32149,1.6966378
1434000.0,2129.3309,5898.3063,3920.1811,248.18636,106.89119,106.89119,106.89119,5957.0842,5869.5408,5868.2939,500.68817,1.6966378
1435000.0,2165.1613,5893.7992,3948.5875,249.98477,106.89119,106.89119,106.89119,5910.3973,5868.5035,5902.4967,501.11618,1.6966378
1436000.0,2174.3617,5893.83,3972.2054,251.48001,106.89119,106.89119,106.89119,5929.8258,5874.1188,5877.5455,499.75991,1.6966378
1437000.0,2262.8541,5936.1578,3997.4577,253.07874,106.89119,106.89119,106.89119,5978.9512,5926.9883,5902.5339,495.27691,1.6966378
1438000.0,2173.5928,5881.3077,4002.3042,253.38557,106.89119,106.89119,106.89119,5904.1251,5933.6171,5806.1809,504.4946,1.6966378
1439000.0,2226.8561,5908.221,4041.8304,255.88797,106.89119,106.89119,106.89119,5932.8535,5898.2689,5893.5405,496.4308,1.6966378
1440000.0,2220.9703,5897.9104,3833.0201,242.6682,106.89119,106.89119,106.89119,5962.7777,5855.3203,5875.6331,500.14701,1.6966378
1441000.0,2230.9788,5907.0155,3977.7894,251.83354,106.89119,106.89119,106.89119,5899.1874,5903.6008,5918.2582,504.05504,1.6966378
1442000.0,2235.8722,5884.2086,3995.4687,252.95281,106.89119,106.89119,106.89119,5888.5616,5903.461,5860.6032,502.68474,1.6966378
1443000.0,2178.0702,5876.4071,3964.5678,250.99648,106.89119,106.89119,106.89119,5898.3616,5873.1067,5857.7531,499.35825,1.6966378
1444000.0,2191.4724,5896.7456,3998.3575,253.1357,106.89119,106.89119,106.89119,5922.4608,5881.8811,5885.895,490.15527,1.6966378
1445000.0,2196.8386,5890.1919,3981.3081,252.05631,106.89119,106.89119,106.89119,5917.1453,5876.5559,5876.8746,507.40055,1.6966378
1446000.0,2201.9284,5887.1493,3898.3976,246.80725,106.89119,106.89119,106.89119,5904.6052,5925.1012,5831.7416,503.21256,1.6966378
1447000.0,2243.3576,5894.5105,3954.9743,250.38911,106.89119,106.89119,106.89119,5951.1557,5871.5807,5860.795,501.81243,1.6966378
1448000.0,2183.458,5897.0149,3965.0589,251.02757,106.89119,106.89119,106.89119,5929.1478,5857.8907,5904.0063,503.17592,1.6966378
1449000.0,2234.6549,5912.2975,4002.2309,253.38092,106.89119,106.89119,106.89119,5939.9674,5878.711,5918.2141,500.11023,1.6966378
1450000.0,2258.4916,5895.5378,3921.82,248.29012,106.89119,106.89119,106.89119,5916.1352,5878.8972,5891.5809,504.79667,1.6966378
1451000.0,2249.8156,5894.0102,3960.408,250.73312,106.89119,106.89119,106.89119,5943.5399,5877.1401,5861.3505,501.2105,1.6966378
1452000.0,2341.7755,5943.0765,3977.7105,251.82854,106.89119,106.89119,106.89119,5956.576,5908.3081,5964.3453,494.70568,1.6966378
1453000.0,2232.3085,5895.9428,3936.7332,249.23427,106.89119,106.89119,106.89119,5961.9486,5833.1793,5892.7005,497.51393,1.6966378
1454000.0,2223.5873,5907.8055,3966.7839,251.13678,106.89119,106.89119,106.89119,5956.7535,5859.3822,5907.2808,497.2235,1.6966378
1455000.0,2212.0079,5901.3565,3906.6915,247.33234,106.89119,106.89119,106.89119,5851.8614,5924.7839,5927.4241,501.75605,1.6966378
1456000.0,2166.4539,5900.6219,3960.7444,250.75442,106.89119,106.89119,106.89119,5854.4615,5887.534,5959.8704,503.48194,1.6966378
1457000.0,2263.9372,5895.1816,3901.8126,247.02345,106.89119,106.89119,106.89119,5916.0667,5855.3796,5914.0986,493.92377,1.6966378
1458000.0,2212.8814,5921.0436,3918.4954,248.07964,106.89119,106.89119,106.89119,5945.4863,5911.0778,5906.5666,499.05784,1.6966378
1459000.0,2262.2001,5934.4775,3909.6555,247.51998,106.89119,106.89119,106.89119,5936.2554,5891.1558,5976.0214,499.39194,1.6966378
1460000.0,2230.751,5873.5962,3869.1498,244.95557,106.89119,106.89119,106.89119,5846.1641,5827.2078,5947.4168,505.72286,1.6966378
1461000.0,2182.113,5884.8491,3965.9919,251.08664,106.89119,106.89119,106.89119,5894.2159,5847.3502,5912.9812,497.89186,1.6966378
1462000.0,2297.9971,5928.4092,3958.0735,250.58533,106.89119,106.89119,106.89119,5964.4959,5907.2579,5913.4738,495.48121,1.6966378
1463000.0,2336.6115,5920.2181,3934.8201,249.11316,106.89119,106.89119,106.89119,5904.412,5913.9125,5942.3299,504.51158,1.6966378
1464000.0,2189.3848,5903.0563,3907.9788,247.41383,106.89119,106.89119,106.89119,5937.2237,5866.8687,5905.0764,498.00717,1.6966378
1465000.0,2245.9855,5919.4138,3944.9658,249.75548,106.89119,106.89119,106.89119,5918.3244,5902.7969,5937.1201,497.2218,1.6966378
1466000.0,2184.908,5902.0919,3930.6646,248.85007,106.89119,106.89119,106.89119,5870.6308,5885.922,5949.7228,496.52294,1.6966378
1467000.0,2136.7142,5898.7039,3965.8058,251.07485,106.89119,106.89119,106.89119,5941.0796,5865.4946,5889.5374,497.40772,1.6966378
1468000.0,2349.4514,5926.0628,3984.6132,252.26555,106.89119,106.89119,106.89119,5968.8515,5864.5169,5944.8201,501.67796,1.6966378
1469000.0,2258.0808,5925.1952,3970.7692,251.38909,106.89119,106.89119,106.89119,5944.0483,5912.4848,5919.0524,506.00325,1.6966378
1470000.0,2240.6951,5895.2352,3907.6163,247.39088,106.89119,106.89119,106.89119,5929.9289,5851.3369,5904.44,507.48109,1.6966378
1471000.0,2215.264,5914.1804,3866.1321,244.76452,106.89119,106.89119,106.89119,5962.9063,5896.7373,5882.8976,502.73433,1.6966378
1472000.0,2248.2852,5916.6113,3931.1939,248.88358,106.89119,106.89119,106.89119,5881.6125,5914.6952,5953.5262,498.19726,1.6966378
1473000.0,2183.5736,5891.1007,3957.9158,250.57534,106.89119,106.89119,106.89119,5891.6475,5902.7528,5878.9019,506.61634,1.6966378
1474000.0,2230.9379,5918.2258,3922.1674,248.31211,106.89119,106.89119,106.89119,5973.4532,5880.679,5900.5451,503.05084,1.6966378
1475000.0,2194.503,5906.4213,3977.6837,251.82685,106.89119,106.89119,106.89119,5960.9645,5870.3652,5887.9342,499.93833,1.6966378
1476000.0,2228.9275,5899.1964,3988.0837,252.48527,106.89119,106.89119,106.89119,5900.5732,5892.9999,5904.016,503.26094,1.6966378
1477000.0,2200.2132,5881.3823,3908.9672,247.47641,106.89119,106.89119,106.89119,5913.9102,5829.4489,5900.7877,503.92977,1.6966378
1478000.0,2202.3698,5886.602,4006.1646,253.62997,106.89119,106.89119,106.89119,5922.3707,5872.3309,5865.1043,500.91477,1.6966378
1479000.0,2239.5833,5908.3261,3927.6596,248.65982,106.89119,106.89119,106.89119,5923.8401,5893.4563,5907.6821,498.29025,1.6966378
1480000.0,2185.3503,5911.9357,3995.6751,252.96588,106.89119,106.89119,106.89119,5932.559,5903.835,5899.4133,499.1038,1.6966378
1481000.0,2252.7873,5885.0882,3879.8158,245.63083,106.89119,106.89119,106.89119,5945.768,5850.4984,5858.9981,498.90738,1.6966378
1482000.0,2215.3895,5880.4543,3967.7934,251.20069,106.89119,106.89119,106.89119,5867.6953,5895.7559,5877.9117,504.87172,1.6966378
1483000.0,2233.2848,5910.7329,3941.1966,249.51685,106.89119,106.89119,106.89119,5956.7245,5908.2014,5867.2728,503.36296,1.6966378
1484000.0,2140.8536,5864.3642,4018.253,254.39528,106.89119,106.89119,106.89119,5904.7992,5815.4237,5872.8696,507.51152,1.6966378
1485000.0,2189.1847,5898.57,3896.7915,246.70557,106.89119,106.89119,106.89119,5936.4188,5853.1214,5906.1697,501.41405,1.6966378
1486000.0,2244.3116,5892.5359,3938.2955,249.33318,106.89119,106.89119,106.89119,5940.6565,5868.698,5868.2533,505.40614,1.6966378
1487000.0,2221.6695,5888.9556,3975.8186,251.70876,106.89119,106.89119,106.89119,5933.9276,5885.9248,5847.0143,497.95379,1.6966378
1488000.0,2234.4898,5907.6067,3950.7762,250.12333,106.89119,106.89119,106.89119,5935.3072,5840.5213,5946.9916,500.9608,1.6966378
1489000.0,2184.7943,5879.0501,3893.3334,246.48663,106.89119,106.89119,106.89119,5992.4325,5852.6801,5792.0376,505.88073,1.6966378
1490000.0,2202.3248,5916.664,3922.4027,248.32701,106.89119,106.89119,106.89119,5932.4383,5898.3501,5919.2035,495.67361,1.6966378
1491000.0,2212.9464,5893.491,3958.7922,250.63083,106.89119,106.89119,106.89119,5943.2734,5876.0747,5861.1248,495.77017,1.6966378
1492000.0,2264.3012,5896.7176,3936.1999,249.20051,106.89119,106.89119,106.89119,5877.8668,5914.6445,5897.6415,494.19731,1.6966378
1493000.0,2236.1638,5910.5306,4005.0702,253.56068,106.89119,106.89119,106.89119,5936.1156,5881.6724,5913.8039,507.81544,1.6966378
1494000.0,2224.2927,5904.1126,3906.6002,247.32655,106.89119,106.89119,106.89119,5973.5334,5778.9801,5959.8242,510.42322,1.6966378
1495000.0,2223.8801,5907.3194,3887.1861,246.09745,106.89119,106.89119,106.89119,5910.386,5952.8502,5858.7222,502.04713,1.6966378
1496000.0,2120.4552,5865.1551,3941.8074,249.55552,106.89119,106.89119,106.89119,5857.1692,5890.8712,5847.4251,506.96324,1.6966378
1497000.0,2190.1645,5914.3318,3849.2484,243.69562,106.89119,106.89119,106.89119,5967.0803,5875.8983,5900.0167,496.76288,1.6966378
1498000.0,2179.0752,5904.297,4004.9813,253.55506,106.89119,106.89119,106.89119,5896.5956,5896.8834,5919.4119,503.54637,1.6966378
1499000.0,2152.2182,5883.7804,3944.0036,249.69456,106.89119,106.89119,106.89119,5908.8059,5849.6235,5892.9118,501.82833,1.6966378
1500000.0,2195.3039,5871.5935,3949.0948,250.01688,106.89119,106.89119,106.89119,5918.5525,5875.6104,5820.6177,496.92287,1.6966378
1501000.0,2206.2102,5910.2196,3935.1899,249.13657,106.89119,106.89119,106.89119,5939.0013,5893.7535,5897.904,499.97807,1.6966378
1502000.0,2173.9497,5896.8537,3996.8938,253.04304,106.89119,106.89119,106.89119,5909.9329,5872.3245,5908.3038,500.695,1.6966378
1503000.0,2243.9473,5895.6739,3928.9971,248.7445,106.89119,106.89119,106.89119,5907.4778,5841.1508,5938.393,499.99519,1.6966378
1504000.0,2242.5695,5941.3073,3947.1184,249.89176,106.89119,106.89119,106.89119,5973.1366,5920.0733,5930.7119,504.34021,1.6966378
1505000.0,2244.7462,5921.0274,3934.2625,249.07786,106.89119,106.89119,106.89119,5948.5718,5949.6897,5864.8207,497.39656,1.6966378
1506000.0,2241.815,5914.5315,3943.3337,249.65215,106.89119,106.89119,106.89119,5919.3278,5910.9851,5913.2814,501.7986,1.6966378
1507000.0,2177.6828,5890.2993,3957.848,250.57105,106.89119,106.89119,106.89119,5887.0352,5883.1585,5900.7043,501.58247,1.6966378
1508000.0,2255.0886,5923.9992,3981.1096,252.04374,106.89119,106.89119,106.89119,5958.915,5884.8654,5928.2173,507.27577,1.6966378
1509000.0,2179.9091,5910.6594,4019.6857,254.48599,106.89119,106.89119,106.89119,5951.3088,5887.0607,5893.6089,505.9031,1.6966378
1510000.0,2182.5878,5903.7095,3953.8897,250.32045,106.89119,106.89119,106.89119,5923.1163,5860.5443,5927.4679,494.66921,1.6966378
1511000.0,2266.7345,5901.3001,3925.2926,248.50997,106.89119,106.89119,106.89119,5945.1348,5863.0512,5895.7142,498.45914,1.6966378
1512000.0,2228.6808,5911.5508,3920.4681,248.20453,106.89119,106.89119,106.89119,5927.488,5861.9502,5945.2142,491.3735,1.6966378
1513000.0,2322.9074,5941.5396,3891.0802,246.34399,106.89119,106.89119,106.89119,6009.9613,5896.9884,5917.6691,502.85444,1.6966378
1514000.0,2143.0083,5903.6158,3995.7174,252.96856,106.89119,106.89119,106.89119,5921.6826,5874.993,5914.1718,498.24782,1.6966378
1515000.0,2222.5369,5906.7089,3907.5535,247.3869,106.89119,106.89119,106.89119,5920.195,5891.6489,5908.2827,488.35176,1.6966378
1516000.0,2294.9958,5903.121,3873.5345,245.23317,106.89119,106.89119,106.89119,5923.9949,5831.6202,5953.748,506.78281,1.6966378
1517000.0,2170.8765,5886.3453,3919.169,248.12228,106.89119,106.89119,106.89119,5943.2952,5792.7573,5922.9834,492.58379,1.6966378
1518000.0,2242.055,5927.0797,3993.6695,252.8389,106.89119,106.89119,106.89119,6014.4982,5920.7582,5845.9826,501.4199,1.6966378
1519000.0,2266.038,5920.7088,3962.8924,250.89041,106.89119,106.89119,106.89119,5965.8907,5924.9526,5871.2831,499.71571,1.6966378
1520000.0,2220.4894,5915.6662,4004.8704,253.54803,106.89119,106.89119,106.89119,5950.0912,5921.1516,5875.7558,493.9637,1.6966378
1521000.0,2199.4736,5912.6438,3911.9333,247.66419,106.89119,106.89119,106.89119,5972.2956,5895.0141,5870.6217,488.87814,1.6966378
1522000.0,2204.1108,5913.6804,3950.5743,250.11055,106.89119,106.89119,106.89119,5998.9169,5915.5029,5826.6214,494.87687,1.6966378
1523000.0,2253.1459,5953.3116,4041.4979,255.86692,106.89119,106.89119,106.89119,6026.0983,5926.8025,5907.034,502.68804,1.6966378
1524000.0,2188.0106,5938.1774,3888.1267,246.157,106.89119,106.89119,106.89119,5967.7671,5897.9278,5948.8372,507.81005,1.6966378
1525000.0,2222.6817,5920.2333,3987.2962,252.43541,106.89119,106.89119,106.89119,5978.3864,5898.5392,5883.7744,501.94293,1.6966378
1526000.0,2241.1789,5900.8084,4000.5698,253.27576,106.89119,106.89119,106.89119,5927.6957,5854.2302,5920.4994,503.25704,1.6966378
1527000.0,2200.9649,5919.9996,4003.7129,253.47475,106.89119,106.89119,106.89119,5963.2428,5899.4156,5897.3403,502.3052,1.6966378
1528000.0,2256.461,5916.3275,3969.0228,251.27852,106.89119,106.89119,106.89119,5925.298,5930.1606,5893.5239,502.95446,1.6966378
1529000.0,2192.3887,5906.42,4004.0008,253.49298,106.89119,106.89119,106.89119,5963.1345,5839.5943,5916.5313,507.46819,1.6966378
1530000.0,2201.2052,5902.172,3942.5993,249.60566,106.89119,106.89119,106.89119,5942.2205,5898.8891,5865.4064,496.16357,1.6966378
1531000.0,2247.8374,5904.191,3977.7776,251.83279,106.89119,106.89119,106.89119,5974.8792,5826.8296,5910.8641,500.75735,1.6966378
1532000.0,2197.8213,5904.22,3924.8126,248.47958,106.89119,106.89119,106.89119,5923.4357,5856.3217,5932.9027,505.78936,1.6966378
1533000.0,2218.0758,5938.1472,3958.1389,250.58946,106.89119,106.89119,106.89119,5998.109,5857.6449,5958.6877,508.40449,1.6966378
1534000.0,2203.5531,5913.231,3920.9176,248.23299,106.89119,106.89119,106.89119,5934.0985,5907.0222,5898.5722,507.09086,1.6966378
1535000.0,2171.0561,5881.4778,3947.0747,249.88899,106.89119,106.89119,106.89119,5897.3866,5812.0649,5934.982,505.58111,1.6966378
1536000.0,2186.7919,5911.0767,3875.6393,245.36642,106.89119,106.89119,106.89119,5929.9878,5930.3396,5872.9025,506.09897,1.6966378
1537000.0,2240.1989,5900.1971,3880.3632,245.66549,106.89119,106.89119,106.89119,5949.4911,5841.3782,5909.7221,499.50344,1.6966378
1538000.0,2153.1062,5878.5935,3955.1796,250.40211,106.89119,106.89119,106.89119,5968.8664,5856.5937,5810.3205,484.54217,1.6966378
1539000.0,2154.4156,5868.3124,3964.8569,251.01478,106.89119,106.89119,106.89119,5891.0853,5890.4686,5823.3832,491.78086,1.6966378
1540000.0,2183.2464,5893.3295,3924.5593,248.46354,106.89119,106.89119,106.89119,5873.2613,5893.8149,5912.9123,490.20183,1.6966378
1541000.0,2233.8815,5904.3375,3909.6258,247.5181,106.89119,106.89119,106.89119,5934.6148,5875.2137,5903.1839,488.45793,1.6966378
1542000.0,2201.9155,5887.6776,3948.6831,249.99082,106.89119,106.89119,106.89119,5968.5178,5845.1632,5849.3518,489.0757,1.6966378
1543000.0,2231.9529,5901.394,3972.9124,251.52477,106.89119,106.89119,106.89119,5939.2628,5860.7835,5904.1357,489.4011,1.6966378
1544000.0,2244.13,5892.5037,3983.8875,252.2196,106.89119,106.89119,106.89119,5939.7376,5906.8431,5830.9302,485.73803,1.6966378
1545000.0,2117.0644,5909.1464,3993.2954,252.81522,106.89119,106.89119,106.89119,5925.4303,5882.0469,5919.9621,486.72411,1.6966378
1546000.0,2165.9196,5901.207,3986.6867,252.39683,106.89119,106.89119,106.89119,5915.977,5881.4936,5906.1504,500.85699,1.6966378
1547000.0,2231.6614,5895.6651,3966.1546,251.09694,106.89119,106.89119,106.89119,5903.5092,5891.7608,5891.7254,501.38269,1.6966378
1548000.0,2218.7745,5891.6393,3935.1054,249.13121,106.89119,106.89119,106.89119,5896.3058,5913.1965,5865.4156,501.46209,1.6966378
1549000.0,2207.1709,5904.3296,3991.4901,252.70093,106.89119,106.89119,106.89119,5894.2217,5878.0365,5940.7307,507.43644,1.6966378
1550000.0,2203.8599,5894.345,3955.7376,250.43744,106.89119,106.89119,106.89119,5926.8257,5855.9289,5900.2805,508.58204,1.6966378
1551000.0,2252.9503,5923.9527,3941.6593,249.54614,106.89119,106.89119,106.89119,5966.3902,5877.5024,5927.9654,503.05508,1.6966378
1552000.0,2205.5512,5917.5301,3923.0661,248.36901,106.89119,106.89119,106.89119,5951.5651,5912.3992,5888.6261,501.1449,1.6966378
1553000.0,2245.8307,5910.3577,3900.0941,246.91465,106.89119,106.89119,106.89119,5961.6231,5864.2458,5905.2042,472.13688,1.6966378
1554000.0,2185.9282,5884.5301,3899.7989,246.89596,106.89119,106.89119,106.89119,5919.0158,5841.9077,5892.6668,505.30614,1.6966378
1555000.0,2187.9667,5842.1363,3931.6181,248.91044,106.89119,106.89119,106.89119,5886.3853,5779.411,5860.6127,508.4406,1.6966378
1556000.0,2262.6389,5921.2819,3904.0744,247.16664,106.89119,106.89119,106.89119,5933.1433,5891.8605,5938.8418,503.03258,1.6966378
1557000.0,2217.7512,5892.448,3908.6547,247.45662,106.89119,106.89119,106.89119,5879.9548,5938.8116,5858.5777,495.78571,1.6966378
1558000.0,2181.371,5878.6699,3860.5193,244.40918,106.89119,106.89119,106.89119,5855.0053,5884.8831,5896.1212,498.57015,1.6966378
1559000.0,2108.1968,5874.9558,4016.5011,254.28437,106.89119,106.89119,106.89119,5880.205,5885.589,5859.0734,495.42775,1.6966378
1560000.0,2290.8705,5907.1392,3894.184,246.54048,106.89119,106.89119,106.89119,5962.1331,5882.4223,5876.8623,488.67987,1.6966378
1561000.0,2198.5867,5872.5266,3950.9113,250.13189,106.89119,106.89119,106.89119,5865.7989,5844.381,5907.4,490.09193,1.6966378
1562000.0,2278.1277,5922.2041,3879.7223,245.62492,106.89119,106.89119,106.89119,5943.7464,5876.1494,5946.7166,498.8145,1.6966378
1563000.0,2161.6265,5880.6451,3922.5826,248.3384,106.89119,106.89119,106.89119,5852.71,5877.8635,5911.3618,493.88601,1.6966378
1564000.0,2178.0004,5890.5419,4007.8128,253.73431,106.89119,106.89119,106.89119,5938.7201,5859.6248,5873.2808,502.90712,1.6966378
1565000.0,2233.2833,5922.9855,4048.8724,256.3338,106.89119,106.89119,106.89119,5972.133,5881.4182,5915.4052,500.84968,1.6966378
1566000.0,2174.3764,5916.6169,3943.8549,249.68515,106.89119,106.89119,106.89119,5926.9459,5888.6243,5934.2804,495.35865,1.6966378
1567000.0,2190.5584,5895.3909,3851.8753,243.86192,106.89119,106.89119,106.89119,5920.7059,5877.6887,5887.7779,498.74667,1.6966378
1568000.0,2262.0498,5894.6795,3918.5575,248.08357,106.89119,106.89119,106.89119,5941.8461,5843.3825,5898.81,496.44235,1.6966378
1569000.0,2216.3566,5927.991,3972.4727,251.49694,106.89119,106.89119,106.89119,5939.8289,5902.6349,5941.5093,505.88652,1.6966378
1570000.0,2205.1666,5873.1336,3984.8043,252.27765,106.89119,106.89119,106.89119,5892.976,5840.9955,5885.4294,501.93706,1.6966378
1571000.0,2287.0171,5935.8766,3969.578,251.31367,106.89119,106.89119,106.89119,5920.4014,5922.1698,5965.0584,496.2824,1.6966378
1572000.0,2135.2221,5871.12,3960.8437,250.76071,106.89119,106.89119,106.89119,5895.7798,5859.4557,5858.1245,500.53566,1.6966378
1573000.0,2103.0958,5865.5745,3913.1991,247.74433,106.89119,106.89119,106.89119,5857.2878,5859.6203,5879.8155,498.12554,1.6966378
1574000.0,2167.3644,5903.4209,3874.6437,245.30339,106.89119,106.89119,106.89119,5933.8144,5851.3938,5925.0546,496.22534,1.6966378
1575000.0,2178.7905,5891.188,3893.147,246.47484,106.89119,106.89119,106.89119,5897.264,5877.417,5898.8831,500.6171,1.6966378
1576000.0,2139.7672,5881.2398,4017.5374,254.34998,106.89119,106.89119,106.89119,5924.071,5801.7304,5917.9181,492.76673,1.6966378
1577000.0,2248.702,5945.9359,3942.3305,249.58864,106.89119,106.89119,106.89119,5973.5389,5922.1302,5942.1385,497.33115,1.6966378
1578000.0,2140.9446,5897.5619,4015.4134,254.21551,106.89119,106.89119,106.89119,5940.9808,5855.2245,5896.4806,495.21765,1.6966378
1579000.0,2168.7751,5894.7514,3991.4239,252.69673,106.89119,106.89119,106.89119,5937.6122,5828.6068,5918.0353,488.40788,1.6966378
1580000.0,2203.3406,5904.814,3975.6712,251.69944,106.89119,106.89119,106.89119,5968.3133,5886.8944,5859.2342,495.56031,1.6966378
1581000.0,2149.7527,5901.3341,3929.0988,248.75094,106.89119,106.89119,106.89119,5923.4727,5931.6539,5848.8758,488.87295,1.6966378
1582000.0,2284.836,5895.8659,3951.8726,250.19275,106.89119,106.89119,106.89119,5950.2608,5860.938,5876.3988,507.66619,1.6966378
1583000.0,2208.7066,5901.1064,3933.0148,248.99886,106.89119,106.89119,106.89119,5912.2122,5866.6859,5924.4212,496.82138,1.6966378
1584000.0,2272.0409,5901.6491,3956.5004,250.48573,106.89119,106.89119,106.89119,5858.3259,5924.6822,5921.9391,497.54542,1.6966378
1585000.0,2205.9777,5881.4038,3951.5404,250.17171,106.89119,106.89119,106.89119,5924.7236,5862.9462,5856.5414,500.03038,1.6966378
1586000.0,2174.75,5903.8235,3905.6155,247.26422,106.89119,106.89119,106.89119,5981.7251,5876.7329,5853.0124,497.54864,1.6966378
1587000.0,2181.2974,5890.8818,3894.0086,246.52938,106.89119,106.89119,106.89119,5839.1814,5936.9803,5896.4838,499.30546,1.6966378
1588000.0,2127.5565,5895.5222,3930.1956,248.82037,106.89119,106.89119,106.89119,5895.7837,5873.6475,5917.1355,500.45659,1.6966378
1589000.0,2157.7742,5873.9611,3963.9148,250.95514,106.89119,106.89119,106.89119,5907.8761,5873.0113,5840.996,491.55657,1.6966378
1590000.0,2225.8322,5911.9448,3989.7047,252.58789,106.89119,106.89119,106.89119,5952.142,5882.7565,5900.9358,487.47545,1.6966378
1591000.0,2298.9162,5945.8514,3937.6721,249.29371,106.89119,106.89119,106.89119,5936.6094,5928.3721,5972.5729,497.88348,1.6966378
1592000.0,2175.0654,5908.2953,3876.9176,245.44735,106.89119,106.89119,106.89119,5935.1474,5873.9334,5915.805,501.03981,1.6966378
1593000.0,2228.9501,5889.4763,3918.4312,248.07557,106.89119,106.89119,106.89119,5949.9998,5856.0448,5862.3844,502.816,1.6966378
1594000.0,2189.2839,5867.8956,3979.4894,251.94116,106.89119,106.89119,106.89119,5918.6869,5844.981,5840.0189,498.40333,1.6966378
1595000.0,2207.0379,5906.8251,3872.2437,245.15145,106.89119,106.89119,106.89119,5922.8818,5908.7894,5888.8042,495.65547,1.6966378
1596000.0,2250.2894,5902.3708,3949.9131,250.06869,106.89119,106.89119,106.89119,5975.2672,5883.7926,5848.0527,493.10997,1.6966378
1597000.0,2241.5475,5931.4564,3862.9356,244.56215,106.89119,106.89119,106.89119,5941.5495,5915.63,5937.1896,489.69013,1.6966378
1598000.0,2168.3636,5893.449,3955.8327,250.44346,106.89119,106.89119,106.89119,5897.0771,5884.4107,5898.8592,500.68055,1.6966378
1599000.0,2202.8624,5911.326,3986.2674,252.37028,106.89119,106.89119,106.89119,5938.0923,5883.9306,5911.9552,503.8389,1.6966378
1600000.0,2198.7131,5888.9106,3906.1004,247.29491,106.89119,106.89119,106.89119,5907.1328,5876.0925,5883.5066,503.16917,1.6966378
1601000.0,2187.4919,5879.1594,3953.3726,250.28771,106.89119,106.89119,106.89119,5892.9778,5887.8721,5856.6282,495.4294,1.6966378
1602000.0,2240.4897,5926.2086,4007.8435,253.73626,106.89119,106.89119,106.89119,5985.1145,5881.565,5911.9462,507.56504,1.6966378
1603000.0,2221.8686,5906.7975,3977.5895,251.82088,106.89119,106.89119,106.89119,5902.1442,5854.6797,5963.5688,506.30462,1.6966378
1604000.0,2204.5015,5897.473,3917.8068,248.03604,106.89119,106.89119,106.89119,5871.0794,5881.6253,5939.7143,508.71632,1.6966378
1605000.0,2228.6655,5919.9163,3882.4501,245.79761,106.89119,106.89119,106.89119,5904.6022,5896.8526,5958.294,506.60083,1.6966378
1606000.0,2196.8332,5914.9118,3959.6373,250.68433,106.89119,106.89119,106.89119,5977.923,5853.6493,5913.1631,505.08764,1.6966378
1607000.0,2150.6406,5905.833,3957.4543,250.54612,106.89119,106.89119,106.89119,5934.5779,5907.1539,5875.7672,507.44033,1.6966378
1608000.0,2175.2179,5894.478,3953.7403,250.31099,106.89119,106.89119,106.89119,5916.8526,5858.1043,5908.4772,497.61301,1.6966378
1609000.0,2223.4433,5923.0305,4004.1819,253.50445,106.89119,106.89119,106.89119,5981.4155,5895.3528,5892.3231,497.55556,1.6966378
1610000.0,2151.5715,5884.011,3940.6816,249.48424,106.89119,106.89119,106.89119,5937.8788,5821.7651,5892.389,497.28254,1.6966378
1611000.0,2191.0643,5887.3381,3945.6966,249.80174,106.89119,106.89119,106.89119,5925.5639,5894.1262,5842.3243,502.35588,1.6966378
1612000.0,2185.4496,5907.3674,3911.3123,247.62488,106.89119,106.89119,106.89119,5914.8219,5878.0692,5929.211,501.59244,1.6966378
1613000.0,2201.2217,5910.2883,3935.8339,249.17734,106.89119,106.89119,106.89119,5967.1395,5916.0317,5847.6938,502.21337,1.6966378
1614000.0,2234.8434,5908.6243,3862.5131,244.53541,106.89119,106.89119,106.89119,5934.6338,5889.9111,5901.3281,504.35667,1.6966378
1615000.0,2152.6573,5877.439,3953.32,250.28438,106.89119,106.89119,106.89119,5896.5491,5884.9086,5850.8593,498.73631,1.6966378
1616000.0,2208.8401,5903.3228,3916.2617,247.93822,106.89119,106.89119,106.89119,5863.8192,5881.635,5964.5142,502.9591,1.6966378
1617000.0,2204.3265,5912.6377,4025.8833,254.87836,106.89119,106.89119,106.89119,5971.5879,5867.9316,5898.3936,507.28718,1.6966378
1618000.0,2210.8611,5897.3365,3924.2208,248.44212,106.89119,106.89119,106.89119,5884.1024,5864.2184,5943.6888,500.93868,1.6966378
1619000.0,2252.8526,5904.2944,4037.181,255.59362,106.89119,106.89119,106.89119,5931.8153,5884.7406,5896.3273,501.10792,1.6966378
1620000.0,2193.2665,5911.6468,3988.2718,252.49717,106.89119,106.89119,106.89119,5960.9425,5881.4332,5892.5649,503.88465,1.6966378
1621000.0,2152.2737,5886.2749,3957.8019,250.56813,106.89119,106.89119,106.89119,5929.0263,5845.1031,5884.6952,497.8965,1.6966378
1622000.0,2128.8063,5904.0345,3892.8117,246.45361,106.89119,106.89119,106.89119,5982.7336,5837.2649,5892.105,503.12153,1.6966378
1623000.0,2211.05,5886.1121,3946.9714,249.88245,106.89119,106.89119,106.89119,5883.9756,5873.3208,5901.0398,499.00305,1.6966378
1624000.0,2233.9516,5903.9756,4022.5614,254.66805,106.89119,106.89119,106.89119,5885.0711,5909.1234,5917.7322,505.57889,1.6966378
1625000.0,2253.7482,5906.7255,3965.1581,251.03385,106.89119,106.89119,106.89119,5956.811,5874.7401,5888.6255,503.37895,1.6966378
1626000.0,2139.9305,5892.4674,3924.4142,248.45436,106.89119,106.89119,106.89119,5871.8964,5891.1006,5914.4053,500.46471,1.6966378
1627000.0,2167.6837,5890.8641,3977.4917,251.81469,106.89119,106.89119,106.89119,5863.6531,5875.5026,5933.4366,501.19762,1.6966378
1628000.0,2171.3029,5881.0464,3915.3803,247.88242,106.89119,106.89119,106.89119,5897.4039,5859.2321,5886.5034,501.43586,1.6966378
1629000.0,2158.0715,5870.3486,4031.7588,255.25033,106.89119,106.89119,106.89119,5858.1775,5836.2752,5916.5933,507.20269,1.6966378
1630000.0,2187.6757,5886.9961,3906.5537,247.32361,106.89119,106.89119,106.89119,5898.4231,5827.8431,5934.7222,503.38752,1.6966378
1631000.0,2122.3664,5876.1849,3931.4325,248.89869,106.89119,106.89119,106.89119,5831.3356,5930.7924,5866.4267,502.79123,1.6966378
1632000.0,2173.8839,5897.804,3965.0246,251.0254,106.89119,106.89119,106.89119,5929.8385,5827.2569,5936.3165,498.85492,1.6966378
1633000.0,2137.7081,5893.4119,3933.1409,249.00684,106.89119,106.89119,106.89119,5977.1363,5843.4169,5859.6824,496.17088,1.6966378
1634000.0,2161.8216,5907.3743,4008.8216,253.79818,106.89119,106.89119,106.89119,5897.3718,5891.5707,5933.1806,497.25028,1.6966378
1635000.0,2220.3463,5898.5495,3972.6098,251.50562,106.89119,106.89119,106.89119,5916.9971,5866.344,5912.3075,496.28805,1.6966378
1636000.0,2183.2304,5909.3118,3970.3047,251.35968,106.89119,106.89119,106.89119,5861.1282,5961.1173,5905.69,497.04908,1.6966378
1637000.0,2165.8182,5878.3918,3938.9872,249.37697,106.89119,106.89119,106.89119,5876.1666,5878.456,5880.5528,494.29314,1.6966378
1638000.0,2159.3509,5887.8993,3982.5202,252.13304,106.89119,106.89119,106.89119,5933.6743,5856.7626,5873.2611,498.23951,1.6966378
1639000.0,2251.4571,5928.1877,3923.3531,248.38718,106.89119,106.89119,106.89119,5961.6326,5885.0207,5937.9097,498.45689,1.6966378
1640000.0,2145.7469,5907.3367,4066.4421,257.44613,106.89119,106.89119,106.89119,5890.601,5855.6373,5975.7717,499.82928,1.6966378
1641000.0,2205.4267,5907.0519,3968.8291,251.26626,106.89119,106.89119,106.89119,5885.6778,5856.7818,5978.6961,492.81746,1.6966378
1642000.0,2214.3095,5905.5514,3936.1915,249.19997,106.89119,106.89119,106.89119,5916.3833,5856.3663,5943.9046,493.68796,1.6966378
1643000.0,2115.7392,5893.6774,3985.9317,252.34902,106.89119,106.89119,106.89119,5868.6376,5890.6982,5921.6964,491.53004,1.6966378
1644000.0,2245.0204,5906.7437,3921.0411,248.2408,106.89119,106.89119,106.89119,5900.2292,5879.133,5940.8689,501.4664,1.6966378
1645000.0,2108.3252,5887.9099,3923.2733,248.38213,106.89119,106.89119,106.89119,5920.0091,5802.5586,5941.1621,498.86084,1.6966378
1646000.0,2166.103,5885.1525,3922.3152,248.32147,106.89119,106.89119,106.89119,5884.0316,5890.0456,5881.3803,493.96224,1.6966378
1647000.0,2192.2972,5881.9665,3927.8669,248.67295,106.89119,106.89119,106.89119,5897.7635,5847.7709,5900.365,498.90543,1.6966378
1648000.0,2178.5329,5909.057,3898.3902,246.80678,106.89119,106.89119,106.89119,5902.4611,5887.2528,5937.4572,495.59291,1.6966378
1649000.0,2172.5269,5880.7937,3949.2599,250.02734,106.89119,106.89119,106.89119,5869.9927,5835.1876,5937.2009,502.61178,1.6966378
1650000.0,2116.0584,5874.7752,3928.1616,248.6916,106.89119,106.89119,106.89119,5826.8557,5872.3054,5925.1644,503.77316,1.6966378
1651000.0,2179.3465,5902.2829,3932.288,248.95285,106.89119,106.89119,106.89119,5855.0684,5907.7867,5943.9937,500.11841,1.6966378
1652000.0,2149.2741,5883.0686,3935.012,249.1253,106.89119,106.89119,106.89119,5862.1564,5854.1095,5932.9399,502.02178,1.6966378
1653000.0,2187.8509,5917.2449,3975.951,251.71715,106.89119,106.89119,106.89119,5885.0485,5898.6662,5968.0201,498.68166,1.6966378
1654000.0,2241.2331,5921.5906,3962.2945,250.85256,106.89119,106.89119,106.89119,5930.9139,5861.4514,5972.4064,502.32618,1.6966378
1655000.0,2209.1828,5916.3684,4010.6861,253.91622,106.89119,106.89119,106.89119,5873.0083,5901.2887,5974.8082,499.03291,1.6966378
1656000.0,2235.571,5910.1475,4003.1017,253.43606,106.89119,106.89119,106.89119,5899.6436,5871.3391,5959.4597,493.81721,1.6966378
1657000.0,2212.7937,5942.1296,3954.7391,250.37422,106.89119,106.89119,106.89119,5897.0539,5916.5316,6012.8032,498.39195,1.6966378
1658000.0,2198.0869,5893.1955,3963.5106,250.92955,106.89119,106.89119,106.89119,5855.4622,5898.4578,5925.6663,495.40249,1.6966378
1659000.0,2283.5722,5940.9512,3955.1817,250.40225,106.89119,106.89119,106.89119,5935.162,5909.4232,5978.2684,500.1182,1.6966378
1660000.0,2220.2778,5910.806,3945.4606,249.7868,106.89119,106.89119,106.89119,5859.7873,5914.9472,5957.6833,490.84452,1.6966378
1661000.0,2212.5664,5902.304,3896.4295,246.68265,106.89119,106.89119,106.89119,5875.6728,5844.9293,5986.31,485.84453,1.6966378
1662000.0,2125.1649,5895.2867,4007.2653,253.69965,106.89119,106.89119,106.89119,5906.8629,5863.8545,5915.1426,503.18777,1.6966378
1663000.0,2207.5175,5919.3811,3926.8875,248.61094,106.89119,106.89119,106.89119,5907.6661,5875.2787,5975.1986,496.04767,1.6966378
1664000.0,2254.7413,5945.4448,4066.4454,257.44634,106.89119,106.89119,106.89119,5926.0798,5909.3502,6000.9045,502.59701,1.6966378
1665000.0,2217.5444,5918.4891,3824.0407,242.09972,106.89119,106.89119,106.89119,5941.7726,5899.9793,5913.7153,508.13982,1.6966378
1666000.0,2247.3809,5902.6952,3940.3674,249.46436,106.89119,106.89119,106.89119,5895.5537,5881.7967,5930.7351,499.95538,1.6966378
1667000.0,2233.9923,5926.849,3956.1941,250.46634,106.89119,106.89119,106.89119,5898.8777,5892.0956,5989.5737,504.64916,1.6966378
1668000.0,2246.2057,5919.5557,3978.1325,251.85526,106.89119,106.89119,106.89119,5912.1955,5906.8515,5939.6201,505.70177,1.6966378
1669000.0,2134.8979,5896.1083,3957.3816,250.54152,106.89119,106.89119,106.89119,5903.3777,5836.3749,5948.5724,500.18631,1.6966378
1670000.0,2177.9992,5926.061,3958.3095,250.60027,106.89119,106.89119,106.89119,5942.5245,5936.9028,5898.7556,494.5144,1.6966378
1671000.0,2260.3207,5896.4135,3874.8211,245.31462,106.89119,106.89119,106.89119,5929.5255,5837.6527,5922.0623,481.72166,1.6966378
1672000.0,2190.3641,5922.4779,3971.9829,251.46593,106.89119,106.89119,106.89119,5878.3553,5927.5488,5961.5295,489.09871,1.6966378
1673000.0,2193.2713,5902.7991,3993.9993,252.85979,106.89119,106.89119,106.89119,5912.04,5876.0363,5920.321,492.87286,1.6966378
1674000.0,2212.1044,5881.3645,3999.6135,253.21522,106.89119,106.89119,106.89119,5864.9823,5885.1709,5893.9402,506.0173,1.6966378
1675000.0,2177.645,5897.1657,3938.6318,249.35447,106.89119,106.89119,106.89119,5821.1391,5889.0594,5981.2986,502.01671,1.6966378
1676000.0,2240.7774,5897.1369,3875.1164,245.33332,106.89119,106.89119,106.89119,5872.8592,5884.9098,5933.6417,500.66625,1.6966378
1677000.0,2247.0898,5932.0805,3930.1555,248.81784,106.89119,106.89119,106.89119,5911.813,5927.0352,5957.3932,502.43073,1.6966378
1678000.0,2194.9413,5911.7903,3942.19,249.57974,106.89119,106.89119,106.89119,5914.924,5898.805,5921.6417,504.94878,1.6966378
1679000.0,2194.6611,5912.1691,3939.4581,249.40678,106.89119,106.89119,106.89119,5918.1098,5898.2519,5920.1456,504.95914,1.6966378
1680000.0,2214.7024,5888.0716,3912.8566,247.72264,106.89119,106.89119,106.89119,5897.6449,5840.4858,5926.0841,498.31706,1.6966378
1681000.0,2226.043,5931.8171,3899.9101,246.90301,106.89119,106.89119,106.89119,5923.6514,5868.0325,6003.7675,503.00766,1.6966378
1682000.0,2225.2297,5907.9621,3994.2456,252.87538,106.89119,106.89119,106.89119,5945.0288,5852.5412,5926.3162,480.85677,1.6966378
1683000.0,2181.0163,5911.5803,3943.889,249.68731,106.89119,106.89119,106.89119,5913.5752,5858.5308,5962.6348,500.71227,1.6966378
1684000.0,2224.971,5919.6707,3915.8142,247.90989,106.89119,106.89119,106.89119,5970.5685,5868.972,5919.4717,500.98143,1.6966378
1685000.0,2146.9856,5914.8215,3952.8416,250.25409,106.89119,106.89119,106.89119,5972.1977,5892.3944,5879.8725,499.53747,1.6966378
1686000.0,2173.2985,5879.013,3962.754,250.88165,106.89119,106.89119,106.89119,5828.3049,5856.6953,5952.0389,507.83244,1.6966378
1687000.0,2197.3269,5876.1303,3910.406,247.5675,106.89119,106.89119,106.89119,5912.6309,5835.8245,5879.9357,504.29578,1.6966378
1688000.0,2170.4758,5882.6862,3968.2118,251.22718,106.89119,106.89119,106.89119,5858.2969,5907.0441,5882.7175,502.41411,1.6966378
1689000.0,2163.6358,5885.1533,3932.0775,248.93952,106.89119,106.89119,106.89119,5871.9194,5853.8628,5929.6775,499.73357,1.6966378
1690000.0,2151.0359,5895.8884,3929.6069,248.7831,106.89119,106.89119,106.89119,5935.839,5836.492,5915.3341,503.29897,1.6966378
1691000.0,2152.3294,5881.0226,3882.3292,245.78996,106.89119,106.89119,106.89119,5862.6599,5867.986,5912.4219,499.3749,1.6966378
1692000.0,2125.1144,5878.6181,3934.7729,249.11017,106.89119,106.89119,106.89119,5888.7968,5808.8961,5938.1615,494.03523,1.6966378
1693000.0,2214.1478,5896.7303,3940.3729,249.4647,106.89119,106.89119,106.89119,5912.7942,5850.1795,5927.2173,497.7382,1.6966378
1694000.0,2228.7121,5896.9208,3976.947,251.7802,106.89119,106.89119,106.89119,5908.5811,5895.6661,5886.5152,505.36201,1.6966378
1695000.0,2183.331,5886.0645,3957.5433,250.55176,106.89119,106.89119,106.89119,5907.1985,5870.2108,5880.7842,493.16884,1.6966378
1696000.0,2266.4832,5925.4303,3968.0093,251.21436,106.89119,106.89119,106.89119,5972.6059,5906.0746,5897.6104,494.40002,1.6966378
1697000.0,2189.7712,5910.2659,4024.8608,254.81362,106.89119,106.89119,106.89119,5933.078,5873.6802,5924.0394,492.49335,1.6966378
1698000.0,2165.4126,5910.7637,3886.4109,246.04837,106.89119,106.89119,106.89119,5869.9179,5940.8175,5921.5557,487.52105,1.6966378
1699000.0,2165.308,5921.3831,4005.5266,253.58958,106.89119,106.89119,106.89119,5888.4874,5931.3858,5944.2761,496.90622,1.6966378
1700000.0,2287.1252,5916.7277,4004.1169,253.50033,106.89119,106.89119,106.89119,5918.2519,5928.002,5903.9292,494.12518,1.6966378
1701000.0,2268.3171,5917.1712,3997.0757,253.05455,106.89119,106.89119,106.89119,5914.853,5925.5966,5911.0642,492.4705,1.6966378
1702000.0,2223.1757,5923.8128,3941.5673,249.54032,106.89119,106.89119,106.89119,5948.1655,5857.844,5965.4288,499.97223,1.6966378
1703000.0,2184.4428,5871.4087,3930.224,248.82217,106.89119,106.89119,106.89119,5825.5551,5852.4285,5936.2425,498.93133,1.6966378
1704000.0,2197.155,5893.6983,3848.5858,243.65367,106.89119,106.89119,106.89119,5868.4073,5896.0552,5916.6324,508.73906,1.6966378
1705000.0,2176.0914,5917.8506,3981.5664,252.07266,106.89119,106.89119,106.89119,5979.1157,5893.3902,5881.0459,503.13262,1.6966378
1706000.0,2145.7305,5886.8391,3918.3392,248.06975,106.89119,106.89119,106.89119,5918.7238,5878.0285,5863.765,507.22106,1.6966378
1707000.0,2212.1391,5876.6708,3904.1376,247.17065,106.89119,106.89119,106.89119,5878.3713,5885.7307,5865.9104,496.28339,1.6966378
1708000.0,2182.8278,5912.9063,3966.8162,251.13883,106.89119,106.89119,106.89119,5927.8787,5888.7558,5922.0844,500.48936,1.6966378
1709000.0,2182.7339,5910.1963,3878.0289,245.51771,106.89119,106.89119,106.89119,5885.5815,5872.9911,5972.0163,501.2021,1.6966378
1710000.0,2212.4288,5878.7702,3937.1906,249.26323,106.89119,106.89119,106.89119,5846.141,5904.0828,5886.0868,499.2192,1.6966378
1711000.0,2141.2398,5873.2088,3983.4416,252.19138,106.89119,106.89119,106.89119,5858.5808,5844.8177,5916.2279,499.66376,1.6966378
1712000.0,2256.4155,5910.5547,3939.3933,249.40268,106.89119,106.89119,106.89119,5932.3634,5892.3269,5906.9738,503.62755,1.6966378
1713000.0,2147.2691,5894.5765,3973.3284,251.55111,106.89119,106.89119,106.89119,5883.3286,5859.4003,5941.0007,499.4071,1.6966378
1714000.0,2192.9819,5914.9784,3976.5725,251.7565,106.89119,106.89119,106.89119,6008.0596,5918.8789,5817.9968,506.29921,1.6966378
1715000.0,2149.0403,5907.3812,4006.0534,253.62293,106.89119,106.89119,106.89119,5980.7835,5830.9005,5910.4595,503.68799,1.6966378
1716000.0,2234.856,5876.2905,3947.1288,249.89242,106.89119,106.89119,106.89119,5864.0476,5873.7142,5891.1096,501.12907,1.6966378
1717000.0,2257.4099,5912.0888,3972.8571,251.52127,106.89119,106.89119,106.89119,5938.6885,5880.6614,5916.9165,498.75087,1.6966378
1718000.0,2253.072,5910.6864,3939.8318,249.43045,106.89119,106.89119,106.89119,5895.8684,5918.6244,5917.5664,497.04509,1.6966378
1719000.0,2116.2833,5890.4069,3962.5168,250.86663,106.89119,106.89119,106.89119,5934.8574,5886.5664,5849.7968,499.52908,1.6966378
1720000.0,2201.7436,5909.6158,4033.1378,255.33764,106.89119,106.89119,106.89119,5963.3592,5893.4953,5871.9929,494.58143,1.6966378
1721000.0,2187.4209,5886.7408,3894.9873,246.59134,106.89119,106.89119,106.89119,5929.4162,5880.0586,5850.7476,493.0484,1.6966378
1722000.0,2190.9215,5919.7176,3943.2706,249.64816,106.89119,106.89119,106.89119,5865.6343,5927.2605,5966.2578,500.43009,1.6966378
1723000.0,2174.7628,5887.7189,3901.4823,247.00254,106.89119,106.89119,106.89119,5895.779,5859.1177,5908.2598,493.11155,1.6966378
1724000.0,2171.8945,5906.4486,3985.9782,252.35197,106.89119,106.89119,106.89119,5890.578,5914.1193,5914.6486,504.70437,1.6966378
1725000.0,2231.164,5911.7274,3899.2284,246.85984,106.89119,106.89119,106.89119,5889.0826,5949.617,5896.4826,497.41502,1.6966378
1726000.0,2149.565,5903.9183,3967.7959,251.20085,106.89119,106.89119,106.89119,5968.1585,5865.2349,5878.3614,503.23257,1.6966378
1727000.0,2192.3424,5892.2763,3978.6243,251.88639,106.89119,106.89119,106.89119,5933.0231,5834.5368,5909.2691,501.719,1.6966378
1728000.0,2201.7701,5885.6597,3938.8659,249.36929,106.89119,106.89119,106.89119,5900.6776,5878.08,5878.2216,493.68517,1.6966378
1729000.0,2184.5808,5896.3869,3903.6809,247.14173,106.89119,106.89119,106.89119,5918.904,5862.8732,5907.3835,501.20194,1.6966378
1730000.0,2179.6044,5890.4842,3962.2155,250.84756,106.89119,106.89119,106.89119,5836.2386,5937.6821,5897.5318,502.21936,1.6966378
1731000.0,2185.0662,5872.2641,3950.5378,250.10824,106.89119,106.89119,106.89119,5875.1433,5907.7536,5833.8955,501.36307,1.6966378
1732000.0,2174.4178,5910.6829,3973.0295,251.53219,106.89119,106.89119,106.89119,5926.9433,5898.8775,5906.2279,498.01099,1.6966378
1733000.0,2160.2139,5885.0101,3922.1038,248.30809,106.89119,106.89119,106.89119,5886.1397,5949.5613,5819.3295,502.60098,1.6966378
1734000.0,2175.8265,5902.6494,3908.3798,247.43922,106.89119,106.89119,106.89119,5870.0662,5932.3769,5905.5051,499.29717,1.6966378
1735000.0,2238.5122,5916.9908,3924.2943,248.44677,106.89119,106.89119,106.89119,5967.8966,5939.5638,5843.512,500.85112,1.6966378
1736000.0,2225.3538,5880.3195,3996.5626,253.02207,106.89119,106.89119,106.89119,5939.7386,5870.813,5830.407,502.22684,1.6966378
1737000.0,2173.0925,5903.8048,4015.9799,254.25137,106.89119,106.89119,106.89119,5894.8505,5949.2324,5867.3314,504.64646,1.6966378
1738000.0,2211.3769,5879.4524,3898.2743,246.79944,106.89119,106.89119,106.89119,5891.3894,5845.2272,5901.7407,497.95746,1.6966378
1739000.0,2105.9746,5870.3421,3969.7949,251.32741,106.89119,106.89119,106.89119,5873.3588,5875.7971,5861.8705,507.22272,1.6966378
1740000.0,2287.975,5914.8295,3910.6244,247.58132,106.89119,106.89119,106.89119,5927.1799,5893.0418,5924.2667,500.73968,1.6966378
1741000.0,2173.7622,5871.1026,3970.0338,251.34253,106.89119,106.89119,106.89119,5885.1308,5813.213,5914.9641,507.98509,1.6966378
1742000.0,2192.0091,5913.3311,4041.7299,255.88161,106.89119,106.89119,106.89119,5933.9269,5904.7961,5901.2704,503.0456,1.6966378
1743000.0,2222.7447,5902.8052,3958.7393,250.62747,106.89119,106.89119,106.89119,5917.5918,5889.8963,5900.9274,505.04899,1.6966378
1744000.0,2202.3674,5893.3487,3942.3842,249.59204,106.89119,106.89119,106.89119,5907.454,5876.5406,5896.0513,500.17926,1.6966378
1745000.0,2155.9126,5853.3794,3909.0017,247.47859,106.89119,106.89119,106.89119,5880.5932,5853.2304,5826.3146,492.60254,1.6966378
1746000.0,2203.9314,5877.7812,3990.9446,252.66639,106.89119,106.89119,106.89119,5895.3736,5855.0981,5882.8718,494.63223,1.6966378
1747000.0,2202.0199,5895.3292,3826.8688,242.27877,106.89119,106.89119,106.89119,5916.1951,5891.5463,5878.2462,497.75422,1.6966378
1748000.0,2097.1909,5857.3533,3942.012,249.56847,106.89119,106.89119,106.89119,5862.0018,5873.691,5836.3671,465.94872,1.6966378
1749000.0,2181.5891,5878.656,3924.2333,248.4429,106.89119,106.89119,106.89119,5882.6627,5878.4951,5874.8102,488.72055,1.6966378
1750000.0,2231.1227,5901.2337,4001.0026,253.30316,106.89119,106.89119,106.89119,5905.32,5869.9237,5928.4575,498.77698,1.6966378
1751000.0,2137.5582,5879.0972,3929.9725,248.80625,106.89119,106.89119,106.89119,5932.6666,5850.8212,5853.8038,496.11184,1.6966378
1752000.0,2243.0758,5921.3557,3885.648,246.00007,106.89119,106.89119,106.89119,5943.5306,5905.5573,5914.9791,489.84658,1.6966378
1753000.0,2213.4585,5887.9876,3877.3921,245.47739,106.89119,106.89119,106.89119,5871.3277,5902.1917,5890.4435,502.46584,1.6966378
1754000.0,2184.1207,5892.995,4033.8137,255.38043,106.89119,106.89119,106.89119,5899.5175,5865.5901,5913.8774,495.3996,1.6966378
1755000.0,2203.7337,5880.6491,3950.4737,250.10418,106.89119,106.89119,106.89119,5878.0906,5891.1666,5872.6902,504.61257,1.6966378
1756000.0,2198.4873,5903.5701,3919.8923,248.16807,106.89119,106.89119,106.89119,5931.4144,5860.9192,5918.3767,505.00961,1.6966378
1757000.0,2146.5902,5883.1335,3935.7311,249.17083,106.89119,106.89119,106.89119,5854.8705,5860.6744,5933.8556,506.80249,1.6966378
1758000.0,2221.2851,5885.5692,3906.7133,247.33371,106.89119,106.89119,106.89119,5918.962,5854.8837,5882.8619,505.78884,1.6966378
1759000.0,2152.3119,5885.1525,3940.8478,249.49476,106.89119,106.89119,106.89119,5880.4951,5885.9646,5888.9979,504.7552,1.6966378
1760000.0,2180.658,5895.5042,4019.0428,254.44528,106.89119,106.89119,106.89119,5907.2752,5868.179,5911.0583,505.65193,1.6966378
1761000.0,2202.2707,5876.6165,4056.5678,256.82099,106.89119,106.89119,106.89119,5899.5973,5881.2067,5849.0453,497.62004,1.6966378
1762000.0,2197.6795,5891.2576,3970.7808,251.38982,106.89119,106.89119,106.89119,5877.9489,5880.0436,5915.7803,504.36561,1.6966378
1763000.0,2268.8351,5887.633,3937.5953,249.28885,106.89119,106.89119,106.89119,5913.0852,5856.6019,5893.212,501.16218,1.6966378
1764000.0,2175.0322,5881.6087,3945.8404,249.81085,106.89119,106.89119,106.89119,5862.1946,5857.9419,5924.6896,499.17967,1.6966378
1765000.0,2201.9502,5881.4109,4014.977,254.18788,106.89119,106.89119,106.89119,5864.5261,5854.1061,5925.6006,493.49492,1.6966378
1766000.0,2158.866,5876.9971,3916.8176,247.97342,106.89119,106.89119,106.89119,5884.398,5823.58,5923.0133,502.90765,1.6966378
1767000.0,2228.9948,5924.3033,3956.5213,250.48706,106.89119,106.89119,106.89119,5916.1468,5944.0156,5912.7474,505.65852,1.6966378
1768000.0,2205.9117,5889.5417,3986.4342,252.38084,106.89119,106.89119,106.89119,5923.6584,5844.4803,5900.4865,498.30749,1.6966378
1769000.0,2198.0862,5908.2154,3967.7267,251.19647,106.89119,106.89119,106.89119,5905.5991,5887.0525,5931.9946,499.25076,1.6966378
1770000.0,2183.1936,5901.4111,3939.7156,249.42309,106.89119,106.89119,106.89119,5884.0059,5936.2426,5883.9849,502.56011,1.6966378
1771000.0,2290.1468,5920.7995,3975.459,251.686,106.89119,106.89119,106.89119,5938.9504,5943.6442,5879.8039,497.9341,1.6966378
1772000.0,2234.8656,5893.6789,4004.4416,253.52089,106.89119,106.89119,106.89119,5920.7642,5896.5632,5863.7094,497.13704,1.6966378
1773000.0,2182.7444,5874.25,3939.0859,249.38322,106.89119,106.89119,106.89119,5876.27,5872.7067,5873.7734,493.48221,1.6966378
1774000.0,2244.8121,5874.2974,3942.7849,249.61741,106.89119,106.89119,106.89119,5867.4476,5863.5757,5891.8689,503.13809,1.6966378
1775000.0,2162.045,5900.3218,3939.3763,249.40161,106.89119,106.89119,106.89119,5894.0545,5861.6675,5945.2433,495.29218,1.6966378
1776000.0,2208.3834,5899.6514,3918.3923,248.07311,106.89119,106.89119,106.89119,5957.7397,5854.7314,5886.4831,504.70951,1.6966378
1777000.0,2226.7375,5904.2017,3908.3601,247.43798,106.89119,106.89119,106.89119,5858.4288,5900.5392,5953.637,502.33098,1.6966378
1778000.0,2219.9573,5894.4926,3908.0969,247.42131,106.89119,106.89119,106.89119,5873.0233,5893.1851,5917.2693,499.19297,1.6966378
1779000.0,2229.0352,5906.5831,3970.1888,251.35235,106.89119,106.89119,106.89119,5900.794,5897.1093,5921.8459,492.33818,1.6966378
1780000.0,2206.132,5920.3429,3935.6124,249.16332,106.89119,106.89119,106.89119,5926.4988,5858.4411,5976.0888,501.54072,1.6966378
1781000.0,2234.1718,5918.3625,3959.4972,250.67546,106.89119,106.89119,106.89119,5878.7742,5918.3163,5957.997,499.01894,1.6966378
1782000.0,2220.5205,5887.0702,3901.0668,246.97624,106.89119,106.89119,106.89119,5893.4485,5847.672,5920.0902,498.5866,1.6966378
1783000.0,2103.3264,5859.7655,3973.0439,251.5331,106.89119,106.89119,106.89119,5822.765,5837.6857,5918.8459,501.98428,1.6966378
1784000.0,2176.0927,5887.9928,3895.4005,246.6175,106.89119,106.89119,106.89119,5879.2291,5839.8684,5944.8809,495.10371,1.6966378
1785000.0,2150.7041,5880.3047,3992.3683,252.75652,106.89119,106.89119,106.89119,5833.4654,5878.8355,5928.6133,507.71024,1.6966378
1786000.0,2174.5939,5881.9763,3996.0308,252.9884,106.89119,106.89119,106.89119,5888.073,5847.8952,5909.9607,503.31262,1.6966378
1787000.0,2263.2476,5904.1561,3902.8609,247.08982,106.89119,106.89119,106.89119,5908.8616,5894.174,5909.4326,506.01869,1.6966378
1788000.0,2092.9686,5844.8671,3911.782,247.65462,106.89119,106.89119,106.89119,5833.9014,5835.729,5864.9708,508.08907,1.6966378
1789000.0,2195.967,5894.4098,3961.9881,250.83316,106.89119,106.89119,106.89119,5838.0084,5934.1975,5911.0236,494.01356,1.6966378
1790000.0,2209.4277,5907.1281,4025.6632,254.86443,106.89119,106.89119,106.89119,5895.2592,5928.6426,5897.4825,489.18493,1.6966378
1791000.0,2202.5784,5880.9898,3922.8086,248.35271,106.89119,106.89119,106.89119,5874.5365,5865.1874,5903.2456,491.14125,1.6966378
1792000.0,2127.1797,5871.4254,3908.6409,247.45575,106.89119,106.89119,106.89119,5930.15,5834.2385,5849.8877,492.82088,1.6966378
1793000.0,2149.6593,5895.8297,3987.5118,252.44906,106.89119,106.89119,106.89119,5921.3669,5815.1214,5951.0007,496.81994,1.6966378
1794000.0,2135.1685,5869.7734,3979.2954,251.92888,106.89119,106.89119,106.89119,5882.6502,5827.4892,5899.1809,502.92636,1.6966378
1795000.0,2196.5741,5929.0147,3984.4234,252.25354,106.89119,106.89119,106.89119,5921.9159,5905.1921,5959.9359,505.26995,1.6966378
1796000.0,2198.1591,5920.3792,3885.5762,245.99553,106.89119,106.89119,106.89119,5941.1326,5900.5955,5919.4095,499.56863,1.6966378
1797000.0,2185.2857,5921.4475,3967.0766,251.15531,106.89119,106.89119,106.89119,5899.9189,5904.6016,5959.822,495.4853,1.6966378
1798000.0,2135.1325,5876.0128,3935.084,249.12986,106.89119,106.89119,106.89119,5911.9185,5851.951,5864.1689,498.827,1.6966378
1799000.0,2111.0009,5877.0946,3907.7602,247.39999,106.89119,106.89119,106.89119,5900.073,5880.721,5850.4898,497.44888,1.6966378
1800000.0,2126.7315,5878.7657,3891.8779,246.39449,106.89119,106.89119,106.89119,5913.6751,5900.3546,5822.2673,498.70387,1.6966378
1801000.0,2139.0188,5895.4435,3968.058,251.21744,106.89119,106.89119,106.89119,5860.0679,5949.2655,5876.997,501.17567,1.6966378
1802000.0,2126.3835,5890.5804,3962.9502,250.89407,106.89119,106.89119,106.89119,5909.9471,5913.0735,5848.7205,502.48576,1.6966378
1803000.0,2100.9845,5878.5185,3996.9718,253.04797,106.89119,106.89119,106.89119,5901.329,5834.0538,5900.1725,496.28863,1.6966378
1804000.0,2198.0741,5885.3497,3956.8161,250.50572,106.89119,106.89119,106.89119,5839.9197,5890.5742,5925.5552,497.14904,1.6966378
1805000.0,2179.2216,5887.7648,3938.1466,249.32376,106.89119,106.89119,106.89119,5888.1934,5919.021,5856.0799,504.41655,1.6966378
1806000.0,2152.0019,5887.3057,3934.5705,249.09735,106.89119,106.89119,106.89119,5920.0407,5838.6647,5903.2116,500.25825,1.6966378
1807000.0,2247.2246,5916.2382,3930.2039,248.8209,106.89119,106.89119,106.89119,5901.1941,5910.7441,5936.7765,502.46264,1.6966378
1808000.0,2115.757,5890.1665,3808.0417,241.08682,106.89119,106.89119,106.89119,5893.751,5893.1296,5883.619,500.46322,1.6966378
1809000.0,2169.6772,5878.1953,3947.0111,249.88497,106.89119,106.89119,106.89119,5885.4118,5909.4972,5839.677,504.98758,1.6966378
1810000.0,2187.3488,5902.1032,3950.0571,250.07781,106.89119,106.89119,106.89119,5911.3859,5898.8829,5896.0407,508.36894,1.6966378
1811000.0,2246.3253,5902.6249,3941.3226,249.52483,106.89119,106.89119,106.89119,5919.2426,5916.8758,5871.7564,506.35099,1.6966378
1812000.0,2203.1245,5913.3044,3932.6334,248.97472,106.89119,106.89119,106.89119,5923.6588,5918.975,5897.2794,505.23577,1.6966378
1813000.0,2241.4632,5924.5379,3935.7628,249.17284,106.89119,106.89119,106.89119,5949.5681,5875.6664,5948.3792,504.71555,1.6966378
1814000.0,2149.1928,5908.2199,3914.5805,247.83178,106.89119,106.89119,106.89119,5952.2696,5872.2793,5900.1107,504.81013,1.6966378
1815000.0,2172.4488,5897.3463,3974.5089,251.62585,106.89119,106.89119,106.89119,5907.3467,5915.9767,5868.7157,500.72122,1.6966378
1816000.0,2189.7959,5882.5781,3978.5322,251.88056,106.89119,106.89119,106.89119,5872.7878,5848.9513,5925.9951,503.50718,1.6966378
1817000.0,2211.9413,5916.581,3908.513,247.44765,106.89119,106.89119,106.89119,5893.2979,5940.3446,5916.1005,500.58659,1.6966378
1818000.0,2190.0943,5894.6363,3975.9018,251.71403,106.89119,106.89119,106.89119,5902.4582,5861.1182,5920.3324,496.10635,1.6966378
1819000.0,2167.2322,5881.0085,3951.8555,250.19166,106.89119,106.89119,106.89119,5886.2199,5901.7178,5855.0878,493.65743,1.6966378
1820000.0,2181.1327,5900.4529,3952.533,250.23455,106.89119,106.89119,106.89119,5897.197,5904.6843,5899.4775,498.63471,1.6966378
1821000.0,2186.0486,5889.5053,3911.211,247.61846,106.89119,106.89119,106.89119,5879.0239,5907.1001,5882.3918,493.8459,1.6966378
1822000.0,2137.0085,5862.9404,3928.6518,248.72264,106.89119,106.89119,106.89119,5938.8955,5766.1679,5883.7579,496.5262,1.6966378
1823000.0,2157.998,5912.3838,3881.8265,245.75813,106.89119,106.89119,106.89119,5914.5734,5872.1077,5950.4704,500.74035,1.6966378
1824000.0,2166.9738,5887.8421,3959.2461,250.65956,106.89119,106.89119,106.89119,5917.4883,5848.0402,5897.998,498.08788,1.6966378
1825000.0,2175.6638,5894.4272,3944.7963,249.74475,106.89119,106.89119,106.89119,5881.4615,5901.3579,5900.4624,500.56945,1.6966378
1826000.0,2147.2416,5893.6375,3965.603,251.06202,106.89119,106.89119,106.89119,5897.114,5857.2277,5926.5707,496.3512,1.6966378
1827000.0,2241.3818,5912.5124,3866.8733,244.81144,106.89119,106.89119,106.89119,5918.6672,5857.153,5961.717,498.86856,1.6966378
1828000.0,2217.191,5908.6932,3958.9654,250.64179,106.89119,106.89119,106.89119,5927.3794,5884.1972,5914.503,493.38544,1.6966378
1829000.0,2186.9572,5885.275,4017.742,254.36293,106.89119,106.89119,106.89119,5950.7043,5874.7828,5830.3378,492.30523,1.6966378
1830000.0,2158.1676,5897.961,3843.2648,243.3168,106.89119,106.89119,106.89119,5882.5508,5907.4127,5903.9196,491.73929,1.6966378
1831000.0,2165.3122,5890.7465,3908.6367,247.45549,106.89119,106.89119,106.89119,5902.8911,5859.4501,5909.8981,494.71437,1.6966378
1832000.0,2157.6232,5888.2776,3875.7448,245.3731,106.89119,106.89119,106.89119,5884.2695,5888.1901,5892.3733,508.38601,1.6966378
1833000.0,2122.992,5890.7151,3941.364,249.52745,106.89119,106.89119,106.89119,5854.7932,5949.7537,5867.5985,502.02752,1.6966378
1834000.0,2231.5175,5894.1254,3950.798,250.12471,106.89119,106.89119,106.89119,5881.0989,5878.1185,5923.1588,497.92595,1.6966378
1835000.0,2177.8184,5906.922,3938.9955,249.3775,106.89119,106.89119,106.89119,5905.8801,5891.3371,5923.5487,500.89652,1.6966378
1836000.0,2184.1943,5898.3313,3917.5268,248.01831,106.89119,106.89119,106.89119,5939.5911,5902.9619,5852.4409,498.48495,1.6966378
1837000.0,2187.2002,5915.6664,3953.5603,250.29959,106.89119,106.89119,106.89119,5929.25,5885.4131,5932.3362,493.61568,1.6966378
1838000.0,2117.2056,5888.6917,3941.3522,249.5267,106.89119,106.89119,106.89119,5935.3129,5826.4709,5904.2913,494.49884,1.6966378
1839000.0,2146.6738,5889.4126,3927.4356,248.64564,106.89119,106.89119,106.89119,5895.2349,5864.1245,5908.8786,501.12229,1.6966378
1840000.0,2165.5445,5889.342,3993.6054,252.83485,106.89119,106.89119,106.89119,5895.8671,5860.0093,5912.1496,501.91802,1.6966378
1841000.0,2164.251,5922.1572,4007.9405,253.7424,106.89119,106.89119,106.89119,5917.7923,5925.8387,5922.8405,501.844,1.6966378
1842000.0,2119.655,5867.7882,3890.2112,246.28897,106.89119,106.89119,106.89119,5867.7605,5889.5848,5846.0192,502.54635,1.6966378
1843000.0,2099.9714,5904.4805,3999.6911,253.22013,106.89119,106.89119,106.89119,5950.9959,5895.9074,5866.5382,507.44563,1.6966378
1844000.0,2171.3428,5917.3697,4077.558,258.14988,106.89119,106.89119,106.89119,5909.5501,5963.6836,5878.8753,500.66627,1.6966378
1845000.0,2210.5884,5912.2458,3948.1409,249.95649,106.89119,106.89119,106.89119,5914.9043,5904.004,5917.829,488.05983,1.6966378
1846000.0,2164.5465,5890.7723,3960.9031,250.76447,106.89119,106.89119,106.89119,5923.8223,5930.7599,5817.7347,501.69089,1.6966378
1847000.0,2219.8862,5917.3854,3985.7465,252.3373,106.89119,106.89119,106.89119,5949.4051,5908.4121,5894.3391,503.34484,1.6966378
1848000.0,2198.2689,5890.5952,3893.2485,246.48126,106.89119,106.89119,106.89119,5874.3379,5901.4863,5895.9615,501.28824,1.6966378
1849000.0,2108.2304,5866.3248,3938.2795,249.33217,106.89119,106.89119,106.89119,5862.9038,5936.4632,5799.6075,501.28419,1.6966378
1850000.0,2112.4017,5877.2009,3961.0073,250.77106,106.89119,106.89119,106.89119,5921.8827,5896.0132,5813.7066,494.78559,1.6966378
1851000.0,2121.5103,5862.5232,4008.8441,253.79961,106.89119,106.89119,106.89119,5919.3304,5828.0474,5840.1919,463.70848,1.6966378
1852000.0,2130.2392,5887.0805,3934.6177,249.10034,106.89119,106.89119,106.89119,5907.013,5882.2703,5871.9582,464.55907,1.6966378
1853000.0,2151.8313,5894.3242,3999.1428,253.18542,106.89119,106.89119,106.89119,5951.0999,5875.4471,5856.4255,480.87725,1.6966378
1854000.0,2146.386,5854.4084,3939.5458,249.41234,106.89119,106.89119,106.89119,5852.0993,5852.1557,5858.9703,465.94579,1.6966378
1855000.0,2155.5677,5848.2551,4005.5943,253.59386,106.89119,106.89119,106.89119,5847.1258,5887.037,5810.6025,497.25377,1.6966378
1856000.0,2115.5411,5875.1226,3860.9114,244.434,106.89119,106.89119,106.89119,5919.9986,5895.4221,5809.947,497.55152,1.6966378
1857000.0,2212.7612,5890.7148,3886.1639,246.03273,106.89119,106.89119,106.89119,5895.9182,5857.4394,5918.7868,499.38802,1.6966378
1858000.0,2126.3397,5896.6737,3997.9458,253.10964,106.89119,106.89119,106.89119,5948.4493,5872.3908,5869.1808,495.47135,1.6966378
1859000.0,2146.4145,5871.0754,4006.8086,253.67074,106.89119,106.89119,106.89119,5926.1425,5868.9305,5818.1533,496.56568,1.6966378
1860000.0,2191.8531,5869.6053,4014.7881,254.17592,106.89119,106.89119,106.89119,5863.0594,5885.0583,5860.6982,499.77999,1.6966378
1861000.0,2238.9345,5899.203,3953.8363,250.31707,106.89119,106.89119,106.89119,5886.6064,5949.0349,5861.9678,498.32945,1.6966378
1862000.0,2160.8562,5879.4752,3980.8424,252.02682,106.89119,106.89119,106.89119,5929.5316,5884.3815,5824.5125,499.54549,1.6966378
1863000.0,2097.9983,5869.7353,3920.8059,248.22592,106.89119,106.89119,106.89119,5846.6468,5901.8812,5860.6779,497.19363,1.6966378
1864000.0,2185.8977,5883.4649,3940.37,249.46452,106.89119,106.89119,106.89119,5906.1383,5886.8072,5857.4493,494.79033,1.6966378
1865000.0,2180.0143,5908.6854,3958.1682,250.59132,106.89119,106.89119,106.89119,5943.1193,5964.4085,5818.5283,504.36818,1.6966378
1866000.0,2139.9057,5894.3436,4004.9867,253.5554,106.89119,106.89119,106.89119,5831.9449,5957.5701,5893.5156,494.68399,1.6966378
1867000.0,2162.3073,5887.6248,3904.427,247.18897,106.89119,106.89119,106.89119,5888.2567,5893.8304,5880.7874,496.71805,1.6966378
1868000.0,2118.7748,5878.7335,3957.2379,250.53243,106.89119,106.89119,106.89119,5881.3546,5848.4903,5906.3556,497.50885,1.6966378
1869000.0,2148.3334,5871.1506,3901.9737,247.03365,106.89119,106.89119,106.89119,5871.6751,5878.3842,5863.3926,506.08385,1.6966378
1870000.0,2176.0858,5908.8308,3839.9157,243.10476,106.89119,106.89119,106.89119,5913.7916,5920.0309,5892.6699,501.30605,1.6966378
1871000.0,2194.8895,5876.2568,3931.8203,248.92324,106.89119,106.89119,106.89119,5874.2271,5829.7937,5924.7497,503.11532,1.6966378
1872000.0,2244.8218,5907.8116,3896.1831,246.66705,106.89119,106.89119,106.89119,5968.6,5911.6909,5843.1438,492.12839,1.6966378
1873000.0,2186.1725,5893.487,3967.8768,251.20597,106.89119,106.89119,106.89119,5871.983,5892.3122,5916.1659,498.21575,1.6966378
1874000.0,2232.1813,5896.6146,4055.9837,256.78401,106.89119,106.89119,106.89119,5923.4534,5911.1628,5855.2277,495.72352,1.6966378
1875000.0,2107.7513,5877.6758,4017.7281,254.36205,106.89119,106.89119,106.89119,5883.2839,5851.8819,5897.8617,502.67458,1.6966378
1876000.0,2191.2194,5872.6089,3913.906,247.78908,106.89119,106.89119,106.89119,5930.2088,5850.006,5837.612,498.94669,1.6966378
1877000.0,2165.9328,5885.8087,3954.0031,250.32763,106.89119,106.89119,106.89119,5824.993,5942.4172,5890.016,500.60909,1.6966378
1878000.0,2164.8256,5894.0213,3957.5603,250.55284,106.89119,106.89119,106.89119,5870.2295,5890.2671,5921.5672,498.96603,1.6966378
1879000.0,2098.565,5871.3751,3907.832,247.40454,106.89119,106.89119,106.89119,5915.9545,5848.7028,5849.468,499.7576,1.6966378
1880000.0,2113.4258,5889.7199,3917.3251,248.00555,106.89119,106.89119,106.89119,5883.2666,5897.1648,5888.7282,501.33897,1.6966378
1881000.0,2098.842,5882.8946,4038.3794,255.66949,106.89119,106.89119,106.89119,5858.9859,5882.5219,5907.176,500.4046,1.6966378
1882000.0,2081.7163,5869.0078,3948.5677,249.98351,106.89119,106.89119,106.89119,5879.368,5870.5612,5857.0942,492.80916,1.6966378
1883000.0,2116.7786,5868.1189,3908.9486,247.47523,106.89119,106.89119,106.89119,5927.3332,5810.9787,5866.0447,498.08716,1.6966378
1884000.0,2112.4582,5886.1055,3999.6522,253.21767,106.89119,106.89119,106.89119,5861.432,5918.2254,5878.6591,497.00962,1.6966378
1885000.0,2139.8189,5886.0249,3959.8263,250.69629,106.89119,106.89119,106.89119,5878.9374,5916.4892,5862.6481,498.44515,1.6966378
1886000.0,2071.6455,5866.6881,4019.5073,254.4747,106.89119,106.89119,106.89119,5847.1858,5848.4404,5904.438,501.62405,1.6966378
1887000.0,2158.7825,5875.6845,3921.1734,248.24918,106.89119,106.89119,106.89119,5925.2615,5871.2228,5830.5692,506.33804,1.6966378
1888000.0,2164.9184,5880.7247,3972.2908,251.48542,106.89119,106.89119,106.89119,5856.1175,5867.4628,5918.5939,498.60831,1.6966378
1889000.0,2096.5993,5861.4712,3966.1824,251.0987,106.89119,106.89119,106.89119,5858.0194,5871.0576,5855.3367,501.56977,1.6966378
1890000.0,2125.9556,5883.9937,3998.277,253.13061,106.89119,106.89119,106.89119,5898.5553,5906.5945,5846.8312,505.08187,1.6966378
1891000.0,2141.852,5864.9963,3948.5984,249.98546,106.89119,106.89119,106.89119,5891.7276,5886.9961,5816.2651,504.36692,1.6966378
1892000.0,2124.4845,5878.2504,3951.0588,250.14122,106.89119,106.89119,106.89119,5885.1443,5877.2302,5872.3766,502.80172,1.6966378
1893000.0,2109.7491,5859.808,3893.1435,246.47461,106.89119,106.89119,106.89119,5892.58,5894.1657,5792.6784,500.97566,1.6966378
1894000.0,2121.2381,5851.6648,3891.533,246.37265,106.89119,106.89119,106.89119,5837.3753,5887.7546,5829.8645,499.88723,1.6966378
1895000.0,2154.0239,5895.6993,3965.3482,251.04589,106.89119,106.89119,106.89119,5894.3114,5936.4478,5856.3387,501.67345,1.6966378
1896000.0,2088.9136,5881.3115,3998.3212,253.1334,106.89119,106.89119,106.89119,5864.8163,5885.4221,5893.6959,502.90365,1.6966378
1897000.0,2155.5113,5867.4768,3929.052,248.74797,106.89119,106.89119,106.89119,5863.1164,5850.968,5888.3461,502.42775,1.6966378
1898000.0,2189.7277,5885.2284,3947.1823,249.89581,106.89119,106.89119,106.89119,5823.8491,5867.7825,5964.0537,500.53119,1.6966378
1899000.0,2108.3612,5886.9898,3866.1955,244.76853,106.89119,106.89119,106.89119,5898.0415,5916.5782,5846.3497,499.75826,1.6966378
1900000.0,2085.0634,5866.7474,3939.0539,249.3812,106.89119,106.89119,106.89119,5921.3002,5851.7448,5827.1971,504.19222,1.6966378
1901000.0,2110.6608,5871.9128,3986.5097,252.38562,106.89119,106.89119,106.89119,5849.1128,5840.7456,5925.8801,500.77426,1.6966378
1902000.0,2083.4073,5890.836,4027.5341,254.98287,106.89119,106.89119,106.89119,5836.8094,5929.2531,5906.4455,494.45983,1.6966378
1903000.0,2078.5544,5860.4615,3914.7396,247.84186,106.89119,106.89119,106.89119,5824.0098,5867.7085,5889.6663,501.53593,1.6966378
1904000.0,2104.9239,5897.5057,3929.3722,248.76825,106.89119,106.89119,106.89119,5891.322,5895.3603,5905.835,496.15513,1.6966378
1905000.0,2162.0379,5884.2427,3892.075,246.40696,106.89119,106.89119,106.89119,5906.3717,5886.2439,5860.1126,502.63644,1.6966378
1906000.0,2149.0485,5880.6502,3900.9829,246.97092,106.89119,106.89119,106.89119,5885.5804,5910.5575,5845.8128,503.23089,1.6966378
1907000.0,2216.4174,5909.6056,3939.483,249.40836,106.89119,106.89119,106.89119,5921.9306,5886.5068,5920.3796,502.0607,1.6966378
1908000.0,2127.316,5880.565,3961.7639,250.81897,106.89119,106.89119,106.89119,5898.4375,5818.27,5924.9875,504.84103,1.6966378
1909000.0,2009.6195,5830.352,3944.2382,249.70942,106.89119,106.89119,106.89119,5819.2904,5848.4744,5823.2912,502.44838,1.6966378
1910000.0,2017.0112,5846.5099,3999.4557,253.20523,106.89119,106.89119,106.89119,5848.8786,5846.4944,5844.1568,501.12623,1.6966378
1911000.0,2088.6927,5873.9145,3951.125,250.14541,106.89119,106.89119,106.89119,5850.3784,5891.2014,5880.1637,502.51011,1.6966378
1912000.0,2135.4462,5881.957,4015.6902,254.23304,106.89119,106.89119,106.89119,5839.491,5951.4762,5854.9038,498.39627,1.6966378
1913000.0,2074.0286,5871.0829,3954.2737,250.34476,106.89119,106.89119,106.89119,5860.5668,5896.0068,5856.6751,498.84805,1.6966378
1914000.0,2117.4792,5886.2999,3907.8864,247.40798,106.89119,106.89119,106.89119,5889.7735,5892.4367,5876.6897,504.16972,1.6966378
1915000.0,2133.9069,5876.1238,3981.8718,252.09199,106.89119,106.89119,106.89119,5855.6528,5886.4565,5886.2622,499.50277,1.6966378
1916000.0,2173.8292,5911.953,4000.8649,253.29445,106.89119,106.89119,106.89119,5947.4986,5920.4252,5867.9353,501.30853,1.6966378
1917000.0,2164.3832,5880.0878,3986.8884,252.4096,106.89119,106.89119,106.89119,5871.1664,5892.8092,5876.2879,501.07903,1.6966378
1918000.0,2162.528,5894.6774,3933.2539,249.014,106.89119,106.89119,106.89119,5877.1688,5925.3778,5881.4856,500.18897,1.6966378
1919000.0,2163.1827,5888.511,3889.1127,246.21942,106.89119,106.89119,106.89119,5892.0368,5894.0929,5879.4034,496.12388,1.6966378
1920000.0,2157.2301,5899.359,3946.2143,249.83452,106.89119,106.89119,106.89119,5902.8352,5922.4186,5872.8231,500.53637,1.6966378
1921000.0,2172.5664,5917.6892,3950.9996,250.13748,106.89119,106.89119,106.89119,5962.764,5937.7165,5852.5871,498.75422,1.6966378
1922000.0,2068.3336,5876.3769,3959.5909,250.68139,106.89119,106.89119,106.89119,5885.1889,5875.9231,5868.0187,500.64246,1.6966378
1923000.0,2068.3458,5848.572,3925.6751,248.53418,106.89119,106.89119,106.89119,5827.3358,5891.5091,5826.871,505.77561,1.6966378
1924000.0,2122.9663,5876.4105,3970.0067,251.34081,106.89119,106.89119,106.89119,5860.8211,5920.3468,5848.0636,501.57289,1.6966378
1925000.0,2054.1081,5842.585,3961.1342,250.7791,106.89119,106.89119,106.89119,5916.5406,5763.5828,5847.6317,502.36916,1.6966378
1926000.0,2094.0036,5846.8507,3893.5817,246.50235,106.89119,106.89119,106.89119,5851.0388,5859.9047,5829.6087,500.97581,1.6966378
1927000.0,2110.6343,5882.3193,3916.084,247.92697,106.89119,106.89119,106.89119,5858.5785,5868.0111,5920.3684,502.34555,1.6966378
1928000.0,2169.8764,5903.5367,3888.7147,246.19422,106.89119,106.89119,106.89119,5891.2225,5950.3581,5869.0296,498.962,1.6966378
1929000.0,2186.8398,5889.2026,4028.0037,255.0126,106.89119,106.89119,106.89119,5935.6646,5854.3931,5877.55,505.87821,1.6966378
1930000.0,2160.2539,5870.2638,3920.1582,248.18491,106.89119,106.89119,106.89119,5911.0359,5841.681,5858.0744,498.84858,1.6966378
1931000.0,2199.7576,5908.9412,3925.878,248.54703,106.89119,106.89119,106.89119,5932.4864,5906.9987,5887.3386,502.70344,1.6966378
1932000.0,2200.4858,5914.1503,3902.7842,247.08496,106.89119,106.89119,106.89119,5920.9502,5924.6457,5896.855,500.7322,1.6966378
1933000.0,2193.1215,5914.6682,3952.6558,250.24233,106.89119,106.89119,106.89119,5874.9044,5923.4939,5945.6063,503.70187,1.6966378
1934000.0,2180.8354,5897.1397,3918.2964,248.06704,106.89119,106.89119,106.89119,5881.1181,5901.593,5908.708,501.47617,1.6966378
1935000.0,2077.1242,5863.312,3939.3532,249.40015,106.89119,106.89119,106.89119,5853.7331,5911.9122,5824.2906,494.72938,1.6966378
1936000.0,2101.0003,5900.6088,3945.9139,249.8155,106.89119,106.89119,106.89119,5913.424,5892.3886,5896.0139,501.64567,1.6966378
1937000.0,2094.1474,5903.5636,3906.5379,247.32261,106.89119,106.89119,106.89119,5938.9424,5901.8169,5869.9314,499.01905,1.6966378
1938000.0,2090.905,5907.9703,3962.3033,250.85312,106.89119,106.89119,106.89119,5895.9114,5941.7963,5886.2033,500.69311,1.6966378
1939000.0,2186.1692,5914.6985,3994.9245,252.91836,106.89119,106.89119,106.89119,5931.4603,5911.7828,5900.8526,494.3865,1.6966378
1940000.0,2115.9264,5905.5525,4011.4196,253.96266,106.89119,106.89119,106.89119,5958.2518,5867.2721,5891.1335,503.26341,1.6966378
1941000.0,2136.0596,5889.2699,3922.5459,248.33607,106.89119,106.89119,106.89119,5916.5299,5921.6378,5829.6421,498.63225,1.6966378
1942000.0,2160.4,5868.0624,3978.1246,251.85476,106.89119,106.89119,106.89119,5898.7672,5863.9721,5841.4478,498.80605,1.6966378
1943000.0,2152.094,5886.9732,3970.2154,251.35403,106.89119,106.89119,106.89119,5873.6132,5894.5128,5892.7937,503.79451,1.6966378
1944000.0,2107.0963,5857.8884,4004.0238,253.49443,106.89119,106.89119,106.89119,5796.7644,5889.4268,5887.4741,493.19201,1.6966378
1945000.0,2139.6441,5876.2831,3962.8973,250.89072,106.89119,106.89119,106.89119,5947.3866,5863.7307,5817.732,499.25359,1.6966378
1946000.0,2052.5498,5858.5626,3946.3147,249.84088,106.89119,106.89119,106.89119,5852.8602,5875.6444,5847.1833,498.23176,1.6966378
1947000.0,2099.5763,5871.2208,3921.6138,248.27706,106.89119,106.89119,106.89119,5856.6582,5902.6231,5854.3811,490.512,1.6966378
1948000.0,2110.779,5885.8908,3941.3579,249.52706,106.89119,106.89119,106.89119,5922.757,5895.5423,5839.3732,497.93333,1.6966378
1949000.0,2113.9631,5872.9222,4011.3877,253.96065,106.89119,106.89119,106.89119,5897.5732,5862.9185,5858.275,507.33769,1.6966378
1950000.0,2102.3239,5847.725,3959.6939,250.68791,106.89119,106.89119,106.89119,5847.7491,5870.3889,5825.037,502.66211,1.6966378
1951000.0,2044.3364,5849.1022,3900.0192,246.90991,106.89119,106.89119,106.89119,5893.0368,5875.9566,5778.3133,502.70995,1.6966378
1952000.0,2080.7793,5869.0301,3963.3572,250.91984,106.89119,106.89119,106.89119,5855.5944,5854.4241,5897.0717,505.32481,1.6966378
1953000.0,2097.5179,5877.7816,3888.3016,246.16807,106.89119,106.89119,106.89119,5883.911,5931.5578,5817.876,505.63231,1.6966378
1954000.0,2167.4987,5894.8845,3976.1884,251.73218,106.89119,106.89119,106.89119,5942.7097,5881.6207,5860.3231,501.56816,1.6966378
1955000.0,2168.2741,5895.1368,3987.332,252.43768,106.89119,106.89119,106.89119,5924.6603,5864.5196,5896.2306,501.19136,1.6966378
1956000.0,2050.4416,5842.1329,3928.2525,248.69736,106.89119,106.89119,106.89119,5835.2806,5862.7373,5828.3807,506.87912,1.6966378
1957000.0,2052.8111,5871.5655,3922.9372,248.36085,106.89119,106.89119,106.89119,5906.2672,5924.3462,5784.0831,499.5398,1.6966378
1958000.0,2050.8914,5863.5917,4047.2626,256.23188,106.89119,106.89119,106.89119,5839.4059,5898.3383,5853.031,499.12569,1.6966378
1959000.0,2075.5231,5867.5597,3930.4626,248.83728,106.89119,106.89119,106.89119,5874.2775,5918.0634,5810.3383,502.72134,1.6966378
1960000.0,2176.3331,5872.6328,4003.2306,253.44422,106.89119,106.89119,106.89119,5888.0456,5881.1322,5848.7206,500.50309,1.6966378
1961000.0,2038.1044,5869.7707,3958.8442,250.63412,106.89119,106.89119,106.89119,5957.2616,5810.1768,5841.8737,492.62797,1.6966378
1962000.0,2106.4746,5893.266,3964.1735,250.97151,106.89119,106.89119,106.89119,5838.7212,6016.2704,5824.8064,495.66684,1.6966378
1963000.0,2130.8172,5865.2492,3879.5501,245.61401,106.89119,106.89119,106.89119,5909.5391,5902.7047,5783.5037,491.95944,1.6966378
1964000.0,2134.9559,5873.0476,4015.5146,254.22192,106.89119,106.89119,106.89119,5867.2338,5953.5566,5798.3522,499.23441,1.6966378
1965000.0,2094.4429,5884.7171,3930.0647,248.81209,106.89119,106.89119,106.89119,5930.1113,5860.1416,5863.8984,493.04386,1.6966378
1966000.0,2093.3028,5868.7038,3839.0394,243.04929,106.89119,106.89119,106.89119,5917.4478,5883.6931,5804.9704,500.74303,1.6966378
1967000.0,2088.6085,5861.3342,3945.9593,249.81838,106.89119,106.89119,106.89119,5915.6069,5917.8857,5750.5098,501.00322,1.6966378
1968000.0,2067.2209,5874.7615,3873.4343,245.22683,106.89119,106.89119,106.89119,5904.2945,5909.4097,5810.5804,496.81671,1.6966378
1969000.0,2109.7303,5889.089,3912.3679,247.69171,106.89119,106.89119,106.89119,5886.3113,5912.2204,5868.7354,500.06389,1.6966378
1970000.0,2084.2641,5883.7629,4032.629,255.30543,106.89119,106.89119,106.89119,5864.2922,5922.6609,5864.3355,504.27976,1.6966378
1971000.0,2200.1451,5886.4353,3919.3897,248.13626,106.89119,106.89119,106.89119,5878.5865,5915.8769,5864.8426,496.96504,1.6966378
1972000.0,2084.0717,5864.8319,4027.4826,254.97961,106.89119,106.89119,106.89119,5873.3548,5899.1477,5821.9933,500.08721,1.6966378
1973000.0,2068.2094,5846.1575,3975.6348,251.69713,106.89119,106.89119,106.89119,5815.6129,5919.6363,5803.2234,496.14427,1.6966378
1974000.0,2077.7055,5904.4061,3951.7363,250.18412,106.89119,106.89119,106.89119,5920.1822,5950.9805,5842.0555,498.62172,1.6966378
1975000.0,2081.1364,5880.3021,4056.1811,256.79651,106.89119,106.89119,106.89119,5842.4533,5883.2798,5915.1731,501.29671,1.6966378
1976000.0,2104.414,5860.1713,3962.1114,250.84096,106.89119,106.89119,106.89119,5820.251,5873.4176,5886.8454,498.42264,1.6966378
1977000.0,2116.8618,5884.16,4008.384,253.77048,106.89119,106.89119,106.89119,5960.1631,5847.3856,5844.9312,500.04907,1.6966378
1978000.0,2171.5312,5886.5543,3973.8466,251.58392,106.89119,106.89119,106.89119,5910.7429,5864.7948,5884.1253,497.39409,1.6966378
1979000.0,2112.5481,5863.4624,3956.9864,250.5165,106.89119,106.89119,106.89119,5847.094,5912.5315,5830.7616,498.3802,1.6966378
1980000.0,2095.1818,5881.5372,4037.2569,255.59842,106.89119,106.89119,106.89119,5895.2626,5890.0145,5859.3346,494.35854,1.6966378
1981000.0,2039.895,5809.3003,3918.1462,248.05753,106.89119,106.89119,106.89119,5820.2645,5817.3397,5790.2966,503.39497,1.6966378
1982000.0,2122.7422,5888.6759,3914.3827,247.81927,106.89119,106.89119,106.89119,5925.1034,5879.2393,5861.6851,499.17054,1.6966378
1983000.0,2133.1407,5869.8338,3953.6947,250.3081,106.89119,106.89119,106.89119,5866.3756,5898.6478,5844.4778,494.82986,1.6966378
1984000.0,2146.8441,5872.2963,3960.2783,250.72491,106.89119,106.89119,106.89119,5847.6836,5866.3275,5902.8778,495.79369,1.6966378
1985000.0,2176.6911,5888.7199,3978.0674,251.85114,106.89119,106.89119,106.89119,5816.3718,5951.1311,5898.6569,492.92562,1.6966378
1986000.0,2138.2608,5876.6864,3941.1977,249.51692,106.89119,106.89119,106.89119,5926.1282,5856.4046,5847.5263,503.0127,1.6966378
1987000.0,2215.9318,5915.2737,4016.4596,254.28175,106.89119,106.89119,106.89119,5924.6899,5950.4014,5870.7296,490.96189,1.6966378
1988000.0,2123.5645,5878.6333,3979.2644,251.92692,106.89119,106.89119,106.89119,5863.723,5896.4445,5875.7324,500.02627,1.6966378
1989000.0,2143.3141,5870.0526,3941.1308,249.51268,106.89119,106.89119,106.89119,5831.5078,5934.7695,5843.8804,499.34489,1.6966378
1990000.0,2098.9424,5852.1071,3992.9615,252.79408,106.89119,106.89119,106.89119,5822.5593,5895.1418,5838.6202,498.01344,1.6966378
1991000.0,2092.8934,5861.7807,3950.9036,250.1314,106.89119,106.89119,106.89119,5875.7294,5879.3316,5830.2811,496.41661,1.6966378
1992000.0,2136.8433,5893.0044,4021.9214,254.62753,106.89119,106.89119,106.89119,5909.0458,5916.7996,5853.1678,496.55972,1.6966378
1993000.0,2142.5429,5896.1753,4010.7371,253.91945,106.89119,106.89119,106.89119,5895.9251,5901.0888,5891.5121,498.20326,1.6966378
1994000.0,2131.6294,5885.3758,3961.4266,250.79761,106.89119,106.89119,106.89119,5933.1226,5903.063,5819.942,502.50885,1.6966378
1995000.0,2030.6294,5854.0017,3854.6742,244.03913,106.89119,106.89119,106.89119,5871.0726,5866.3367,5824.5958,496.92608,1.6966378
1996000.0,2051.1083,5892.2776,3914.2506,247.8109,106.89119,106.89119,106.89119,5867.6401,5894.5931,5914.5995,498.10765,1.6966378
1997000.0,2074.3569,5841.3845,3917.2084,247.99816,106.89119,106.89119,106.89119,5839.745,5887.6756,5796.7329,499.54151,1.6966378
1998000.0,2122.8511,5891.04,3876.7742,245.43828,106.89119,106.89119,106.89119,5894.4412,5844.543,5934.1358,504.14502,1.6966378
1999000.0,2025.4465,5857.0416,3907.5183,247.38468,106.89119,106.89119,106.89119,5830.6179,5871.55,5868.957,497.89501,1.6966378
2000000.0,2056.9623,5846.4443,4034.3832,255.41649,106.89119,106.89119,106.89119,5845.7685,5877.8303,5815.734,498.20616,1.6966378
2001000.0,2147.0346,5873.1726,4022.8811,254.68829,106.89119,106.89119,106.89119,5836.2336,5906.0689,5877.2153,500.73855,1.6966378
2002000.0,2165.4624,5894.3821,3884.8343,245.94855,106.89119,106.89119,106.89119,5933.8342,5873.0832,5876.2291,500.64479,1.6966378
2002971.0,2116.9669,5868.6974,3973.1448,251.53949,106.89119,106.89119,106.89119,5893.8006,5922.4687,5789.823,495.96487,1.6966378
