Step,PotEng,Press,KinEng,Temp,Lx,Ly,Lz,Pxx,Pyy,Pzz,SPCPU,Density
2002971.0,2116.9669,5868.6974,3973.1448,251.53949,106.89119,106.89119,106.89119,5893.8006,5922.4687,5789.823,0.0,1.6966378
2003000.0,2059.2647,5861.9086,3998.0983,253.11929,106.89119,106.89119,106.89119,5849.5016,5911.1486,5825.0756,291.10501,1.6966378
2004000.0,2107.17,5916.1649,3919.6379,248.15197,106.89119,106.89119,106.89119,5892.5537,5910.3707,5945.5703,453.93378,1.6966378
2005000.0,2029.3925,5825.2002,3981.0971,252.04295,106.89119,106.89119,106.89119,5799.683,5839.2968,5836.6208,502.09967,1.6966378
2006000.0,1988.0399,5847.279,3894.6763,246.57165,106.89119,106.89119,106.89119,5834.3246,5849.5475,5857.9651,504.50928,1.6966378
2007000.0,2090.3194,5866.8937,3960.4157,250.73361,106.89119,106.89119,106.89119,5946.9684,5870.9807,5782.7319,507.23808,1.6966378
2008000.0,2133.8994,5865.4511,3931.4529,248.89998,106.89119,106.89119,106.89119,5933.8804,5805.8837,5856.589,504.47685,1.6966378
2009000.0,1973.7382,5832.6345,3986.8445,252.40681,106.89119,106.89119,106.89119,5804.766,5854.0574,5839.0802,505.81743,1.6966378
2010000.0,2054.9817,5859.5931,3923.0038,248.36507,106.89119,106.89119,106.89119,5916.1926,5810.2173,5852.3693,505.76145,1.6966378
2011000.0,2049.7795,5854.6687,3940.6632,249.48308,106.89119,106.89119,106.89119,5858.1208,5860.1239,5845.7613,495.52592,1.6966378
2012000.0,2100.3587,5854.5323,3981.9091,252.09436,106.89119,106.89119,106.89119,5855.0461,5805.0897,5903.4611,499.8994,1.6966378
2013000.0,2000.4842,5834.0495,3918.8552,248.10242,106.89119,106.89119,106.89119,5847.034,5825.3184,5829.7963,504.64323,1.6966378
2014000.0,1957.1469,5834.1898,3919.285,248.12963,106.89119,106.89119,106.89119,5856.2706,5845.9426,5800.3562,503.75307,1.6966378
2015000.0,2109.6473,5879.0203,3997.1184,253.05726,106.89119,106.89119,106.89119,5909.8938,5875.2211,5851.946,518.40614,1.6966378
2016000.0,1987.1059,5848.6824,3941.4029,249.52991,106.89119,106.89119,106.89119,5875.6109,5839.3484,5831.088,501.02365,1.6966378
2017000.0,1964.0694,5820.5628,3934.9961,249.12429,106.89119,106.89119,106.89119,5855.0038,5777.7094,5828.9752,501.41822,1.6966378
2018000.0,1996.4849,5859.9914,3961.0596,250.77437,106.89119,106.89119,106.89119,5861.675,5855.9007,5862.3984,496.01518,1.6966378
2019000.0,2065.9455,5860.7277,3981.8845,252.0928,106.89119,106.89119,106.89119,5848.4731,5881.8483,5851.8617,507.09505,1.6966378
2020000.0,2019.4643,5848.8571,4020.8116,254.55727,106.89119,106.89119,106.89119,5835.8956,5885.2386,5825.437,503.25799,1.6966378
2021000.0,2077.481,5842.366,3967.2808,251.16824,106.89119,106.89119,106.89119,5848.5126,5836.5625,5842.0228,505.67698,1.6966378
2022000.0,2098.2125,5855.9395,4005.7165,253.6016,106.89119,106.89119,106.89119,5867.177,5860.1151,5840.5265,510.56284,1.6966378
2023000.0,2055.2372,5832.9086,3968.0523,251.21708,106.89119,106.89119,106.89119,5848.0352,5818.9389,5831.7518,509.85339,1.6966378
2024000.0,2031.2537,5820.6566,3979.1133,251.91735,106.89119,106.89119,106.89119,5856.6807,5773.9772,5831.312,507.83313,1.6966378
2025000.0,1970.5203,5828.1159,3947.4186,249.91076,106.89119,106.89119,106.89119,5828.2476,5836.5369,5819.5631,505.07951,1.6966378
2026000.0,2039.9116,5842.8507,3987.7019,252.4611,106.89119,106.89119,106.89119,5825.5477,5861.5502,5841.4541,507.38179,1.6966378
2027000.0,1980.6651,5833.7376,3943.7257,249.67696,106.89119,106.89119,106.89119,5878.2693,5818.5085,5804.435,510.35825,1.6966378
2028000.0,2032.2287,5862.2108,3959.5318,250.67765,106.89119,106.89119,106.89119,5820.3062,5869.1067,5897.2195,502.49218,1.6966378
2029000.0,2089.7285,5856.0542,3942.8658,249.62253,106.89119,106.89119,106.89119,5883.6227,5875.3873,5809.1527,508.14563,1.6966378
2030000.0,2038.3937,5871.8209,3956.2575,250.47035,106.89119,106.89119,106.89119,5871.6746,5912.8443,5830.9437,504.4541,1.6966378
2031000.0,2066.1536,5854.8021,3954.1973,250.33992,106.89119,106.89119,106.89119,5880.0305,5874.3755,5810.0003,504.39654,1.6966378
2032000.0,2082.9271,5858.8251,4003.2849,253.44765,106.89119,106.89119,106.89119,5837.9602,5868.5293,5869.9858,507.18353,1.6966378
2033000.0,2132.9094,5871.4978,3917.3972,248.01011,106.89119,106.89119,106.89119,5884.4248,5842.8535,5887.215,509.09491,1.6966378
2034000.0,2084.4431,5875.0659,3922.9083,248.35902,106.89119,106.89119,106.89119,5904.3088,5867.1755,5853.7134,505.36684,1.6966378
2035000.0,2047.0775,5842.566,3941.4788,249.53472,106.89119,106.89119,106.89119,5937.4371,5752.5882,5837.6725,504.18217,1.6966378
2036000.0,2013.1444,5854.5314,3876.4798,245.41963,106.89119,106.89119,106.89119,5887.5958,5795.8197,5880.1787,502.64687,1.6966378
2037000.0,2034.1769,5882.0095,3969.9147,251.33499,106.89119,106.89119,106.89119,5876.4734,5933.7696,5835.7855,505.02207,1.6966378
2038000.0,2063.6563,5844.327,3980.2917,251.99196,106.89119,106.89119,106.89119,5886.5596,5852.9614,5793.46,503.67467,1.6966378
2039000.0,2134.6343,5866.9211,3949.537,250.04488,106.89119,106.89119,106.89119,5905.2976,5855.2892,5840.1763,507.73733,1.6966378
2040000.0,2038.9183,5853.7057,4008.6012,253.78423,106.89119,106.89119,106.89119,5894.1839,5878.687,5788.2461,505.42604,1.6966378
2041000.0,2077.7809,5868.4844,3963.2664,250.91409,106.89119,106.89119,106.89119,5923.0742,5902.7767,5779.6023,507.73356,1.6966378
2042000.0,2083.4398,5876.8613,3924.1026,248.43463,106.89119,106.89119,106.89119,5907.5567,5891.6537,5831.3733,506.86213,1.6966378
2043000.0,2094.1448,5881.386,3950.5165,250.10689,106.89119,106.89119,106.89119,5895.4064,5858.946,5889.8057,511.44327,1.6966378
2044000.0,2072.8972,5879.2549,3927.8631,248.6727,106.89119,106.89119,106.89119,5914.1665,5813.404,5910.1941,508.51389,1.6966378
2045000.0,2000.1686,5853.847,4017.3384,254.33738,106.89119,106.89119,106.89119,5865.5953,5827.9508,5867.9948,504.95267,1.6966378
2046000.0,2093.1531,5850.4391,3976.4701,251.75002,106.89119,106.89119,106.89119,5847.0943,5849.4621,5854.7609,517.97689,1.6966378
2047000.0,2051.2042,5839.8795,3934.1845,249.07291,106.89119,106.89119,106.89119,5885.0526,5823.0267,5811.5591,507.5769,1.6966378
2048000.0,2074.4045,5846.2613,3977.3785,251.80752,106.89119,106.89119,106.89119,5859.5496,5867.4447,5811.7897,508.28689,1.6966378
2049000.0,2070.821,5856.3773,3868.6129,244.92158,106.89119,106.89119,106.89119,5849.5282,5925.6298,5793.9738,505.5708,1.6966378
2050000.0,2071.3884,5866.5135,3908.7522,247.4628,106.89119,106.89119,106.89119,5868.4577,5907.5194,5823.5634,494.66916,1.6966378
2051000.0,2065.0777,5853.7623,3940.3327,249.46216,106.89119,106.89119,106.89119,5871.359,5886.028,5803.8998,498.07427,1.6966378
2052000.0,2090.104,5861.951,3949.6588,250.05259,106.89119,106.89119,106.89119,5898.3229,5837.764,5849.7661,504.17709,1.6966378
2053000.0,2047.5002,5859.0829,3977.2714,251.80074,106.89119,106.89119,106.89119,5890.0149,5893.438,5793.7958,510.26557,1.6966378
2054000.0,2024.8956,5847.5865,3995.6499,252.96429,106.89119,106.89119,106.89119,5874.4679,5829.2703,5839.0213,512.8167,1.6966378
2055000.0,2062.4353,5855.4357,3948.5933,249.98514,106.89119,106.89119,106.89119,5851.9655,5848.8546,5865.4871,498.43152,1.6966378
2056000.0,2089.4815,5838.0549,3958.3682,250.60398,106.89119,106.89119,106.89119,5901.2452,5798.8615,5814.0581,504.81074,1.6966378
2057000.0,2016.9033,5858.6139,3876.6589,245.43097,106.89119,106.89119,106.89119,5860.1559,5890.9201,5824.7657,503.27783,1.6966378
2058000.0,2113.2441,5920.9666,3973.6498,251.57146,106.89119,106.89119,106.89119,5982.1916,5989.3759,5791.3323,492.70871,1.6966378
2059000.0,2040.6048,5852.8519,3901.5788,247.00865,106.89119,106.89119,106.89119,5905.2583,5850.1904,5803.107,499.94401,1.6966378
2060000.0,2077.0638,5859.2406,3939.424,249.40463,106.89119,106.89119,106.89119,5897.2049,5808.3769,5872.1401,505.61657,1.6966378
2061000.0,2006.4576,5844.172,3955.1955,250.40312,106.89119,106.89119,106.89119,5884.4221,5820.8907,5827.2032,497.58832,1.6966378
2062000.0,2090.0578,5848.6991,3929.9397,248.80418,106.89119,106.89119,106.89119,5904.5851,5853.7854,5787.7269,497.74402,1.6966378
2063000.0,1988.354,5820.0376,3881.0642,245.70987,106.89119,106.89119,106.89119,5843.6717,5812.6113,5803.8296,498.8829,1.6966378
2064000.0,1995.603,5837.8275,3936.5059,249.21988,106.89119,106.89119,106.89119,5817.1965,5824.7178,5871.5682,505.8405,1.6966378
2065000.0,2050.5002,5854.6686,3988.7266,252.52597,106.89119,106.89119,106.89119,5860.5896,5828.3061,5875.1101,507.51162,1.6966378
2066000.0,2055.9497,5846.3236,3874.1197,245.27022,106.89119,106.89119,106.89119,5839.3288,5851.8118,5847.8301,503.45022,1.6966378
2067000.0,2032.7828,5848.9182,3929.7121,248.78977,106.89119,106.89119,106.89119,5908.3071,5809.6603,5828.7871,508.60666,1.6966378
2068000.0,2078.6603,5852.2045,4019.3056,254.46192,106.89119,106.89119,106.89119,5920.4876,5813.3264,5822.7993,505.28145,1.6966378
2069000.0,2093.1872,5890.8696,3991.036,252.67218,106.89119,106.89119,106.89119,5932.9912,5863.2566,5876.3609,504.23572,1.6966378
2070000.0,2008.6797,5831.7976,3910.965,247.60289,106.89119,106.89119,106.89119,5877.1108,5813.0211,5805.2609,509.9714,1.6966378
2071000.0,2082.0218,5879.1918,3933.6441,249.0387,106.89119,106.89119,106.89119,5902.0011,5878.842,5856.7325,503.98814,1.6966378
2072000.0,2107.535,5863.528,3913.3464,247.75365,106.89119,106.89119,106.89119,5915.5238,5859.9953,5815.0648,507.01454,1.6966378
2073000.0,2062.3694,5865.8778,3937.8284,249.30361,106.89119,106.89119,106.89119,5917.3428,5847.8732,5832.4175,503.10116,1.6966378
2074000.0,1994.7711,5820.8622,3950.2199,250.08812,106.89119,106.89119,106.89119,5822.5619,5845.4432,5794.5815,499.67184,1.6966378
2075000.0,2026.8046,5834.0285,3928.9954,248.74439,106.89119,106.89119,106.89119,5826.5384,5856.9954,5818.5519,505.58825,1.6966378
2076000.0,2081.0824,5849.0013,3970.971,251.40186,106.89119,106.89119,106.89119,5871.8986,5913.6111,5761.4943,501.25308,1.6966378
2077000.0,2013.4877,5856.6548,3973.2712,251.54749,106.89119,106.89119,106.89119,5898.3845,5858.4699,5813.11,503.59937,1.6966378
2078000.0,2063.8594,5880.4382,3967.4558,251.17932,106.89119,106.89119,106.89119,5921.4302,5869.9622,5849.9221,504.77622,1.6966378
2079000.0,2119.0636,5854.1952,3919.3765,248.13542,106.89119,106.89119,106.89119,5801.2333,5894.3408,5867.0114,503.03214,1.6966378
2080000.0,1965.6719,5837.4775,3906.217,247.30229,106.89119,106.89119,106.89119,5849.9969,5861.015,5801.4207,504.62287,1.6966378
2081000.0,2058.0578,5842.7745,3891.9356,246.39814,106.89119,106.89119,106.89119,5865.2254,5882.672,5780.426,503.10535,1.6966378
2082000.0,2021.9131,5836.4328,3902.2598,247.05176,106.89119,106.89119,106.89119,5891.5772,5832.8922,5784.829,498.32211,1.6966378
2083000.0,2099.4075,5836.7817,3893.5834,246.50246,106.89119,106.89119,106.89119,5852.6253,5859.0189,5798.7009,493.25226,1.6966378
2084000.0,2146.6997,5888.4046,3901.0932,246.9779,106.89119,106.89119,106.89119,5856.9929,5861.4423,5946.7787,495.97183,1.6966378
2085000.0,2040.4216,5845.9374,3957.523,250.55047,106.89119,106.89119,106.89119,5848.9167,5894.17,5794.7254,503.04527,1.6966378
2086000.0,2093.1895,5863.325,3964.4941,250.99182,106.89119,106.89119,106.89119,5877.2003,5886.3116,5826.4632,498.19542,1.6966378
2087000.0,2091.2965,5860.6351,4003.7843,253.47927,106.89119,106.89119,106.89119,5896.2582,5849.4821,5836.1651,501.16235,1.6966378
2088000.0,2017.848,5849.0617,3945.359,249.78037,106.89119,106.89119,106.89119,5959.771,5761.7016,5825.7126,501.90067,1.6966378
2089000.0,2032.8688,5844.5173,3888.6381,246.18937,106.89119,106.89119,106.89119,5867.1261,5846.9099,5819.516,502.04764,1.6966378
2090000.0,2046.6632,5854.1876,3935.8127,249.176,106.89119,106.89119,106.89119,5852.0759,5885.5299,5824.957,502.56566,1.6966378
2091000.0,2095.2533,5859.7546,3966.5745,251.12352,106.89119,106.89119,106.89119,5856.4152,5909.1413,5813.7072,502.06225,1.6966378
2092000.0,2021.9438,5850.1442,3936.9797,249.24988,106.89119,106.89119,106.89119,5925.5758,5815.8176,5809.0391,498.7723,1.6966378
2093000.0,1972.0342,5833.1824,3856.9239,244.18155,106.89119,106.89119,106.89119,5848.8337,5834.6999,5816.0136,494.06902,1.6966378
2094000.0,2062.2451,5866.9069,3917.3973,248.01012,106.89119,106.89119,106.89119,5922.2476,5870.1715,5808.3016,498.5837,1.6966378
2095000.0,2007.428,5859.6892,3974.4239,251.62047,106.89119,106.89119,106.89119,5871.9958,5850.1086,5856.963,492.64161,1.6966378
2096000.0,2041.7241,5860.7659,3892.555,246.43735,106.89119,106.89119,106.89119,5865.8706,5857.531,5858.8961,508.17884,1.6966378
2097000.0,2041.4835,5863.0112,3931.9895,248.93395,106.89119,106.89119,106.89119,5901.7491,5830.0867,5857.1978,504.38519,1.6966378
2098000.0,2087.9699,5858.606,3946.0552,249.82444,106.89119,106.89119,106.89119,5880.4983,5832.4652,5862.8546,499.49979,1.6966378
2099000.0,2056.7778,5858.6131,4005.5348,253.5901,106.89119,106.89119,106.89119,5908.5324,5878.1925,5789.1142,509.88592,1.6966378
2100000.0,2101.1704,5882.4446,3958.2538,250.59674,106.89119,106.89119,106.89119,5898.3929,5866.2525,5882.6885,504.39471,1.6966378
2101000.0,2047.5222,5869.603,3915.5224,247.89142,106.89119,106.89119,106.89119,5882.828,5848.0484,5877.9327,509.59067,1.6966378
2102000.0,2008.9243,5878.26,4013.2875,254.08092,106.89119,106.89119,106.89119,5939.6979,5855.3266,5839.7554,509.73436,1.6966378
2103000.0,1997.3444,5850.2663,3911.0487,247.60819,106.89119,106.89119,106.89119,5837.5069,5840.0412,5873.2506,497.05967,1.6966378
2104000.0,2037.5671,5853.072,3998.5502,253.1479,106.89119,106.89119,106.89119,5854.018,5922.1066,5783.0913,497.54324,1.6966378
2105000.0,2005.8331,5839.2595,3963.0971,250.90337,106.89119,106.89119,106.89119,5850.7422,5901.7942,5765.2422,491.71449,1.6966378
2106000.0,2056.3168,5840.3685,3931.6605,248.91312,106.89119,106.89119,106.89119,5834.4366,5859.0383,5827.6305,498.00436,1.6966378
2107000.0,2014.6497,5831.3637,3929.5929,248.78222,106.89119,106.89119,106.89119,5862.5626,5865.3786,5766.1497,495.56941,1.6966378
2108000.0,1994.9511,5832.7154,3900.9246,246.96723,106.89119,106.89119,106.89119,5895.8543,5829.7196,5772.5725,495.33951,1.6966378
2109000.0,1997.0724,5865.4434,3978.0566,251.85045,106.89119,106.89119,106.89119,5901.8655,5882.0006,5812.4641,497.26572,1.6966378
2110000.0,2044.1796,5844.7665,3968.6189,251.25296,106.89119,106.89119,106.89119,5893.1476,5834.3383,5806.8136,495.55097,1.6966378
2111000.0,2040.2618,5861.6688,3956.7061,250.49876,106.89119,106.89119,106.89119,5913.3264,5840.8378,5830.8424,495.52192,1.6966378
2112000.0,1990.1192,5824.06,3992.6527,252.77453,106.89119,106.89119,106.89119,5847.2807,5778.8425,5846.0568,494.00956,1.6966378
2113000.0,2015.4362,5846.1165,3951.2075,250.15064,106.89119,106.89119,106.89119,5808.8068,5926.56,5802.9829,495.49164,1.6966378
2114000.0,2034.371,5846.7498,3897.8812,246.77455,106.89119,106.89119,106.89119,5830.504,5882.9746,5826.7707,499.13956,1.6966378
2115000.0,2052.5503,5878.166,3980.3357,251.99474,106.89119,106.89119,106.89119,5904.8857,5895.7968,5833.8155,492.95829,1.6966378
2116000.0,2000.8953,5872.3528,4016.4409,254.28056,106.89119,106.89119,106.89119,5887.1527,5834.2763,5895.6295,485.89479,1.6966378
2117000.0,2015.9797,5867.4536,3976.0293,251.7221,106.89119,106.89119,106.89119,5899.3927,5854.798,5848.1702,499.37343,1.6966378
2118000.0,1986.6386,5837.0654,3949.2636,250.02757,106.89119,106.89119,106.89119,5874.2041,5866.5339,5770.4582,506.97471,1.6966378
2119000.0,2063.8097,5870.9682,3909.1767,247.48967,106.89119,106.89119,106.89119,5897.6581,5864.2026,5851.0438,505.18793,1.6966378
2120000.0,2070.8795,5867.1893,3988.7945,252.53027,106.89119,106.89119,106.89119,5905.296,5817.9523,5878.3195,497.26165,1.6966378
2121000.0,2023.0323,5841.1825,3908.7321,247.46152,106.89119,106.89119,106.89119,5841.583,5847.5874,5834.3772,505.88243,1.6966378
2122000.0,1963.9278,5841.9663,3945.2251,249.7719,106.89119,106.89119,106.89119,5930.4486,5818.4517,5776.9985,499.31693,1.6966378
2123000.0,1981.4125,5830.7096,3953.7867,250.31393,106.89119,106.89119,106.89119,5904.1518,5840.8999,5747.0773,505.174,1.6966378
2124000.0,2068.1994,5877.3154,3972.7666,251.51554,106.89119,106.89119,106.89119,5929.4911,5876.9277,5825.5274,498.13596,1.6966378
2125000.0,2042.117,5860.0613,3928.4398,248.70922,106.89119,106.89119,106.89119,5897.773,5824.6035,5857.8074,501.61584,1.6966378
2126000.0,2045.9059,5840.7021,4021.3336,254.59032,106.89119,106.89119,106.89119,5882.5164,5829.1685,5810.4214,494.26858,1.6966378
2127000.0,1981.4821,5853.9186,3957.8277,250.56976,106.89119,106.89119,106.89119,5873.7698,5873.6898,5814.2963,503.50802,1.6966378
2128000.0,2081.7127,5861.4065,3973.0116,251.53106,106.89119,106.89119,106.89119,5883.1549,5849.2683,5851.7962,509.6716,1.6966378
2129000.0,2056.4429,5857.5287,3994.9458,252.91971,106.89119,106.89119,106.89119,5904.8668,5863.427,5804.2924,512.37974,1.6966378
2130000.0,2077.432,5847.7225,3968.6943,251.25773,106.89119,106.89119,106.89119,5925.0865,5823.0099,5795.0712,507.62449,1.6966378
2131000.0,2046.0185,5851.4116,3996.3754,253.01022,106.89119,106.89119,106.89119,5889.1477,5853.0692,5812.018,504.03353,1.6966378
2132000.0,2038.6329,5856.2849,3961.3422,250.79227,106.89119,106.89119,106.89119,5921.248,5842.5263,5805.0804,506.6453,1.6966378
2133000.0,2057.7874,5845.2095,4023.6881,254.73938,106.89119,106.89119,106.89119,5871.9711,5835.625,5828.0322,506.24635,1.6966378
2134000.0,2026.6058,5876.0865,3958.4677,250.61028,106.89119,106.89119,106.89119,5921.0401,5868.1822,5839.0372,503.11965,1.6966378
2135000.0,2108.6541,5865.5123,3957.7535,250.56506,106.89119,106.89119,106.89119,5867.7544,5860.7927,5867.9899,503.63214,1.6966378
2136000.0,2031.6498,5868.275,3980.6898,252.01716,106.89119,106.89119,106.89119,5910.9139,5872.8557,5821.0554,502.51908,1.6966378
2137000.0,2031.089,5851.0023,3970.3677,251.36367,106.89119,106.89119,106.89119,5859.873,5870.7497,5822.3843,509.39929,1.6966378
2138000.0,2050.1098,5878.3579,4020.7128,254.55101,106.89119,106.89119,106.89119,5911.4517,5876.6935,5846.9285,502.72729,1.6966378
2139000.0,2038.0783,5874.9721,3970.4709,251.3702,106.89119,106.89119,106.89119,5907.8056,5927.0189,5790.0919,504.61936,1.6966378
2140000.0,2016.3594,5828.5342,3967.6424,251.19113,106.89119,106.89119,106.89119,5819.4965,5883.9488,5782.1574,505.55753,1.6966378
2141000.0,2063.2362,5866.6376,3896.2605,246.67195,106.89119,106.89119,106.89119,5908.898,5853.6335,5837.3813,492.95533,1.6966378
2142000.0,1981.3395,5860.0899,3919.3438,248.13335,106.89119,106.89119,106.89119,5879.9526,5895.1932,5805.1239,495.24659,1.6966378
2143000.0,1997.2976,5890.6806,4027.2651,254.96584,106.89119,106.89119,106.89119,5933.8971,5922.1285,5816.0163,498.611,1.6966378
2144000.0,2051.4423,5853.683,3923.9169,248.42287,106.89119,106.89119,106.89119,5898.5765,5865.7035,5796.769,500.16751,1.6966378
2145000.0,2051.4859,5861.6164,3915.4673,247.88793,106.89119,106.89119,106.89119,5884.2497,5889.0843,5811.5151,493.64165,1.6966378
2146000.0,2054.789,5865.5791,3924.0648,248.43224,106.89119,106.89119,106.89119,5909.9949,5852.9188,5833.8236,489.31962,1.6966378
2147000.0,2064.5164,5851.6734,3942.994,249.63064,106.89119,106.89119,106.89119,5871.1791,5875.0178,5808.8233,508.22416,1.6966378
2148000.0,2110.914,5863.9415,3925.8247,248.54365,106.89119,106.89119,106.89119,5852.3456,5926.5644,5812.9146,510.74332,1.6966378
2149000.0,2026.7322,5850.1004,3896.2458,246.67102,106.89119,106.89119,106.89119,5862.0451,5838.3235,5849.9326,504.46873,1.6966378
2150000.0,1986.2473,5830.5697,3975.6533,251.6983,106.89119,106.89119,106.89119,5832.9043,5867.5588,5791.2459,505.58152,1.6966378
2151000.0,2061.3853,5853.7339,3951.5903,250.17487,106.89119,106.89119,106.89119,5865.0366,5863.7084,5832.4568,508.75661,1.6966378
2152000.0,2017.7428,5813.051,3893.2299,246.48008,106.89119,106.89119,106.89119,5787.4798,5861.8246,5789.8484,498.2125,1.6966378
2153000.0,1999.1919,5871.0256,3924.8608,248.48263,106.89119,106.89119,106.89119,5829.9708,5938.627,5844.479,507.29701,1.6966378
2154000.0,1977.9803,5844.4058,4053.8219,256.64715,106.89119,106.89119,106.89119,5893.4205,5884.8709,5754.9261,508.21554,1.6966378
2155000.0,2031.3832,5866.1245,4057.0819,256.85354,106.89119,106.89119,106.89119,5864.9208,5873.2103,5860.2424,500.70138,1.6966378
2156000.0,2040.5246,5874.562,3967.6653,251.19258,106.89119,106.89119,106.89119,5842.2766,5926.112,5855.2974,508.35433,1.6966378
2157000.0,2015.1903,5860.9616,3998.9729,253.17467,106.89119,106.89119,106.89119,5850.6698,5930.9656,5801.2495,510.43306,1.6966378
2158000.0,1978.2776,5851.6088,3991.7297,252.7161,106.89119,106.89119,106.89119,5824.5744,5895.634,5834.6181,504.32877,1.6966378
2159000.0,2007.1655,5859.0428,3934.6004,249.09925,106.89119,106.89119,106.89119,5789.8107,5884.5422,5902.7756,499.92794,1.6966378
2160000.0,2009.0631,5860.3303,3887.388,246.11023,106.89119,106.89119,106.89119,5895.494,5791.5128,5893.9841,503.95234,1.6966378
2161000.0,2039.2138,5880.8498,3888.9085,246.20649,106.89119,106.89119,106.89119,5837.2956,5915.0694,5890.1843,506.37259,1.6966378
2162000.0,1993.8993,5848.3,3993.1053,252.80318,106.89119,106.89119,106.89119,5854.9921,5884.5806,5805.3274,510.31627,1.6966378
2163000.0,1965.3253,5842.6016,3994.2569,252.87609,106.89119,106.89119,106.89119,5775.7297,5906.9068,5845.1682,504.18463,1.6966378
2164000.0,2084.7728,5879.4802,3996.1834,252.99806,106.89119,106.89119,106.89119,5865.4099,5907.008,5866.0229,506.06514,1.6966378
2165000.0,1985.179,5842.6154,3948.3419,249.96922,106.89119,106.89119,106.89119,5846.9695,5842.2119,5838.6649,502.73538,1.6966378
2166000.0,2018.2601,5852.7322,4042.2441,255.91416,106.89119,106.89119,106.89119,5886.5805,5907.3789,5764.2371,501.57729,1.6966378
2167000.0,1996.0275,5840.4926,3916.3547,247.94411,106.89119,106.89119,106.89119,5868.9378,5846.5651,5805.9749,491.53707,1.6966378
2168000.0,2071.9815,5857.6817,3947.6667,249.92647,106.89119,106.89119,106.89119,5901.515,5865.3508,5806.1792,502.54674,1.6966378
2169000.0,1985.4102,5829.2759,4092.4793,259.09454,106.89119,106.89119,106.89119,5860.5446,5821.6899,5805.5932,508.30741,1.6966378
2170000.0,2037.7697,5866.6757,3923.3095,248.38442,106.89119,106.89119,106.89119,5905.2131,5852.9718,5841.8423,511.07422,1.6966378
2171000.0,2102.3363,5867.2469,4013.8743,254.11807,106.89119,106.89119,106.89119,5907.7966,5866.6402,5827.3038,508.19382,1.6966378
2172000.0,1972.6021,5835.0301,3960.0228,250.70873,106.89119,106.89119,106.89119,5852.7785,5805.864,5846.448,510.85276,1.6966378
2173000.0,2022.7846,5877.5547,3969.2435,251.2925,106.89119,106.89119,106.89119,5912.434,5853.9364,5866.2937,509.24467,1.6966378
2174000.0,2095.1634,5884.9197,3836.6885,242.90045,106.89119,106.89119,106.89119,5876.3874,5894.1284,5884.2434,510.50794,1.6966378
2175000.0,2053.0137,5859.7288,3926.9321,248.61377,106.89119,106.89119,106.89119,5865.0072,5866.1879,5847.9912,509.70728,1.6966378
2176000.0,1994.2352,5870.3755,3943.2475,249.64669,106.89119,106.89119,106.89119,5958.9311,5825.063,5827.1325,506.58008,1.6966378
2177000.0,1908.5223,5826.2822,3942.9701,249.62913,106.89119,106.89119,106.89119,5868.3931,5822.8489,5787.6045,510.94969,1.6966378
2178000.0,1934.5197,5826.5782,4001.6856,253.3464,106.89119,106.89119,106.89119,5834.4809,5855.9559,5789.2977,508.53032,1.6966378
2179000.0,1933.7148,5832.1738,3965.0908,251.02959,106.89119,106.89119,106.89119,5825.6845,5905.1471,5765.6899,500.5129,1.6966378
2180000.0,2038.2048,5860.815,3962.2693,250.85096,106.89119,106.89119,106.89119,5850.5696,5910.9294,5820.9461,499.69667,1.6966378
2181000.0,2000.1819,5847.2793,3940.1107,249.4481,106.89119,106.89119,106.89119,5814.6728,5896.0633,5831.1016,503.84564,1.6966378
2182000.0,2024.9649,5860.9447,3919.1793,248.12294,106.89119,106.89119,106.89119,5853.6901,5926.7133,5802.4308,506.43764,1.6966378
2183000.0,2018.3413,5856.5984,3982.9288,252.15891,106.89119,106.89119,106.89119,5898.56,5835.6616,5835.5738,510.6624,1.6966378
2184000.0,2079.3144,5839.9723,3912.8524,247.72238,106.89119,106.89119,106.89119,5865.0629,5831.0658,5823.7882,504.56193,1.6966378
2185000.0,2007.0065,5836.4012,3855.7284,244.10586,106.89119,106.89119,106.89119,5889.549,5804.0193,5815.6353,501.70954,1.6966378
2186000.0,2008.4776,5846.9233,3961.7402,250.81746,106.89119,106.89119,106.89119,5855.7689,5810.6658,5874.3351,495.35305,1.6966378
2187000.0,2085.4225,5869.5838,4016.264,254.26936,106.89119,106.89119,106.89119,5851.5292,5922.8316,5834.3906,503.3887,1.6966378
2188000.0,2003.648,5831.2051,3938.3064,249.33387,106.89119,106.89119,106.89119,5857.2051,5848.1057,5788.3046,498.405,1.6966378
2189000.0,2065.0719,5866.6119,3947.0638,249.8883,106.89119,106.89119,106.89119,5873.7777,5887.776,5838.282,504.09303,1.6966378
2190000.0,2080.7358,5860.3689,3903.0673,247.10289,106.89119,106.89119,106.89119,5854.8368,5853.778,5872.4919,507.01122,1.6966378
2191000.0,1995.1524,5868.1422,3900.9388,246.96813,106.89119,106.89119,106.89119,5901.5652,5852.96,5849.9013,503.76917,1.6966378
2192000.0,1940.0618,5841.2654,3982.66,252.14189,106.89119,106.89119,106.89119,5924.3871,5781.6936,5817.7154,498.7748,1.6966378
2193000.0,2084.6453,5884.3227,3959.2886,250.66225,106.89119,106.89119,106.89119,5850.2112,5941.7456,5861.0111,503.33966,1.6966378
2194000.0,2028.1691,5836.8584,3944.249,249.7101,106.89119,106.89119,106.89119,5894.6121,5793.8515,5822.1115,504.52578,1.6966378
2195000.0,2082.4118,5852.722,3939.8911,249.4342,106.89119,106.89119,106.89119,5837.7561,5861.6233,5858.7867,504.33443,1.6966378
2196000.0,1977.3422,5841.3777,4040.3642,255.79514,106.89119,106.89119,106.89119,5858.5266,5848.985,5816.6214,504.85989,1.6966378
2197000.0,2024.356,5864.4533,3992.6002,252.77121,106.89119,106.89119,106.89119,5866.5392,5900.9643,5825.8563,505.89743,1.6966378
2198000.0,2000.9649,5875.6938,3955.268,250.40771,106.89119,106.89119,106.89119,5851.068,5877.6313,5898.3823,503.25451,1.6966378
2199000.0,1917.1327,5828.7415,4011.9843,253.99841,106.89119,106.89119,106.89119,5804.4063,5868.7549,5813.0632,498.78066,1.6966378
2200000.0,2139.0347,5882.3117,3909.3926,247.50334,106.89119,106.89119,106.89119,5880.6725,5888.9577,5877.3049,500.58178,1.6966378
2201000.0,2066.871,5843.2656,3902.4463,247.06357,106.89119,106.89119,106.89119,5872.3275,5841.1819,5816.2874,505.43529,1.6966378
2202000.0,2060.3191,5873.9424,3887.3924,246.11051,106.89119,106.89119,106.89119,5875.1781,5891.705,5854.9442,501.20634,1.6966378
2203000.0,2058.3682,5843.129,4020.3862,254.53034,106.89119,106.89119,106.89119,5882.305,5815.7155,5831.3664,500.42292,1.6966378
2204000.0,2027.6701,5846.9684,3925.2086,248.50465,106.89119,106.89119,106.89119,5791.8229,5908.2457,5840.8367,503.71261,1.6966378
2205000.0,1975.5963,5860.614,3947.2483,249.89998,106.89119,106.89119,106.89119,5869.6856,5899.5748,5812.5816,497.80444,1.6966378
2206000.0,2024.5405,5839.7424,3956.3972,250.4792,106.89119,106.89119,106.89119,5886.4801,5813.9075,5818.8396,498.27487,1.6966378
2207000.0,2042.0438,5840.3312,3995.0904,252.92886,106.89119,106.89119,106.89119,5841.5443,5856.5109,5822.9384,498.00233,1.6966378
2208000.0,2018.4752,5852.1646,3973.9227,251.58874,106.89119,106.89119,106.89119,5885.2769,5888.5933,5782.6237,506.50916,1.6966378
2209000.0,2059.1952,5866.9699,4111.2533,260.28313,106.89119,106.89119,106.89119,5874.7224,5861.0004,5865.1868,494.96681,1.6966378
2210000.0,2050.6695,5867.7391,4017.8967,254.37272,106.89119,106.89119,106.89119,5850.0866,5902.2716,5850.8592,496.37532,1.6966378
2211000.0,2041.1931,5852.0108,3906.8414,247.34182,106.89119,106.89119,106.89119,5859.7851,5888.3778,5807.8693,494.29864,1.6966378
2212000.0,2020.8508,5852.2066,3928.2123,248.69482,106.89119,106.89119,106.89119,5851.0712,5865.6613,5839.8872,501.34379,1.6966378
2213000.0,2065.72,5877.0744,3948.823,249.99967,106.89119,106.89119,106.89119,5936.8863,5872.0251,5822.3118,502.82379,1.6966378
2214000.0,2083.889,5893.1045,3959.8376,250.69701,106.89119,106.89119,106.89119,5938.9558,5930.2812,5810.0766,508.10799,1.6966378
2215000.0,2016.7094,5896.2878,4025.398,254.84763,106.89119,106.89119,106.89119,5948.5421,5880.6773,5859.6439,505.73174,1.6966378
2216000.0,2051.1032,5880.1535,3958.0618,250.58458,106.89119,106.89119,106.89119,5911.4626,5883.6142,5845.3837,503.89916,1.6966378
2217000.0,2058.1103,5868.4675,3958.7716,250.62952,106.89119,106.89119,106.89119,5914.6005,5876.1091,5814.6927,509.32859,1.6966378
2218000.0,2016.7163,5836.9062,3940.8186,249.49292,106.89119,106.89119,106.89119,5828.6926,5800.7883,5881.2378,507.97816,1.6966378
2219000.0,2085.4244,5879.6079,3975.7723,251.70583,106.89119,106.89119,106.89119,5951.2823,5817.0862,5870.4553,507.47147,1.6966378
2220000.0,2040.4193,5846.6691,3945.827,249.81,106.89119,106.89119,106.89119,5856.0274,5847.3961,5836.5837,503.26772,1.6966378
2221000.0,2063.1491,5859.6676,3864.3957,244.65459,106.89119,106.89119,106.89119,5884.6478,5839.6876,5854.6675,505.78404,1.6966378
2222000.0,2081.9829,5851.1849,3951.253,250.15352,106.89119,106.89119,106.89119,5855.2053,5863.5922,5834.7572,496.35024,1.6966378
2223000.0,1976.9857,5839.3654,3942.3905,249.59244,106.89119,106.89119,106.89119,5801.217,5891.0972,5825.7822,507.18735,1.6966378
2224000.0,1954.0815,5821.033,3983.2223,252.17749,106.89119,106.89119,106.89119,5791.8313,5814.9199,5856.3477,502.17517,1.6966378
2225000.0,1954.0193,5853.0364,3987.11,252.42362,106.89119,106.89119,106.89119,5886.2651,5830.1306,5842.7136,511.37171,1.6966378
2226000.0,2072.4564,5855.1821,3975.3698,251.68035,106.89119,106.89119,106.89119,5911.3389,5789.5953,5864.612,501.11143,1.6966378
2227000.0,2056.9808,5846.9981,3949.0139,250.01176,106.89119,106.89119,106.89119,5885.2758,5822.7866,5832.932,507.52793,1.6966378
2228000.0,2081.8725,5872.7099,3903.2743,247.11599,106.89119,106.89119,106.89119,5873.9042,5869.6927,5874.5327,499.36048,1.6966378
2229000.0,2017.5905,5870.1984,3918.8755,248.1037,106.89119,106.89119,106.89119,5881.3304,5850.4423,5878.8225,509.12135,1.6966378
2230000.0,1983.2227,5854.4881,4002.0821,253.37151,106.89119,106.89119,106.89119,5843.354,5867.2199,5852.8903,510.2152,1.6966378
2231000.0,2054.6748,5845.2147,3933.434,249.0254,106.89119,106.89119,106.89119,5855.1073,5847.9419,5832.595,509.20906,1.6966378
2232000.0,2038.1347,5859.8688,3901.3635,246.99502,106.89119,106.89119,106.89119,5833.453,5878.7126,5867.4409,507.8526,1.6966378
2233000.0,2050.7136,5862.0081,3907.7071,247.39663,106.89119,106.89119,106.89119,5829.161,5872.3086,5884.5547,504.67313,1.6966378
2234000.0,1995.0193,5839.6269,4012.736,254.046,106.89119,106.89119,106.89119,5843.0482,5778.061,5897.7716,508.41091,1.6966378
2235000.0,1970.1358,5835.3917,4028.8619,255.06693,106.89119,106.89119,106.89119,5855.1477,5864.0036,5787.0239,508.78056,1.6966378
2236000.0,1919.8424,5847.9784,3969.9199,251.33532,106.89119,106.89119,106.89119,5883.229,5827.269,5833.4373,505.50022,1.6966378
2237000.0,2014.9922,5844.0993,3897.3354,246.74,106.89119,106.89119,106.89119,5770.2145,5878.8898,5883.1936,496.7391,1.6966378
2238000.0,2034.6504,5841.0492,3978.842,251.90018,106.89119,106.89119,106.89119,5798.5084,5875.3092,5849.3301,484.70071,1.6966378
2239000.0,2036.3966,5840.0071,3930.0587,248.81171,106.89119,106.89119,106.89119,5806.4013,5818.7563,5894.8637,496.16708,1.6966378
2240000.0,2075.1835,5867.0952,3940.6267,249.48077,106.89119,106.89119,106.89119,5869.0738,5852.199,5880.0128,497.70703,1.6966378
2241000.0,1987.3158,5859.4003,3928.904,248.7386,106.89119,106.89119,106.89119,5890.9651,5836.994,5850.2418,503.68053,1.6966378
2242000.0,2012.713,5840.2853,3929.3143,248.76458,106.89119,106.89119,106.89119,5840.3683,5863.3184,5817.1691,509.48264,1.6966378
2243000.0,1953.363,5819.3564,4027.6593,254.9908,106.89119,106.89119,106.89119,5892.0205,5821.5814,5744.4672,505.01056,1.6966378
2244000.0,2054.264,5866.4049,3971.0703,251.40815,106.89119,106.89119,106.89119,5857.6957,5877.9384,5863.5807,508.91747,1.6966378
2245000.0,1971.3137,5833.6317,3963.2102,250.91053,106.89119,106.89119,106.89119,5824.3422,5827.3372,5849.2156,510.03129,1.6966378
2246000.0,2029.083,5854.0191,3955.8298,250.44327,106.89119,106.89119,106.89119,5846.6633,5867.4744,5847.9196,504.53264,1.6966378
2247000.0,1985.2733,5847.8703,3923.2319,248.37951,106.89119,106.89119,106.89119,5900.0629,5844.5417,5799.0063,506.04534,1.6966378
2248000.0,1992.9461,5829.1971,3945.2472,249.77329,106.89119,106.89119,106.89119,5857.5391,5802.9601,5827.0922,508.29043,1.6966378
2249000.0,1994.7858,5827.6685,3872.661,245.17786,106.89119,106.89119,106.89119,5874.1132,5820.758,5788.1343,503.11439,1.6966378
2250000.0,2001.7027,5852.7222,4010.417,253.89919,106.89119,106.89119,106.89119,5853.0775,5855.8148,5849.2742,501.97824,1.6966378
2251000.0,2109.3873,5863.5226,3959.3133,250.66382,106.89119,106.89119,106.89119,5853.2958,5855.6074,5881.6647,496.99538,1.6966378
2252000.0,2054.5001,5848.647,3948.9507,250.00776,106.89119,106.89119,106.89119,5891.4494,5806.2405,5848.2511,497.99261,1.6966378
2253000.0,1998.9285,5844.1825,3845.0141,243.42754,106.89119,106.89119,106.89119,5842.5685,5854.9264,5835.0525,498.38031,1.6966378
2254000.0,1958.9525,5858.4359,3946.0591,249.82469,106.89119,106.89119,106.89119,5839.5667,5867.2736,5868.4674,498.07007,1.6966378
2255000.0,2017.9545,5869.8969,3989.4551,252.57209,106.89119,106.89119,106.89119,5889.1351,5840.8423,5879.7134,499.10141,1.6966378
2256000.0,2042.6821,5868.4203,3949.7071,250.05565,106.89119,106.89119,106.89119,5895.4151,5835.6647,5874.1812,496.68503,1.6966378
2257000.0,1978.6995,5844.1561,3998.1809,253.12452,106.89119,106.89119,106.89119,5875.6718,5815.0038,5841.7926,506.31571,1.6966378
2258000.0,2074.9089,5860.768,3928.559,248.71676,106.89119,106.89119,106.89119,5884.8594,5868.4506,5828.994,504.95348,1.6966378
2259000.0,2011.5086,5829.1517,3937.8742,249.30651,106.89119,106.89119,106.89119,5865.0418,5812.0541,5810.3593,509.80513,1.6966378
2260000.0,2088.9626,5858.3375,3993.7752,252.8456,106.89119,106.89119,106.89119,5912.6001,5808.3947,5854.0175,510.53232,1.6966378
2261000.0,2108.1989,5871.8212,3917.3209,248.00528,106.89119,106.89119,106.89119,5837.9424,5848.0452,5929.476,509.23951,1.6966378
2262000.0,2011.997,5854.5388,3945.588,249.79487,106.89119,106.89119,106.89119,5914.07,5857.0121,5792.5343,493.28704,1.6966378
2263000.0,2075.2309,5857.8769,3941.8136,249.55591,106.89119,106.89119,106.89119,5892.431,5873.6785,5807.5213,492.45403,1.6966378
2264000.0,2008.6804,5838.3629,3955.9206,250.44903,106.89119,106.89119,106.89119,5856.6468,5820.0218,5838.42,506.92833,1.6966378
2265000.0,1907.4723,5830.9868,3927.4966,248.6495,106.89119,106.89119,106.89119,5834.6668,5870.1741,5788.1193,503.76948,1.6966378
2266000.0,1918.8528,5831.1258,3922.6764,248.34434,106.89119,106.89119,106.89119,5842.6036,5867.9729,5782.8007,495.46824,1.6966378
2267000.0,1925.41,5811.6505,3888.2365,246.16395,106.89119,106.89119,106.89119,5876.2814,5787.0001,5771.6698,500.88257,1.6966378
2268000.0,1972.1526,5832.9099,3887.9899,246.14834,106.89119,106.89119,106.89119,5863.6326,5829.5002,5805.5968,493.19245,1.6966378
2269000.0,1993.1898,5833.8765,3967.1688,251.16115,106.89119,106.89119,106.89119,5871.8966,5787.1919,5842.541,498.67199,1.6966378
2270000.0,2008.5987,5854.4013,3906.5396,247.32271,106.89119,106.89119,106.89119,5841.2626,5826.7192,5895.2221,495.45743,1.6966378
2271000.0,2008.7344,5831.0881,3930.9093,248.86556,106.89119,106.89119,106.89119,5850.342,5859.6825,5783.2398,490.66008,1.6966378
2272000.0,2065.6144,5869.4877,3934.1809,249.07269,106.89119,106.89119,106.89119,5903.4231,5862.959,5842.0809,493.75784,1.6966378
2273000.0,2005.1039,5840.3477,3929.954,248.80508,106.89119,106.89119,106.89119,5841.9874,5819.2839,5859.7717,495.5105,1.6966378
2274000.0,2072.3645,5851.6245,3914.7323,247.8414,106.89119,106.89119,106.89119,5895.2597,5793.8035,5865.8103,511.69489,1.6966378
2275000.0,2075.5288,5865.6022,4036.8745,255.57421,106.89119,106.89119,106.89119,5896.467,5934.3093,5766.0302,512.00788,1.6966378
2276000.0,2031.5739,5857.827,3973.6458,251.57121,106.89119,106.89119,106.89119,5849.8185,5861.1902,5862.4724,507.41886,1.6966378
2277000.0,1994.2018,5858.2742,3949.6622,250.05281,106.89119,106.89119,106.89119,5892.7046,5867.1661,5814.9519,504.89387,1.6966378
2278000.0,2015.2679,5832.7454,3984.5573,252.26201,106.89119,106.89119,106.89119,5877.7713,5871.7477,5748.7171,505.21154,1.6966378
2279000.0,1998.7334,5842.9589,3969.2191,251.29095,106.89119,106.89119,106.89119,5812.9123,5889.7571,5826.2073,501.43832,1.6966378
2280000.0,2079.7333,5877.2226,3935.1535,249.13426,106.89119,106.89119,106.89119,5873.3928,5848.3014,5909.9737,496.78079,1.6966378
2281000.0,1982.5383,5822.8043,3980.5659,252.00931,106.89119,106.89119,106.89119,5872.5108,5839.6995,5756.2024,499.92847,1.6966378
2282000.0,1979.0638,5858.5206,3936.9603,249.24865,106.89119,106.89119,106.89119,5853.2578,5866.0852,5856.2188,505.27129,1.6966378
2283000.0,2004.8757,5851.7126,3962.2227,250.84801,106.89119,106.89119,106.89119,5777.1328,5864.0648,5913.9402,507.36477,1.6966378
2284000.0,1936.215,5848.6049,3905.6033,247.26344,106.89119,106.89119,106.89119,5858.6723,5836.232,5850.9105,504.44691,1.6966378
2285000.0,2076.1445,5858.0826,3971.3082,251.42321,106.89119,106.89119,106.89119,5833.6313,5898.6487,5841.9677,499.86409,1.6966378
2286000.0,2083.8527,5860.6179,4032.2536,255.28166,106.89119,106.89119,106.89119,5850.0533,5899.5208,5832.2797,490.15758,1.6966378
2287000.0,2009.8669,5887.916,3947.3997,249.90957,106.89119,106.89119,106.89119,5905.6879,5920.2201,5837.84,506.91702,1.6966378
2288000.0,2004.7427,5850.7077,3962.1901,250.84595,106.89119,106.89119,106.89119,5846.3723,5862.6531,5843.0978,503.44037,1.6966378
2289000.0,2018.6994,5858.3746,4004.0722,253.4975,106.89119,106.89119,106.89119,5891.0683,5882.7159,5801.3396,499.84721,1.6966378
2290000.0,2046.7442,5850.7311,3868.7038,244.92734,106.89119,106.89119,106.89119,5863.5323,5891.2642,5797.3967,500.06161,1.6966378
2291000.0,2055.0461,5868.3592,3959.5819,250.68082,106.89119,106.89119,106.89119,5883.0484,5955.469,5766.5604,500.40042,1.6966378
2292000.0,1999.9294,5849.2345,3925.3121,248.51121,106.89119,106.89119,106.89119,5845.6977,5872.768,5829.2378,499.18382,1.6966378
2293000.0,2094.6531,5881.3605,3955.5882,250.42798,106.89119,106.89119,106.89119,5854.8951,5896.059,5893.1274,506.06463,1.6966378
2294000.0,1978.7295,5837.3338,3960.1155,250.7146,106.89119,106.89119,106.89119,5872.9162,5815.8249,5823.2602,498.20494,1.6966378
2295000.0,2009.2489,5828.4125,3908.1746,247.42623,106.89119,106.89119,106.89119,5824.4911,5904.2614,5756.4851,499.65456,1.6966378
2296000.0,2077.694,5892.9781,3972.5165,251.49971,106.89119,106.89119,106.89119,5923.8681,5885.4927,5869.5736,510.45569,1.6966378
2297000.0,1989.7075,5838.8783,3941.529,249.53789,106.89119,106.89119,106.89119,5855.8269,5847.188,5813.6201,507.00145,1.6966378
2298000.0,1971.476,5859.4919,4018.3934,254.40417,106.89119,106.89119,106.89119,5876.5051,5845.4537,5856.5168,496.71369,1.6966378
2299000.0,2050.6537,5872.033,3945.8078,249.80879,106.89119,106.89119,106.89119,5854.6356,5897.3852,5864.0783,503.96702,1.6966378
2300000.0,2011.5633,5843.7277,3950.8028,250.12502,106.89119,106.89119,106.89119,5906.9082,5853.4473,5770.8274,496.00678,1.6966378
2301000.0,2029.6697,5860.0839,3971.752,251.45131,106.89119,106.89119,106.89119,5910.5063,5857.4744,5812.271,510.40672,1.6966378
2302000.0,2000.1116,5852.0593,3938.9762,249.37628,106.89119,106.89119,106.89119,5864.4448,5849.3175,5842.4157,503.64497,1.6966378
2303000.0,2083.4642,5892.6525,4023.3879,254.72038,106.89119,106.89119,106.89119,5947.6721,5877.5189,5852.7667,508.35193,1.6966378
2304000.0,2005.188,5847.5403,3961.6067,250.80901,106.89119,106.89119,106.89119,5893.1164,5871.3812,5778.1235,501.39466,1.6966378
2305000.0,1961.6171,5834.317,4027.3994,254.97434,106.89119,106.89119,106.89119,5828.4826,5864.5838,5809.8845,509.61211,1.6966378
2306000.0,1985.1858,5870.6691,3996.494,253.01772,106.89119,106.89119,106.89119,5884.2978,5909.7276,5817.9819,502.28016,1.6966378
2307000.0,2000.4745,5864.604,3830.7816,242.52648,106.89119,106.89119,106.89119,5839.9241,5949.0983,5804.7897,505.28874,1.6966378
2308000.0,2043.2731,5854.0254,3982.1587,252.11016,106.89119,106.89119,106.89119,5836.6532,5935.3795,5790.0436,506.7931,1.6966378
2309000.0,2033.3923,5868.5635,3857.6674,244.22862,106.89119,106.89119,106.89119,5914.6949,5891.0507,5799.945,507.74454,1.6966378
2310000.0,1943.9395,5815.1215,3972.9431,251.52672,106.89119,106.89119,106.89119,5816.247,5854.3609,5774.7567,508.03627,1.6966378
2311000.0,1977.8721,5843.7815,3994.9517,252.92008,106.89119,106.89119,106.89119,5847.0532,5872.9151,5811.3762,505.8988,1.6966378
2312000.0,2055.8394,5850.1579,3951.7482,250.18487,106.89119,106.89119,106.89119,5849.5659,5853.3518,5847.5561,505.13629,1.6966378
2313000.0,2033.56,5837.7809,3910.8725,247.59703,106.89119,106.89119,106.89119,5817.1077,5829.29,5866.9451,504.45229,1.6966378
2314000.0,2045.8471,5879.0324,3937.7989,249.30174,106.89119,106.89119,106.89119,5907.3065,5864.4907,5865.2999,507.68948,1.6966378
2315000.0,2014.2728,5854.0867,3916.007,247.9221,106.89119,106.89119,106.89119,5856.2362,5881.9977,5824.0264,510.36968,1.6966378
2316000.0,2022.9755,5843.398,3947.5998,249.92223,106.89119,106.89119,106.89119,5872.1059,5869.8307,5788.2575,504.50349,1.6966378
2317000.0,2049.3969,5882.5435,3966.9997,251.15044,106.89119,106.89119,106.89119,5907.7885,5848.6751,5891.1669,501.77051,1.6966378
2318000.0,1951.1389,5848.249,3954.291,250.34586,106.89119,106.89119,106.89119,5847.7857,5864.5914,5832.3699,504.25745,1.6966378
2319000.0,1972.591,5847.3206,3834.4916,242.76137,106.89119,106.89119,106.89119,5823.0546,5875.9654,5842.9417,502.81613,1.6966378
2320000.0,1992.4175,5851.4415,3875.5468,245.36056,106.89119,106.89119,106.89119,5829.1088,5882.9679,5842.2479,504.87893,1.6966378
2321000.0,2030.6026,5870.6919,3967.5293,251.18397,106.89119,106.89119,106.89119,5867.378,5892.0638,5852.6337,503.95804,1.6966378
2322000.0,2043.849,5867.1981,3952.5743,250.23717,106.89119,106.89119,106.89119,5841.3504,5916.6445,5843.5994,501.56282,1.6966378
2323000.0,2001.3449,5860.5498,3892.2021,246.41501,106.89119,106.89119,106.89119,5834.6752,5937.5772,5809.397,510.9372,1.6966378
2324000.0,1971.0196,5850.6463,3972.6918,251.51081,106.89119,106.89119,106.89119,5843.0845,5858.4749,5850.3795,509.33063,1.6966378
2325000.0,1992.4391,5829.8349,3899.8047,246.89633,106.89119,106.89119,106.89119,5893.7165,5844.0352,5751.753,510.86252,1.6966378
2326000.0,2090.3964,5855.2446,3978.5634,251.88254,106.89119,106.89119,106.89119,5832.5823,5916.5909,5816.5606,505.80787,1.6966378
2327000.0,1978.5334,5852.4889,3953.4267,250.29114,106.89119,106.89119,106.89119,5875.1953,5876.8526,5805.4187,502.21755,1.6966378
2328000.0,2017.4033,5859.2636,4001.7034,253.34753,106.89119,106.89119,106.89119,5874.1084,5920.9536,5782.7286,504.51291,1.6966378
2329000.0,2040.308,5858.9171,3940.226,249.4554,106.89119,106.89119,106.89119,5924.144,5815.1538,5837.4535,503.0995,1.6966378
2330000.0,1963.5775,5842.4529,3980.4981,252.00502,106.89119,106.89119,106.89119,5901.171,5806.2303,5819.9573,504.45111,1.6966378
2331000.0,1934.5277,5794.9911,4002.1661,253.37682,106.89119,106.89119,106.89119,5850.9857,5785.4968,5748.4909,504.76417,1.6966378
2332000.0,2015.5886,5867.4178,3951.2641,250.15422,106.89119,106.89119,106.89119,5904.9457,5860.6954,5836.6124,506.11573,1.6966378
2333000.0,1961.73,5836.769,3912.5456,247.70296,106.89119,106.89119,106.89119,5853.5228,5870.1595,5786.6245,504.15394,1.6966378
2334000.0,1954.6591,5846.3455,3915.5495,247.89313,106.89119,106.89119,106.89119,5880.9136,5879.6357,5778.4873,502.80899,1.6966378
2335000.0,1955.4677,5845.1716,4056.2077,256.79819,106.89119,106.89119,106.89119,5821.099,5903.7739,5810.6418,499.5421,1.6966378
2336000.0,2012.0765,5860.521,4007.2954,253.70156,106.89119,106.89119,106.89119,5863.9703,5930.9643,5786.6286,487.60983,1.6966378
2337000.0,1904.1878,5838.3792,3976.9348,251.77944,106.89119,106.89119,106.89119,5879.653,5844.3191,5791.1655,501.51697,1.6966378
2338000.0,1942.0958,5830.1623,3892.9302,246.4611,106.89119,106.89119,106.89119,5837.9746,5854.5804,5797.932,502.52331,1.6966378
2339000.0,1974.0774,5865.3903,3942.4431,249.59577,106.89119,106.89119,106.89119,5884.2083,5881.4808,5830.4819,500.65758,1.6966378
2340000.0,1973.625,5832.0638,3914.258,247.81137,106.89119,106.89119,106.89119,5874.0041,5848.6499,5773.5374,498.0822,1.6966378
2341000.0,2047.1524,5868.4854,4021.0627,254.57317,106.89119,106.89119,106.89119,5899.9727,5815.0175,5890.4661,505.88044,1.6966378
2342000.0,2012.916,5842.4679,3910.5121,247.57421,106.89119,106.89119,106.89119,5838.5669,5859.0976,5829.7393,499.70603,1.6966378
2343000.0,1999.5861,5864.7889,3960.6471,250.74826,106.89119,106.89119,106.89119,5878.2192,5853.2895,5862.8579,496.69242,1.6966378
2344000.0,2082.4587,5876.3067,3961.9857,250.83301,106.89119,106.89119,106.89119,5899.9057,5897.8582,5831.1561,502.11591,1.6966378
2345000.0,2030.2083,5833.4837,3890.5922,246.31309,106.89119,106.89119,106.89119,5808.3719,5885.8319,5806.2474,504.38145,1.6966378
2346000.0,2051.6653,5866.5951,3931.4853,248.90203,106.89119,106.89119,106.89119,5867.4897,5900.7286,5831.567,505.47317,1.6966378
2347000.0,1989.832,5844.9507,3950.7996,250.12481,106.89119,106.89119,106.89119,5823.3378,5857.2511,5854.2633,502.22663,1.6966378
2348000.0,2048.1472,5857.8365,3934.809,249.11245,106.89119,106.89119,106.89119,5843.6101,5911.2742,5818.6251,505.76401,1.6966378
2349000.0,1951.7027,5827.3759,3964.6347,251.00072,106.89119,106.89119,106.89119,5811.3277,5870.7968,5800.0031,504.52811,1.6966378
2350000.0,1935.4718,5827.689,3995.8875,252.97933,106.89119,106.89119,106.89119,5856.9427,5853.3636,5772.7606,506.78465,1.6966378
2351000.0,1947.2799,5838.7095,3899.4522,246.87402,106.89119,106.89119,106.89119,5889.6473,5828.44,5798.0411,504.00129,1.6966378
2352000.0,2027.771,5837.0884,3901.8783,247.02761,106.89119,106.89119,106.89119,5814.916,5891.1827,5805.1664,501.35958,1.6966378
2353000.0,1991.0067,5839.2865,3932.4685,248.96427,106.89119,106.89119,106.89119,5746.1811,5909.2788,5862.3998,503.05114,1.6966378
2354000.0,1975.9602,5835.7392,3961.1363,250.77923,106.89119,106.89119,106.89119,5753.9448,5892.8333,5860.4395,500.93246,1.6966378
2355000.0,2023.0415,5865.9321,4047.4839,256.24589,106.89119,106.89119,106.89119,5857.107,5918.5984,5822.091,503.54594,1.6966378
2356000.0,2081.2335,5861.7373,3916.3984,247.94688,106.89119,106.89119,106.89119,5869.2213,5898.4688,5817.522,502.19717,1.6966378
2357000.0,2085.4212,5883.102,4072.4076,257.82381,106.89119,106.89119,106.89119,5895.4373,5880.1567,5873.7119,501.17256,1.6966378
2358000.0,2062.8274,5881.5814,3909.6939,247.52242,106.89119,106.89119,106.89119,5883.7653,5918.8216,5842.1574,499.96937,1.6966378
2359000.0,2061.0303,5870.771,3981.2891,252.0551,106.89119,106.89119,106.89119,5911.3867,5885.3926,5815.5339,495.73551,1.6966378
2360000.0,2032.0087,5864.071,3897.2959,246.7375,106.89119,106.89119,106.89119,5857.4617,5854.6417,5880.1096,489.50374,1.6966378
2361000.0,2089.417,5869.1044,3973.3215,251.55067,106.89119,106.89119,106.89119,5946.2772,5894.6721,5766.3639,499.61916,1.6966378
2362000.0,2007.5825,5849.0813,3977.8926,251.84007,106.89119,106.89119,106.89119,5902.2255,5809.6978,5835.3205,505.91558,1.6966378
2363000.0,2026.421,5851.7177,3984.4269,252.25376,106.89119,106.89119,106.89119,5868.6418,5832.2319,5854.2795,506.23838,1.6966378
2364000.0,1978.6026,5841.3927,3939.446,249.40602,106.89119,106.89119,106.89119,5797.0251,5865.0091,5862.144,502.96241,1.6966378
2365000.0,2025.6754,5852.4937,3864.6345,244.66971,106.89119,106.89119,106.89119,5853.099,5888.7578,5815.6243,496.40476,1.6966378
2366000.0,2008.1392,5837.617,3953.919,250.3223,106.89119,106.89119,106.89119,5865.6014,5837.2861,5809.9634,506.05855,1.6966378
2367000.0,2058.7528,5854.9377,3999.0926,253.18224,106.89119,106.89119,106.89119,5785.6212,5936.9884,5842.2036,499.13542,1.6966378
2368000.0,2025.9023,5870.0074,3974.7591,251.64169,106.89119,106.89119,106.89119,5873.3267,5916.3795,5820.316,501.4884,1.6966378
2369000.0,2037.252,5857.497,3953.0492,250.26724,106.89119,106.89119,106.89119,5826.2161,5921.3834,5824.8913,494.60796,1.6966378
2370000.0,1993.0812,5836.7255,4007.3349,253.70406,106.89119,106.89119,106.89119,5854.3399,5871.5596,5784.2771,505.14716,1.6966378
2371000.0,1961.2864,5807.2915,3988.9216,252.53831,106.89119,106.89119,106.89119,5847.1019,5833.624,5741.1486,503.58762,1.6966378
2372000.0,2052.766,5830.9854,3960.352,250.72958,106.89119,106.89119,106.89119,5833.5523,5846.4559,5812.948,500.25737,1.6966378
2373000.0,2015.3456,5844.0768,3931.8597,248.92573,106.89119,106.89119,106.89119,5820.8184,5911.7503,5799.6615,492.74967,1.6966378
2374000.0,1998.4788,5849.4438,3929.919,248.80287,106.89119,106.89119,106.89119,5819.0038,5890.6436,5838.684,497.82849,1.6966378
2375000.0,1988.2423,5841.7856,3921.2521,248.25417,106.89119,106.89119,106.89119,5783.9526,5930.2745,5811.1297,498.15415,1.6966378
2376000.0,2007.6049,5857.7735,3988.5067,252.51205,106.89119,106.89119,106.89119,5821.5913,5871.6199,5880.1091,495.18687,1.6966378
2377000.0,1940.6316,5804.057,3914.8638,247.84972,106.89119,106.89119,106.89119,5825.0316,5855.0314,5732.1079,489.01863,1.6966378
2378000.0,1986.7179,5844.6893,3960.9615,250.76816,106.89119,106.89119,106.89119,5843.39,5886.574,5804.1039,493.02102,1.6966378
2379000.0,2040.5141,5848.322,4005.0181,253.55738,106.89119,106.89119,106.89119,5900.2815,5822.6683,5822.0161,495.63788,1.6966378
2380000.0,2049.8051,5834.0947,3924.6976,248.4723,106.89119,106.89119,106.89119,5905.5631,5792.3703,5804.3505,503.71167,1.6966378
2381000.0,1977.393,5828.5307,3936.7209,249.23349,106.89119,106.89119,106.89119,5822.1481,5852.3727,5811.0711,495.25968,1.6966378
2382000.0,2003.8368,5836.3691,3919.0591,248.11532,106.89119,106.89119,106.89119,5846.5622,5847.9952,5814.5498,506.12784,1.6966378
2383000.0,2002.5607,5839.7738,3965.9567,251.08441,106.89119,106.89119,106.89119,5802.5584,5894.5946,5822.1684,505.41867,1.6966378
2384000.0,2009.0228,5831.1584,3982.6923,252.14394,106.89119,106.89119,106.89119,5854.5521,5879.8597,5759.0635,504.52888,1.6966378
2385000.0,2006.2012,5831.2309,3977.0766,251.78841,106.89119,106.89119,106.89119,5830.063,5874.2579,5789.3719,501.2221,1.6966378
2386000.0,2020.1409,5843.3464,3967.3168,251.17052,106.89119,106.89119,106.89119,5846.2274,5838.4542,5845.3576,504.94985,1.6966378
2387000.0,2015.1298,5848.8359,3974.3036,251.61285,106.89119,106.89119,106.89119,5895.5183,5881.0481,5769.9414,504.6894,1.6966378
2388000.0,2078.9306,5866.5389,4005.1821,253.56777,106.89119,106.89119,106.89119,5895.9403,5891.2557,5812.4208,499.36264,1.6966378
2389000.0,2017.2208,5847.623,3881.9911,245.76855,106.89119,106.89119,106.89119,5884.6982,5879.4075,5778.7633,500.56596,1.6966378
2390000.0,2074.5758,5871.8836,3930.8781,248.86359,106.89119,106.89119,106.89119,5901.0843,5933.8482,5780.7182,503.94532,1.6966378
2391000.0,1990.9578,5817.1334,3941.9395,249.56388,106.89119,106.89119,106.89119,5840.5949,5883.4296,5727.3756,502.32707,1.6966378
2392000.0,1981.6784,5835.5027,3898.0586,246.78578,106.89119,106.89119,106.89119,5897.5148,5836.3128,5772.6806,498.98427,1.6966378
2393000.0,1918.7259,5824.7163,3978.4347,251.87439,106.89119,106.89119,106.89119,5858.1176,5889.4348,5726.5965,496.5862,1.6966378
2394000.0,2048.2889,5835.9309,3930.6482,248.84903,106.89119,106.89119,106.89119,5861.6761,5846.6696,5799.4468,503.66145,1.6966378
2395000.0,2015.979,5835.1207,4024.0336,254.76126,106.89119,106.89119,106.89119,5873.7866,5836.6146,5794.9609,494.78022,1.6966378
2396000.0,2089.8778,5856.6132,3943.2577,249.64734,106.89119,106.89119,106.89119,5896.0088,5886.7599,5787.0709,504.51285,1.6966378
2397000.0,1994.7613,5826.5486,3917.0145,247.98588,106.89119,106.89119,106.89119,5824.4785,5879.5872,5775.58,505.38676,1.6966378
2398000.0,2009.5157,5837.9621,3939.3097,249.39739,106.89119,106.89119,106.89119,5829.5381,5900.6848,5783.6636,503.79824,1.6966378
2399000.0,1956.3405,5834.1201,3953.2794,250.28181,106.89119,106.89119,106.89119,5842.4524,5898.9909,5760.917,504.51338,1.6966378
2400000.0,2010.4119,5835.7854,4004.0253,253.49453,106.89119,106.89119,106.89119,5881.7127,5843.9595,5781.6839,503.18715,1.6966378
2401000.0,2022.7306,5849.9429,3959.4742,250.674,106.89119,106.89119,106.89119,5873.4206,5842.2389,5834.169,503.13283,1.6966378
2402000.0,2039.9846,5847.9313,4007.7986,253.73342,106.89119,106.89119,106.89119,5868.6425,5888.1969,5786.9546,494.93834,1.6966378
2403000.0,2058.5822,5867.6627,3985.5899,252.32738,106.89119,106.89119,106.89119,5909.1217,5901.4884,5792.3781,499.64728,1.6966378
2404000.0,1912.9429,5825.8204,3915.8499,247.91215,106.89119,106.89119,106.89119,5839.3249,5836.9574,5801.1789,510.03497,1.6966378
2405000.0,2086.4436,5853.6805,3919.6197,248.15082,106.89119,106.89119,106.89119,5902.1958,5881.6316,5777.214,512.1618,1.6966378
2406000.0,2010.171,5843.1242,3880.0268,245.64419,106.89119,106.89119,106.89119,5863.1105,5852.8751,5813.387,501.32718,1.6966378
2407000.0,1974.7668,5849.0406,3938.9118,249.3722,106.89119,106.89119,106.89119,5870.3799,5905.4737,5771.2683,505.89473,1.6966378
2408000.0,2007.7103,5855.184,4000.9062,253.29706,106.89119,106.89119,106.89119,5874.2454,5843.6959,5847.6107,492.5212,1.6966378
2409000.0,2032.9383,5837.6159,3876.6221,245.42864,106.89119,106.89119,106.89119,5845.2638,5874.0575,5793.5264,495.54698,1.6966378
2410000.0,1951.8778,5823.561,3958.4088,250.60655,106.89119,106.89119,106.89119,5763.1893,5907.3056,5800.1882,497.46491,1.6966378
2411000.0,2026.0148,5852.7204,3961.5581,250.80593,106.89119,106.89119,106.89119,5874.1097,5881.9792,5802.0723,491.77809,1.6966378
2412000.0,1943.9506,5826.1678,3920.6221,248.21428,106.89119,106.89119,106.89119,5837.9585,5813.327,5827.2181,494.72025,1.6966378
2413000.0,1957.7118,5830.4403,3932.1857,248.94637,106.89119,106.89119,106.89119,5870.0226,5853.5427,5767.7555,494.08184,1.6966378
2414000.0,1947.5285,5831.1626,3936.4869,249.21868,106.89119,106.89119,106.89119,5874.1241,5811.6097,5807.7539,496.88989,1.6966378
2415000.0,1957.1983,5848.9321,3992.3436,252.75496,106.89119,106.89119,106.89119,5856.5598,5868.7326,5821.5039,500.03685,1.6966378
2416000.0,2003.0151,5851.8655,3903.6841,247.14194,106.89119,106.89119,106.89119,5881.3692,5861.2242,5813.003,499.19872,1.6966378
2417000.0,1925.3966,5808.9655,4020.501,254.53761,106.89119,106.89119,106.89119,5858.2957,5796.5882,5772.0127,499.07398,1.6966378
2418000.0,2000.6324,5827.9648,3912.9036,247.72562,106.89119,106.89119,106.89119,5853.4198,5841.8915,5788.5832,494.65623,1.6966378
2419000.0,2000.0726,5850.2394,3997.4562,253.07864,106.89119,106.89119,106.89119,5847.7035,5862.1358,5840.8789,497.83101,1.6966378
2420000.0,1988.1044,5836.8797,3929.3383,248.7661,106.89119,106.89119,106.89119,5863.2082,5819.0041,5828.4267,495.34582,1.6966378
2421000.0,1998.9172,5824.3076,3989.5661,252.57912,106.89119,106.89119,106.89119,5867.4812,5830.9084,5774.5333,503.9272,1.6966378
2422000.0,1944.191,5820.7533,3964.0926,250.9664,106.89119,106.89119,106.89119,5837.106,5877.3206,5747.8334,495.78273,1.6966378
2423000.0,2031.0762,5850.3597,4023.9177,254.75392,106.89119,106.89119,106.89119,5842.285,5890.9932,5817.801,494.2868,1.6966378
2424000.0,2057.2398,5868.5455,3995.5439,252.95757,106.89119,106.89119,106.89119,5933.0299,5889.4192,5783.1875,491.17535,1.6966378
2425000.0,1986.6793,5844.1438,3895.2851,246.6102,106.89119,106.89119,106.89119,5847.1811,5872.2325,5813.0178,498.50531,1.6966378
2426000.0,1976.5491,5854.5027,3877.2945,245.47121,106.89119,106.89119,106.89119,5841.0973,5905.2869,5817.1239,495.67427,1.6966378
2427000.0,2039.6167,5861.7838,3927.9647,248.67914,106.89119,106.89119,106.89119,5893.0331,5889.765,5802.5532,497.5598,1.6966378
2428000.0,1998.9619,5844.2095,3925.9141,248.54931,106.89119,106.89119,106.89119,5878.2986,5895.1674,5759.1624,494.48279,1.6966378
2429000.0,1992.7576,5826.5429,3927.2765,248.63557,106.89119,106.89119,106.89119,5828.8752,5894.7203,5756.0332,496.89267,1.6966378
2430000.0,2029.953,5839.1844,3919.8159,248.16324,106.89119,106.89119,106.89119,5891.0317,5815.9047,5810.6167,506.32469,1.6966378
2431000.0,2008.2663,5846.2394,3948.5488,249.98232,106.89119,106.89119,106.89119,5908.0016,5856.9716,5773.7449,505.79637,1.6966378
2432000.0,2032.431,5849.795,4032.6297,255.30547,106.89119,106.89119,106.89119,5830.3109,5919.9579,5799.1163,507.24548,1.6966378
2433000.0,2005.4143,5825.0345,3906.3093,247.30814,106.89119,106.89119,106.89119,5821.2479,5879.7632,5774.0924,496.63932,1.6966378
2434000.0,1980.3153,5862.4691,3998.3946,253.13805,106.89119,106.89119,106.89119,5898.6837,5890.251,5798.4727,501.73122,1.6966378
2435000.0,1975.81,5830.0939,3929.3471,248.76666,106.89119,106.89119,106.89119,5792.0157,5904.2927,5793.9733,493.05822,1.6966378
2436000.0,2008.9709,5846.0397,3975.1672,251.66753,106.89119,106.89119,106.89119,5837.9497,5881.4326,5818.7367,500.66345,1.6966378
2437000.0,2015.4544,5837.2202,4014.7706,254.17481,106.89119,106.89119,106.89119,5845.8564,5835.6697,5830.1346,504.22956,1.6966378
2438000.0,2060.9777,5852.1492,3917.6616,248.02685,106.89119,106.89119,106.89119,5841.0564,5886.4218,5828.9694,501.58624,1.6966378
2439000.0,1955.8711,5850.2995,3981.9341,252.09593,106.89119,106.89119,106.89119,5839.1856,5927.4361,5784.2769,495.76974,1.6966378
2440000.0,2085.5331,5852.8372,3940.1504,249.45062,106.89119,106.89119,106.89119,5863.0784,5849.2982,5846.1348,500.80983,1.6966378
2441000.0,1940.472,5821.0861,3952.5312,250.23444,106.89119,106.89119,106.89119,5890.489,5800.559,5772.2102,499.50772,1.6966378
2442000.0,2033.5431,5852.5831,3959.886,250.70007,106.89119,106.89119,106.89119,5854.5389,5876.8907,5826.3198,498.88401,1.6966378
2443000.0,2024.3642,5859.0684,3998.3185,253.13323,106.89119,106.89119,106.89119,5892.0735,5882.6397,5802.4919,498.41041,1.6966378
2444000.0,1972.7432,5843.388,3835.3755,242.81733,106.89119,106.89119,106.89119,5809.7498,5925.0515,5795.3627,497.55541,1.6966378
2445000.0,2058.968,5852.5004,3974.9981,251.65682,106.89119,106.89119,106.89119,5907.5757,5844.8087,5805.1168,495.49808,1.6966378
2446000.0,2007.5974,5831.4527,3926.371,248.57824,106.89119,106.89119,106.89119,5855.3835,5843.5362,5795.4385,492.90928,1.6966378
2447000.0,2084.7258,5871.3765,3897.6428,246.75946,106.89119,106.89119,106.89119,5830.772,5939.0901,5844.2673,494.64157,1.6966378
2448000.0,2001.1437,5828.3143,3914.6965,247.83913,106.89119,106.89119,106.89119,5815.1877,5834.9399,5834.8153,492.82166,1.6966378
2449000.0,2065.0284,5870.8806,3965.7071,251.06861,106.89119,106.89119,106.89119,5879.8954,5876.6376,5856.109,504.61018,1.6966378
2450000.0,1976.8161,5823.5247,3996.3638,253.00948,106.89119,106.89119,106.89119,5836.2303,5843.111,5791.2329,499.3019,1.6966378
2451000.0,2011.1966,5856.6736,3962.6517,250.87517,106.89119,106.89119,106.89119,5880.906,5873.1955,5815.9192,495.2615,1.6966378
2452000.0,2070.6832,5885.3248,3925.0593,248.4952,106.89119,106.89119,106.89119,5893.0516,5924.6194,5838.3033,498.45175,1.6966378
2453000.0,2064.8957,5840.2852,3937.386,249.2756,106.89119,106.89119,106.89119,5856.8229,5890.8316,5773.2012,497.76984,1.6966378
2454000.0,2050.006,5834.1328,3972.1354,251.47558,106.89119,106.89119,106.89119,5861.0136,5834.3165,5807.0682,505.74568,1.6966378
2455000.0,1964.3693,5806.1503,3961.5505,250.80545,106.89119,106.89119,106.89119,5830.5126,5823.1215,5764.8169,503.43148,1.6966378
2456000.0,2036.3629,5853.1924,3959.1935,250.65623,106.89119,106.89119,106.89119,5866.0852,5872.3371,5821.1548,501.26306,1.6966378
2457000.0,2023.989,5871.1988,3934.5687,249.09724,106.89119,106.89119,106.89119,5881.8644,5883.4378,5848.2942,492.23911,1.6966378
2458000.0,2004.2277,5840.5084,3951.5866,250.17464,106.89119,106.89119,106.89119,5876.6812,5838.6549,5806.1891,501.9484,1.6966378
2459000.0,1992.9654,5850.0738,3916.4852,247.95237,106.89119,106.89119,106.89119,5876.5593,5854.8073,5818.8548,501.03448,1.6966378
2460000.0,2009.6802,5863.395,3957.9493,250.57746,106.89119,106.89119,106.89119,5952.1001,5851.448,5786.6369,495.39554,1.6966378
2461000.0,1915.2406,5844.9626,3913.2031,247.74458,106.89119,106.89119,106.89119,5892.2725,5849.5474,5793.0677,488.54597,1.6966378
2462000.0,1982.7913,5837.2991,4003.8472,253.48325,106.89119,106.89119,106.89119,5873.0239,5893.2542,5745.6193,503.77268,1.6966378
2463000.0,2002.2531,5843.2328,3882.7987,245.81968,106.89119,106.89119,106.89119,5883.7086,5844.7801,5801.2098,507.72908,1.6966378
2464000.0,2033.3366,5848.5398,3955.5994,250.42869,106.89119,106.89119,106.89119,5855.4217,5872.6808,5817.5167,504.90739,1.6966378
2465000.0,1974.8516,5838.4506,3975.5311,251.69057,106.89119,106.89119,106.89119,5838.7496,5866.659,5809.9433,504.64818,1.6966378
2466000.0,1967.9199,5828.8418,3930.8778,248.86357,106.89119,106.89119,106.89119,5857.8779,5851.8973,5776.7503,503.23289,1.6966378
2467000.0,2042.4422,5838.9722,3960.6416,250.74791,106.89119,106.89119,106.89119,5886.7031,5828.336,5801.8774,500.30625,1.6966378
2468000.0,1990.9505,5818.3565,3931.4295,248.8985,106.89119,106.89119,106.89119,5861.2674,5802.0017,5791.8003,499.26191,1.6966378
2469000.0,2036.2883,5861.0907,3915.921,247.91665,106.89119,106.89119,106.89119,5865.4498,5946.4134,5771.4089,505.11099,1.6966378
2470000.0,2012.201,5836.1736,3974.0902,251.59934,106.89119,106.89119,106.89119,5855.5369,5872.961,5780.0229,496.93919,1.6966378
2471000.0,1980.5464,5832.6609,4021.4333,254.59663,106.89119,106.89119,106.89119,5831.2675,5831.8815,5834.8337,503.51957,1.6966378
2472000.0,2014.7538,5827.564,3894.3857,246.55325,106.89119,106.89119,106.89119,5890.2071,5833.4278,5759.0572,504.15329,1.6966378
2473000.0,2027.0852,5861.8314,3941.638,249.5448,106.89119,106.89119,106.89119,5878.1605,5871.6419,5835.6918,503.84583,1.6966378
2474000.0,1995.3443,5851.5316,3942.8883,249.62395,106.89119,106.89119,106.89119,5887.7668,5837.8433,5828.9846,499.28321,1.6966378
2475000.0,1958.6719,5834.8598,4015.6275,254.22907,106.89119,106.89119,106.89119,5862.6676,5851.761,5790.1507,503.6504,1.6966378
2476000.0,1977.3818,5841.5185,4018.6702,254.4217,106.89119,106.89119,106.89119,5875.1491,5867.0736,5782.3327,501.73053,1.6966378
2477000.0,1976.4165,5834.7419,3893.8622,246.52011,106.89119,106.89119,106.89119,5890.8256,5843.7935,5769.6065,502.81298,1.6966378
2478000.0,2094.9855,5866.3896,3941.9016,249.56148,106.89119,106.89119,106.89119,5894.218,5885.5535,5819.3974,500.93041,1.6966378
2479000.0,1979.7054,5823.2115,4007.3967,253.70797,106.89119,106.89119,106.89119,5927.5546,5814.5779,5727.5019,504.07667,1.6966378
2480000.0,1989.8018,5878.6717,3853.1135,243.94031,106.89119,106.89119,106.89119,5910.9796,5882.8767,5842.1586,499.15257,1.6966378
2481000.0,1940.448,5824.5168,3879.6299,245.61907,106.89119,106.89119,106.89119,5850.3697,5848.4162,5774.7647,500.72041,1.6966378
2482000.0,2015.9298,5837.0574,3887.7944,246.13596,106.89119,106.89119,106.89119,5889.7625,5834.8049,5786.6047,503.09829,1.6966378
2483000.0,1992.8678,5842.9791,3988.367,252.50321,106.89119,106.89119,106.89119,5863.4458,5843.2134,5822.278,491.6959,1.6966378
2484000.0,1989.595,5840.7708,3902.1044,247.04192,106.89119,106.89119,106.89119,5876.1841,5836.1466,5809.9817,505.3256,1.6966378
2485000.0,1974.3839,5811.0844,3922.1667,248.31207,106.89119,106.89119,106.89119,5829.0624,5829.1091,5775.0816,504.28683,1.6966378
2486000.0,1996.993,5834.9706,3886.3354,246.04359,106.89119,106.89119,106.89119,5850.4505,5866.729,5787.7324,502.89062,1.6966378
2487000.0,1979.1166,5841.2665,4008.0889,253.7518,106.89119,106.89119,106.89119,5858.6629,5873.5794,5791.5572,493.95372,1.6966378
2488000.0,2152.7085,5857.4016,3953.9349,250.32331,106.89119,106.89119,106.89119,5903.5799,5873.5755,5795.0492,497.89259,1.6966378
2489000.0,1984.3817,5853.4536,3967.8537,251.20451,106.89119,106.89119,106.89119,5900.6712,5866.9734,5792.7163,507.08301,1.6966378
2490000.0,1927.8006,5818.3012,3972.18,251.47841,106.89119,106.89119,106.89119,5837.2789,5839.7897,5777.8349,505.9246,1.6966378
2491000.0,2013.8271,5848.5261,3938.856,249.36867,106.89119,106.89119,106.89119,5844.9319,5876.0596,5824.5866,496.59063,1.6966378
2492000.0,1984.8245,5855.2188,3886.8932,246.07891,106.89119,106.89119,106.89119,5875.9243,5876.5354,5813.1968,496.1613,1.6966378
2493000.0,2042.4798,5843.3615,3937.8457,249.30471,106.89119,106.89119,106.89119,5796.3047,5941.5655,5792.2143,489.17385,1.6966378
2494000.0,1962.6633,5813.3143,3920.1475,248.18423,106.89119,106.89119,106.89119,5795.6396,5863.9622,5780.3412,496.48068,1.6966378
2495000.0,2023.8579,5848.7818,3960.512,250.7397,106.89119,106.89119,106.89119,5866.4554,5894.1591,5785.7309,498.12911,1.6966378
2496000.0,2013.5799,5844.5067,3923.888,248.42105,106.89119,106.89119,106.89119,5875.1686,5960.4923,5697.8591,498.25119,1.6966378
2497000.0,1995.7494,5833.361,3911.5176,247.63787,106.89119,106.89119,106.89119,5906.9093,5852.3286,5740.8452,502.3215,1.6966378
2498000.0,1957.2122,5839.6358,3984.3609,252.24958,106.89119,106.89119,106.89119,5843.6553,5878.3596,5796.8925,501.9785,1.6966378
2499000.0,1976.6149,5819.0895,3979.589,251.94747,106.89119,106.89119,106.89119,5845.4407,5851.7949,5760.0329,506.80777,1.6966378
2500000.0,1986.1963,5849.5369,3948.184,249.95922,106.89119,106.89119,106.89119,5849.4791,5886.4247,5812.7069,495.85817,1.6966378
2501000.0,2033.5709,5867.9378,3955.7107,250.43574,106.89119,106.89119,106.89119,5918.8515,5872.5724,5812.3895,486.56332,1.6966378
2502000.0,1933.6588,5839.708,3966.4612,251.11635,106.89119,106.89119,106.89119,5906.227,5815.4278,5797.4693,496.04141,1.6966378
2503000.0,1974.6349,5859.1675,4021.5293,254.60271,106.89119,106.89119,106.89119,5785.1769,5912.8298,5879.4957,492.88412,1.6966378
2504000.0,2023.4954,5863.14,4012.4375,254.02711,106.89119,106.89119,106.89119,5894.8933,5880.4337,5814.0932,493.42133,1.6966378
2505000.0,1961.6025,5830.8931,3932.499,248.96621,106.89119,106.89119,106.89119,5861.8797,5860.7223,5770.0774,494.72495,1.6966378
2506000.0,2009.4857,5835.7221,3932.8671,248.98951,106.89119,106.89119,106.89119,5859.1926,5864.3427,5783.6311,498.11938,1.6966378
2507000.0,2019.3171,5857.4636,3950.6748,250.11691,106.89119,106.89119,106.89119,5933.5522,5860.8973,5777.9415,498.13426,1.6966378
2508000.0,2015.6358,5854.0251,3951.959,250.19822,106.89119,106.89119,106.89119,5909.2307,5815.2259,5837.6185,498.30449,1.6966378
2509000.0,1999.6857,5847.2322,4000.8485,253.29341,106.89119,106.89119,106.89119,5871.0893,5861.0556,5809.5518,496.6993,1.6966378
2510000.0,2091.4018,5864.8111,3928.4499,248.70986,106.89119,106.89119,106.89119,5851.516,5906.6792,5836.238,489.56113,1.6966378
2511000.0,2037.7048,5863.83,3955.9071,250.44817,106.89119,106.89119,106.89119,5895.9177,5875.9967,5819.5756,504.79925,1.6966378
2512000.0,2050.9546,5858.0518,3932.4531,248.9633,106.89119,106.89119,106.89119,5876.4195,5880.7894,5816.9466,497.54778,1.6966378
2513000.0,1996.6344,5825.2395,3864.0033,244.62975,106.89119,106.89119,106.89119,5833.8135,5827.0013,5814.9037,501.73304,1.6966378
2514000.0,2021.1964,5849.1553,3932.7161,248.97995,106.89119,106.89119,106.89119,5852.3982,5855.2214,5839.8465,481.71503,1.6966378
2515000.0,2067.4366,5848.597,4007.9356,253.74209,106.89119,106.89119,106.89119,5843.1236,5890.9658,5811.7017,494.49559,1.6966378
2516000.0,1930.6639,5824.3284,3963.9175,250.95531,106.89119,106.89119,106.89119,5799.9139,5884.9798,5788.0916,490.69677,1.6966378
2517000.0,1986.4296,5824.7496,3989.3063,252.56267,106.89119,106.89119,106.89119,5873.8962,5849.9033,5750.4494,486.25525,1.6966378
2518000.0,1973.1452,5864.1263,3890.604,246.31384,106.89119,106.89119,106.89119,5810.7696,5948.1669,5833.4423,490.29432,1.6966378
2519000.0,1968.8401,5799.1964,3994.5673,252.89575,106.89119,106.89119,106.89119,5839.3403,5794.2012,5764.0478,487.2322,1.6966378
2520000.0,2035.5474,5836.7039,3910.5862,247.57891,106.89119,106.89119,106.89119,5776.8072,5872.7057,5860.5989,500.45563,1.6966378
2521000.0,2014.7015,5865.5221,3999.6187,253.21555,106.89119,106.89119,106.89119,5857.1985,5911.8961,5827.4717,501.18985,1.6966378
2522000.0,2089.39,5880.7997,3927.5685,248.65405,106.89119,106.89119,106.89119,5908.4594,5953.0241,5780.9154,493.80601,1.6966378
2523000.0,1924.1029,5833.8474,3962.7532,250.8816,106.89119,106.89119,106.89119,5834.6665,5888.2574,5778.6182,505.86452,1.6966378
2524000.0,2003.2233,5883.174,3944.6912,249.73809,106.89119,106.89119,106.89119,5893.6503,5962.348,5793.5236,499.72963,1.6966378
2525000.0,1937.0798,5819.8051,3987.1458,252.42589,106.89119,106.89119,106.89119,5805.4682,5881.0916,5772.8554,502.82464,1.6966378
2526000.0,2007.8384,5849.2298,3915.4949,247.88968,106.89119,106.89119,106.89119,5853.0309,5855.0181,5839.6403,500.09047,1.6966378
2527000.0,2021.4841,5841.9205,3956.4394,250.48187,106.89119,106.89119,106.89119,5867.9768,5860.7196,5797.0652,502.63817,1.6966378
2528000.0,1889.8197,5822.0043,3912.1086,247.67529,106.89119,106.89119,106.89119,5840.6546,5821.2819,5804.0762,504.90652,1.6966378
2529000.0,1989.0204,5839.5206,3957.9111,250.57505,106.89119,106.89119,106.89119,5828.7678,5849.5083,5840.2856,498.67202,1.6966378
2530000.0,1992.2222,5857.1456,3912.234,247.68323,106.89119,106.89119,106.89119,5876.1623,5881.3169,5813.9575,504.66535,1.6966378
2531000.0,1960.676,5830.3687,4028.3995,255.03766,106.89119,106.89119,106.89119,5829.9591,5900.4696,5760.6775,504.09049,1.6966378
2532000.0,2070.8096,5850.5674,3946.4297,249.84816,106.89119,106.89119,106.89119,5813.1479,5964.7313,5773.8229,506.75039,1.6966378
2533000.0,2039.4695,5858.9799,3948.0469,249.95054,106.89119,106.89119,106.89119,5884.3392,5929.7632,5762.8373,498.57163,1.6966378
2534000.0,1994.0648,5860.8138,4008.8825,253.80204,106.89119,106.89119,106.89119,5831.2812,5906.996,5844.1642,494.51707,1.6966378
2535000.0,1958.7681,5852.296,3994.4663,252.88935,106.89119,106.89119,106.89119,5839.559,5878.924,5838.4052,496.44742,1.6966378
2536000.0,2018.9035,5870.6074,3956.2027,250.46688,106.89119,106.89119,106.89119,5883.5615,5901.7008,5826.5598,499.09517,1.6966378
2537000.0,2022.8369,5831.3659,3963.5861,250.93433,106.89119,106.89119,106.89119,5829.7808,5893.3501,5770.9669,499.36472,1.6966378
2538000.0,2028.4381,5834.5614,3969.5991,251.31501,106.89119,106.89119,106.89119,5823.1296,5832.9306,5847.6239,503.6521,1.6966378
2539000.0,1962.2269,5856.7604,3856.9916,244.18584,106.89119,106.89119,106.89119,5889.8585,5867.2456,5813.1771,499.10414,1.6966378
2540000.0,1960.3738,5843.2491,3937.3174,249.27126,106.89119,106.89119,106.89119,5853.1645,5868.179,5808.4037,494.42655,1.6966378
2541000.0,1942.4068,5855.7967,3981.1056,252.04348,106.89119,106.89119,106.89119,5867.7006,5877.3507,5822.3386,502.99341,1.6966378
2542000.0,2062.3657,5850.9752,3958.4313,250.60798,106.89119,106.89119,106.89119,5871.2724,5855.6586,5825.9946,498.72137,1.6966378
2543000.0,1982.0573,5823.7907,3931.8271,248.92366,106.89119,106.89119,106.89119,5859.1451,5827.1572,5785.0699,501.75658,1.6966378
2544000.0,1992.8677,5834.0848,3951.6672,250.17974,106.89119,106.89119,106.89119,5862.3608,5880.6485,5759.2452,501.43838,1.6966378
2545000.0,1957.2363,5833.6884,3947.226,249.89857,106.89119,106.89119,106.89119,5843.2593,5866.1888,5791.6171,501.01959,1.6966378
2546000.0,1925.1473,5806.6179,3919.6264,248.15124,106.89119,106.89119,106.89119,5810.73,5806.413,5802.7106,499.68146,1.6966378
2547000.0,2084.0492,5873.3307,3931.5843,248.9083,106.89119,106.89119,106.89119,5865.1296,5915.571,5839.2915,499.52168,1.6966378
2548000.0,2023.2101,5858.073,3916.5543,247.95675,106.89119,106.89119,106.89119,5796.2061,5934.9452,5843.0678,500.91169,1.6966378
2549000.0,1999.2301,5868.6611,3917.8452,248.03848,106.89119,106.89119,106.89119,5904.8383,5839.3079,5861.8372,505.08055,1.6966378
2550000.0,2053.8564,5846.6321,3962.7027,250.8784,106.89119,106.89119,106.89119,5863.2275,5879.5659,5797.1029,507.40233,1.6966378
2551000.0,1972.8407,5834.9504,3921.4971,248.26967,106.89119,106.89119,106.89119,5885.0488,5817.8713,5801.9311,502.20746,1.6966378
2552000.0,1981.35,5834.2593,3886.2672,246.03928,106.89119,106.89119,106.89119,5815.3001,5875.0986,5812.3793,500.28263,1.6966378
2553000.0,1992.5014,5854.3698,3966.4158,251.11347,106.89119,106.89119,106.89119,5874.9381,5909.9724,5778.1989,500.59968,1.6966378
2554000.0,2052.2813,5874.2109,4041.4424,255.8634,106.89119,106.89119,106.89119,5864.6022,5897.3009,5860.7297,491.82328,1.6966378
2555000.0,1968.9254,5870.0309,3930.4828,248.83856,106.89119,106.89119,106.89119,5876.1176,5898.3858,5835.5894,501.21243,1.6966378
2556000.0,2024.0482,5874.4922,3943.0829,249.63627,106.89119,106.89119,106.89119,5870.5208,5908.1447,5844.8111,502.8679,1.6966378
2557000.0,1910.5408,5837.476,3960.06,250.71109,106.89119,106.89119,106.89119,5862.7346,5885.779,5763.9145,499.23571,1.6966378
2558000.0,1943.6419,5827.617,3965.5451,251.05835,106.89119,106.89119,106.89119,5826.1088,5862.4891,5794.253,504.11031,1.6966378
2559000.0,1952.2097,5857.8195,3924.5341,248.46195,106.89119,106.89119,106.89119,5877.8866,5901.3879,5794.1839,502.54257,1.6966378
2560000.0,2024.3254,5844.2366,3930.3719,248.83154,106.89119,106.89119,106.89119,5888.4942,5880.6414,5763.5742,497.13883,1.6966378
2561000.0,1956.6963,5830.785,3965.1019,251.03029,106.89119,106.89119,106.89119,5898.7512,5817.5655,5776.0384,496.3484,1.6966378
2562000.0,1968.8124,5856.634,4057.5012,256.88009,106.89119,106.89119,106.89119,5882.5407,5873.3257,5814.0354,495.64376,1.6966378
2563000.0,2037.0762,5833.0501,3963.248,250.91292,106.89119,106.89119,106.89119,5858.4946,5834.0522,5806.6036,502.38735,1.6966378
2564000.0,2033.9241,5861.8978,4020.8816,254.5617,106.89119,106.89119,106.89119,5925.3365,5846.1938,5814.1632,499.15967,1.6966378
2565000.0,2000.2594,5839.1774,3957.8301,250.56992,106.89119,106.89119,106.89119,5817.8076,5896.6807,5803.044,491.97602,1.6966378
2566000.0,2006.4311,5834.1669,3940.52,249.47402,106.89119,106.89119,106.89119,5854.8886,5882.8552,5764.7568,485.61946,1.6966378
2567000.0,2002.9199,5874.6409,3917.688,248.02852,106.89119,106.89119,106.89119,5850.2394,5879.5043,5894.179,505.47934,1.6966378
2568000.0,2002.3737,5843.0066,3936.7277,249.23392,106.89119,106.89119,106.89119,5843.5152,5817.7103,5867.7943,500.44826,1.6966378
2569000.0,2020.0276,5857.2209,3943.9419,249.69065,106.89119,106.89119,106.89119,5931.0069,5799.9937,5840.6622,498.65979,1.6966378
2570000.0,1996.5276,5843.4837,3877.033,245.45465,106.89119,106.89119,106.89119,5895.2707,5844.4545,5790.7259,503.15063,1.6966378
2571000.0,1916.2943,5827.5153,3987.4036,252.44221,106.89119,106.89119,106.89119,5819.1557,5839.3991,5823.991,502.21889,1.6966378
2572000.0,2084.5066,5879.7388,3926.6376,248.59512,106.89119,106.89119,106.89119,5856.3583,5880.5193,5902.3389,499.53555,1.6966378
2573000.0,1996.2382,5872.145,3938.3846,249.33882,106.89119,106.89119,106.89119,5854.9909,5919.1968,5842.2474,501.27975,1.6966378
2574000.0,1944.7883,5837.6379,3948.7613,249.99577,106.89119,106.89119,106.89119,5877.761,5856.8813,5778.2713,503.45494,1.6966378
2575000.0,2028.3027,5865.1099,3954.2667,250.34432,106.89119,106.89119,106.89119,5919.2217,5906.9953,5769.1128,501.48523,1.6966378
2576000.0,2009.6423,5846.4824,3949.6755,250.05365,106.89119,106.89119,106.89119,5845.1793,5899.1039,5795.164,498.98463,1.6966378
2577000.0,2018.4,5856.0267,3928.7191,248.7269,106.89119,106.89119,106.89119,5822.2325,5894.36,5851.4876,499.20426,1.6966378
2578000.0,2068.7152,5863.5611,4079.2751,258.25859,106.89119,106.89119,106.89119,5875.8035,5882.8475,5832.0323,500.05182,1.6966378
2579000.0,2054.1403,5858.9329,4015.053,254.19269,106.89119,106.89119,106.89119,5873.111,5835.2237,5868.4641,499.98165,1.6966378
2580000.0,1988.2833,5853.2975,3942.2964,249.58648,106.89119,106.89119,106.89119,5820.5746,5910.7861,5828.5319,495.87441,1.6966378
2581000.0,1983.4045,5839.4242,3934.8569,249.11548,106.89119,106.89119,106.89119,5831.0244,5853.5032,5833.7451,502.8401,1.6966378
2582000.0,2005.4128,5860.6472,3972.7078,251.51182,106.89119,106.89119,106.89119,5870.6023,5821.2048,5890.1345,504.65295,1.6966378
2583000.0,1961.3264,5799.557,3967.0147,251.15139,106.89119,106.89119,106.89119,5807.5943,5806.0614,5785.0152,505.99845,1.6966378
2584000.0,1938.8327,5834.7151,3938.8828,249.37036,106.89119,106.89119,106.89119,5876.3817,5843.971,5783.7925,505.43216,1.6966378
2585000.0,2022.0545,5870.3533,3910.907,247.59922,106.89119,106.89119,106.89119,5918.8085,5854.0784,5838.1729,506.42203,1.6966378
2586000.0,1982.768,5849.0378,3919.893,248.16812,106.89119,106.89119,106.89119,5855.342,5882.1365,5809.6349,501.96292,1.6966378
2587000.0,1997.8716,5847.4785,3972.4451,251.49519,106.89119,106.89119,106.89119,5869.5696,5834.6952,5838.1706,498.73267,1.6966378
2588000.0,1987.9847,5849.7427,3834.0876,242.73579,106.89119,106.89119,106.89119,5902.4354,5869.6629,5777.1297,505.38329,1.6966378
2589000.0,2055.5254,5863.0893,3929.0292,248.74653,106.89119,106.89119,106.89119,5875.1132,5882.9831,5831.1715,500.4489,1.6966378
2590000.0,2026.3356,5855.6191,3917.3609,248.00781,106.89119,106.89119,106.89119,5912.1445,5843.5693,5811.1437,500.6987,1.6966378
2591000.0,1901.2412,5824.0096,3957.4658,250.54685,106.89119,106.89119,106.89119,5897.1957,5802.7152,5772.118,500.18269,1.6966378
2592000.0,2030.2959,5853.2464,3911.5835,247.64204,106.89119,106.89119,106.89119,5858.7796,5852.1537,5848.806,501.85648,1.6966378
2593000.0,1886.4427,5813.6876,3932.5048,248.96657,106.89119,106.89119,106.89119,5807.2189,5836.2436,5797.6003,497.56458,1.6966378
2594000.0,1953.2506,5816.449,3938.286,249.33258,106.89119,106.89119,106.89119,5840.2015,5838.8655,5770.28,500.13169,1.6966378
2595000.0,2044.3846,5881.8123,3950.1481,250.08357,106.89119,106.89119,106.89119,5945.0513,5881.1304,5819.2554,498.41887,1.6966378
2596000.0,2021.3024,5862.0812,3982.1189,252.10763,106.89119,106.89119,106.89119,5866.0963,5863.8265,5856.3209,501.83453,1.6966378
2597000.0,1977.5661,5796.4258,3887.3686,246.109,106.89119,106.89119,106.89119,5860.8692,5772.8126,5755.5956,496.67792,1.6966378
2598000.0,1968.3822,5839.9259,3928.9126,248.73915,106.89119,106.89119,106.89119,5869.5305,5853.5545,5796.6928,494.17318,1.6966378
2599000.0,2029.7229,5849.7077,3895.8842,246.64812,106.89119,106.89119,106.89119,5818.6893,5852.0686,5878.3652,496.92473,1.6966378
2600000.0,2008.57,5863.8563,3935.0064,249.12495,106.89119,106.89119,106.89119,5870.3672,5866.5078,5854.6939,498.63594,1.6966378
2601000.0,1912.1765,5814.3131,4037.1317,255.59049,106.89119,106.89119,106.89119,5819.5252,5864.6517,5758.7624,489.84095,1.6966378
2602000.0,2009.4236,5844.529,3944.4458,249.72255,106.89119,106.89119,106.89119,5850.1566,5916.747,5766.6834,498.67151,1.6966378
2603000.0,1980.9785,5836.4304,3933.589,249.03521,106.89119,106.89119,106.89119,5822.0553,5847.3236,5839.9122,494.85751,1.6966378
2604000.0,1994.0453,5827.2345,3857.246,244.20194,106.89119,106.89119,106.89119,5829.5538,5850.5312,5801.6186,502.61787,1.6966378
2605000.0,1935.2726,5840.4262,3983.5811,252.20021,106.89119,106.89119,106.89119,5884.5053,5863.9645,5772.8089,497.39028,1.6966378
2606000.0,1968.5999,5832.0451,3927.5491,248.65283,106.89119,106.89119,106.89119,5891.6449,5843.926,5760.5643,501.05104,1.6966378
2607000.0,1999.5873,5875.4562,4018.4049,254.4049,106.89119,106.89119,106.89119,5857.3209,5913.6164,5855.4312,492.91585,1.6966378
2608000.0,2016.1196,5858.8107,3931.8072,248.92241,106.89119,106.89119,106.89119,5843.0366,5935.4708,5797.9247,506.38814,1.6966378
2609000.0,1956.4464,5818.1532,4005.3499,253.57839,106.89119,106.89119,106.89119,5841.7371,5834.3757,5778.3469,506.45086,1.6966378
2610000.0,2009.7017,5849.535,3966.047,251.09013,106.89119,106.89119,106.89119,5889.9909,5874.8902,5783.7238,499.96407,1.6966378
2611000.0,1991.5413,5855.4937,3960.3266,250.72797,106.89119,106.89119,106.89119,5898.0181,5869.635,5798.8279,492.4395,1.6966378
2612000.0,1901.1449,5827.1078,3892.0771,246.4071,106.89119,106.89119,106.89119,5847.9643,5824.7177,5808.6415,487.5456,1.6966378
2613000.0,1930.6605,5824.6538,3989.3192,252.56348,106.89119,106.89119,106.89119,5825.6122,5853.3656,5794.9836,493.82879,1.6966378
2614000.0,1997.8346,5819.3666,3879.0022,245.57933,106.89119,106.89119,106.89119,5823.6373,5877.0935,5757.3691,491.02218,1.6966378
2615000.0,1965.7857,5837.6019,3932.3907,248.95935,106.89119,106.89119,106.89119,5856.9104,5833.1546,5822.7408,494.93928,1.6966378
2616000.0,1956.6761,5845.6064,3913.6382,247.77213,106.89119,106.89119,106.89119,5905.5568,5823.892,5807.3702,497.7521,1.6966378
2617000.0,1979.2259,5829.0665,3935.9782,249.18647,106.89119,106.89119,106.89119,5845.7631,5849.1116,5792.3248,485.48296,1.6966378
2618000.0,1959.3025,5811.2639,3992.806,252.78424,106.89119,106.89119,106.89119,5828.9415,5815.7676,5789.0827,502.2299,1.6966378
2619000.0,1925.5476,5803.6325,3920.2106,248.18823,106.89119,106.89119,106.89119,5827.4276,5846.2484,5737.2216,498.0276,1.6966378
2620000.0,1955.9423,5828.789,3947.2764,249.90176,106.89119,106.89119,106.89119,5829.1507,5848.4878,5808.7286,500.98456,1.6966378
2621000.0,1906.7189,5807.9715,3956.2597,250.47049,106.89119,106.89119,106.89119,5796.2227,5887.7818,5739.9099,498.54642,1.6966378
2622000.0,1896.0784,5840.2036,3955.8204,250.44268,106.89119,106.89119,106.89119,5877.7203,5851.8733,5791.0173,492.05089,1.6966378
2623000.0,1927.4531,5803.0188,4014.2454,254.14156,106.89119,106.89119,106.89119,5780.2176,5811.5639,5817.2749,489.37151,1.6966378
2624000.0,2005.9463,5852.3421,3900.6034,246.9469,106.89119,106.89119,106.89119,5900.2072,5859.6476,5797.1714,494.46847,1.6966378
2625000.0,1910.5077,5815.3828,3893.841,246.51877,106.89119,106.89119,106.89119,5834.7214,5878.8988,5732.5284,494.93281,1.6966378
2626000.0,2059.6054,5853.6179,3955.8428,250.4441,106.89119,106.89119,106.89119,5826.7197,5938.5462,5795.5877,493.5537,1.6966378
2627000.0,1840.081,5793.9462,3967.2017,251.16323,106.89119,106.89119,106.89119,5845.3221,5793.2856,5743.2309,496.54705,1.6966378
2628000.0,1939.2646,5829.814,3969.9329,251.33614,106.89119,106.89119,106.89119,5868.7099,5889.1854,5731.5466,499.10002,1.6966378
2629000.0,1996.6673,5852.9135,4033.4032,255.35444,106.89119,106.89119,106.89119,5832.7202,5874.5521,5851.4681,496.26952,1.6966378
2630000.0,1945.6678,5814.4859,3885.5354,245.99294,106.89119,106.89119,106.89119,5865.5853,5797.4622,5780.4102,496.46633,1.6966378
2631000.0,1960.4155,5837.1961,3944.9862,249.75677,106.89119,106.89119,106.89119,5854.4842,5869.3743,5787.7298,497.1017,1.6966378
2632000.0,1979.7946,5835.0425,3958.3716,250.6042,106.89119,106.89119,106.89119,5865.3082,5817.1799,5822.6395,498.65557,1.6966378
2633000.0,1957.749,5803.6944,3997.5322,253.08345,106.89119,106.89119,106.89119,5787.3437,5879.8248,5743.9148,489.44368,1.6966378
2634000.0,1940.6561,5824.9123,3969.3636,251.3001,106.89119,106.89119,106.89119,5886.9306,5809.321,5778.4852,499.61586,1.6966378
2635000.0,1934.5778,5782.7637,3854.5289,244.02993,106.89119,106.89119,106.89119,5776.6832,5801.292,5770.3158,504.53146,1.6966378
2636000.0,1924.063,5838.529,3844.9258,243.42195,106.89119,106.89119,106.89119,5852.2886,5820.8355,5842.4628,491.818,1.6966378
2637000.0,1935.449,5829.1596,3947.113,249.89142,106.89119,106.89119,106.89119,5865.1354,5891.05,5731.2933,489.61789,1.6966378
2638000.0,2001.3855,5823.6228,3946.6945,249.86492,106.89119,106.89119,106.89119,5891.8533,5839.7062,5739.309,496.72315,1.6966378
2639000.0,1942.3097,5825.8039,4020.2625,254.52251,106.89119,106.89119,106.89119,5878.8206,5866.0576,5732.5335,499.77191,1.6966378
2640000.0,1923.9367,5802.918,3904.1556,247.17178,106.89119,106.89119,106.89119,5845.0785,5807.6475,5756.0279,493.92659,1.6966378
2641000.0,1983.298,5848.3445,3942.5268,249.60107,106.89119,106.89119,106.89119,5921.1314,5842.2475,5781.6546,501.04263,1.6966378
2642000.0,1965.3441,5823.4227,3930.5782,248.8446,106.89119,106.89119,106.89119,5856.9821,5835.391,5777.895,494.81685,1.6966378
2643000.0,2059.4665,5822.1614,3927.9639,248.67909,106.89119,106.89119,106.89119,5860.4893,5829.0426,5776.9524,496.78084,1.6966378
2644000.0,2055.7393,5876.9846,3864.8972,244.68634,106.89119,106.89119,106.89119,5897.1591,5877.4762,5856.3185,497.25474,1.6966378
2645000.0,1906.8644,5831.0645,3976.9124,251.77801,106.89119,106.89119,106.89119,5833.8943,5819.3539,5839.9452,492.42221,1.6966378
2646000.0,2074.1226,5870.5791,3976.0294,251.72211,106.89119,106.89119,106.89119,5902.5488,5904.3313,5804.8572,504.51924,1.6966378
2647000.0,1943.2569,5825.041,3912.8626,247.72303,106.89119,106.89119,106.89119,5881.0255,5827.463,5766.6346,499.53608,1.6966378
2648000.0,1900.3171,5825.3256,3931.6335,248.91141,106.89119,106.89119,106.89119,5883.0803,5806.1378,5786.7586,503.66213,1.6966378
2649000.0,2005.702,5842.7411,3974.9719,251.65516,106.89119,106.89119,106.89119,5858.4098,5881.801,5788.0125,499.58002,1.6966378
2650000.0,1880.7634,5812.7515,3942.3427,249.58941,106.89119,106.89119,106.89119,5873.7176,5797.3598,5767.1771,491.69955,1.6966378
2651000.0,1951.5165,5829.6771,3983.9734,252.22505,106.89119,106.89119,106.89119,5840.6788,5845.1212,5803.2313,485.42254,1.6966378
2652000.0,1928.7111,5810.7329,3897.6318,246.75877,106.89119,106.89119,106.89119,5829.4719,5842.3744,5760.3524,482.60292,1.6966378
2653000.0,1960.2579,5837.7759,3992.7928,252.7834,106.89119,106.89119,106.89119,5783.1726,5894.8105,5835.3446,491.70333,1.6966378
2654000.0,2002.5815,5852.2256,3927.5209,248.65104,106.89119,106.89119,106.89119,5856.8117,5861.9814,5837.8839,494.14933,1.6966378
2655000.0,1934.6484,5830.5513,3922.9803,248.36358,106.89119,106.89119,106.89119,5780.3996,5899.5301,5811.7241,490.94983,1.6966378
2656000.0,1924.5932,5820.1989,4010.3519,253.89506,106.89119,106.89119,106.89119,5824.2512,5817.2747,5819.0708,489.02368,1.6966378
2657000.0,1993.0073,5801.5323,3937.957,249.31175,106.89119,106.89119,106.89119,5774.7623,5849.7692,5780.0655,503.50511,1.6966378
2658000.0,1921.335,5813.0059,3896.3269,246.67615,106.89119,106.89119,106.89119,5919.078,5799.3901,5720.5496,498.6968,1.6966378
2659000.0,1982.0874,5844.5777,3977.4265,251.81056,106.89119,106.89119,106.89119,5848.7965,5833.8936,5851.0429,500.30302,1.6966378
2660000.0,1908.8906,5821.3404,3832.665,242.64573,106.89119,106.89119,106.89119,5880.0451,5799.0044,5784.9717,494.35814,1.6966378
2661000.0,1930.2523,5812.0754,3932.0095,248.93521,106.89119,106.89119,106.89119,5906.126,5766.5085,5763.5917,492.31313,1.6966378
2662000.0,1878.0893,5792.6362,4044.5871,256.06249,106.89119,106.89119,106.89119,5873.3571,5782.2669,5722.2846,494.25099,1.6966378
2663000.0,1997.7158,5841.1011,3969.0915,251.28287,106.89119,106.89119,106.89119,5892.3707,5853.1393,5777.7934,501.2266,1.6966378
2664000.0,2018.4567,5852.3212,3985.2157,252.3037,106.89119,106.89119,106.89119,5940.5397,5854.3101,5762.114,494.4833,1.6966378
2665000.0,1909.6659,5814.4242,3959.0816,250.64915,106.89119,106.89119,106.89119,5832.6066,5833.3806,5777.2855,491.19794,1.6966378
2666000.0,1961.9337,5840.3285,3938.8544,249.36857,106.89119,106.89119,106.89119,5847.9614,5887.4061,5785.6179,495.83406,1.6966378
2667000.0,1881.3593,5818.1453,3962.1019,250.84036,106.89119,106.89119,106.89119,5863.5409,5823.9045,5766.9907,492.44998,1.6966378
2668000.0,1914.6954,5820.0058,4008.4262,253.77315,106.89119,106.89119,106.89119,5884.7866,5812.3662,5762.8647,494.60112,1.6966378
2669000.0,1967.0403,5855.5176,3963.7475,250.94455,106.89119,106.89119,106.89119,5877.5352,5899.4413,5789.5764,493.31524,1.6966378
2670000.0,1975.3403,5830.5508,3940.604,249.47933,106.89119,106.89119,106.89119,5868.5904,5839.7497,5783.3123,499.37609,1.6966378
2671000.0,1942.8725,5835.2999,3851.4113,243.83255,106.89119,106.89119,106.89119,5849.8866,5922.7504,5733.2626,489.56873,1.6966378
2672000.0,1998.7159,5861.5227,3986.607,252.39178,106.89119,106.89119,106.89119,5850.1374,5888.4938,5845.9367,498.17789,1.6966378
2673000.0,1957.4726,5820.9867,3971.8144,251.45526,106.89119,106.89119,106.89119,5963.9613,5798.438,5700.5608,498.09191,1.6966378
2674000.0,1944.6985,5853.4863,3950.3692,250.09757,106.89119,106.89119,106.89119,5885.6238,5865.5575,5809.2777,495.622,1.6966378
2675000.0,1928.0937,5813.9622,3929.7147,248.78993,106.89119,106.89119,106.89119,5827.9611,5797.7225,5816.203,493.81182,1.6966378
2676000.0,1928.8361,5843.1088,4034.1408,255.40114,106.89119,106.89119,106.89119,5899.0911,5874.3885,5755.8467,495.80169,1.6966378
2677000.0,1989.9785,5842.0956,3978.6677,251.88915,106.89119,106.89119,106.89119,5935.9824,5811.8573,5778.447,496.21386,1.6966378
2678000.0,1962.3208,5838.0151,3965.6791,251.06683,106.89119,106.89119,106.89119,5885.7375,5864.9877,5763.3202,495.60356,1.6966378
2679000.0,1935.9617,5823.2381,3972.53,251.50056,106.89119,106.89119,106.89119,5833.8855,5870.9003,5764.9284,500.91711,1.6966378
2680000.0,2018.1767,5861.506,3914.8168,247.84675,106.89119,106.89119,106.89119,5891.8733,5879.6297,5813.0151,499.71572,1.6966378
2681000.0,1996.2408,5822.2417,3905.9423,247.28491,106.89119,106.89119,106.89119,5897.981,5860.8454,5707.8987,493.74506,1.6966378
2682000.0,1996.7228,5840.551,3919.0089,248.11214,106.89119,106.89119,106.89119,5875.5959,5849.266,5796.791,490.11048,1.6966378
2683000.0,2032.0314,5833.4024,3972.3561,251.48955,106.89119,106.89119,106.89119,5887.2874,5803.5894,5809.3305,495.13723,1.6966378
2684000.0,1944.3053,5816.1473,3962.8943,250.89053,106.89119,106.89119,106.89119,5825.2532,5843.8812,5779.3074,494.17194,1.6966378
2685000.0,1912.6321,5809.9156,3917.035,247.98718,106.89119,106.89119,106.89119,5827.3248,5856.386,5746.0359,494.15693,1.6966378
2686000.0,1894.3254,5789.6956,3782.7661,239.48663,106.89119,106.89119,106.89119,5769.1265,5815.2268,5784.7335,488.92808,1.6966378
2687000.0,1970.2529,5843.1437,3984.3247,252.24728,106.89119,106.89119,106.89119,5873.9494,5878.4362,5777.0454,499.78708,1.6966378
2688000.0,2039.8209,5863.5821,3898.0322,246.78411,106.89119,106.89119,106.89119,5919.3622,5868.5468,5802.8374,501.34066,1.6966378
2689000.0,1953.8776,5824.2915,3921.3135,248.25805,106.89119,106.89119,106.89119,5900.5913,5808.4869,5763.7961,501.8642,1.6966378
2690000.0,1924.1657,5839.1511,3976.7596,251.76834,106.89119,106.89119,106.89119,5866.4298,5843.8555,5807.1679,500.22354,1.6966378
2691000.0,1924.2378,5831.0191,3967.2013,251.1632,106.89119,106.89119,106.89119,5863.8372,5777.7224,5851.4979,503.98122,1.6966378
2692000.0,1950.2034,5826.9067,3991.4478,252.69825,106.89119,106.89119,106.89119,5883.0342,5822.984,5774.7021,499.83194,1.6966378
2693000.0,1952.4851,5818.9275,3986.9284,252.41213,106.89119,106.89119,106.89119,5871.6239,5833.5789,5751.5797,501.22202,1.6966378
2694000.0,1984.3253,5848.8428,3942.2295,249.58224,106.89119,106.89119,106.89119,5965.1438,5820.4233,5760.9613,503.17166,1.6966378
2695000.0,1953.0338,5830.4536,3962.8987,250.89081,106.89119,106.89119,106.89119,5869.7165,5876.0146,5745.6295,499.52863,1.6966378
2696000.0,1920.2292,5823.8912,4014.8638,254.18071,106.89119,106.89119,106.89119,5837.0136,5809.7846,5824.8755,498.46671,1.6966378
2697000.0,1975.444,5835.1771,3925.5933,248.52901,106.89119,106.89119,106.89119,5889.1601,5919.2709,5697.1004,501.4664,1.6966378
2698000.0,1967.1513,5838.1507,3919.4301,248.13881,106.89119,106.89119,106.89119,5859.5615,5857.8458,5797.0449,499.54881,1.6966378
2699000.0,2002.4891,5851.071,3871.2137,245.08624,106.89119,106.89119,106.89119,5935.1356,5865.6292,5752.4483,498.85785,1.6966378
2700000.0,1953.292,5862.6833,3932.1208,248.94226,106.89119,106.89119,106.89119,5889.9087,5869.6783,5828.4629,499.60998,1.6966378
2701000.0,1996.4151,5851.6686,3986.7073,252.39813,106.89119,106.89119,106.89119,5897.7712,5888.6376,5768.597,493.62484,1.6966378
2702000.0,1921.7079,5840.9758,4011.8361,253.98903,106.89119,106.89119,106.89119,5871.9236,5898.3715,5752.6323,490.73547,1.6966378
2703000.0,1974.1162,5863.0727,3948.0924,249.95342,106.89119,106.89119,106.89119,5908.9147,5893.6902,5786.6132,486.2424,1.6966378
2704000.0,1975.9036,5843.8533,3900.251,246.92459,106.89119,106.89119,106.89119,5930.4203,5836.731,5764.4086,503.0174,1.6966378
2705000.0,1923.5406,5806.405,3972.2496,251.48281,106.89119,106.89119,106.89119,5876.5283,5817.424,5725.2628,502.83619,1.6966378
2706000.0,1955.2327,5835.6493,4006.45,253.64804,106.89119,106.89119,106.89119,5826.0079,5872.5773,5808.3625,489.96775,1.6966378
2707000.0,1935.2384,5820.0999,3916.7904,247.9717,106.89119,106.89119,106.89119,5870.2838,5823.2516,5766.7641,494.89063,1.6966378
2708000.0,1963.4204,5824.137,3908.4984,247.44673,106.89119,106.89119,106.89119,5862.1082,5861.5678,5748.7348,473.30809,1.6966378
2709000.0,1961.0143,5837.9886,3896.3906,246.68018,106.89119,106.89119,106.89119,5917.2612,5816.037,5780.6677,468.49057,1.6966378
2710000.0,1873.9635,5796.4333,3902.9969,247.09843,106.89119,106.89119,106.89119,5896.9928,5794.1791,5698.1279,493.17636,1.6966378
2711000.0,1975.9834,5822.0852,3974.3305,251.61455,106.89119,106.89119,106.89119,5904.72,5804.9127,5756.6229,489.4398,1.6966378
2712000.0,2032.754,5841.5675,4005.5534,253.59127,106.89119,106.89119,106.89119,5880.2835,5837.8484,5806.5706,490.80321,1.6966378
2713000.0,2039.0988,5849.7851,3953.1691,250.27483,106.89119,106.89119,106.89119,5894.1908,5790.3301,5864.8343,469.80846,1.6966378
2714000.0,1967.668,5843.203,3922.9103,248.35915,106.89119,106.89119,106.89119,5887.0703,5844.9196,5797.6192,486.59918,1.6966378
2715000.0,1905.9223,5839.6801,3922.9983,248.36472,106.89119,106.89119,106.89119,5890.5075,5864.4488,5764.0838,500.10585,1.6966378
2716000.0,1937.5321,5815.364,3917.4475,248.0133,106.89119,106.89119,106.89119,5913.8084,5783.5411,5748.7424,494.04936,1.6966378
2717000.0,1945.2787,5834.6468,3890.6777,246.3185,106.89119,106.89119,106.89119,5878.1571,5830.829,5794.9543,497.10387,1.6966378
2718000.0,2030.4451,5859.7535,3932.5283,248.96806,106.89119,106.89119,106.89119,5967.3835,5828.1421,5783.7348,486.93089,1.6966378
2719000.0,1869.0812,5815.4091,3976.5841,251.75723,106.89119,106.89119,106.89119,5915.8397,5857.7763,5672.6114,495.58761,1.6966378
2720000.0,1976.142,5820.0782,3913.8479,247.78541,106.89119,106.89119,106.89119,5898.8545,5803.3953,5757.9848,494.80882,1.6966378
2721000.0,1913.7708,5810.6649,3981.452,252.06541,106.89119,106.89119,106.89119,5825.7592,5818.0969,5788.1387,492.31014,1.6966378
2722000.0,1932.1082,5826.8535,3936.8436,249.24126,106.89119,106.89119,106.89119,5912.5316,5843.2837,5724.7451,492.42206,1.6966378
2723000.0,1961.9736,5827.0255,3983.3702,252.18686,106.89119,106.89119,106.89119,5847.8342,5819.5575,5813.6848,464.33582,1.6966378
2724000.0,1915.0175,5823.0299,3934.8906,249.11762,106.89119,106.89119,106.89119,5857.3316,5845.5129,5766.245,468.00865,1.6966378
2725000.0,1900.8233,5835.4953,3950.0257,250.07582,106.89119,106.89119,106.89119,5869.7455,5806.7783,5829.9621,465.71638,1.6966378
2726000.0,1859.1532,5804.0852,3948.0558,249.9511,106.89119,106.89119,106.89119,5820.2778,5805.8356,5786.1421,466.01615,1.6966378
2727000.0,1919.5418,5819.6833,3927.2081,248.63124,106.89119,106.89119,106.89119,5869.7474,5812.688,5776.6145,461.42254,1.6966378
2728000.0,2022.7734,5878.3932,3989.616,252.58228,106.89119,106.89119,106.89119,5890.7698,5911.1212,5833.2885,462.05845,1.6966378
2729000.0,1997.7529,5849.5644,4029.0576,255.07932,106.89119,106.89119,106.89119,5899.2297,5835.278,5814.1856,470.8311,1.6966378
2730000.0,2040.8709,5847.466,3934.5545,249.09634,106.89119,106.89119,106.89119,5942.8713,5805.1131,5794.4136,480.55994,1.6966378
2731000.0,1897.3811,5832.9974,3891.9222,246.39729,106.89119,106.89119,106.89119,5877.4239,5802.674,5818.8942,466.05449,1.6966378
2732000.0,1945.9185,5845.4663,3965.9546,251.08428,106.89119,106.89119,106.89119,5856.7032,5871.4325,5808.2633,482.37463,1.6966378
2733000.0,2000.1716,5856.6866,3887.1921,246.09783,106.89119,106.89119,106.89119,5896.53,5860.402,5813.1277,477.18792,1.6966378
2734000.0,2000.8053,5834.8164,3923.6339,248.40496,106.89119,106.89119,106.89119,5813.9514,5832.2223,5858.2755,480.20648,1.6966378
2735000.0,2077.2666,5838.8318,3999.7534,253.22408,106.89119,106.89119,106.89119,5843.5965,5841.36,5831.5388,477.27888,1.6966378
2736000.0,1981.7816,5828.1017,3865.2266,244.7072,106.89119,106.89119,106.89119,5888.9033,5828.609,5766.7929,480.82508,1.6966378
2737000.0,1950.9076,5811.4463,3986.1814,252.36484,106.89119,106.89119,106.89119,5838.9968,5812.6582,5782.6838,487.21653,1.6966378
2738000.0,1944.3421,5814.6146,3896.8214,246.70746,106.89119,106.89119,106.89119,5843.9668,5783.5516,5816.3256,494.41908,1.6966378
2739000.0,1956.7999,5824.6052,4011.4332,253.96353,106.89119,106.89119,106.89119,5878.6933,5850.1683,5744.954,488.04024,1.6966378
2740000.0,1959.7571,5810.4885,3909.5515,247.5134,106.89119,106.89119,106.89119,5863.2662,5843.3535,5724.8459,486.87984,1.6966378
2741000.0,1981.4591,5846.4055,3943.6856,249.67443,106.89119,106.89119,106.89119,5842.9668,5866.0288,5830.2208,483.53722,1.6966378
2742000.0,1965.6635,5825.5887,3940.4358,249.46869,106.89119,106.89119,106.89119,5807.4532,5821.2284,5848.0845,483.92665,1.6966378
2743000.0,1930.6978,5825.5643,3892.6339,246.44235,106.89119,106.89119,106.89119,5897.3001,5774.9589,5804.4338,484.62658,1.6966378
2744000.0,2048.3057,5875.084,3997.5972,253.08757,106.89119,106.89119,106.89119,5924.5068,5846.6094,5854.1357,453.13134,1.6966378
2745000.0,1887.7538,5816.8999,3950.5216,250.10721,106.89119,106.89119,106.89119,5852.8629,5822.2102,5775.6266,446.02418,1.6966378
2746000.0,1969.0897,5831.4254,3918.3052,248.0676,106.89119,106.89119,106.89119,5916.6614,5804.2957,5773.3192,463.87081,1.6966378
2747000.0,1919.2886,5822.452,4026.0603,254.88956,106.89119,106.89119,106.89119,5897.6897,5803.722,5765.9445,461.2161,1.6966378
2748000.0,1986.611,5841.8875,3928.5004,248.71306,106.89119,106.89119,106.89119,5860.6501,5854.2555,5810.7569,461.68232,1.6966378
2749000.0,1945.6894,5814.0382,3946.0223,249.82236,106.89119,106.89119,106.89119,5844.4561,5806.9776,5790.6808,460.18961,1.6966378
2750000.0,1984.9865,5831.0821,3925.3968,248.51656,106.89119,106.89119,106.89119,5858.8705,5820.0267,5814.3492,469.74131,1.6966378
2751000.0,1931.1178,5803.4239,3959.2007,250.65669,106.89119,106.89119,106.89119,5851.2919,5789.3251,5769.6546,474.23764,1.6966378
2752000.0,1881.1722,5801.323,3960.4594,250.73637,106.89119,106.89119,106.89119,5757.0436,5832.4476,5814.4779,471.35536,1.6966378
2753000.0,2022.4425,5860.7364,3968.6837,251.25706,106.89119,106.89119,106.89119,5869.7584,5887.0518,5825.3991,475.38927,1.6966378
2754000.0,1926.1022,5830.094,3950.6924,250.11803,106.89119,106.89119,106.89119,5838.904,5896.0903,5755.2877,472.01559,1.6966378
2755000.0,1922.2351,5830.6618,3911.1998,247.61776,106.89119,106.89119,106.89119,5812.9476,5892.9059,5786.1319,458.41846,1.6966378
2756000.0,1966.0289,5836.7379,3892.666,246.44438,106.89119,106.89119,106.89119,5880.739,5861.5352,5767.9395,473.99895,1.6966378
2757000.0,1925.6962,5813.6348,4007.6929,253.72672,106.89119,106.89119,106.89119,5791.2781,5871.5078,5778.1186,471.21299,1.6966378
2758000.0,1897.9244,5833.6081,3999.574,253.21272,106.89119,106.89119,106.89119,5844.0745,5822.7051,5834.0448,469.41163,1.6966378
2759000.0,1881.2125,5811.1459,3895.3601,246.61495,106.89119,106.89119,106.89119,5852.2795,5786.6374,5794.521,471.68486,1.6966378
2760000.0,1982.6667,5826.669,4008.0235,253.74766,106.89119,106.89119,106.89119,5867.6858,5796.8346,5815.4866,468.18763,1.6966378
2761000.0,1953.534,5859.5583,3948.1249,249.95548,106.89119,106.89119,106.89119,5876.2382,5838.5875,5863.8492,470.41513,1.6966378
2762000.0,1917.0577,5822.6485,3957.5605,250.55285,106.89119,106.89119,106.89119,5815.0886,5826.3896,5826.4673,471.08692,1.6966378
2763000.0,1894.7064,5796.5506,3990.6075,252.64505,106.89119,106.89119,106.89119,5800.3769,5813.6645,5775.6104,468.78588,1.6966378
2764000.0,1890.2064,5809.8826,3896.3063,246.67485,106.89119,106.89119,106.89119,5904.3544,5733.9925,5791.3009,467.23299,1.6966378
2765000.0,1916.8846,5803.5152,3917.9368,248.04427,106.89119,106.89119,106.89119,5798.9861,5793.5002,5818.0594,475.66526,1.6966378
2766000.0,1979.973,5826.0431,3888.4112,246.17501,106.89119,106.89119,106.89119,5873.076,5826.9569,5778.0962,462.58322,1.6966378
2767000.0,2011.84,5873.1273,3956.6981,250.49825,106.89119,106.89119,106.89119,5872.762,5868.1256,5878.4944,450.4578,1.6966378
2768000.0,1986.4194,5826.301,3833.884,242.7229,106.89119,106.89119,106.89119,5847.8944,5855.7397,5775.2689,464.91566,1.6966378
2769000.0,1923.2014,5815.5352,3942.7858,249.61746,106.89119,106.89119,106.89119,5841.1633,5808.978,5796.4642,451.93744,1.6966378
2770000.0,1999.4726,5838.3147,3918.8842,248.10426,106.89119,106.89119,106.89119,5899.2087,5840.0215,5775.714,446.79533,1.6966378
2771000.0,1961.2873,5839.1413,3995.6957,252.96718,106.89119,106.89119,106.89119,5879.3601,5821.5302,5816.5337,447.01997,1.6966378
2772000.0,2001.7338,5850.0193,3887.6121,246.12442,106.89119,106.89119,106.89119,5882.709,5819.7111,5847.6377,444.73198,1.6966378
2773000.0,1864.7756,5823.5161,4011.5762,253.97257,106.89119,106.89119,106.89119,5848.2121,5794.8815,5827.4547,450.19584,1.6966378
2774000.0,1945.808,5841.7332,3926.6251,248.59433,106.89119,106.89119,106.89119,5899.4391,5819.6058,5806.1546,458.02168,1.6966378
2775000.0,1901.5426,5822.0432,4002.169,253.37701,106.89119,106.89119,106.89119,5863.1087,5791.6976,5811.3233,454.18736,1.6966378
2776000.0,1889.9227,5809.0022,3944.3867,249.71882,106.89119,106.89119,106.89119,5853.037,5785.0109,5788.9586,450.8705,1.6966378
2777000.0,1922.1299,5823.0833,4021.2362,254.58415,106.89119,106.89119,106.89119,5815.8101,5840.5066,5812.9333,445.50781,1.6966378
2778000.0,1898.6104,5838.6727,3925.0964,248.49755,106.89119,106.89119,106.89119,5875.2929,5821.2156,5819.5096,444.34911,1.6966378
2779000.0,1980.6524,5823.2843,3912.4738,247.69841,106.89119,106.89119,106.89119,5906.3108,5760.249,5803.2931,448.55288,1.6966378
2780000.0,2027.3067,5855.4858,3955.5993,250.42868,106.89119,106.89119,106.89119,5863.3036,5832.6486,5870.5052,446.80061,1.6966378
2781000.0,1911.8834,5835.6092,3954.3536,250.34982,106.89119,106.89119,106.89119,5875.9459,5778.6995,5852.1823,459.40255,1.6966378
2782000.0,1972.7226,5832.9052,3959.6141,250.68286,106.89119,106.89119,106.89119,5846.1059,5819.2855,5833.3243,450.20066,1.6966378
2783000.0,1930.9382,5841.9154,4004.4762,253.52308,106.89119,106.89119,106.89119,5883.8481,5775.0961,5866.8019,451.78066,1.6966378
2784000.0,1870.5279,5812.2988,3979.7447,251.95733,106.89119,106.89119,106.89119,5812.3621,5816.6275,5807.9069,451.00287,1.6966378
2785000.0,1944.0693,5819.7942,3999.5824,253.21325,106.89119,106.89119,106.89119,5886.983,5786.0634,5786.3362,454.44158,1.6966378
2786000.0,1951.4995,5835.2616,3951.6979,250.18169,106.89119,106.89119,106.89119,5864.2409,5791.5207,5850.0234,449.93508,1.6966378
2787000.0,1886.4454,5817.7441,3928.6638,248.7234,106.89119,106.89119,106.89119,5844.1747,5750.3543,5858.7032,447.42049,1.6966378
2788000.0,1957.4321,5817.1898,3943.3695,249.65441,106.89119,106.89119,106.89119,5833.1374,5817.4101,5801.0218,448.46933,1.6966378
2789000.0,1953.7995,5856.3822,4047.2255,256.22953,106.89119,106.89119,106.89119,5917.5836,5837.7267,5813.8362,445.85234,1.6966378
2790000.0,1928.0875,5822.0218,3972.713,251.51215,106.89119,106.89119,106.89119,5895.8751,5787.4833,5782.707,449.2989,1.6966378
2791000.0,1974.812,5853.8933,3951.0792,250.14252,106.89119,106.89119,106.89119,5872.6162,5820.5248,5868.5389,445.14337,1.6966378
2792000.0,1954.0512,5815.0302,3924.969,248.48948,106.89119,106.89119,106.89119,5863.3296,5788.4176,5793.3435,447.96139,1.6966378
2793000.0,1959.453,5827.2117,4020.05,254.50905,106.89119,106.89119,106.89119,5901.5383,5826.9682,5753.1286,449.84607,1.6966378
2794000.0,1879.88,5813.5096,3965.5834,251.06077,106.89119,106.89119,106.89119,5882.6863,5746.2652,5811.5774,446.27914,1.6966378
2795000.0,1982.3003,5864.2272,3969.929,251.33589,106.89119,106.89119,106.89119,5899.0817,5821.9822,5871.6178,451.52948,1.6966378
2796000.0,1925.8734,5838.1562,3947.8744,249.93962,106.89119,106.89119,106.89119,5887.0969,5800.6873,5826.6844,444.97862,1.6966378
2797000.0,1981.7135,5839.3711,3897.2832,246.73669,106.89119,106.89119,106.89119,5879.6612,5806.8358,5831.6162,450.76735,1.6966378
2798000.0,1937.2577,5812.604,3904.9522,247.22222,106.89119,106.89119,106.89119,5876.748,5720.6846,5840.3796,458.72359,1.6966378
2799000.0,1932.3726,5864.5158,3872.5724,245.17225,106.89119,106.89119,106.89119,5935.3674,5824.9777,5833.2024,454.39073,1.6966378
2800000.0,1934.9984,5852.7221,3932.8521,248.98856,106.89119,106.89119,106.89119,5917.8199,5782.6563,5857.6903,454.33983,1.6966378
2801000.0,1901.8601,5826.2501,4023.7531,254.74349,106.89119,106.89119,106.89119,5872.2624,5819.2768,5787.211,451.13803,1.6966378
2802000.0,1976.821,5846.1725,3928.8062,248.73241,106.89119,106.89119,106.89119,5889.348,5848.7457,5800.4239,446.23379,1.6966378
2803000.0,1854.4385,5788.8511,3900.3498,246.93084,106.89119,106.89119,106.89119,5808.6508,5804.6815,5753.2209,450.04144,1.6966378
2804000.0,1964.833,5833.127,4013.8678,254.11766,106.89119,106.89119,106.89119,5924.7764,5792.0734,5782.531,450.26942,1.6966378
2805000.0,1850.8848,5801.2685,3998.3517,253.13534,106.89119,106.89119,106.89119,5868.3477,5798.7465,5736.7112,449.26807,1.6966378
2806000.0,1939.2175,5797.2784,3977.3463,251.80548,106.89119,106.89119,106.89119,5784.4908,5837.0215,5770.3229,449.45021,1.6966378
2807000.0,1908.6772,5831.1713,3962.8578,250.88822,106.89119,106.89119,106.89119,5866.4729,5810.3472,5816.6938,448.37259,1.6966378
2808000.0,1943.9618,5812.9232,3938.5891,249.35177,106.89119,106.89119,106.89119,5875.8854,5783.9579,5778.9262,453.13405,1.6966378
2809000.0,1920.808,5799.1634,3918.9981,248.11147,106.89119,106.89119,106.89119,5873.5476,5806.9725,5716.9703,448.65054,1.6966378
2810000.0,2037.2237,5852.2088,3984.7341,252.27321,106.89119,106.89119,106.89119,5849.558,5902.6816,5804.3866,454.84952,1.6966378
2811000.0,1908.3288,5824.8111,3892.3951,246.42723,106.89119,106.89119,106.89119,5858.8359,5841.637,5773.9603,455.58114,1.6966378
2812000.0,1964.0134,5822.6034,4036.1546,255.52863,106.89119,106.89119,106.89119,5841.9218,5780.9637,5844.9247,454.75804,1.6966378
2813000.0,1853.048,5782.8224,3940.6173,249.48018,106.89119,106.89119,106.89119,5916.6044,5675.4779,5756.3849,449.88904,1.6966378
2814000.0,1970.4739,5818.0503,3911.8564,247.65932,106.89119,106.89119,106.89119,5911.9842,5750.0365,5792.13,450.46588,1.6966378
2815000.0,1947.0077,5841.3876,3923.9566,248.42539,106.89119,106.89119,106.89119,5848.7731,5797.6757,5877.7142,447.32698,1.6966378
2816000.0,1883.2745,5816.608,3950.8114,250.12556,106.89119,106.89119,106.89119,5844.6198,5802.6194,5802.5847,440.79391,1.6966378
2817000.0,1918.5132,5813.5117,4010.02,253.87405,106.89119,106.89119,106.89119,5898.0722,5722.9683,5819.4945,439.72212,1.6966378
2818000.0,1885.9189,5797.4767,3890.5298,246.30914,106.89119,106.89119,106.89119,5860.4308,5759.0901,5772.9092,449.46334,1.6966378
2819000.0,1977.9911,5840.58,3940.2976,249.45993,106.89119,106.89119,106.89119,5841.5223,5833.1031,5847.1147,449.54025,1.6966378
2820000.0,2000.7977,5827.7156,3954.3817,250.3516,106.89119,106.89119,106.89119,5847.9531,5812.3273,5822.8664,447.16887,1.6966378
2821000.0,1953.1896,5832.1274,3923.0169,248.3659,106.89119,106.89119,106.89119,5852.1592,5847.2547,5796.9682,454.36609,1.6966378
2822000.0,1993.0498,5834.8436,3876.3443,245.41106,106.89119,106.89119,106.89119,5866.0704,5844.5183,5793.9422,452.76931,1.6966378
2823000.0,1987.1324,5851.0679,3967.9693,251.21182,106.89119,106.89119,106.89119,5838.4905,5888.6415,5826.0716,450.39864,1.6966378
2824000.0,1975.9132,5859.7135,3952.9424,250.26047,106.89119,106.89119,106.89119,5882.7369,5885.7723,5810.6313,443.73043,1.6966378
2825000.0,1935.3604,5810.8693,3851.6539,243.84791,106.89119,106.89119,106.89119,5874.3049,5765.3473,5792.9557,428.32409,1.6966378
2826000.0,1980.6316,5848.8661,3938.1277,249.32256,106.89119,106.89119,106.89119,5789.2426,5889.3678,5867.9881,421.44185,1.6966378
2827000.0,1976.3967,5814.5916,3908.1673,247.42577,106.89119,106.89119,106.89119,5925.9135,5713.2653,5804.596,413.31677,1.6966378
2828000.0,1950.1734,5832.8582,3984.6255,252.26633,106.89119,106.89119,106.89119,5836.4544,5846.2359,5815.8844,424.82437,1.6966378
2829000.0,1907.8515,5837.9259,3913.5238,247.76488,106.89119,106.89119,106.89119,5838.1422,5853.8365,5821.799,427.32919,1.6966378
2830000.0,1932.5009,5856.3013,3944.9307,249.75325,106.89119,106.89119,106.89119,5897.1781,5825.4405,5846.2853,429.9264,1.6966378
2831000.0,1932.6249,5832.0745,3929.2916,248.76314,106.89119,106.89119,106.89119,5931.4568,5788.1259,5776.6407,438.93736,1.6966378
2832000.0,1957.8646,5872.114,3901.6858,247.01543,106.89119,106.89119,106.89119,5895.4798,5858.9321,5861.93,423.08182,1.6966378
2833000.0,1921.3049,5850.2923,3962.7126,250.87902,106.89119,106.89119,106.89119,5844.5504,5887.715,5818.6115,444.46899,1.6966378
2834000.0,1954.8361,5839.0064,3902.6764,247.07814,106.89119,106.89119,106.89119,5875.4461,5841.9254,5799.6477,431.37417,1.6966378
2835000.0,1970.1532,5836.9166,3929.151,248.75424,106.89119,106.89119,106.89119,5879.589,5803.0797,5828.0812,437.33256,1.6966378
2836000.0,1914.5165,5826.3011,3921.9817,248.30036,106.89119,106.89119,106.89119,5880.6946,5807.6638,5790.545,438.12613,1.6966378
2837000.0,1978.3334,5856.8636,3948.0017,249.94768,106.89119,106.89119,106.89119,5811.9416,5904.4003,5854.2489,442.28378,1.6966378
2838000.0,1937.6618,5824.5777,4015.556,254.22454,106.89119,106.89119,106.89119,5857.3833,5821.1894,5795.1604,444.38681,1.6966378
2839000.0,1947.4561,5829.2365,3977.6644,251.82562,106.89119,106.89119,106.89119,5880.0977,5798.2306,5809.3812,446.42003,1.6966378
2840000.0,1829.027,5823.8003,3969.6506,251.31827,106.89119,106.89119,106.89119,5885.6563,5794.2517,5791.4929,434.29154,1.6966378
2841000.0,1927.2358,5846.7069,3983.5507,252.19828,106.89119,106.89119,106.89119,5867.2099,5846.9509,5825.9601,436.74273,1.6966378
2842000.0,1936.0359,5839.4454,3998.7539,253.1608,106.89119,106.89119,106.89119,5847.9778,5869.1491,5801.2094,435.46786,1.6966378
2843000.0,1932.8216,5815.5221,3900.043,246.91142,106.89119,106.89119,106.89119,5858.046,5779.6601,5808.86,435.11236,1.6966378
2844000.0,1865.5763,5839.3286,3906.6007,247.32659,106.89119,106.89119,106.89119,5915.4821,5792.6122,5809.8916,431.9333,1.6966378
2845000.0,1932.8395,5809.2101,3958.8148,250.63226,106.89119,106.89119,106.89119,5817.2929,5787.407,5822.9304,423.21068,1.6966378
2846000.0,1980.4871,5841.4868,3991.7257,252.71584,106.89119,106.89119,106.89119,5910.4929,5798.6503,5815.317,418.34852,1.6966378
2847000.0,1963.1506,5826.7715,3921.1594,248.2483,106.89119,106.89119,106.89119,5866.7783,5795.7925,5817.7439,420.04727,1.6966378
2848000.0,1896.5229,5809.9853,3976.9409,251.77982,106.89119,106.89119,106.89119,5797.8931,5853.7596,5778.3033,420.5007,1.6966378
2849000.0,1943.1308,5793.9809,3873.2735,245.21664,106.89119,106.89119,106.89119,5901.7547,5787.7209,5692.4671,431.07076,1.6966378
2850000.0,1860.0878,5755.177,3985.8556,252.34421,106.89119,106.89119,106.89119,5779.1533,5790.7135,5695.6643,433.76336,1.6966378
2851000.0,1884.0357,5825.7449,3991.2932,252.68846,106.89119,106.89119,106.89119,5858.1993,5805.4193,5813.6162,428.06097,1.6966378
2852000.0,1870.2023,5814.201,3923.3037,248.38405,106.89119,106.89119,106.89119,5812.9219,5887.7882,5741.8929,434.33896,1.6966378
2853000.0,1919.754,5829.477,3985.2688,252.30706,106.89119,106.89119,106.89119,5817.3276,5846.2097,5824.8936,444.66707,1.6966378
2854000.0,1914.7328,5814.7808,3952.1702,250.21159,106.89119,106.89119,106.89119,5848.9273,5784.2531,5811.1618,441.73253,1.6966378
2855000.0,1928.2563,5800.0473,3965.269,251.04087,106.89119,106.89119,106.89119,5849.7448,5807.1959,5743.2013,423.52692,1.6966378
2856000.0,1884.8179,5831.2297,3895.2555,246.60832,106.89119,106.89119,106.89119,5854.0986,5805.4054,5834.1852,446.62912,1.6966378
2857000.0,1913.5605,5836.6662,3907.3195,247.37209,106.89119,106.89119,106.89119,5931.4686,5761.5866,5816.9435,440.39554,1.6966378
2858000.0,1917.6335,5826.5534,3940.9171,249.49915,106.89119,106.89119,106.89119,5859.3845,5788.9164,5831.3592,436.06608,1.6966378
2859000.0,1962.703,5834.4015,3902.8887,247.09158,106.89119,106.89119,106.89119,5847.2049,5854.2161,5801.7835,441.38085,1.6966378
2860000.0,1927.6385,5836.337,3859.994,244.37592,106.89119,106.89119,106.89119,5860.8173,5836.6522,5811.5415,436.16166,1.6966378
2861000.0,2044.0685,5832.0479,3992.7548,252.781,106.89119,106.89119,106.89119,5936.3124,5761.2265,5798.6049,432.20135,1.6966378
2862000.0,1935.9513,5816.5729,3940.3,249.46009,106.89119,106.89119,106.89119,5918.9763,5823.2817,5707.4606,426.46333,1.6966378
2863000.0,2045.7329,5875.2279,3906.4991,247.32016,106.89119,106.89119,106.89119,5920.2022,5821.8723,5883.609,427.8063,1.6966378
2864000.0,1948.9197,5838.0149,3972.4409,251.49492,106.89119,106.89119,106.89119,5911.802,5794.7165,5807.5262,429.48349,1.6966378
2865000.0,1945.6219,5833.2146,3914.1432,247.8041,106.89119,106.89119,106.89119,5899.6846,5778.2636,5821.6957,428.76304,1.6966378
2866000.0,1987.3599,5836.4544,3997.9348,253.10894,106.89119,106.89119,106.89119,5884.6244,5812.5453,5812.1935,429.25666,1.6966378
2867000.0,1978.5092,5848.3692,3971.6078,251.44218,106.89119,106.89119,106.89119,5939.7491,5817.0506,5788.3078,428.1241,1.6966378
2868000.0,1911.2707,5819.5456,3879.2427,245.59455,106.89119,106.89119,106.89119,5843.1905,5829.517,5785.9294,419.41777,1.6966378
2869000.0,1883.5902,5814.5527,3910.5505,247.57665,106.89119,106.89119,106.89119,5831.4779,5794.3541,5817.8262,429.49928,1.6966378
2870000.0,1924.666,5837.05,3922.7348,248.34803,106.89119,106.89119,106.89119,5907.8611,5840.9944,5762.2946,436.10925,1.6966378
2871000.0,1910.3277,5827.4146,3916.8135,247.97315,106.89119,106.89119,106.89119,5845.2654,5796.2119,5840.7665,438.66391,1.6966378
2872000.0,1922.8987,5816.8905,3903.1784,247.10992,106.89119,106.89119,106.89119,5911.522,5753.2278,5785.9215,444.36994,1.6966378
2873000.0,1955.888,5854.7796,3890.9234,246.33406,106.89119,106.89119,106.89119,5918.1483,5822.9618,5823.2287,435.73263,1.6966378
2874000.0,1967.2715,5828.0112,3923.2056,248.37784,106.89119,106.89119,106.89119,5889.1366,5827.9054,5766.9915,434.94619,1.6966378
2875000.0,1895.3665,5823.8139,4029.867,255.13056,106.89119,106.89119,106.89119,5875.3052,5788.3117,5807.8248,445.85391,1.6966378
2876000.0,1899.954,5816.2082,3941.6617,249.5463,106.89119,106.89119,106.89119,5871.9322,5803.6233,5773.0691,443.53468,1.6966378
2877000.0,1842.0385,5800.0587,3904.0921,247.16777,106.89119,106.89119,106.89119,5850.8334,5772.352,5776.9909,422.08065,1.6966378
2878000.0,1889.8965,5838.4284,3995.9191,252.98132,106.89119,106.89119,106.89119,5843.4561,5840.7351,5831.0941,425.0947,1.6966378
2879000.0,1920.2822,5837.983,3956.1874,250.46592,106.89119,106.89119,106.89119,5887.0152,5829.924,5797.0098,425.9596,1.6966378
2880000.0,1888.9043,5815.9689,3999.3831,253.20063,106.89119,106.89119,106.89119,5827.588,5872.3292,5747.9895,426.21271,1.6966378
2881000.0,1953.6579,5826.1394,4014.5725,254.16227,106.89119,106.89119,106.89119,5882.2458,5826.7866,5769.3859,424.60622,1.6966378
2882000.0,1945.4055,5806.7706,3959.1763,250.65514,106.89119,106.89119,106.89119,5836.6254,5814.9386,5768.7478,418.75683,1.6966378
2883000.0,1878.7923,5808.3205,3989.5699,252.57936,106.89119,106.89119,106.89119,5839.997,5809.7841,5775.1804,416.30915,1.6966378
2884000.0,1871.3072,5780.8095,3985.2139,252.30358,106.89119,106.89119,106.89119,5849.6946,5745.4875,5747.2464,417.65052,1.6966378
2885000.0,1936.2149,5824.7852,3954.0066,250.32785,106.89119,106.89119,106.89119,5879.8291,5745.4805,5849.046,408.63449,1.6966378
2886000.0,2021.5069,5835.7507,3945.1363,249.76627,106.89119,106.89119,106.89119,5866.4654,5828.1656,5812.6212,416.13221,1.6966378
2887000.0,1873.7643,5815.5126,4011.1167,253.94349,106.89119,106.89119,106.89119,5804.9212,5790.8514,5850.7651,411.48543,1.6966378
2888000.0,1907.6407,5827.7847,4012.7731,254.04835,106.89119,106.89119,106.89119,5883.9226,5820.7993,5778.6323,420.23404,1.6966378
2889000.0,1925.7859,5802.3522,3923.3096,248.38443,106.89119,106.89119,106.89119,5849.9542,5771.3416,5785.7609,424.54246,1.6966378
2890000.0,1990.5459,5863.6164,3897.0764,246.7236,106.89119,106.89119,106.89119,5871.2756,5851.7031,5867.8704,438.64423,1.6966378
2891000.0,1937.1899,5815.2703,3891.1484,246.3483,106.89119,106.89119,106.89119,5882.4703,5750.3645,5812.976,418.66137,1.6966378
2892000.0,1962.7389,5857.8361,3967.2049,251.16343,106.89119,106.89119,106.89119,5886.1331,5866.0898,5821.2854,421.28439,1.6966378
2893000.0,1979.7127,5847.3482,3922.4129,248.32766,106.89119,106.89119,106.89119,5915.3641,5833.6993,5792.9812,421.41162,1.6966378
2894000.0,1959.976,5812.4277,4065.5171,257.38757,106.89119,106.89119,106.89119,5885.3855,5805.5743,5746.3234,411.22805,1.6966378
2895000.0,1919.1584,5837.8271,3889.6136,246.25113,106.89119,106.89119,106.89119,5921.936,5791.7995,5799.7458,407.02885,1.6966378
2896000.0,1974.2382,5857.1718,3996.5105,253.01877,106.89119,106.89119,106.89119,5906.7936,5858.1109,5806.6108,408.98242,1.6966378
2897000.0,1887.6084,5810.4844,3931.0873,248.87683,106.89119,106.89119,106.89119,5783.9389,5815.331,5832.1831,426.12117,1.6966378
2898000.0,1947.9588,5858.2274,3966.4688,251.11683,106.89119,106.89119,106.89119,5873.8308,5877.9928,5822.8585,417.23226,1.6966378
2899000.0,1919.3938,5828.6874,4032.4698,255.29535,106.89119,106.89119,106.89119,5847.7716,5852.4397,5785.8508,413.17902,1.6966378
2900000.0,1941.8343,5841.5292,3954.5375,250.36146,106.89119,106.89119,106.89119,5832.2018,5862.1733,5830.2126,410.7068,1.6966378
2901000.0,1951.9058,5836.6391,3977.1095,251.79049,106.89119,106.89119,106.89119,5897.3464,5791.3132,5821.2577,414.80567,1.6966378
2902000.0,1997.4062,5871.9269,3926.8424,248.60808,106.89119,106.89119,106.89119,5868.0219,5906.0534,5841.7055,410.65027,1.6966378
2903000.0,1983.2494,5846.7363,3950.9673,250.13543,106.89119,106.89119,106.89119,5870.45,5853.8916,5815.8672,429.97114,1.6966378
2904000.0,1825.4611,5801.1252,4007.8696,253.73791,106.89119,106.89119,106.89119,5814.1554,5757.1681,5832.0521,436.88342,1.6966378
2905000.0,2035.9614,5827.8082,3905.4273,247.2523,106.89119,106.89119,106.89119,5889.4433,5805.9965,5787.9848,428.39976,1.6966378
2906000.0,1901.6355,5828.9907,3928.3366,248.70268,106.89119,106.89119,106.89119,5854.5403,5816.8746,5815.5571,437.46276,1.6966378
2907000.0,1950.9686,5823.6356,3988.8178,252.53175,106.89119,106.89119,106.89119,5889.2019,5729.1775,5852.5275,420.12242,1.6966378
2908000.0,1932.2969,5828.0291,3915.1988,247.87093,106.89119,106.89119,106.89119,5847.3181,5764.2398,5872.5293,420.75399,1.6966378
2909000.0,1918.9366,5819.6933,3915.2021,247.87114,106.89119,106.89119,106.89119,5790.3752,5802.6024,5866.1022,425.67355,1.6966378
2910000.0,1934.324,5828.4837,3905.8261,247.27754,106.89119,106.89119,106.89119,5843.1468,5787.5675,5854.7369,424.9295,1.6966378
2911000.0,1937.9358,5838.9644,4026.3507,254.90795,106.89119,106.89119,106.89119,5821.8426,5837.6344,5857.4161,427.88251,1.6966378
2912000.0,2043.7518,5856.4948,4010.2392,253.88793,106.89119,106.89119,106.89119,5824.5827,5842.0212,5902.8804,430.40366,1.6966378
2913000.0,1964.4237,5843.5646,3930.5055,248.84,106.89119,106.89119,106.89119,5873.2616,5815.1709,5842.2613,427.94709,1.6966378
2914000.0,1887.8185,5803.5108,3951.5646,250.17325,106.89119,106.89119,106.89119,5845.9967,5806.9277,5757.6079,424.61478,1.6966378
2915000.0,1962.1243,5829.2328,3940.6546,249.48254,106.89119,106.89119,106.89119,5789.8283,5876.9902,5820.8798,427.71821,1.6966378
2916000.0,1817.4174,5799.0954,3956.6192,250.49325,106.89119,106.89119,106.89119,5876.0898,5779.9995,5741.1969,425.2706,1.6966378
2917000.0,1920.821,5797.1464,3830.1703,242.48779,106.89119,106.89119,106.89119,5803.9167,5804.6921,5782.8305,425.40387,1.6966378
2918000.0,1932.7948,5840.2314,3974.551,251.62852,106.89119,106.89119,106.89119,5935.9032,5769.8365,5814.9545,419.28771,1.6966378
2919000.0,1902.1865,5801.129,3953.1116,250.27119,106.89119,106.89119,106.89119,5878.0739,5790.1081,5735.2051,421.58601,1.6966378
2920000.0,1976.8882,5852.132,3855.1007,244.06613,106.89119,106.89119,106.89119,5913.8463,5875.0206,5767.5292,418.95856,1.6966378
2921000.0,1934.2396,5836.9059,3921.4551,248.26702,106.89119,106.89119,106.89119,5897.3291,5847.9146,5765.474,425.51097,1.6966378
2922000.0,1963.8814,5825.7019,3958.4481,250.60904,106.89119,106.89119,106.89119,5864.7884,5795.2084,5817.109,431.71894,1.6966378
2923000.0,1892.4839,5837.0133,3923.2378,248.37988,106.89119,106.89119,106.89119,5825.1537,5875.0878,5810.7983,430.90016,1.6966378
2924000.0,1928.5835,5852.147,3912.5892,247.70572,106.89119,106.89119,106.89119,5879.6483,5839.3644,5837.4283,429.00627,1.6966378
2925000.0,1987.3417,5828.5752,3899.6527,246.88671,106.89119,106.89119,106.89119,5905.0763,5791.0944,5789.5548,429.96421,1.6966378
2926000.0,1933.7666,5818.8985,3889.1579,246.22228,106.89119,106.89119,106.89119,5855.3549,5793.7083,5807.6322,436.42111,1.6966378
2927000.0,1928.299,5830.1815,3972.0685,251.47135,106.89119,106.89119,106.89119,5962.5744,5803.5061,5724.4642,438.61577,1.6966378
2928000.0,1983.875,5858.1211,3869.2244,244.9603,106.89119,106.89119,106.89119,5865.0313,5877.1444,5832.1875,418.24913,1.6966378
2929000.0,1943.2367,5827.9824,3990.8477,252.66026,106.89119,106.89119,106.89119,5851.0507,5833.3241,5799.5723,429.29065,1.6966378
2930000.0,1946.5691,5841.4922,3907.2473,247.36752,106.89119,106.89119,106.89119,5870.8614,5813.9514,5839.6637,418.77041,1.6966378
2931000.0,1895.1499,5827.0833,3982.6237,252.1396,106.89119,106.89119,106.89119,5843.9029,5803.4089,5833.938,426.01617,1.6966378
2932000.0,1872.7686,5821.7739,3970.9401,251.39991,106.89119,106.89119,106.89119,5868.4124,5828.079,5768.8302,428.89031,1.6966378
2933000.0,1888.0012,5829.6471,3943.3392,249.6525,106.89119,106.89119,106.89119,5868.9088,5794.4898,5825.5428,430.3125,1.6966378
2934000.0,1835.2371,5822.6671,3918.2591,248.06468,106.89119,106.89119,106.89119,5843.2239,5791.4442,5833.3332,425.20744,1.6966378
2935000.0,1942.4164,5841.5054,3873.7643,245.24772,106.89119,106.89119,106.89119,5848.6524,5858.0619,5817.8017,423.01925,1.6966378
2936000.0,1959.0282,5824.2612,3876.8698,245.44433,106.89119,106.89119,106.89119,5865.5842,5798.2447,5808.9548,434.0105,1.6966378
2937000.0,1791.0216,5809.7774,3928.248,248.69707,106.89119,106.89119,106.89119,5840.0862,5799.1989,5790.0472,423.4572,1.6966378
2938000.0,1939.8566,5815.1541,3956.0695,250.45845,106.89119,106.89119,106.89119,5869.0188,5841.363,5735.0805,425.0546,1.6966378
2939000.0,1896.7448,5832.1717,3904.7761,247.21107,106.89119,106.89119,106.89119,5868.0043,5825.5516,5802.9593,409.37266,1.6966378
2940000.0,1884.3988,5818.853,3965.2332,251.0386,106.89119,106.89119,106.89119,5781.0222,5880.7127,5794.824,406.78798,1.6966378
2941000.0,1913.5121,5829.029,3959.2266,250.65833,106.89119,106.89119,106.89119,5870.8073,5857.3394,5758.9402,432.4474,1.6966378
2942000.0,1915.7981,5814.3222,3948.6136,249.98642,106.89119,106.89119,106.89119,5845.6365,5796.7276,5800.6027,438.24575,1.6966378
2943000.0,1831.7431,5781.9849,3922.0274,248.30325,106.89119,106.89119,106.89119,5798.2932,5753.9883,5793.6731,437.03706,1.6966378
2944000.0,1917.237,5810.9908,3995.4733,252.9531,106.89119,106.89119,106.89119,5822.8871,5820.3601,5789.7253,436.50705,1.6966378
2945000.0,1901.1827,5815.005,3981.7173,252.08221,106.89119,106.89119,106.89119,5845.8355,5823.3864,5775.7931,425.4803,1.6966378
2946000.0,1837.7723,5793.3955,3919.528,248.14501,106.89119,106.89119,106.89119,5843.2191,5826.5036,5710.4638,431.6479,1.6966378
2947000.0,1878.8627,5829.7429,3980.7487,252.02089,106.89119,106.89119,106.89119,5866.6623,5852.4223,5770.1443,435.86371,1.6966378
2948000.0,1912.1145,5834.705,3992.3866,252.75769,106.89119,106.89119,106.89119,5809.8366,5875.2985,5818.9801,428.23262,1.6966378
2949000.0,1875.2784,5804.198,3963.5047,250.92918,106.89119,106.89119,106.89119,5825.378,5829.4903,5757.7257,428.62862,1.6966378
2950000.0,1931.9827,5809.0659,3876.4983,245.4208,106.89119,106.89119,106.89119,5796.9924,5826.3746,5803.8306,429.95096,1.6966378
2951000.0,1907.8254,5792.8451,3941.1178,249.51186,106.89119,106.89119,106.89119,5857.3479,5750.0524,5771.1352,431.83287,1.6966378
2952000.0,1853.5889,5815.6058,3930.3245,248.82853,106.89119,106.89119,106.89119,5834.818,5813.4829,5798.5167,433.74536,1.6966378
2953000.0,1916.5496,5797.4346,3942.3099,249.58733,106.89119,106.89119,106.89119,5886.7187,5778.1538,5727.4314,419.1675,1.6966378
2954000.0,1916.2287,5823.0,3891.3263,246.35956,106.89119,106.89119,106.89119,5817.244,5789.87,5861.8861,419.61383,1.6966378
2955000.0,1893.348,5817.1798,3972.414,251.49322,106.89119,106.89119,106.89119,5875.6598,5835.0378,5740.8417,432.13697,1.6966378
2956000.0,1899.4783,5818.36,3978.9886,251.90946,106.89119,106.89119,106.89119,5922.4997,5778.547,5754.0333,432.3174,1.6966378
2957000.0,1848.6828,5774.2669,3942.4642,249.5971,106.89119,106.89119,106.89119,5834.324,5768.2882,5720.1885,432.74095,1.6966378
2958000.0,1769.5616,5773.6628,3865.1027,244.69935,106.89119,106.89119,106.89119,5796.9001,5777.454,5746.6344,432.07913,1.6966378
2959000.0,1906.3869,5821.324,4010.1779,253.88405,106.89119,106.89119,106.89119,5850.2433,5851.739,5761.9898,421.11339,1.6966378
2960000.0,1959.7027,5829.6045,4014.6798,254.16907,106.89119,106.89119,106.89119,5885.6837,5821.3255,5781.8044,411.58688,1.6966378
2961000.0,1881.2294,5820.3003,3889.8427,246.26564,106.89119,106.89119,106.89119,5879.4409,5809.7427,5771.7173,437.83419,1.6966378
2962000.0,1880.5765,5812.2346,4011.5838,253.97306,106.89119,106.89119,106.89119,5868.3346,5783.3872,5784.982,439.53244,1.6966378
2963000.0,1936.0206,5833.7066,3960.3411,250.72888,106.89119,106.89119,106.89119,5853.5085,5787.9969,5859.6145,427.67404,1.6966378
2964000.0,1929.7316,5827.363,3909.5645,247.51423,106.89119,106.89119,106.89119,5855.7432,5871.3308,5755.015,423.55132,1.6966378
2965000.0,1903.4424,5797.4354,3945.7341,249.80412,106.89119,106.89119,106.89119,5838.5808,5784.6186,5769.1069,422.47054,1.6966378
2966000.0,1829.3061,5787.1489,3943.4744,249.66106,106.89119,106.89119,106.89119,5855.0901,5784.4768,5721.8798,421.0988,1.6966378
2967000.0,1952.9758,5837.6068,3924.7739,248.47713,106.89119,106.89119,106.89119,5863.6155,5880.6399,5768.5649,427.81443,1.6966378
2968000.0,1886.1211,5796.8599,3982.6909,252.14385,106.89119,106.89119,106.89119,5799.6388,5828.0931,5762.8478,426.45578,1.6966378
2969000.0,1886.4092,5819.6494,3925.1489,248.50087,106.89119,106.89119,106.89119,5823.7899,5829.0046,5806.1539,432.11107,1.6966378
2970000.0,1788.3395,5788.108,3923.5908,248.40222,106.89119,106.89119,106.89119,5756.5838,5828.687,5779.0531,439.96473,1.6966378
2971000.0,1922.1274,5817.1505,3951.0951,250.14352,106.89119,106.89119,106.89119,5841.1933,5841.5926,5768.6655,429.9137,1.6966378
2972000.0,1883.1339,5803.8841,3920.6671,248.21713,106.89119,106.89119,106.89119,5795.0184,5804.4623,5812.1714,435.54482,1.6966378
2973000.0,1986.7264,5813.4111,3884.2087,245.90895,106.89119,106.89119,106.89119,5807.1101,5793.2638,5839.8596,433.56087,1.6966378
2974000.0,1923.1103,5825.2841,3939.4403,249.40566,106.89119,106.89119,106.89119,5887.4933,5821.8176,5766.5414,434.14426,1.6966378
2975000.0,1901.5692,5826.6907,3944.6058,249.73268,106.89119,106.89119,106.89119,5852.3106,5854.1804,5773.5809,432.49241,1.6966378
2976000.0,1905.6296,5823.3584,3960.9543,250.76771,106.89119,106.89119,106.89119,5783.9363,5828.4146,5857.7241,430.94753,1.6966378
2977000.0,1928.9056,5825.8795,3925.4302,248.51868,106.89119,106.89119,106.89119,5826.8852,5797.2413,5853.5119,422.3088,1.6966378
2978000.0,1889.4999,5834.1204,3905.5115,247.25763,106.89119,106.89119,106.89119,5839.9334,5841.988,5820.4398,434.2261,1.6966378
2979000.0,1851.1068,5802.0655,3951.1409,250.14643,106.89119,106.89119,106.89119,5847.9375,5805.4437,5752.8155,425.57925,1.6966378
2980000.0,1914.8502,5799.29,3982.1472,252.10943,106.89119,106.89119,106.89119,5852.6946,5768.3931,5776.7823,433.56349,1.6966378
2981000.0,1907.9969,5820.2344,3961.1308,250.77888,106.89119,106.89119,106.89119,5821.3111,5806.31,5833.0821,430.69023,1.6966378
2982000.0,1910.4528,5832.9902,3989.3797,252.56732,106.89119,106.89119,106.89119,5872.4941,5840.3971,5786.0794,430.7152,1.6966378
2983000.0,1883.2839,5784.0771,3906.3842,247.31288,106.89119,106.89119,106.89119,5797.2692,5726.1401,5828.822,429.43791,1.6966378
2984000.0,1876.9825,5806.7469,3953.3029,250.2833,106.89119,106.89119,106.89119,5877.2576,5794.6193,5748.3639,428.29509,1.6966378
2985000.0,1915.7621,5809.2548,3893.8453,246.51904,106.89119,106.89119,106.89119,5837.7215,5791.8301,5798.2129,423.24872,1.6966378
2986000.0,1849.1336,5797.2873,3952.1572,250.21076,106.89119,106.89119,106.89119,5840.5783,5806.714,5744.5696,427.87645,1.6966378
2987000.0,1908.7256,5800.6325,3962.4486,250.86231,106.89119,106.89119,106.89119,5839.0341,5771.1041,5791.7592,428.47046,1.6966378
2988000.0,1883.727,5817.7261,3983.6883,252.20699,106.89119,106.89119,106.89119,5828.4521,5840.7488,5783.9773,427.63997,1.6966378
2989000.0,1863.9265,5816.4767,3928.6492,248.72248,106.89119,106.89119,106.89119,5814.1898,5827.31,5807.9303,428.23453,1.6966378
2990000.0,1879.4705,5822.6242,4009.0485,253.81255,106.89119,106.89119,106.89119,5863.1019,5817.7988,5786.972,425.43343,1.6966378
2991000.0,1942.4227,5845.321,3949.2309,250.0255,106.89119,106.89119,106.89119,5891.9418,5836.6932,5807.328,432.15287,1.6966378
2992000.0,1944.8052,5826.1871,3957.7874,250.56721,106.89119,106.89119,106.89119,5829.9582,5874.9681,5773.6351,420.01057,1.6966378
2993000.0,1794.3784,5778.5752,3974.6382,251.63403,106.89119,106.89119,106.89119,5824.751,5796.0551,5714.9194,428.59949,1.6966378
2994000.0,1848.7524,5806.9966,4041.8168,255.88711,106.89119,106.89119,106.89119,5829.1778,5821.8751,5769.9368,424.24371,1.6966378
2995000.0,1941.8826,5816.6282,3895.8807,246.64791,106.89119,106.89119,106.89119,5854.0149,5814.8885,5780.981,419.90826,1.6966378
2996000.0,1864.5088,5804.9761,3987.9108,252.47432,106.89119,106.89119,106.89119,5849.548,5782.1783,5783.202,429.04581,1.6966378
2997000.0,1993.4719,5851.4634,4027.9065,255.00645,106.89119,106.89119,106.89119,5866.8237,5852.4987,5835.0678,419.37685,1.6966378
2998000.0,1848.1697,5797.9332,3859.9077,244.37046,106.89119,106.89119,106.89119,5810.0907,5807.7614,5775.9474,429.35603,1.6966378
2999000.0,1837.6326,5822.5199,3931.3944,248.89628,106.89119,106.89119,106.89119,5833.1416,5849.506,5784.9122,423.07597,1.6966378
3000000.0,1855.0295,5787.1383,3887.6506,246.12686,106.89119,106.89119,106.89119,5828.6784,5766.4122,5766.3242,418.0393,1.6966378
3001000.0,1916.0088,5833.5638,4001.4671,253.33257,106.89119,106.89119,106.89119,5875.1355,5810.4477,5815.1082,410.11959,1.6966378
3002000.0,1886.8066,5823.0466,3983.9542,252.22383,106.89119,106.89119,106.89119,5879.3671,5818.8312,5770.9417,430.4205,1.6966378
3002971.0,1880.2117,5807.8696,3856.7554,244.17089,106.89119,106.89119,106.89119,5895.5288,5808.1913,5719.8886,427.74747,1.6966378
