Step,PotEng,Press,KinEng,Temp,Lx,Ly,Lz,Pxx,Pyy,Pzz,SPCPU,Density
5002971.0,1738.6666,5816.4525,4029.6099,255.11429,106.89119,106.89119,106.89119,5831.4134,5858.1682,5759.7758,0.0,1.6966378
5003000.0,1783.7224,5783.2708,3937.9512,249.31138,106.89119,106.89119,106.89119,5849.4914,5793.1302,5707.191,238.3756,1.6966378
5004000.0,1806.2487,5795.9539,3899.9556,246.90588,106.89119,106.89119,106.89119,5844.2212,5796.8302,5746.8103,346.88146,1.6966378
5005000.0,1750.6045,5787.691,3998.5555,253.14824,106.89119,106.89119,106.89119,5837.3252,5782.2563,5743.4916,326.32255,1.6966378
5006000.0,1795.5473,5801.1141,3888.4571,246.17792,106.89119,106.89119,106.89119,5828.8003,5801.0225,5773.5197,339.33989,1.6966378
5007000.0,1685.9172,5770.1412,4010.7913,253.92289,106.89119,106.89119,106.89119,5751.443,5801.026,5757.9545,344.49366,1.6966378
5008000.0,1748.9865,5791.7901,3989.3236,252.56377,106.89119,106.89119,106.89119,5843.1636,5763.065,5769.1418,350.35859,1.6966378
5009000.0,1789.8334,5803.4273,3967.0709,251.15495,106.89119,106.89119,106.89119,5855.897,5784.9325,5769.4524,367.45754,1.6966378
5010000.0,1740.9208,5783.6388,3923.1438,248.37393,106.89119,106.89119,106.89119,5825.613,5816.6574,5708.6461,406.97272,1.6966378
5011000.0,1723.8761,5812.6463,3890.0255,246.27721,106.89119,106.89119,106.89119,5848.3037,5745.9393,5843.6959,422.20573,1.6966378
5012000.0,1729.8396,5790.4953,3936.7025,249.23233,106.89119,106.89119,106.89119,5818.2697,5794.266,5758.9501,424.6969,1.6966378
5013000.0,1741.8145,5791.4477,3949.3988,250.03613,106.89119,106.89119,106.89119,5868.3693,5790.2439,5715.73,479.49683,1.6966378
5014000.0,1801.9768,5809.207,4002.5017,253.39807,106.89119,106.89119,106.89119,5885.9657,5801.6571,5739.9981,480.32994,1.6966378
5015000.0,1636.2175,5767.3868,3962.1431,250.84297,106.89119,106.89119,106.89119,5793.8678,5770.0442,5738.2484,473.90918,1.6966378
5016000.0,1717.1333,5790.7221,3875.0435,245.3287,106.89119,106.89119,106.89119,5822.4439,5766.2382,5783.4842,366.79665,1.6966378
5017000.0,1845.178,5836.3151,3978.6376,251.88724,106.89119,106.89119,106.89119,5903.6097,5812.8978,5792.4378,370.02663,1.6966378
5018000.0,1706.5937,5788.0856,3932.3267,248.9553,106.89119,106.89119,106.89119,5836.0499,5767.6638,5760.5431,360.06242,1.6966378
5019000.0,1751.8246,5803.6411,3941.3568,249.52699,106.89119,106.89119,106.89119,5863.6467,5800.7882,5746.4883,395.40987,1.6966378
5020000.0,1731.4801,5790.0757,3892.128,246.41032,106.89119,106.89119,106.89119,5811.9967,5764.0671,5794.1634,415.36822,1.6966378
5021000.0,1766.2152,5779.342,3943.0584,249.63472,106.89119,106.89119,106.89119,5812.3869,5807.8706,5717.7684,412.61327,1.6966378
5022000.0,1716.7421,5780.4579,3965.9577,251.08447,106.89119,106.89119,106.89119,5835.784,5741.5119,5764.0779,374.82997,1.6966378
5023000.0,1780.8797,5810.7383,3973.8984,251.5872,106.89119,106.89119,106.89119,5910.4325,5762.277,5759.5054,392.19282,1.6966378
5024000.0,1702.7831,5777.9088,3825.2846,242.17847,106.89119,106.89119,106.89119,5848.0735,5721.5622,5764.0907,390.03466,1.6966378
5025000.0,1710.3868,5788.5606,3960.5948,250.74495,106.89119,106.89119,106.89119,5855.9363,5757.0283,5752.7172,392.52522,1.6966378
5026000.0,1748.8054,5800.2618,3959.7408,250.69088,106.89119,106.89119,106.89119,5828.1568,5757.3555,5815.273,442.9565,1.6966378
5027000.0,1693.3328,5791.9779,3974.1885,251.60556,106.89119,106.89119,106.89119,5858.9477,5774.085,5742.9011,447.17601,1.6966378
5028000.0,1805.0639,5784.6905,3992.3764,252.75704,106.89119,106.89119,106.89119,5834.4843,5752.6555,5766.9318,438.42,1.6966378
5029000.0,1717.6338,5787.96,3913.6455,247.77259,106.89119,106.89119,106.89119,5832.7348,5785.1675,5745.9777,330.45733,1.6966378
5030000.0,1668.3921,5781.6856,3960.325,250.72787,106.89119,106.89119,106.89119,5811.7224,5792.3838,5740.9507,375.56757,1.6966378
5031000.0,1755.3706,5800.431,3989.1515,252.55287,106.89119,106.89119,106.89119,5901.9089,5717.9175,5781.4665,383.95602,1.6966378
5032000.0,1717.4056,5793.6479,4015.4093,254.21525,106.89119,106.89119,106.89119,5842.0724,5781.5739,5757.2975,411.11886,1.6966378
5033000.0,1747.4871,5781.3396,3976.117,251.72766,106.89119,106.89119,106.89119,5906.149,5764.247,5673.6228,436.21762,1.6966378
5034000.0,1774.1197,5823.5125,3963.2506,250.91308,106.89119,106.89119,106.89119,5812.7361,5842.8549,5814.9465,435.83147,1.6966378
5035000.0,1772.8671,5804.2092,3967.9185,251.20861,106.89119,106.89119,106.89119,5830.0859,5753.5637,5828.978,411.4176,1.6966378
5036000.0,1810.7659,5817.5691,3994.1128,252.86697,106.89119,106.89119,106.89119,5842.4824,5806.5728,5803.6522,392.1253,1.6966378
5037000.0,1779.1002,5812.1062,3938.0471,249.31746,106.89119,106.89119,106.89119,5889.8563,5800.9288,5745.5335,387.5839,1.6966378
5038000.0,1776.0639,5808.274,3982.5906,252.1375,106.89119,106.89119,106.89119,5857.8255,5815.1143,5751.8822,359.99185,1.6966378
5039000.0,1731.1755,5766.9445,3939.2862,249.3959,106.89119,106.89119,106.89119,5841.2844,5727.6684,5731.8805,395.52168,1.6966378
5040000.0,1805.7252,5809.9457,3898.6947,246.82605,106.89119,106.89119,106.89119,5817.7533,5835.3961,5776.6875,416.55786,1.6966378
5041000.0,1848.1531,5821.648,3837.1287,242.92832,106.89119,106.89119,106.89119,5892.52,5821.5288,5750.8952,428.22722,1.6966378
5042000.0,1807.3535,5795.8216,3903.4913,247.12973,106.89119,106.89119,106.89119,5842.8262,5808.6741,5735.9644,373.88378,1.6966378
5043000.0,1729.7378,5769.9358,3969.706,251.32178,106.89119,106.89119,106.89119,5803.3682,5768.1622,5738.277,387.15643,1.6966378
5044000.0,1812.213,5817.4926,3971.6744,251.44639,106.89119,106.89119,106.89119,5847.0876,5807.621,5797.7694,388.0028,1.6966378
5045000.0,1718.6343,5792.5886,3956.1416,250.46302,106.89119,106.89119,106.89119,5808.1521,5801.6527,5767.9611,391.28245,1.6966378
5046000.0,1725.0804,5796.0006,3989.3143,252.56318,106.89119,106.89119,106.89119,5825.1116,5815.5271,5747.3631,445.16711,1.6966378
5047000.0,1761.8279,5795.7501,3969.825,251.32931,106.89119,106.89119,106.89119,5831.7724,5794.2391,5761.2389,462.3471,1.6966378
5048000.0,1750.1282,5788.8535,3901.4049,246.99764,106.89119,106.89119,106.89119,5793.3531,5800.8009,5772.4065,441.5891,1.6966378
5049000.0,1724.8416,5755.9442,3926.6191,248.59395,106.89119,106.89119,106.89119,5775.4476,5757.0617,5735.3235,390.85425,1.6966378
5050000.0,1786.7283,5815.2411,4008.8321,253.79885,106.89119,106.89119,106.89119,5795.4852,5876.2096,5774.0284,388.05055,1.6966378
5051000.0,1708.575,5789.2439,3971.6484,251.44475,106.89119,106.89119,106.89119,5842.4152,5805.2062,5720.1104,376.47643,1.6966378
5052000.0,1828.9312,5819.0681,3921.5439,248.27264,106.89119,106.89119,106.89119,5832.1014,5853.6507,5771.4522,383.76384,1.6966378
5053000.0,1776.7587,5809.3362,3971.4215,251.43039,106.89119,106.89119,106.89119,5901.19,5827.203,5699.6156,475.05228,1.6966378
5054000.0,1707.9285,5756.8926,3945.7795,249.807,106.89119,106.89119,106.89119,5752.5296,5740.7145,5777.4338,482.75123,1.6966378
5055000.0,1673.437,5777.1749,3953.9063,250.3215,106.89119,106.89119,106.89119,5888.5159,5724.0326,5718.9763,486.46774,1.6966378
5056000.0,1812.9618,5810.918,3915.2789,247.876,106.89119,106.89119,106.89119,5840.1165,5822.5922,5770.0454,411.75961,1.6966378
5057000.0,1775.0367,5813.7541,3954.4832,250.35802,106.89119,106.89119,106.89119,5876.6657,5799.0363,5765.5602,397.57217,1.6966378
5058000.0,1731.919,5791.6878,4029.801,255.12639,106.89119,106.89119,106.89119,5809.2953,5814.0163,5751.7517,382.48695,1.6966378
5059000.0,1654.8479,5783.3245,4039.2152,255.7224,106.89119,106.89119,106.89119,5828.7768,5774.5444,5746.6522,379.34923,1.6966378
5060000.0,1764.6601,5816.3098,4032.7122,255.3107,106.89119,106.89119,106.89119,5844.9712,5774.1758,5829.7824,434.87134,1.6966378
5061000.0,1744.9904,5768.2584,3969.4091,251.30298,106.89119,106.89119,106.89119,5816.7089,5785.9668,5702.0994,445.23595,1.6966378
5062000.0,1749.5028,5782.9554,3963.5072,250.92933,106.89119,106.89119,106.89119,5844.1362,5801.2575,5703.4725,410.80097,1.6966378
5063000.0,1798.0361,5818.4004,3915.2848,247.87637,106.89119,106.89119,106.89119,5825.0688,5841.3213,5788.8113,373.90563,1.6966378
5064000.0,1707.8575,5793.9886,3926.8131,248.60623,106.89119,106.89119,106.89119,5809.8999,5837.9196,5734.1464,381.30908,1.6966378
5065000.0,1721.0332,5784.6903,3909.7339,247.52495,106.89119,106.89119,106.89119,5847.7534,5762.5491,5743.7685,372.81802,1.6966378
5066000.0,1788.8012,5842.7388,3938.5148,249.34707,106.89119,106.89119,106.89119,5894.3449,5826.9601,5806.9115,366.56347,1.6966378
5067000.0,1816.6321,5810.8043,3956.5496,250.48885,106.89119,106.89119,106.89119,5825.6419,5803.5625,5803.2085,423.85114,1.6966378
5068000.0,1781.8176,5810.1566,3945.0718,249.76219,106.89119,106.89119,106.89119,5833.4627,5827.7309,5769.2762,420.70675,1.6966378
5069000.0,1746.2526,5787.4683,3974.9877,251.65616,106.89119,106.89119,106.89119,5825.1432,5809.7794,5727.4823,402.78975,1.6966378
5070000.0,1790.0351,5818.7403,3963.2097,250.9105,106.89119,106.89119,106.89119,5835.1596,5849.4792,5771.5823,363.2791,1.6966378
5071000.0,1692.8428,5782.1589,3952.4655,250.23028,106.89119,106.89119,106.89119,5799.0262,5804.7628,5742.6876,392.44387,1.6966378
5072000.0,1745.8008,5796.2895,3956.2649,250.47082,106.89119,106.89119,106.89119,5877.4697,5819.4275,5691.9713,388.44924,1.6966378
5073000.0,1812.5341,5820.5213,4021.7687,254.61786,106.89119,106.89119,106.89119,5882.6793,5808.0583,5770.8265,409.22649,1.6966378
5074000.0,1696.591,5770.9488,3974.9845,251.65596,106.89119,106.89119,106.89119,5840.97,5787.2258,5684.6506,440.86823,1.6966378
5075000.0,1741.1604,5804.3041,3950.4147,250.10044,106.89119,106.89119,106.89119,5892.3754,5781.3313,5739.2056,439.90728,1.6966378
5076000.0,1765.7966,5826.8344,3939.4075,249.40358,106.89119,106.89119,106.89119,5883.5177,5798.5962,5798.3893,431.12788,1.6966378
5077000.0,1698.6815,5765.2033,3951.7077,250.1823,106.89119,106.89119,106.89119,5763.2936,5793.7666,5738.5496,359.84633,1.6966378
5078000.0,1688.3391,5770.827,3936.9093,249.24542,106.89119,106.89119,106.89119,5818.1176,5766.0347,5728.3287,385.60497,1.6966378
5079000.0,1706.1872,5790.345,3947.2426,249.89962,106.89119,106.89119,106.89119,5835.2058,5742.6391,5793.1903,387.48845,1.6966378
5080000.0,1748.1842,5806.0908,3919.2233,248.12572,106.89119,106.89119,106.89119,5851.1859,5816.0457,5751.0407,411.27454,1.6966378
5081000.0,1690.7965,5758.4523,3969.7038,251.32164,106.89119,106.89119,106.89119,5810.0387,5703.6595,5761.6588,448.41974,1.6966378
5082000.0,1690.7304,5778.7586,3923.5199,248.39774,106.89119,106.89119,106.89119,5847.6832,5695.1131,5793.4794,451.0583,1.6966378
5083000.0,1711.7114,5800.3204,4006.9453,253.67939,106.89119,106.89119,106.89119,5850.2652,5818.9125,5731.7834,454.28339,1.6966378
5084000.0,1754.7298,5760.4547,3909.4956,247.50986,106.89119,106.89119,106.89119,5837.0747,5767.2481,5677.0413,355.13309,1.6966378
5085000.0,1748.1227,5771.2392,3917.821,248.03694,106.89119,106.89119,106.89119,5814.9008,5703.1066,5795.7103,375.14268,1.6966378
5086000.0,1756.2886,5797.2268,3889.2432,246.22768,106.89119,106.89119,106.89119,5897.756,5758.6092,5735.3153,376.83411,1.6966378
5087000.0,1728.7636,5804.5852,3960.2804,250.72505,106.89119,106.89119,106.89119,5906.2207,5788.6746,5718.8602,411.35916,1.6966378
5088000.0,1801.6606,5811.8418,4001.4339,253.33047,106.89119,106.89119,106.89119,5877.9972,5773.7133,5783.8148,446.90525,1.6966378
5089000.0,1688.0873,5792.1672,3953.7588,250.31216,106.89119,106.89119,106.89119,5882.1268,5731.2384,5763.1366,451.09487,1.6966378
5090000.0,1719.5173,5789.7814,3936.4248,249.21475,106.89119,106.89119,106.89119,5856.4766,5727.7825,5785.085,449.18319,1.6966378
5091000.0,1808.8003,5805.7415,3973.5984,251.56821,106.89119,106.89119,106.89119,5857.2756,5780.7587,5779.1902,369.51248,1.6966378
5092000.0,1761.7189,5786.3063,3860.5923,244.4138,106.89119,106.89119,106.89119,5851.8711,5693.3056,5813.7421,398.03804,1.6966378
5093000.0,1780.1905,5776.7208,3975.6465,251.69787,106.89119,106.89119,106.89119,5817.0978,5740.1528,5772.9117,392.62379,1.6966378
5094000.0,1786.7107,5799.411,3955.2865,250.40888,106.89119,106.89119,106.89119,5885.9261,5783.5406,5728.7664,404.22668,1.6966378
5095000.0,1754.5995,5817.308,4018.0987,254.38551,106.89119,106.89119,106.89119,5898.5911,5817.0925,5736.2406,454.26324,1.6966378
5096000.0,1740.3271,5791.639,4013.7554,254.11054,106.89119,106.89119,106.89119,5896.634,5729.4802,5748.8029,457.77542,1.6966378
5097000.0,1736.742,5783.6357,3891.381,246.36303,106.89119,106.89119,106.89119,5826.0144,5778.3547,5746.538,457.56757,1.6966378
5098000.0,1713.9667,5777.4571,3932.8736,248.98992,106.89119,106.89119,106.89119,5852.0921,5728.3314,5751.9477,387.46563,1.6966378
5099000.0,1810.3802,5782.7003,3875.3403,245.34749,106.89119,106.89119,106.89119,5854.4646,5762.0791,5731.5573,369.16907,1.6966378
5100000.0,1709.1808,5786.2234,3973.6643,251.57238,106.89119,106.89119,106.89119,5870.3322,5744.4582,5743.8797,377.46459,1.6966378
5101000.0,1813.8435,5828.6914,4054.7163,256.70377,106.89119,106.89119,106.89119,5851.9635,5782.3176,5851.793,380.99656,1.6966378
5102000.0,1671.4249,5803.0241,3905.3549,247.24771,106.89119,106.89119,106.89119,5889.2885,5756.0178,5763.766,422.2895,1.6966378
5103000.0,1759.0681,5766.259,3890.2723,246.29284,106.89119,106.89119,106.89119,5814.587,5766.1038,5718.0863,427.921,1.6966378
5104000.0,1726.7487,5780.7264,3915.8941,247.91495,106.89119,106.89119,106.89119,5845.6957,5797.4812,5699.0023,436.09394,1.6966378
5105000.0,1818.8121,5797.1762,3940.0909,249.44685,106.89119,106.89119,106.89119,5815.9542,5764.5521,5811.0224,371.58828,1.6966378
5106000.0,1737.0347,5794.3968,3964.2287,250.97501,106.89119,106.89119,106.89119,5853.5422,5719.4995,5810.1489,405.15049,1.6966378
5107000.0,1686.6984,5767.5557,3964.4178,250.98698,106.89119,106.89119,106.89119,5795.5757,5789.4612,5717.6302,410.01756,1.6966378
5108000.0,1632.9828,5763.3569,4005.533,253.58998,106.89119,106.89119,106.89119,5838.4369,5773.294,5678.34,408.19768,1.6966378
5109000.0,1748.7772,5816.5231,3996.9999,253.04975,106.89119,106.89119,106.89119,5902.4032,5799.331,5747.8351,457.42759,1.6966378
5110000.0,1721.7732,5801.4224,3940.9398,249.50059,106.89119,106.89119,106.89119,5820.2697,5841.9571,5742.0405,420.81262,1.6966378
5111000.0,1781.2641,5801.8074,4001.72,253.34858,106.89119,106.89119,106.89119,5878.6154,5747.1926,5779.6141,427.34408,1.6966378
5112000.0,1732.785,5790.1395,3934.9021,249.11835,106.89119,106.89119,106.89119,5827.5939,5784.7886,5758.0359,384.83496,1.6966378
5113000.0,1736.5897,5808.0989,3907.1185,247.35937,106.89119,106.89119,106.89119,5868.6982,5747.0482,5808.5503,401.48047,1.6966378
5114000.0,1784.4637,5805.4369,3914.7877,247.8449,106.89119,106.89119,106.89119,5819.0484,5823.0524,5774.21,401.21976,1.6966378
5115000.0,1735.132,5774.7265,3993.5975,252.83435,106.89119,106.89119,106.89119,5858.3298,5754.9584,5710.8914,397.79118,1.6966378
5116000.0,1808.8175,5805.3491,3907.7066,247.3966,106.89119,106.89119,106.89119,5895.2632,5765.8731,5754.911,455.34914,1.6966378
5117000.0,1707.1682,5788.9502,4004.5047,253.52488,106.89119,106.89119,106.89119,5849.8222,5764.9673,5752.0611,461.38567,1.6966378
5118000.0,1738.5104,5807.1125,3886.0911,246.02813,106.89119,106.89119,106.89119,5872.3237,5765.118,5783.8957,464.26017,1.6966378
5119000.0,1730.9103,5783.2403,3970.3794,251.36441,106.89119,106.89119,106.89119,5851.0083,5759.6767,5739.0361,395.21218,1.6966378
5120000.0,1757.9315,5800.9385,3958.5127,250.61313,106.89119,106.89119,106.89119,5839.1705,5784.3884,5779.2566,387.91274,1.6966378
5121000.0,1712.0427,5812.2481,3934.5979,249.09909,106.89119,106.89119,106.89119,5855.5499,5787.1229,5794.0716,376.46995,1.6966378
5122000.0,1710.7603,5808.3825,3965.4598,251.05295,106.89119,106.89119,106.89119,5897.546,5802.9186,5724.6829,364.98521,1.6966378
5123000.0,1791.2785,5811.77,4003.3468,253.45158,106.89119,106.89119,106.89119,5809.5134,5840.6857,5785.1109,438.51191,1.6966378
5124000.0,1677.9246,5767.9422,3908.9997,247.47847,106.89119,106.89119,106.89119,5779.6729,5764.9191,5759.2347,402.48182,1.6966378
5125000.0,1736.2884,5819.2724,3983.2825,252.1813,106.89119,106.89119,106.89119,5854.0184,5805.4237,5798.3751,412.66105,1.6966378
5126000.0,1689.7401,5758.4747,3925.8715,248.54662,106.89119,106.89119,106.89119,5863.8796,5731.8445,5679.6999,353.60798,1.6966378
5127000.0,1787.4528,5807.1202,3915.5829,247.89525,106.89119,106.89119,106.89119,5874.2726,5782.5318,5764.5561,373.75629,1.6966378
5128000.0,1767.9662,5802.4183,3973.8893,251.58662,106.89119,106.89119,106.89119,5860.7032,5796.5362,5750.0155,376.25094,1.6966378
5129000.0,1765.8761,5797.0467,3873.0563,245.20289,106.89119,106.89119,106.89119,5844.6886,5826.4971,5719.9544,386.27149,1.6966378
5130000.0,1720.3982,5804.5423,3940.3598,249.46387,106.89119,106.89119,106.89119,5846.8957,5815.1488,5751.5825,440.05347,1.6966378
5131000.0,1791.9196,5789.9899,3930.438,248.83572,106.89119,106.89119,106.89119,5808.8966,5764.4775,5796.5956,448.9576,1.6966378
5132000.0,1722.407,5786.157,3957.7634,250.5657,106.89119,106.89119,106.89119,5799.0883,5784.2979,5775.0849,410.28444,1.6966378
5133000.0,1705.3443,5790.8018,3952.708,250.24564,106.89119,106.89119,106.89119,5784.4311,5815.3863,5772.588,321.06779,1.6966378
5134000.0,1760.6916,5810.5978,3929.096,248.75076,106.89119,106.89119,106.89119,5865.8035,5781.9236,5784.0663,336.02857,1.6966378
5135000.0,1811.3885,5822.2223,3942.0814,249.57287,106.89119,106.89119,106.89119,5851.7402,5827.393,5787.5338,333.88487,1.6966378
5136000.0,1721.0486,5768.8939,3944.531,249.72795,106.89119,106.89119,106.89119,5846.5155,5757.5831,5702.5831,337.48127,1.6966378
5137000.0,1770.629,5780.7656,3858.7216,244.29536,106.89119,106.89119,106.89119,5783.5523,5832.2833,5726.4613,345.82845,1.6966378
5138000.0,1794.0984,5814.8734,3955.7581,250.43873,106.89119,106.89119,106.89119,5845.9072,5790.921,5807.792,364.56429,1.6966378
5139000.0,1751.2487,5806.4069,3906.4045,247.31416,106.89119,106.89119,106.89119,5875.4501,5751.1156,5792.6548,354.22579,1.6966378
5140000.0,1778.8613,5795.5577,4029.7907,255.12574,106.89119,106.89119,106.89119,5866.9834,5746.4382,5773.2516,362.65016,1.6966378
5141000.0,1693.4882,5810.9828,3900.3228,246.92913,106.89119,106.89119,106.89119,5885.5352,5737.3958,5810.0175,378.81332,1.6966378
5142000.0,1740.2113,5819.5141,4013.9934,254.12561,106.89119,106.89119,106.89119,5866.982,5854.7756,5736.7848,381.86269,1.6966378
5143000.0,1754.5798,5769.7805,3998.4635,253.14241,106.89119,106.89119,106.89119,5815.4136,5752.1268,5741.8011,382.35828,1.6966378
5144000.0,1780.6929,5797.8856,3968.1895,251.22577,106.89119,106.89119,106.89119,5842.6211,5816.6788,5734.3568,380.98616,1.6966378
5145000.0,1708.7407,5802.2914,4024.6609,254.80097,106.89119,106.89119,106.89119,5879.2319,5780.4985,5747.1439,341.43823,1.6966378
5146000.0,1809.6353,5819.1589,3998.4998,253.14471,106.89119,106.89119,106.89119,5892.8212,5733.7066,5830.9488,346.34934,1.6966378
5147000.0,1755.5154,5808.8512,3893.4282,246.49263,106.89119,106.89119,106.89119,5867.5162,5774.9867,5784.0508,346.62741,1.6966378
5148000.0,1767.4239,5796.4208,3901.385,246.99638,106.89119,106.89119,106.89119,5836.2472,5824.1762,5728.839,351.71738,1.6966378
5149000.0,1698.8201,5778.4655,3937.0027,249.25134,106.89119,106.89119,106.89119,5863.6832,5762.9937,5708.7195,338.39279,1.6966378
5150000.0,1685.6006,5764.5404,3953.7114,250.30916,106.89119,106.89119,106.89119,5823.7387,5728.1174,5741.7651,350.27106,1.6966378
5151000.0,1778.5006,5803.3711,3981.5475,252.07146,106.89119,106.89119,106.89119,5823.3197,5820.9784,5765.8152,348.22287,1.6966378
5152000.0,1748.018,5813.2152,3993.4606,252.82568,106.89119,106.89119,106.89119,5848.1566,5802.3338,5789.1551,347.8131,1.6966378
5153000.0,1790.665,5807.4886,3957.3534,250.53973,106.89119,106.89119,106.89119,5834.0796,5789.8745,5798.5116,349.26651,1.6966378
5154000.0,1768.6067,5805.7862,3944.8285,249.74679,106.89119,106.89119,106.89119,5862.4748,5784.5358,5770.3481,353.52905,1.6966378
5155000.0,1733.5152,5780.5002,3899.6564,246.88694,106.89119,106.89119,106.89119,5787.9302,5743.2534,5810.3169,383.55989,1.6966378
5156000.0,1709.027,5774.6828,3890.202,246.28838,106.89119,106.89119,106.89119,5884.2079,5708.2923,5731.5483,403.73156,1.6966378
5157000.0,1833.4113,5834.4279,3853.0,243.93313,106.89119,106.89119,106.89119,5873.4434,5792.083,5837.7573,404.05975,1.6966378
5158000.0,1806.6096,5812.2393,3958.3833,250.60494,106.89119,106.89119,106.89119,5834.4862,5775.338,5826.8938,438.54092,1.6966378
5159000.0,1754.0552,5811.2635,3923.7674,248.41341,106.89119,106.89119,106.89119,5883.2935,5762.5912,5787.9058,468.79715,1.6966378
5160000.0,1728.9211,5799.5753,3966.7715,251.13599,106.89119,106.89119,106.89119,5859.6831,5737.5892,5801.4537,469.95847,1.6966378
5161000.0,1743.898,5807.8733,3964.8172,251.01227,106.89119,106.89119,106.89119,5881.4491,5777.1861,5764.9847,425.57928,1.6966378
5162000.0,1613.2738,5750.3472,3956.4172,250.48046,106.89119,106.89119,106.89119,5763.1438,5764.1443,5723.7535,369.68702,1.6966378
5163000.0,1782.3409,5810.4531,4006.9544,253.67997,106.89119,106.89119,106.89119,5840.0193,5795.7406,5795.5994,376.16264,1.6966378
5164000.0,1790.2978,5843.9655,4061.1386,257.11037,106.89119,106.89119,106.89119,5909.7357,5763.8423,5858.3184,371.34866,1.6966378
5165000.0,1771.4528,5810.9456,3937.9938,249.31408,106.89119,106.89119,106.89119,5809.7455,5807.2247,5815.8665,401.02804,1.6966378
5166000.0,1767.2898,5818.3859,3884.2159,245.9094,106.89119,106.89119,106.89119,5897.1671,5765.1527,5792.8379,420.34276,1.6966378
5167000.0,1731.1383,5792.8739,4016.4017,254.27808,106.89119,106.89119,106.89119,5837.8232,5777.179,5763.6195,438.50643,1.6966378
5168000.0,1728.2118,5779.7182,3978.8763,251.90235,106.89119,106.89119,106.89119,5797.043,5793.922,5748.1896,401.91642,1.6966378
5169000.0,1730.806,5811.71,3914.1154,247.80234,106.89119,106.89119,106.89119,5834.835,5823.0674,5777.2276,381.53146,1.6966378
5170000.0,1714.6713,5787.6882,3945.7301,249.80387,106.89119,106.89119,106.89119,5785.3625,5797.2639,5780.4384,385.14325,1.6966378
5171000.0,1695.5374,5789.0168,3972.4916,251.49814,106.89119,106.89119,106.89119,5853.9894,5739.9164,5773.1446,385.88356,1.6966378
5172000.0,1768.2461,5779.5032,4039.0967,255.7149,106.89119,106.89119,106.89119,5849.1057,5767.0526,5722.3513,418.75788,1.6966378
5173000.0,1683.4867,5775.1756,3967.3873,251.17498,106.89119,106.89119,106.89119,5795.6354,5687.5851,5842.3062,434.50373,1.6966378
5174000.0,1783.011,5802.6491,3967.9435,251.21019,106.89119,106.89119,106.89119,5857.5199,5802.5047,5747.9229,425.38318,1.6966378
5175000.0,1724.0121,5786.8254,3901.0915,246.9778,106.89119,106.89119,106.89119,5881.9643,5746.3172,5732.1946,386.21208,1.6966378
5176000.0,1702.423,5779.2287,3928.7644,248.72977,106.89119,106.89119,106.89119,5812.5869,5789.8564,5735.2429,399.31824,1.6966378
5177000.0,1697.2391,5774.2245,3939.7516,249.42537,106.89119,106.89119,106.89119,5808.3639,5792.0524,5722.2574,388.07182,1.6966378
5178000.0,1732.484,5791.9453,4007.3237,253.70335,106.89119,106.89119,106.89119,5795.6399,5769.2217,5810.9742,384.8532,1.6966378
5179000.0,1753.0114,5809.5532,3883.7949,245.88275,106.89119,106.89119,106.89119,5883.2149,5807.9252,5737.5196,420.11962,1.6966378
5180000.0,1711.6415,5780.4581,3911.7345,247.6516,106.89119,106.89119,106.89119,5827.1178,5754.3703,5759.8861,444.28588,1.6966378
5181000.0,1722.5918,5811.9929,4053.3679,256.6184,106.89119,106.89119,106.89119,5863.7765,5836.4224,5735.7798,446.86982,1.6966378
5182000.0,1721.7912,5781.4743,3965.6424,251.06451,106.89119,106.89119,106.89119,5814.6148,5814.9693,5714.8389,379.45839,1.6966378
5183000.0,1709.2566,5786.2136,3868.4974,244.91427,106.89119,106.89119,106.89119,5794.6457,5821.1871,5742.808,370.63175,1.6966378
5184000.0,1778.9652,5792.2162,4012.9977,254.06257,106.89119,106.89119,106.89119,5840.2528,5780.3706,5756.0252,357.95046,1.6966378
5185000.0,1782.0599,5831.2767,3951.2042,250.15043,106.89119,106.89119,106.89119,5881.4213,5804.8615,5807.5472,350.12342,1.6966378
5186000.0,1737.067,5796.2086,3976.6509,251.76146,106.89119,106.89119,106.89119,5938.1,5726.6813,5723.8444,452.15024,1.6966378
5187000.0,1780.7445,5793.4384,3961.669,250.81296,106.89119,106.89119,106.89119,5859.2009,5787.2866,5733.8277,470.84309,1.6966378
5188000.0,1753.7539,5800.4629,3984.6801,252.26979,106.89119,106.89119,106.89119,5808.9903,5741.1025,5851.296,467.20931,1.6966378
5189000.0,1734.1396,5809.2192,3929.9902,248.80737,106.89119,106.89119,106.89119,5863.2227,5797.4601,5766.9749,375.43285,1.6966378
5190000.0,1725.6976,5784.0188,3926.0643,248.55882,106.89119,106.89119,106.89119,5816.9118,5766.9625,5768.182,343.4989,1.6966378
5191000.0,1739.8275,5786.3263,3946.8863,249.87706,106.89119,106.89119,106.89119,5927.7372,5699.1519,5732.09,357.01091,1.6966378
5192000.0,1847.5248,5836.9713,3983.4782,252.19369,106.89119,106.89119,106.89119,5933.9292,5807.9871,5768.9975,379.7449,1.6966378
5193000.0,1698.3162,5780.9763,4001.3773,253.32689,106.89119,106.89119,106.89119,5789.4431,5787.1243,5766.3616,428.12361,1.6966378
5194000.0,1730.4041,5791.767,3977.2923,251.80207,106.89119,106.89119,106.89119,5852.0781,5763.8365,5759.3864,419.82441,1.6966378
5195000.0,1691.7415,5762.4156,3960.1793,250.71864,106.89119,106.89119,106.89119,5837.4417,5750.3317,5699.4734,393.35457,1.6966378
5196000.0,1690.142,5777.1616,3921.7799,248.28758,106.89119,106.89119,106.89119,5844.0238,5782.0116,5705.4496,370.1051,1.6966378
5197000.0,1740.756,5801.4269,4039.892,255.76525,106.89119,106.89119,106.89119,5884.5951,5778.7655,5740.92,358.83678,1.6966378
5198000.0,1804.8417,5797.0254,4034.998,255.45541,106.89119,106.89119,106.89119,5881.4295,5746.4949,5763.1516,355.96043,1.6966378
5199000.0,1788.1882,5807.1301,3943.9835,249.69329,106.89119,106.89119,106.89119,5871.9842,5786.2663,5763.1397,368.70578,1.6966378
5200000.0,1691.2809,5779.3032,3936.1976,249.20036,106.89119,106.89119,106.89119,5821.6241,5784.9054,5731.3801,418.41405,1.6966378
5201000.0,1751.0754,5788.6772,3967.9686,251.21178,106.89119,106.89119,106.89119,5817.9089,5781.0874,5767.0353,424.7857,1.6966378
5202000.0,1720.423,5768.7043,3971.7736,251.45268,106.89119,106.89119,106.89119,5820.8378,5762.5234,5722.7517,396.30787,1.6966378
5203000.0,1870.221,5824.847,3926.2698,248.57184,106.89119,106.89119,106.89119,5828.6331,5829.8422,5816.0657,355.36603,1.6966378
5204000.0,1700.216,5795.4123,3922.7023,248.34598,106.89119,106.89119,106.89119,5805.2608,5796.5344,5784.4416,352.99982,1.6966378
5205000.0,1787.3789,5805.1257,3928.1349,248.68991,106.89119,106.89119,106.89119,5855.5362,5843.2789,5716.5621,352.25647,1.6966378
5206000.0,1751.483,5805.3709,3952.4562,250.22969,106.89119,106.89119,106.89119,5862.3859,5825.1268,5728.5999,393.75456,1.6966378
5207000.0,1724.8174,5797.8418,3923.981,248.42693,106.89119,106.89119,106.89119,5834.355,5823.6903,5735.48,400.62702,1.6966378
5208000.0,1735.6345,5814.8911,4002.4722,253.39621,106.89119,106.89119,106.89119,5833.6958,5792.7484,5818.2292,397.63505,1.6966378
5209000.0,1727.0987,5785.1136,3931.2167,248.88502,106.89119,106.89119,106.89119,5819.926,5824.0962,5711.3186,385.15049,1.6966378
5210000.0,1804.087,5797.4853,3988.1289,252.48813,106.89119,106.89119,106.89119,5845.9259,5784.1102,5762.4198,397.83454,1.6966378
5211000.0,1710.9849,5775.2054,3878.9252,245.57445,106.89119,106.89119,106.89119,5821.5306,5751.3169,5752.7686,398.25733,1.6966378
5212000.0,1747.3251,5810.6583,3996.4492,253.01489,106.89119,106.89119,106.89119,5843.9017,5819.1159,5768.9574,403.25371,1.6966378
5213000.0,1754.386,5802.2706,3934.1546,249.07102,106.89119,106.89119,106.89119,5834.7184,5784.0114,5788.0821,471.13766,1.6966378
5214000.0,1763.6741,5781.148,3875.5587,245.36132,106.89119,106.89119,106.89119,5833.6936,5750.2406,5759.51,473.14766,1.6966378
5215000.0,1701.3757,5795.3283,3864.4453,244.65773,106.89119,106.89119,106.89119,5846.0588,5800.7723,5739.1539,475.60736,1.6966378
5216000.0,1714.5338,5789.2439,3964.5385,250.99462,106.89119,106.89119,106.89119,5814.6729,5746.168,5806.8909,394.2113,1.6966378
5217000.0,1797.2574,5794.1809,4008.1902,253.75821,106.89119,106.89119,106.89119,5861.6939,5800.4074,5720.4413,385.44414,1.6966378
5218000.0,1740.9323,5790.0789,3928.7439,248.72847,106.89119,106.89119,106.89119,5821.1223,5796.0708,5753.0437,364.48415,1.6966378
5219000.0,1709.6915,5765.5963,3981.8481,252.09049,106.89119,106.89119,106.89119,5825.4869,5781.3735,5689.9286,364.94317,1.6966378
5220000.0,1719.2092,5776.9192,3939.6782,249.42072,106.89119,106.89119,106.89119,5774.786,5781.8648,5774.1069,406.4791,1.6966378
5221000.0,1819.4013,5805.0807,3934.7593,249.1093,106.89119,106.89119,106.89119,5825.0305,5805.3825,5784.829,407.05033,1.6966378
5222000.0,1725.5905,5798.1652,3967.1958,251.16285,106.89119,106.89119,106.89119,5874.483,5752.996,5767.0165,388.46491,1.6966378
5223000.0,1776.5029,5775.9152,3971.0354,251.40594,106.89119,106.89119,106.89119,5858.5662,5778.8363,5690.3432,395.71557,1.6966378
5224000.0,1711.571,5817.4486,3990.7037,252.65114,106.89119,106.89119,106.89119,5839.2941,5834.3819,5778.6698,398.89285,1.6966378
5225000.0,1766.5065,5791.3315,3906.6832,247.33181,106.89119,106.89119,106.89119,5844.0351,5741.3575,5788.6019,412.33944,1.6966378
5226000.0,1759.2099,5809.6802,3898.1817,246.79358,106.89119,106.89119,106.89119,5825.7277,5775.2772,5828.0356,432.1897,1.6966378
5227000.0,1776.5796,5809.7804,4041.6049,255.87369,106.89119,106.89119,106.89119,5866.9939,5783.4766,5778.8706,480.21629,1.6966378
5228000.0,1618.2435,5761.8197,3946.0673,249.82521,106.89119,106.89119,106.89119,5786.6526,5750.1851,5748.6212,475.46969,1.6966378
5229000.0,1732.9925,5773.5629,3961.4654,250.80006,106.89119,106.89119,106.89119,5859.1555,5729.6593,5731.8741,466.45634,1.6966378
5230000.0,1801.7235,5800.6608,3975.5743,251.6933,106.89119,106.89119,106.89119,5847.6156,5742.5997,5811.7671,356.57274,1.6966378
5231000.0,1829.3921,5832.2443,3985.8258,252.34232,106.89119,106.89119,106.89119,5921.7857,5801.7184,5773.2289,353.56332,1.6966378
5232000.0,1705.798,5788.6525,3969.4471,251.30539,106.89119,106.89119,106.89119,5857.7313,5745.2274,5762.9987,350.16094,1.6966378
5233000.0,1786.0912,5808.6512,3940.2037,249.45399,106.89119,106.89119,106.89119,5863.4449,5769.2054,5793.3034,373.74322,1.6966378
5234000.0,1745.2604,5793.7291,3945.4046,249.78326,106.89119,106.89119,106.89119,5853.6798,5803.3136,5724.1939,404.96783,1.6966378
5235000.0,1727.3733,5777.0052,3899.3072,246.86483,106.89119,106.89119,106.89119,5816.8775,5766.7774,5747.3606,417.80851,1.6966378
5236000.0,1724.0247,5780.2832,3921.3209,248.25852,106.89119,106.89119,106.89119,5858.0791,5716.1163,5766.6541,393.04618,1.6966378
5237000.0,1787.2656,5819.575,3951.019,250.1387,106.89119,106.89119,106.89119,5892.2605,5804.5391,5761.9253,418.49839,1.6966378
5238000.0,1746.1799,5808.5446,3961.2463,250.78619,106.89119,106.89119,106.89119,5910.2389,5750.5046,5764.8902,412.97404,1.6966378
5239000.0,1796.7479,5806.4333,3879.405,245.60483,106.89119,106.89119,106.89119,5851.467,5807.0811,5760.7519,408.18456,1.6966378
5240000.0,1781.0021,5816.036,3930.0489,248.81109,106.89119,106.89119,106.89119,5887.4076,5819.1198,5741.5807,448.9625,1.6966378
5241000.0,1763.4193,5804.1821,3967.4187,251.17697,106.89119,106.89119,106.89119,5877.4784,5765.368,5769.7001,470.62156,1.6966378
5242000.0,1769.167,5801.9728,3906.6793,247.33156,106.89119,106.89119,106.89119,5837.2591,5800.8318,5767.8274,476.4626,1.6966378
5243000.0,1740.2797,5802.1622,3993.5144,252.82909,106.89119,106.89119,106.89119,5872.0031,5791.8779,5742.6055,430.04102,1.6966378
5244000.0,1774.1387,5808.164,3996.9225,253.04485,106.89119,106.89119,106.89119,5854.6406,5821.0807,5748.7706,367.42807,1.6966378
5245000.0,1685.8498,5798.2336,3918.0497,248.05142,106.89119,106.89119,106.89119,5847.1305,5805.1034,5742.4669,364.35214,1.6966378
5246000.0,1822.6966,5842.2497,4002.1473,253.37563,106.89119,106.89119,106.89119,5885.4918,5822.9648,5818.2924,363.09092,1.6966378
5247000.0,1674.7865,5775.1307,3942.6384,249.60813,106.89119,106.89119,106.89119,5864.8055,5742.882,5717.7046,400.00401,1.6966378
5248000.0,1801.406,5818.5428,3954.1064,250.33417,106.89119,106.89119,106.89119,5884.7581,5799.7855,5771.0847,422.22293,1.6966378
5249000.0,1723.3816,5800.7,3967.2963,251.16922,106.89119,106.89119,106.89119,5821.964,5758.7284,5821.4074,438.03269,1.6966378
5250000.0,1710.0817,5774.5409,3992.8239,252.78537,106.89119,106.89119,106.89119,5862.0522,5714.0647,5747.5059,395.28243,1.6966378
5251000.0,1741.3595,5809.333,3927.5652,248.65385,106.89119,106.89119,106.89119,5873.308,5778.2696,5776.4213,400.59013,1.6966378
5252000.0,1744.3889,5787.2795,4008.4424,253.77418,106.89119,106.89119,106.89119,5882.1287,5755.4795,5724.2302,394.42859,1.6966378
5253000.0,1701.3966,5795.841,3997.1349,253.0583,106.89119,106.89119,106.89119,5868.0229,5791.3166,5728.1836,391.49314,1.6966378
5254000.0,1766.6306,5806.9856,3965.6109,251.06252,106.89119,106.89119,106.89119,5858.4317,5811.861,5750.6642,443.39036,1.6966378
5255000.0,1824.2785,5824.6738,3882.7017,245.81354,106.89119,106.89119,106.89119,5893.9518,5830.997,5749.0727,460.25344,1.6966378
5256000.0,1739.965,5806.5474,3962.0986,250.84015,106.89119,106.89119,106.89119,5905.1269,5794.3069,5720.2084,459.23511,1.6966378
5257000.0,1686.2366,5778.626,3992.8938,252.7898,106.89119,106.89119,106.89119,5794.1391,5798.5838,5743.155,421.4351,1.6966378
5258000.0,1715.7511,5784.6519,3924.3432,248.44986,106.89119,106.89119,106.89119,5831.3473,5817.0079,5705.6004,410.5453,1.6966378
5259000.0,1771.5472,5822.4204,3980.9772,252.03536,106.89119,106.89119,106.89119,5934.7083,5816.4128,5716.1402,412.14064,1.6966378
5260000.0,1769.4858,5804.5566,4005.2229,253.57035,106.89119,106.89119,106.89119,5851.9586,5842.2211,5719.4902,413.2065,1.6966378
5261000.0,1713.1955,5786.5941,3900.7486,246.95609,106.89119,106.89119,106.89119,5833.931,5761.9429,5763.9083,429.90755,1.6966378
5262000.0,1712.8311,5792.0742,3886.5122,246.05478,106.89119,106.89119,106.89119,5839.9906,5852.9445,5683.2876,469.16101,1.6966378
5263000.0,1780.6495,5807.5902,3917.6866,248.02844,106.89119,106.89119,106.89119,5864.8004,5814.3238,5743.6465,463.10244,1.6966378
5264000.0,1804.1346,5821.4702,3951.8987,250.1944,106.89119,106.89119,106.89119,5918.9813,5799.6412,5745.7882,436.91434,1.6966378
5265000.0,1798.5636,5792.2939,3945.9258,249.81626,106.89119,106.89119,106.89119,5825.3198,5792.0454,5759.5166,367.03137,1.6966378
5266000.0,1692.4946,5784.3123,3982.2841,252.1181,106.89119,106.89119,106.89119,5873.5583,5760.7498,5718.6287,381.51213,1.6966378
5267000.0,1716.5627,5808.6799,3923.1036,248.37139,106.89119,106.89119,106.89119,5898.9089,5774.1426,5752.9882,359.22977,1.6966378
5268000.0,1782.4806,5815.6107,3970.5242,251.37358,106.89119,106.89119,106.89119,5937.3607,5811.8181,5697.6535,387.64451,1.6966378
5269000.0,1739.72,5829.6851,3968.7135,251.25895,106.89119,106.89119,106.89119,5872.6649,5818.8039,5797.5865,415.48084,1.6966378
5270000.0,1722.9107,5798.3093,3928.2647,248.69813,106.89119,106.89119,106.89119,5886.1689,5757.0605,5751.6985,416.77722,1.6966378
5271000.0,1668.1642,5789.4936,3982.8521,252.15405,106.89119,106.89119,106.89119,5838.0068,5793.2425,5737.2316,377.92162,1.6966378
5272000.0,1699.5154,5786.3973,4002.1932,253.37854,106.89119,106.89119,106.89119,5872.5394,5767.101,5719.5515,364.03145,1.6966378
5273000.0,1721.3897,5798.6225,3878.2702,245.53299,106.89119,106.89119,106.89119,5858.7744,5856.0005,5681.0927,362.99802,1.6966378
5274000.0,1719.4534,5795.4935,3989.1393,252.5521,106.89119,106.89119,106.89119,5901.0528,5768.0017,5717.4259,360.91405,1.6966378
5275000.0,1761.1966,5805.4628,3872.9195,245.19423,106.89119,106.89119,106.89119,5820.976,5810.8201,5784.5923,396.61836,1.6966378
5276000.0,1793.2562,5808.747,3929.1222,248.75242,106.89119,106.89119,106.89119,5842.4656,5871.8474,5711.928,398.45357,1.6966378
5277000.0,1714.9674,5789.9771,4004.295,253.51161,106.89119,106.89119,106.89119,5855.6178,5821.7063,5692.6072,397.57374,1.6966378
5278000.0,1699.684,5795.8647,3903.5866,247.13577,106.89119,106.89119,106.89119,5898.9418,5759.7054,5728.947,352.15461,1.6966378
5279000.0,1810.8676,5819.2691,4020.1135,254.51307,106.89119,106.89119,106.89119,5891.5512,5800.5022,5765.7541,351.6625,1.6966378
5280000.0,1749.1022,5795.9275,3930.2692,248.82504,106.89119,106.89119,106.89119,5845.4843,5802.6568,5739.6414,366.65217,1.6966378
5281000.0,1735.6583,5780.6767,3979.9222,251.96856,106.89119,106.89119,106.89119,5810.0069,5788.9944,5743.0288,378.17326,1.6966378
5282000.0,1714.9669,5810.0128,3968.4721,251.24366,106.89119,106.89119,106.89119,5872.3401,5826.2377,5731.4607,427.1906,1.6966378
5283000.0,1794.5251,5811.4154,3996.07,252.99088,106.89119,106.89119,106.89119,5899.8713,5785.0396,5749.3354,412.78848,1.6966378
5284000.0,1745.7653,5831.7695,3960.2867,250.72544,106.89119,106.89119,106.89119,5941.5309,5811.8136,5741.9639,399.22166,1.6966378
5285000.0,1742.0823,5812.3874,3894.4945,246.56014,106.89119,106.89119,106.89119,5904.1015,5792.9211,5740.1396,338.82214,1.6966378
5286000.0,1767.8609,5807.3288,3985.5233,252.32317,106.89119,106.89119,106.89119,5854.1482,5816.4431,5751.3952,341.28843,1.6966378
5287000.0,1706.5534,5784.6452,3974.0674,251.5979,106.89119,106.89119,106.89119,5873.3565,5786.0733,5694.5058,341.47461,1.6966378
5288000.0,1724.8169,5775.9111,3953.1903,250.27617,106.89119,106.89119,106.89119,5861.5096,5728.0034,5738.2205,375.80134,1.6966378
5289000.0,1717.3148,5804.8238,4018.3925,254.40412,106.89119,106.89119,106.89119,5861.2357,5778.0287,5775.2069,385.78178,1.6966378
5290000.0,1695.6263,5791.2226,3935.17,249.1353,106.89119,106.89119,106.89119,5875.9026,5786.639,5711.1262,395.80862,1.6966378
5291000.0,1703.1989,5800.9006,3942.914,249.62558,106.89119,106.89119,106.89119,5840.764,5791.9843,5769.9534,385.873,1.6966378
5292000.0,1692.0104,5782.0154,3962.8311,250.88653,106.89119,106.89119,106.89119,5840.4338,5734.1547,5771.4576,393.41498,1.6966378
5293000.0,1705.5993,5756.3459,3912.2689,247.68544,106.89119,106.89119,106.89119,5775.9228,5773.1917,5719.9231,383.04353,1.6966378
5294000.0,1732.9299,5781.4789,3922.3027,248.32068,106.89119,106.89119,106.89119,5836.178,5726.3986,5781.8601,414.3379,1.6966378
5295000.0,1781.4549,5813.4978,3899.1525,246.85504,106.89119,106.89119,106.89119,5894.1575,5784.5248,5761.8111,449.76088,1.6966378
5296000.0,1742.4363,5791.4936,3974.7624,251.6419,106.89119,106.89119,106.89119,5858.6377,5801.8812,5713.9618,448.9303,1.6966378
5297000.0,1729.7586,5792.5675,4004.7182,253.5384,106.89119,106.89119,106.89119,5914.2411,5724.2833,5739.1781,402.83142,1.6966378
5298000.0,1784.7301,5804.0291,3972.4065,251.49275,106.89119,106.89119,106.89119,5888.729,5792.6054,5730.753,381.47206,1.6966378
5299000.0,1717.1338,5808.4923,3865.5492,244.72762,106.89119,106.89119,106.89119,5891.8778,5835.101,5698.4981,386.87803,1.6966378
5300000.0,1831.9381,5833.8976,3898.0723,246.78665,106.89119,106.89119,106.89119,5926.5588,5816.5601,5758.5741,381.50856,1.6966378
5301000.0,1670.4912,5791.2811,3924.7904,248.47818,106.89119,106.89119,106.89119,5850.2592,5817.0659,5706.5181,413.83171,1.6966378
5302000.0,1703.4091,5782.6189,3877.704,245.49714,106.89119,106.89119,106.89119,5827.9975,5777.3319,5742.5274,434.49911,1.6966378
5303000.0,1651.6516,5766.1801,4007.6006,253.72088,106.89119,106.89119,106.89119,5850.8721,5745.783,5701.885,438.17912,1.6966378
5304000.0,1673.0927,5772.3962,3996.0983,252.99267,106.89119,106.89119,106.89119,5852.8606,5746.6007,5717.7271,355.98952,1.6966378
5305000.0,1704.8481,5774.6432,3962.4932,250.86514,106.89119,106.89119,106.89119,5811.0105,5795.8588,5717.0602,329.22075,1.6966378
5306000.0,1741.9856,5787.1588,3929.455,248.77349,106.89119,106.89119,106.89119,5811.9936,5814.5155,5734.9672,316.72358,1.6966378
5307000.0,1767.6046,5780.6225,3897.5619,246.75434,106.89119,106.89119,106.89119,5805.9378,5813.5481,5722.3816,320.15741,1.6966378
5308000.0,1711.7921,5784.5448,4018.2926,254.39779,106.89119,106.89119,106.89119,5864.67,5781.0454,5707.9189,308.03844,1.6966378
5309000.0,1734.1626,5767.0065,3902.3613,247.05819,106.89119,106.89119,106.89119,5876.5824,5764.9373,5659.4997,316.53869,1.6966378
5310000.0,1749.56,5806.3793,3938.6473,249.35545,106.89119,106.89119,106.89119,5848.5985,5797.7544,5772.7849,331.46544,1.6966378
5311000.0,1809.7872,5798.4831,4016.6869,254.29614,106.89119,106.89119,106.89119,5849.7239,5756.3396,5789.3859,333.10611,1.6966378
5312000.0,1721.3371,5766.5443,3940.8275,249.49348,106.89119,106.89119,106.89119,5860.8396,5769.5707,5669.2225,333.68526,1.6966378
5313000.0,1713.4221,5765.1092,3903.8482,247.15233,106.89119,106.89119,106.89119,5861.4025,5733.7001,5700.2252,323.08102,1.6966378
5314000.0,1700.5217,5793.4124,3972.9461,251.52691,106.89119,106.89119,106.89119,5842.1633,5802.6555,5735.4184,329.17335,1.6966378
5315000.0,1733.6083,5802.5298,3921.3448,248.26003,106.89119,106.89119,106.89119,5873.2022,5788.6397,5745.7474,331.17726,1.6966378
5316000.0,1739.7903,5793.0032,3995.2048,252.93611,106.89119,106.89119,106.89119,5829.4792,5783.9955,5765.5349,332.04151,1.6966378
5317000.0,1813.7123,5806.742,3971.1038,251.41027,106.89119,106.89119,106.89119,5867.5832,5853.3925,5699.2504,331.5111,1.6966378
5318000.0,1765.6904,5791.9435,3996.2273,253.00084,106.89119,106.89119,106.89119,5863.0093,5814.6744,5698.1467,375.95613,1.6966378
5319000.0,1758.2035,5789.9004,3945.5165,249.79034,106.89119,106.89119,106.89119,5851.8051,5821.3636,5696.5326,383.98308,1.6966378
5320000.0,1789.4167,5805.3713,3902.9777,247.09721,106.89119,106.89119,106.89119,5888.125,5758.4269,5769.5621,380.98971,1.6966378
5321000.0,1842.341,5816.7245,3966.5514,251.12206,106.89119,106.89119,106.89119,5900.1019,5815.0603,5735.0114,412.63143,1.6966378
5322000.0,1699.2258,5786.1993,3872.7487,245.18342,106.89119,106.89119,106.89119,5854.0837,5800.8601,5703.6542,428.33628,1.6966378
5323000.0,1745.4416,5805.8554,3961.2974,250.78943,106.89119,106.89119,106.89119,5887.3793,5817.1799,5713.0069,421.9391,1.6966378
5324000.0,1720.1553,5794.2352,3903.2395,247.11379,106.89119,106.89119,106.89119,5854.4438,5821.2092,5707.0526,382.30093,1.6966378
5325000.0,1725.6549,5794.8908,3990.4327,252.63399,106.89119,106.89119,106.89119,5856.2274,5786.7228,5741.7221,369.16775,1.6966378
5326000.0,1747.4467,5769.5926,4003.6593,253.47136,106.89119,106.89119,106.89119,5863.5467,5720.1066,5725.1244,369.37148,1.6966378
5327000.0,1742.5299,5789.9721,3920.5909,248.2123,106.89119,106.89119,106.89119,5858.3327,5785.9755,5725.6082,375.27007,1.6966378
5328000.0,1679.494,5784.5854,3962.7413,250.88084,106.89119,106.89119,106.89119,5852.7329,5752.9737,5748.0496,432.0401,1.6966378
5329000.0,1748.0521,5788.6715,3874.0749,245.26738,106.89119,106.89119,106.89119,5856.9721,5799.6442,5709.3982,411.81141,1.6966378
5330000.0,1766.4418,5774.389,3888.1354,246.15755,106.89119,106.89119,106.89119,5840.0301,5721.5429,5761.594,408.93956,1.6966378
5331000.0,1749.8176,5785.8103,3913.5001,247.76339,106.89119,106.89119,106.89119,5868.2743,5718.9779,5770.1788,393.22294,1.6966378
5332000.0,1645.1137,5735.2757,3958.9753,250.64242,106.89119,106.89119,106.89119,5758.574,5756.0967,5691.1563,403.82176,1.6966378
5333000.0,1742.5048,5804.256,3940.8909,249.4975,106.89119,106.89119,106.89119,5856.8167,5816.5011,5739.4501,402.91184,1.6966378
5334000.0,1759.1293,5800.1382,3900.3785,246.93266,106.89119,106.89119,106.89119,5872.9399,5747.8067,5779.6679,411.20335,1.6966378
5335000.0,1730.4879,5797.3354,3894.8565,246.58306,106.89119,106.89119,106.89119,5939.9888,5775.9233,5676.0943,471.57942,1.6966378
5336000.0,1711.6838,5759.8438,4049.219,256.35574,106.89119,106.89119,106.89119,5824.9397,5730.0252,5724.5665,477.7374,1.6966378
5337000.0,1785.8326,5802.6817,3883.1063,245.83915,106.89119,106.89119,106.89119,5886.3571,5713.2836,5808.4043,488.90743,1.6966378
5338000.0,1740.6675,5806.5212,3899.81,246.89667,106.89119,106.89119,106.89119,5813.5396,5853.9546,5752.0694,361.55603,1.6966378
5339000.0,1700.1155,5767.387,3910.1483,247.55118,106.89119,106.89119,106.89119,5817.4522,5750.5109,5734.1981,331.23504,1.6966378
5340000.0,1734.4736,5810.075,4030.6881,255.18255,106.89119,106.89119,106.89119,5926.1123,5779.0068,5725.1058,334.99041,1.6966378
5341000.0,1792.1756,5809.1284,3945.3289,249.77846,106.89119,106.89119,106.89119,5884.7208,5814.8117,5727.8529,382.08785,1.6966378
5342000.0,1708.5476,5775.4965,3896.2835,246.67341,106.89119,106.89119,106.89119,5848.0362,5742.3267,5736.1266,409.97862,1.6966378
5343000.0,1746.7864,5816.1332,4012.7023,254.04387,106.89119,106.89119,106.89119,5918.087,5802.979,5727.3335,388.68471,1.6966378
5344000.0,1810.1741,5805.294,3964.8064,251.01158,106.89119,106.89119,106.89119,5853.6089,5834.7648,5727.5084,377.87731,1.6966378
5345000.0,1770.4934,5795.8794,3976.4612,251.74945,106.89119,106.89119,106.89119,5890.8081,5816.6758,5680.1543,401.87669,1.6966378
5346000.0,1714.6963,5798.5388,3998.7043,253.15766,106.89119,106.89119,106.89119,5821.2965,5850.4072,5723.9126,416.37892,1.6966378
5347000.0,1648.5995,5771.5773,3936.4626,249.21714,106.89119,106.89119,106.89119,5834.6601,5761.2349,5718.8368,403.31619,1.6966378
5348000.0,1703.5271,5778.2448,3964.6084,250.99905,106.89119,106.89119,106.89119,5809.6894,5781.5122,5743.5329,476.49604,1.6966378
5349000.0,1771.2894,5798.888,3994.5845,252.89683,106.89119,106.89119,106.89119,5876.9248,5788.5564,5731.1827,484.43775,1.6966378
5350000.0,1751.2634,5802.9764,3932.677,248.97748,106.89119,106.89119,106.89119,5906.8888,5763.1693,5738.871,478.70839,1.6966378
5351000.0,1694.4331,5786.6395,3901.0883,246.9776,106.89119,106.89119,106.89119,5832.1412,5760.6227,5767.1547,410.72522,1.6966378
5352000.0,1707.1898,5785.9392,3927.8379,248.67111,106.89119,106.89119,106.89119,5883.5067,5793.7507,5680.5603,377.46637,1.6966378
5353000.0,1701.8703,5800.9321,3933.2484,249.01365,106.89119,106.89119,106.89119,5838.0441,5864.8615,5699.8906,370.7532,1.6966378
5354000.0,1742.9527,5802.4383,3954.1913,250.33954,106.89119,106.89119,106.89119,5828.5164,5780.1917,5798.6068,371.27307,1.6966378
5355000.0,1847.8629,5827.6219,3941.4811,249.53486,106.89119,106.89119,106.89119,5898.2626,5787.5413,5797.0619,452.65437,1.6966378
5356000.0,1731.576,5799.2081,3944.5265,249.72766,106.89119,106.89119,106.89119,5834.0733,5778.5891,5784.962,454.5169,1.6966378
5357000.0,1702.7399,5786.7197,3955.7206,250.43636,106.89119,106.89119,106.89119,5799.3837,5779.9006,5780.8747,414.90096,1.6966378
5358000.0,1784.3929,5792.273,3962.0624,250.83786,106.89119,106.89119,106.89119,5842.7288,5753.1988,5780.8915,385.2559,1.6966378
5359000.0,1744.9599,5787.8714,3948.1756,249.95869,106.89119,106.89119,106.89119,5912.8293,5756.5179,5694.2671,382.13661,1.6966378
5360000.0,1837.2084,5805.7262,3940.7728,249.49002,106.89119,106.89119,106.89119,5905.531,5748.6393,5763.0083,378.94764,1.6966378
5361000.0,1765.9365,5804.4106,3955.3836,250.41503,106.89119,106.89119,106.89119,5886.8233,5815.5777,5710.8308,385.55802,1.6966378
5362000.0,1720.0453,5776.4226,3985.6472,252.33101,106.89119,106.89119,106.89119,5841.0111,5791.7564,5696.5003,437.09827,1.6966378
5363000.0,1742.3367,5758.1791,3991.0455,252.67278,106.89119,106.89119,106.89119,5825.2432,5740.1689,5709.1254,429.60853,1.6966378
5364000.0,1646.5498,5774.7897,3964.7516,251.00812,106.89119,106.89119,106.89119,5829.9531,5776.7391,5717.6768,441.95129,1.6966378
5365000.0,1741.0738,5769.3722,3990.3873,252.63111,106.89119,106.89119,106.89119,5844.1173,5757.7698,5706.2296,367.01001,1.6966378
5366000.0,1679.1649,5796.9779,3938.4051,249.34012,106.89119,106.89119,106.89119,5823.7332,5806.4489,5760.7516,383.98543,1.6966378
5367000.0,1715.3304,5799.2823,3977.2249,251.7978,106.89119,106.89119,106.89119,5847.4899,5769.4056,5780.9515,386.77613,1.6966378
5368000.0,1745.6187,5816.1603,3978.53,251.88042,106.89119,106.89119,106.89119,5920.1224,5818.4665,5709.8919,407.84305,1.6966378
5369000.0,1599.8059,5754.7189,3942.2707,249.58485,106.89119,106.89119,106.89119,5821.0313,5766.5903,5676.5351,447.31006,1.6966378
5370000.0,1758.0261,5821.799,3946.0816,249.82612,106.89119,106.89119,106.89119,5893.3055,5841.4225,5730.6689,447.28941,1.6966378
5371000.0,1739.6864,5817.7741,3910.7602,247.58993,106.89119,106.89119,106.89119,5909.6568,5813.7485,5729.9169,412.78249,1.6966378
5372000.0,1791.753,5798.9855,3999.0188,253.17757,106.89119,106.89119,106.89119,5872.5212,5827.6396,5696.7957,410.32442,1.6966378
5373000.0,1709.8552,5784.7913,4009.1602,253.81962,106.89119,106.89119,106.89119,5852.9045,5819.1773,5682.292,406.2126,1.6966378
5374000.0,1749.3879,5787.2425,3970.8612,251.39491,106.89119,106.89119,106.89119,5885.1066,5807.1137,5669.5071,418.62266,1.6966378
5375000.0,1776.208,5812.4612,4027.1656,254.95954,106.89119,106.89119,106.89119,5948.9698,5821.7663,5666.6473,435.56181,1.6966378
5376000.0,1667.49,5761.9642,4026.6686,254.92808,106.89119,106.89119,106.89119,5844.9779,5771.6665,5669.2481,486.59206,1.6966378
5377000.0,1713.2449,5783.5284,3932.1978,248.94714,106.89119,106.89119,106.89119,5887.1153,5805.1414,5658.3284,489.92944,1.6966378
5378000.0,1792.4728,5805.9161,3988.8453,252.53349,106.89119,106.89119,106.89119,5906.2863,5744.6402,5766.8218,486.76498,1.6966378
5379000.0,1754.3196,5808.1436,3940.6687,249.48343,106.89119,106.89119,106.89119,5876.5898,5742.6968,5805.1442,373.20976,1.6966378
5380000.0,1742.9427,5774.8129,3937.9604,249.31196,106.89119,106.89119,106.89119,5852.8368,5778.2363,5693.3657,387.46858,1.6966378
5381000.0,1802.9923,5826.0191,3969.7689,251.32576,106.89119,106.89119,106.89119,5853.6408,5809.0347,5815.3817,382.48204,1.6966378
5382000.0,1700.3109,5786.5513,3976.0599,251.72404,106.89119,106.89119,106.89119,5853.2761,5805.2651,5701.1128,390.51147,1.6966378
5383000.0,1733.0535,5786.244,3969.1159,251.28442,106.89119,106.89119,106.89119,5846.2173,5780.8424,5731.6722,434.05075,1.6966378
5384000.0,1693.6904,5781.3253,3997.1778,253.06102,106.89119,106.89119,106.89119,5840.0449,5777.1847,5726.7464,430.83197,1.6966378
5385000.0,1740.4258,5803.156,3987.6598,252.45843,106.89119,106.89119,106.89119,5871.5942,5788.6905,5749.1833,396.68179,1.6966378
5386000.0,1736.4531,5802.4791,3942.4151,249.59399,106.89119,106.89119,106.89119,5856.6085,5811.403,5739.4259,372.96336,1.6966378
5387000.0,1604.4984,5771.5767,3972.3912,251.49178,106.89119,106.89119,106.89119,5816.5043,5756.6513,5741.5744,363.27385,1.6966378
5388000.0,1788.6012,5803.8197,3997.7129,253.09489,106.89119,106.89119,106.89119,5864.8362,5771.4019,5775.221,358.55553,1.6966378
5389000.0,1760.8123,5808.0436,3972.7361,251.51361,106.89119,106.89119,106.89119,5870.854,5826.1827,5727.0942,394.53951,1.6966378
5390000.0,1713.674,5772.8736,3862.8573,244.55719,106.89119,106.89119,106.89119,5819.1355,5755.6684,5743.8168,451.9209,1.6966378
5391000.0,1711.3372,5792.6728,3849.0429,243.6826,106.89119,106.89119,106.89119,5847.0444,5796.3729,5734.601,451.74093,1.6966378
5392000.0,1687.5302,5787.4639,4048.9996,256.34185,106.89119,106.89119,106.89119,5880.2669,5802.8436,5679.2812,406.53701,1.6966378
5393000.0,1630.7518,5770.2562,3898.2817,246.79991,106.89119,106.89119,106.89119,5846.0291,5782.2134,5682.5262,354.79001,1.6966378
5394000.0,1678.3318,5782.0857,4012.4147,254.02566,106.89119,106.89119,106.89119,5832.0583,5793.1938,5721.0052,360.7377,1.6966378
5395000.0,1691.1161,5804.4316,3952.9178,250.25892,106.89119,106.89119,106.89119,5875.8759,5832.5129,5704.9061,365.49538,1.6966378
5396000.0,1784.9578,5808.944,3918.6268,248.08796,106.89119,106.89119,106.89119,5831.8068,5833.941,5761.0842,368.65931,1.6966378
5397000.0,1765.699,5799.2512,3934.0578,249.06489,106.89119,106.89119,106.89119,5855.3317,5780.215,5762.2069,405.26733,1.6966378
5398000.0,1720.1805,5804.5115,3896.3683,246.67877,106.89119,106.89119,106.89119,5862.4363,5788.1319,5762.9663,394.22313,1.6966378
5399000.0,1717.9153,5767.8993,3915.2908,247.87675,106.89119,106.89119,106.89119,5812.0368,5775.9316,5715.7294,385.86899,1.6966378
5400000.0,1825.276,5815.2098,4024.6148,254.79805,106.89119,106.89119,106.89119,5873.6914,5796.0923,5775.8455,333.99854,1.6966378
5401000.0,1770.2702,5792.5854,3957.6706,250.55982,106.89119,106.89119,106.89119,5826.5938,5775.513,5775.6493,335.55957,1.6966378
5402000.0,1762.4622,5797.8985,3955.5514,250.42565,106.89119,106.89119,106.89119,5811.6619,5837.2495,5744.784,336.9014,1.6966378
5403000.0,1648.1628,5759.7392,3948.6499,249.98872,106.89119,106.89119,106.89119,5804.1007,5759.272,5715.845,348.77981,1.6966378
5404000.0,1700.6691,5783.6866,3963.7524,250.94486,106.89119,106.89119,106.89119,5841.1037,5790.143,5719.8132,384.81358,1.6966378
5405000.0,1766.8615,5789.3396,3939.7319,249.42412,106.89119,106.89119,106.89119,5813.6248,5811.6331,5742.761,380.96248,1.6966378
5406000.0,1760.3957,5777.5115,3938.4353,249.34203,106.89119,106.89119,106.89119,5846.0854,5781.1497,5705.2994,385.71789,1.6966378
5407000.0,1722.638,5816.5332,3964.9443,251.02032,106.89119,106.89119,106.89119,5914.0009,5820.299,5715.2999,378.88017,1.6966378
5408000.0,1703.4431,5747.091,3938.9796,249.37649,106.89119,106.89119,106.89119,5770.8551,5766.5125,5703.9055,398.41193,1.6966378
5409000.0,1732.0703,5768.491,3947.3061,249.90364,106.89119,106.89119,106.89119,5832.4019,5776.7916,5696.2794,394.78488,1.6966378
5410000.0,1756.9637,5771.3003,3948.3086,249.96711,106.89119,106.89119,106.89119,5839.4227,5719.4585,5755.0198,399.11032,1.6966378
5411000.0,1711.8944,5759.5033,3905.6258,247.26487,106.89119,106.89119,106.89119,5793.5503,5786.7646,5698.1952,418.35511,1.6966378
5412000.0,1788.2148,5782.4042,3942.7786,249.61701,106.89119,106.89119,106.89119,5778.2307,5793.5723,5775.4097,471.3284,1.6966378
5413000.0,1736.9034,5799.3318,3872.8166,245.18772,106.89119,106.89119,106.89119,5895.6398,5816.5443,5685.8112,470.25402,1.6966378
5414000.0,1746.7432,5789.6967,3967.3752,251.17421,106.89119,106.89119,106.89119,5775.1277,5804.6145,5789.348,476.9856,1.6966378
5415000.0,1785.7791,5804.0536,3967.3713,251.17397,106.89119,106.89119,106.89119,5844.9949,5864.1883,5702.9777,467.22877,1.6966378
5416000.0,1765.821,5804.3324,3897.8277,246.77117,106.89119,106.89119,106.89119,5799.228,5846.5875,5767.1817,394.38381,1.6966378
5417000.0,1720.6392,5748.6655,4020.2659,254.52272,106.89119,106.89119,106.89119,5793.191,5746.2449,5706.5604,400.0725,1.6966378
5418000.0,1754.6938,5770.0466,3948.5189,249.98042,106.89119,106.89119,106.89119,5802.1852,5817.2227,5690.7319,396.26098,1.6966378
5419000.0,1740.0978,5784.8209,3958.0611,250.58454,106.89119,106.89119,106.89119,5779.8354,5789.9631,5784.6641,389.4442,1.6966378
5420000.0,1687.1455,5779.4758,3934.3665,249.08443,106.89119,106.89119,106.89119,5793.969,5817.1391,5727.3192,437.27929,1.6966378
5421000.0,1765.214,5788.2192,3969.9494,251.33719,106.89119,106.89119,106.89119,5813.9272,5810.8613,5739.8689,485.19947,1.6966378
5422000.0,1807.8517,5799.9847,3903.6543,247.14005,106.89119,106.89119,106.89119,5780.1344,5851.6616,5768.158,482.12926,1.6966378
5423000.0,1709.8605,5776.5148,3927.5207,248.65103,106.89119,106.89119,106.89119,5793.1296,5817.5424,5718.8724,480.48638,1.6966378
5424000.0,1810.2228,5808.2605,3977.7638,251.83192,106.89119,106.89119,106.89119,5777.9651,5875.4576,5771.3587,438.29859,1.6966378
5425000.0,1739.5031,5798.5474,3945.8237,249.80979,106.89119,106.89119,106.89119,5827.0955,5777.9428,5790.604,384.80342,1.6966378
5426000.0,1793.5353,5788.3083,3948.588,249.9848,106.89119,106.89119,106.89119,5810.5071,5818.5946,5735.8232,377.00947,1.6966378
5427000.0,1681.3887,5741.9926,4006.5736,253.65586,106.89119,106.89119,106.89119,5770.8004,5759.579,5695.5984,346.92447,1.6966378
5428000.0,1697.7732,5800.8374,3975.5418,251.69124,106.89119,106.89119,106.89119,5829.3811,5815.7907,5757.3405,361.83534,1.6966378
5429000.0,1714.3285,5791.2616,3941.0864,249.50987,106.89119,106.89119,106.89119,5839.5026,5793.5255,5740.7566,399.85252,1.6966378
5430000.0,1692.7084,5773.1327,3938.8247,249.36668,106.89119,106.89119,106.89119,5828.3542,5787.0604,5703.9837,404.85826,1.6966378
5431000.0,1734.7854,5785.4113,3859.1798,244.32437,106.89119,106.89119,106.89119,5799.8778,5850.7001,5705.656,401.57122,1.6966378
5432000.0,1638.1471,5756.4429,3939.321,249.39811,106.89119,106.89119,106.89119,5775.0027,5764.8749,5729.451,377.47946,1.6966378
5433000.0,1707.5796,5750.5135,3920.5986,248.21279,106.89119,106.89119,106.89119,5749.3835,5767.5091,5734.648,361.17199,1.6966378
5434000.0,1763.2349,5820.0168,3948.9501,250.00773,106.89119,106.89119,106.89119,5881.8005,5802.0054,5776.2445,349.67619,1.6966378
5435000.0,1765.5028,5794.1605,3906.6955,247.33259,106.89119,106.89119,106.89119,5841.6451,5823.4548,5717.3815,364.35766,1.6966378
5436000.0,1748.5459,5798.2095,3908.2266,247.42952,106.89119,106.89119,106.89119,5864.9175,5840.5538,5689.1571,370.41358,1.6966378
5437000.0,1676.5056,5762.3648,3899.2981,246.86426,106.89119,106.89119,106.89119,5818.2573,5731.1725,5737.6646,392.67049,1.6966378
5438000.0,1703.6539,5800.7066,3993.7725,252.84542,106.89119,106.89119,106.89119,5777.5957,5867.9283,5756.596,390.71495,1.6966378
5439000.0,1701.4793,5779.5751,3943.5812,249.66782,106.89119,106.89119,106.89119,5796.7331,5787.3787,5754.6133,387.22161,1.6966378
5440000.0,1736.9574,5795.2171,3960.4542,250.73605,106.89119,106.89119,106.89119,5827.2341,5801.8189,5756.5981,351.57454,1.6966378
5441000.0,1778.5333,5807.043,3966.8843,251.14314,106.89119,106.89119,106.89119,5885.625,5816.8213,5718.6826,356.73721,1.6966378
5442000.0,1762.0486,5789.1813,3968.8621,251.26835,106.89119,106.89119,106.89119,5822.9837,5768.0934,5776.4668,357.36249,1.6966378
5443000.0,1721.8572,5778.2007,3824.7664,242.14566,106.89119,106.89119,106.89119,5832.6817,5795.1994,5706.7212,362.66561,1.6966378
5444000.0,1732.6281,5783.612,3935.2397,249.13972,106.89119,106.89119,106.89119,5827.5507,5818.2504,5705.0348,419.93756,1.6966378
5445000.0,1724.8445,5810.2406,3964.145,250.96971,106.89119,106.89119,106.89119,5903.8611,5726.5846,5800.2762,409.97199,1.6966378
5446000.0,1724.6091,5797.4447,3945.7442,249.80475,106.89119,106.89119,106.89119,5866.6309,5755.6756,5770.0276,419.76285,1.6966378
5447000.0,1743.2455,5774.1171,3959.9868,250.70646,106.89119,106.89119,106.89119,5850.6049,5782.7053,5689.0412,455.356,1.6966378
5448000.0,1669.2301,5757.4652,3929.9388,248.80412,106.89119,106.89119,106.89119,5874.2297,5741.6764,5656.4896,334.92291,1.6966378
5449000.0,1662.2347,5756.8032,3898.3817,246.80624,106.89119,106.89119,106.89119,5817.2672,5777.9676,5675.1749,341.18798,1.6966378
5450000.0,1819.1576,5802.8669,4003.1411,253.43855,106.89119,106.89119,106.89119,5872.7763,5789.1207,5746.7037,341.78279,1.6966378
5451000.0,1772.247,5788.5318,4006.7484,253.66693,106.89119,106.89119,106.89119,5858.8889,5803.8239,5702.8825,358.12639,1.6966378
5452000.0,1755.1781,5802.6244,3987.0688,252.42102,106.89119,106.89119,106.89119,5844.4076,5790.1427,5773.3228,392.45472,1.6966378
5453000.0,1750.9373,5804.9056,3912.115,247.6757,106.89119,106.89119,106.89119,5781.4771,5878.3048,5754.935,393.43778,1.6966378
5454000.0,1771.1524,5813.2229,3938.6686,249.3568,106.89119,106.89119,106.89119,5891.9725,5832.4628,5715.2335,397.1586,1.6966378
5455000.0,1731.0367,5796.5296,3922.787,248.35134,106.89119,106.89119,106.89119,5843.27,5812.944,5733.3746,368.36838,1.6966378
5456000.0,1726.1065,5785.6731,3942.4729,249.59765,106.89119,106.89119,106.89119,5802.778,5811.2419,5742.9994,391.73047,1.6966378
5457000.0,1755.8157,5800.6753,3950.2779,250.09179,106.89119,106.89119,106.89119,5877.1905,5810.0831,5714.7522,389.16653,1.6966378
5458000.0,1735.3619,5800.3401,3954.031,250.32939,106.89119,106.89119,106.89119,5857.9027,5818.7606,5724.3569,394.34982,1.6966378
5459000.0,1680.3844,5771.4744,3934.4805,249.09165,106.89119,106.89119,106.89119,5847.893,5740.4703,5726.0599,434.97565,1.6966378
5460000.0,1778.0291,5790.3372,3895.9414,246.65175,106.89119,106.89119,106.89119,5883.4541,5772.3979,5715.1595,446.56525,1.6966378
5461000.0,1726.1428,5803.6513,3898.8692,246.83711,106.89119,106.89119,106.89119,5836.3535,5833.8776,5740.7228,449.87635,1.6966378
5462000.0,1778.0904,5805.7394,3956.3789,250.47804,106.89119,106.89119,106.89119,5860.9875,5813.7875,5742.443,398.50437,1.6966378
5463000.0,1713.4872,5772.8342,3978.0929,251.85275,106.89119,106.89119,106.89119,5809.4405,5777.2197,5731.8425,357.57469,1.6966378
5464000.0,1802.9289,5821.2694,3873.7964,245.24975,106.89119,106.89119,106.89119,5924.755,5831.377,5707.6761,357.6926,1.6966378
5465000.0,1772.9863,5806.548,3919.6137,248.15044,106.89119,106.89119,106.89119,5849.3495,5790.1638,5780.1308,357.04474,1.6966378
5466000.0,1750.9305,5774.5894,3969.6469,251.31803,106.89119,106.89119,106.89119,5777.8311,5738.9219,5807.0154,397.82197,1.6966378
5467000.0,1729.1828,5791.8903,3893.3545,246.48797,106.89119,106.89119,106.89119,5830.6348,5783.131,5761.9052,406.37353,1.6966378
5468000.0,1748.2547,5791.5079,3997.5899,253.0871,106.89119,106.89119,106.89119,5849.2761,5766.4666,5758.7811,417.15383,1.6966378
5469000.0,1758.5904,5790.2637,3958.4025,250.60615,106.89119,106.89119,106.89119,5825.6971,5764.775,5780.3189,374.10272,1.6966378
5470000.0,1682.5628,5768.312,3949.4062,250.0366,106.89119,106.89119,106.89119,5799.23,5799.2266,5706.4795,384.4983,1.6966378
5471000.0,1667.968,5780.9952,3984.8438,252.28015,106.89119,106.89119,106.89119,5867.4802,5761.6872,5713.8181,363.85159,1.6966378
5472000.0,1697.9889,5773.3471,3953.6642,250.30617,106.89119,106.89119,106.89119,5799.773,5774.1371,5746.1313,398.03965,1.6966378
5473000.0,1754.7628,5797.2533,3968.4084,251.23963,106.89119,106.89119,106.89119,5861.0114,5770.5355,5760.2131,439.88312,1.6966378
5474000.0,1805.4984,5804.111,3932.4762,248.96476,106.89119,106.89119,106.89119,5861.6954,5781.3483,5769.2892,431.38199,1.6966378
5475000.0,1792.212,5822.311,4021.9238,254.62768,106.89119,106.89119,106.89119,5908.0964,5796.281,5762.5555,407.74581,1.6966378
5476000.0,1774.8511,5794.9109,3996.8944,253.04308,106.89119,106.89119,106.89119,5761.8542,5799.6051,5823.2733,374.69576,1.6966378
5477000.0,1728.2335,5778.5655,3934.8383,249.11431,106.89119,106.89119,106.89119,5901.7155,5754.8829,5679.0981,364.83059,1.6966378
5478000.0,1681.9383,5758.7502,3960.0654,250.71143,106.89119,106.89119,106.89119,5810.9081,5756.9511,5708.3914,383.5373,1.6966378
5479000.0,1770.7821,5808.622,3933.3746,249.02164,106.89119,106.89119,106.89119,5871.2063,5793.5704,5761.0893,400.67606,1.6966378
5480000.0,1685.2552,5754.7716,3985.5081,252.32221,106.89119,106.89119,106.89119,5873.7878,5719.2811,5671.2459,422.51799,1.6966378
5481000.0,1736.3759,5785.3101,3957.3261,250.53801,106.89119,106.89119,106.89119,5871.0232,5742.6342,5742.2729,419.62966,1.6966378
5482000.0,1729.8299,5778.2055,4014.6244,254.16556,106.89119,106.89119,106.89119,5899.4726,5708.4837,5726.6601,379.74087,1.6966378
5483000.0,1783.6237,5787.5772,3907.5607,247.38736,106.89119,106.89119,106.89119,5883.0737,5756.8696,5722.7883,383.17772,1.6966378
5484000.0,1689.3018,5769.6147,3912.5113,247.70079,106.89119,106.89119,106.89119,5807.2929,5787.4523,5714.099,380.72498,1.6966378
5485000.0,1723.6604,5803.8787,4019.7536,254.49029,106.89119,106.89119,106.89119,5865.3372,5756.359,5789.94,383.46375,1.6966378
5486000.0,1796.1222,5841.9618,3969.3832,251.30134,106.89119,106.89119,106.89119,5837.1069,5827.4697,5861.3088,426.40556,1.6966378
5487000.0,1732.8757,5810.6762,3884.0808,245.90085,106.89119,106.89119,106.89119,5828.4349,5800.1324,5803.4613,427.95455,1.6966378
5488000.0,1742.3097,5790.1048,3964.1077,250.96735,106.89119,106.89119,106.89119,5818.1069,5809.4144,5742.7929,430.60791,1.6966378
5489000.0,1740.3792,5792.6474,3987.1703,252.42744,106.89119,106.89119,106.89119,5836.365,5743.8798,5797.6975,379.44074,1.6966378
5490000.0,1767.8274,5800.9922,3961.5365,250.80456,106.89119,106.89119,106.89119,5825.8608,5862.08,5715.0357,375.3322,1.6966378
5491000.0,1755.4118,5781.3514,3917.8748,248.04035,106.89119,106.89119,106.89119,5816.9754,5731.0144,5796.0643,385.81417,1.6966378
5492000.0,1771.7212,5786.2603,3985.8003,252.34071,106.89119,106.89119,106.89119,5843.8797,5810.4112,5704.49,382.66774,1.6966378
5493000.0,1649.1919,5770.3512,3926.631,248.5947,106.89119,106.89119,106.89119,5801.5722,5779.5513,5729.93,429.61193,1.6966378
5494000.0,1672.1995,5780.5974,3877.8864,245.50868,106.89119,106.89119,106.89119,5834.6106,5772.6418,5734.5399,441.30538,1.6966378
5495000.0,1742.9595,5774.0633,3960.6432,250.74801,106.89119,106.89119,106.89119,5834.7607,5783.5839,5703.8452,449.07394,1.6966378
5496000.0,1738.3346,5800.6525,3950.1979,250.08672,106.89119,106.89119,106.89119,5844.4286,5750.7709,5806.7581,360.3969,1.6966378
5497000.0,1728.0691,5806.4582,3957.6485,250.55842,106.89119,106.89119,106.89119,5907.469,5806.8231,5705.0825,359.58988,1.6966378
5498000.0,1692.5212,5790.6247,3920.7843,248.22455,106.89119,106.89119,106.89119,5889.4632,5779.5651,5702.8456,355.49686,1.6966378
5499000.0,1728.9006,5772.1318,3966.0013,251.08723,106.89119,106.89119,106.89119,5848.1297,5757.7859,5710.4799,372.03779,1.6966378
5500000.0,1766.745,5774.23,3965.3751,251.04759,106.89119,106.89119,106.89119,5824.9762,5822.255,5675.4588,406.06089,1.6966378
5501000.0,1733.5713,5774.6178,3928.2071,248.69449,106.89119,106.89119,106.89119,5826.344,5769.6224,5727.887,406.6044,1.6966378
5502000.0,1745.3738,5800.3209,3907.4957,247.38325,106.89119,106.89119,106.89119,5857.4078,5784.948,5758.607,372.06493,1.6966378
5503000.0,1677.6602,5776.1082,3955.9521,250.45102,106.89119,106.89119,106.89119,5832.0473,5783.9708,5712.3065,346.79814,1.6966378
5504000.0,1783.9412,5800.7446,3962.7067,250.87865,106.89119,106.89119,106.89119,5870.5422,5754.7671,5776.9245,330.3519,1.6966378
5505000.0,1709.6073,5761.1872,3904.0254,247.16354,106.89119,106.89119,106.89119,5829.417,5756.6627,5697.4819,336.80189,1.6966378
5506000.0,1649.9763,5764.9119,3904.0486,247.16501,106.89119,106.89119,106.89119,5782.9905,5750.2035,5761.5418,341.80272,1.6966378
5507000.0,1731.7737,5785.866,3850.5062,243.77525,106.89119,106.89119,106.89119,5871.3092,5792.6757,5693.6133,362.34069,1.6966378
5508000.0,1715.5402,5798.9376,3995.2754,252.94057,106.89119,106.89119,106.89119,5854.0605,5798.9193,5743.8331,388.71975,1.6966378
5509000.0,1777.6593,5815.3526,4015.6151,254.22828,106.89119,106.89119,106.89119,5843.4905,5850.9616,5751.6057,395.07046,1.6966378
5510000.0,1655.9645,5752.6678,3950.4893,250.10517,106.89119,106.89119,106.89119,5803.2272,5770.5489,5684.2272,397.4609,1.6966378
5511000.0,1760.9027,5784.3436,3977.127,251.7916,106.89119,106.89119,106.89119,5844.2944,5822.141,5686.5954,453.45417,1.6966378
5512000.0,1754.9394,5800.4941,3898.9074,246.83952,106.89119,106.89119,106.89119,5830.4325,5802.8637,5768.186,472.91197,1.6966378
5513000.0,1654.6923,5771.5625,3854.2303,244.01102,106.89119,106.89119,106.89119,5872.8432,5746.4122,5695.432,470.42877,1.6966378
5514000.0,1675.1818,5757.8317,3962.232,250.8486,106.89119,106.89119,106.89119,5812.179,5754.4205,5706.8955,396.01258,1.6966378
5515000.0,1823.3697,5829.3527,3910.3312,247.56276,106.89119,106.89119,106.89119,5854.3304,5827.2505,5806.4772,353.99104,1.6966378
5516000.0,1679.6466,5785.9713,3948.0291,249.94941,106.89119,106.89119,106.89119,5861.1502,5757.3507,5739.413,359.59731,1.6966378
5517000.0,1631.5344,5773.8144,3891.7988,246.38948,106.89119,106.89119,106.89119,5782.5986,5820.5244,5718.3203,370.83648,1.6966378
5518000.0,1738.6204,5786.0249,3994.9288,252.91863,106.89119,106.89119,106.89119,5821.7274,5806.0129,5730.3345,422.23276,1.6966378
5519000.0,1763.3261,5802.7795,3953.1744,250.27516,106.89119,106.89119,106.89119,5882.8502,5787.1524,5738.3358,421.33713,1.6966378
5520000.0,1759.7325,5779.6295,3930.7863,248.85777,106.89119,106.89119,106.89119,5795.6456,5782.1991,5761.0438,432.24749,1.6966378
5521000.0,1690.3564,5763.0104,3980.071,251.97798,106.89119,106.89119,106.89119,5839.6586,5746.1745,5703.1982,361.43929,1.6966378
5522000.0,1717.7828,5780.7026,3911.2993,247.62405,106.89119,106.89119,106.89119,5866.0689,5744.6711,5731.3678,356.79708,1.6966378
5523000.0,1726.4994,5827.7695,4079.9063,258.29855,106.89119,106.89119,106.89119,5949.6866,5765.9654,5767.6566,360.3339,1.6966378
5524000.0,1729.525,5790.1956,3950.3176,250.0943,106.89119,106.89119,106.89119,5815.221,5825.4215,5729.9443,390.50215,1.6966378
5525000.0,1763.9632,5812.7301,3905.5399,247.25943,106.89119,106.89119,106.89119,5914.7908,5811.4102,5711.9893,432.39138,1.6966378
5526000.0,1762.8151,5827.0139,3917.4497,248.01344,106.89119,106.89119,106.89119,5824.2145,5888.3386,5768.4885,427.26782,1.6966378
5527000.0,1689.2096,5801.4334,3943.5612,249.66655,106.89119,106.89119,106.89119,5873.6865,5780.0365,5750.5774,430.60716,1.6966378
5528000.0,1679.873,5794.2893,3973.5189,251.56317,106.89119,106.89119,106.89119,5877.0689,5727.0559,5778.7432,357.57777,1.6966378
5529000.0,1710.5648,5763.9984,3895.7936,246.64239,106.89119,106.89119,106.89119,5805.4496,5756.5857,5729.9599,369.75443,1.6966378
5530000.0,1645.4316,5772.4584,3964.4417,250.9885,106.89119,106.89119,106.89119,5819.4413,5761.3702,5736.5638,386.64983,1.6966378
5531000.0,1736.4932,5784.2283,3958.2466,250.59629,106.89119,106.89119,106.89119,5835.9705,5749.6519,5767.0625,397.57628,1.6966378
5532000.0,1810.0855,5810.2877,3966.9222,251.14553,106.89119,106.89119,106.89119,5870.657,5786.4572,5773.7488,451.96978,1.6966378
5533000.0,1719.4829,5797.1179,4003.827,253.48198,106.89119,106.89119,106.89119,5860.555,5781.7847,5749.0141,445.98204,1.6966378
5534000.0,1740.0435,5785.8672,3873.7904,245.24937,106.89119,106.89119,106.89119,5854.1881,5721.686,5781.7274,443.78962,1.6966378
5535000.0,1683.3335,5793.7259,3957.7529,250.56503,106.89119,106.89119,106.89119,5863.5972,5786.3471,5731.2333,368.43887,1.6966378
5536000.0,1753.5723,5788.1737,3983.3758,252.18721,106.89119,106.89119,106.89119,5841.0817,5802.5828,5720.8567,384.55696,1.6966378
5537000.0,1744.4581,5806.2729,3954.0962,250.33352,106.89119,106.89119,106.89119,5895.9145,5790.6958,5732.2083,388.27948,1.6966378
5538000.0,1766.1726,5814.5696,3990.6707,252.64905,106.89119,106.89119,106.89119,5844.3205,5854.9553,5744.433,391.95128,1.6966378
5539000.0,1721.1086,5775.1262,3976.0416,251.72289,106.89119,106.89119,106.89119,5871.1661,5777.2849,5676.9276,433.93732,1.6966378
5540000.0,1735.9963,5793.0898,3944.1917,249.70647,106.89119,106.89119,106.89119,5865.0848,5794.9883,5719.1963,443.13692,1.6966378
5541000.0,1761.9721,5829.983,3921.2592,248.25461,106.89119,106.89119,106.89119,5888.4781,5832.4793,5768.9916,435.89749,1.6966378
5542000.0,1659.4091,5768.6207,3954.5279,250.36085,106.89119,106.89119,106.89119,5849.5198,5787.8218,5668.5205,373.01945,1.6966378
5543000.0,1724.0024,5787.0477,4012.8201,254.05133,106.89119,106.89119,106.89119,5864.0419,5750.2104,5746.891,380.53864,1.6966378
5544000.0,1745.2239,5794.2958,3947.3002,249.90327,106.89119,106.89119,106.89119,5843.1155,5772.45,5767.3218,395.92054,1.6966378
5545000.0,1744.8622,5789.5326,3938.0878,249.32003,106.89119,106.89119,106.89119,5853.1771,5815.9013,5699.5195,396.18336,1.6966378
5546000.0,1740.4339,5802.2648,3887.2386,246.10078,106.89119,106.89119,106.89119,5828.6619,5810.1042,5768.0284,435.794,1.6966378
5547000.0,1616.3553,5757.8315,3937.5634,249.28683,106.89119,106.89119,106.89119,5784.8653,5791.0404,5697.5887,434.95844,1.6966378
5548000.0,1746.9705,5799.6706,3866.0064,244.75656,106.89119,106.89119,106.89119,5812.9593,5846.9892,5739.0632,435.42723,1.6966378
5549000.0,1673.641,5794.6446,3920.6121,248.21365,106.89119,106.89119,106.89119,5887.9811,5803.6113,5692.3415,373.08296,1.6966378
5550000.0,1683.2801,5778.7226,3993.012,252.79728,106.89119,106.89119,106.89119,5820.1325,5848.4822,5667.5531,387.23949,1.6966378
5551000.0,1775.7186,5801.3972,3939.2449,249.39329,106.89119,106.89119,106.89119,5855.0515,5821.4989,5727.6414,383.65531,1.6966378
5552000.0,1709.8809,5784.687,3980.1574,251.98345,106.89119,106.89119,106.89119,5841.2615,5732.2008,5780.5988,362.198,1.6966378
5553000.0,1755.0237,5801.4975,3916.8432,247.97504,106.89119,106.89119,106.89119,5819.1857,5784.7309,5800.576,412.00622,1.6966378
5554000.0,1725.2044,5791.0169,3937.8879,249.30738,106.89119,106.89119,106.89119,5847.4707,5795.642,5729.9378,409.13891,1.6966378
5555000.0,1696.5103,5778.3283,3972.6845,251.51035,106.89119,106.89119,106.89119,5815.7949,5770.3813,5748.8088,431.24428,1.6966378
5556000.0,1596.3778,5760.0108,3910.6555,247.5833,106.89119,106.89119,106.89119,5830.0678,5764.792,5685.1726,348.36751,1.6966378
5557000.0,1738.4309,5797.6132,4001.4616,253.33222,106.89119,106.89119,106.89119,5844.5044,5843.6064,5704.7289,360.41209,1.6966378
5558000.0,1662.6599,5767.5832,3979.72,251.95576,106.89119,106.89119,106.89119,5796.3267,5789.2388,5717.1841,356.18599,1.6966378
5559000.0,1700.9883,5782.1185,3897.9039,246.77599,106.89119,106.89119,106.89119,5818.282,5807.8604,5720.213,352.73162,1.6966378
5560000.0,1734.8473,5774.5796,3891.5378,246.37296,106.89119,106.89119,106.89119,5857.7007,5744.913,5721.1249,343.70442,1.6966378
5561000.0,1756.1195,5771.6432,3920.8998,248.23186,106.89119,106.89119,106.89119,5847.4618,5747.0223,5720.4456,341.65527,1.6966378
5562000.0,1694.9953,5774.5405,3901.7031,247.01652,106.89119,106.89119,106.89119,5834.872,5785.9155,5702.834,341.12958,1.6966378
5563000.0,1696.0012,5781.0813,3924.3924,248.45297,106.89119,106.89119,106.89119,5882.9758,5789.7222,5670.5458,341.24819,1.6966378
5564000.0,1781.4879,5800.0696,3996.5064,253.01851,106.89119,106.89119,106.89119,5814.6235,5803.6416,5781.9438,340.94373,1.6966378
5565000.0,1740.8779,5785.3457,3955.4377,250.41846,106.89119,106.89119,106.89119,5872.231,5742.6714,5741.1348,328.1001,1.6966378
5566000.0,1750.1457,5792.1294,3917.2034,247.99784,106.89119,106.89119,106.89119,5860.403,5782.9384,5733.0469,341.27277,1.6966378
5567000.0,1778.9818,5817.0241,3925.4963,248.52286,106.89119,106.89119,106.89119,5814.8037,5834.0597,5802.209,336.09157,1.6966378
5568000.0,1715.4985,5791.6167,3939.8013,249.42851,106.89119,106.89119,106.89119,5860.414,5780.9096,5733.5267,338.57617,1.6966378
5569000.0,1702.8668,5784.8488,3944.864,249.74903,106.89119,106.89119,106.89119,5844.245,5782.0245,5728.2769,338.63636,1.6966378
5570000.0,1749.1605,5803.9573,3946.2593,249.83737,106.89119,106.89119,106.89119,5897.6029,5790.4923,5723.7767,353.15211,1.6966378
5571000.0,1750.8754,5773.9781,3935.1699,249.1353,106.89119,106.89119,106.89119,5808.8359,5752.4712,5760.6271,384.98789,1.6966378
5572000.0,1646.3761,5761.026,3981.76,252.08491,106.89119,106.89119,106.89119,5803.8376,5777.3436,5701.8969,390.09035,1.6966378
5573000.0,1686.9421,5791.5367,3968.9882,251.27633,106.89119,106.89119,106.89119,5841.2979,5863.7356,5669.5765,385.30532,1.6966378
5574000.0,1717.2219,5796.2398,4003.4278,253.4567,106.89119,106.89119,106.89119,5837.5206,5797.7222,5753.4766,442.19167,1.6966378
5575000.0,1693.0104,5795.3783,3924.5329,248.46187,106.89119,106.89119,106.89119,5806.8196,5823.4537,5755.8617,425.50799,1.6966378
5576000.0,1678.9524,5778.4466,3988.7225,252.52571,106.89119,106.89119,106.89119,5815.275,5777.4373,5742.6274,428.3835,1.6966378
5577000.0,1690.927,5779.3706,3995.5187,252.95598,106.89119,106.89119,106.89119,5813.1254,5819.1001,5705.8863,368.3078,1.6966378
5578000.0,1729.9056,5781.7329,3975.6855,251.70034,106.89119,106.89119,106.89119,5807.2723,5803.3273,5734.5993,361.69018,1.6966378
5579000.0,1777.0266,5795.089,3949.8232,250.063,106.89119,106.89119,106.89119,5806.803,5827.2094,5751.2546,360.13143,1.6966378
5580000.0,1666.2744,5780.34,3935.8116,249.17592,106.89119,106.89119,106.89119,5801.327,5805.851,5733.8421,362.75045,1.6966378
5581000.0,1743.664,5769.025,3957.2672,250.53428,106.89119,106.89119,106.89119,5810.2713,5756.0289,5740.7746,405.26812,1.6966378
5582000.0,1622.8568,5758.549,3868.9889,244.94538,106.89119,106.89119,106.89119,5809.3422,5781.5165,5684.7883,431.06153,1.6966378
5583000.0,1706.1645,5767.5248,3984.001,252.22679,106.89119,106.89119,106.89119,5791.5228,5785.0877,5725.9639,412.90995,1.6966378
5584000.0,1710.9278,5765.1026,3972.7038,251.51157,106.89119,106.89119,106.89119,5856.7712,5792.1842,5646.3524,353.14097,1.6966378
5585000.0,1763.3259,5807.4586,3898.2786,246.79972,106.89119,106.89119,106.89119,5821.8663,5801.7193,5798.7903,355.2784,1.6966378
5586000.0,1744.7668,5774.9427,3899.5076,246.87752,106.89119,106.89119,106.89119,5821.5152,5771.2662,5732.0466,363.81599,1.6966378
5587000.0,1740.6084,5802.3148,3952.9296,250.25966,106.89119,106.89119,106.89119,5854.8484,5833.8702,5718.2259,355.48125,1.6966378
5588000.0,1774.8884,5800.7336,4003.9946,253.49259,106.89119,106.89119,106.89119,5840.4758,5843.4956,5718.2292,339.10058,1.6966378
5589000.0,1693.8295,5762.1858,4013.0224,254.06414,106.89119,106.89119,106.89119,5799.904,5775.3682,5711.2851,344.87966,1.6966378
5590000.0,1694.3291,5760.6714,3909.2072,247.49161,106.89119,106.89119,106.89119,5836.236,5772.0433,5673.7348,341.95468,1.6966378
5591000.0,1738.6292,5807.737,3894.4198,246.55541,106.89119,106.89119,106.89119,5898.9214,5831.7364,5692.5532,354.70867,1.6966378
5592000.0,1727.7231,5810.2352,3994.3652,252.88295,106.89119,106.89119,106.89119,5845.6744,5819.3119,5765.7192,358.26849,1.6966378
5593000.0,1755.3041,5784.9589,3946.301,249.84001,106.89119,106.89119,106.89119,5800.706,5805.729,5748.4418,342.36626,1.6966378
5594000.0,1774.9457,5816.4728,3917.9652,248.04607,106.89119,106.89119,106.89119,5869.2899,5862.8905,5717.2379,388.88337,1.6966378
5595000.0,1753.6614,5800.5726,3992.6503,252.77438,106.89119,106.89119,106.89119,5858.3502,5809.8687,5733.4988,394.34949,1.6966378
5596000.0,1802.5399,5818.178,3972.7811,251.51646,106.89119,106.89119,106.89119,5886.9518,5808.8438,5758.7384,406.05075,1.6966378
5597000.0,1699.9036,5776.3787,3937.4858,249.28192,106.89119,106.89119,106.89119,5815.7988,5846.7845,5666.5527,444.88078,1.6966378
5598000.0,1674.393,5762.3012,3941.0687,249.50875,106.89119,106.89119,106.89119,5805.1063,5807.3876,5674.4098,467.79024,1.6966378
5599000.0,1685.2026,5790.7725,3965.0146,251.02477,106.89119,106.89119,106.89119,5853.2898,5794.3882,5724.6395,462.66408,1.6966378
5600000.0,1765.3977,5799.4628,3997.8915,253.1062,106.89119,106.89119,106.89119,5832.619,5840.3708,5725.3986,432.24666,1.6966378
5601000.0,1750.8435,5783.7155,3892.8021,246.453,106.89119,106.89119,106.89119,5838.8421,5764.6437,5747.6608,387.36487,1.6966378
5602000.0,1761.3094,5784.9525,4023.3056,254.71516,106.89119,106.89119,106.89119,5811.4025,5830.5316,5712.9234,388.01587,1.6966378
5603000.0,1754.9547,5773.8249,3982.6321,252.14013,106.89119,106.89119,106.89119,5791.7936,5801.7078,5727.9733,388.65688,1.6966378
5604000.0,1682.6958,5785.6948,3933.687,249.04142,106.89119,106.89119,106.89119,5872.3708,5753.2055,5731.5081,407.80223,1.6966378
5605000.0,1745.7828,5802.8484,3966.9571,251.14774,106.89119,106.89119,106.89119,5863.677,5822.4793,5722.389,445.90516,1.6966378
5606000.0,1733.3271,5783.2341,3905.0372,247.2276,106.89119,106.89119,106.89119,5817.4317,5815.4735,5716.7972,438.85855,1.6966378
5607000.0,1680.4456,5777.4989,3950.1487,250.0836,106.89119,106.89119,106.89119,5827.5844,5774.1001,5730.8122,383.2371,1.6966378
5608000.0,1772.2495,5779.5445,3930.1639,248.81837,106.89119,106.89119,106.89119,5819.5113,5822.2002,5696.922,371.43177,1.6966378
5609000.0,1693.3139,5797.4402,3883.9111,245.89011,106.89119,106.89119,106.89119,5807.6088,5824.089,5760.6228,368.94599,1.6966378
5610000.0,1770.7673,5824.6826,3977.5794,251.82024,106.89119,106.89119,106.89119,5828.2618,5849.768,5796.0179,376.97508,1.6966378
5611000.0,1758.1908,5780.2374,3863.1296,244.57443,106.89119,106.89119,106.89119,5842.3811,5827.9634,5670.3676,408.28741,1.6966378
5612000.0,1679.6817,5776.9165,3967.865,251.20522,106.89119,106.89119,106.89119,5852.3138,5755.1883,5723.2474,424.85327,1.6966378
5613000.0,1712.0879,5773.7657,3938.1859,249.32624,106.89119,106.89119,106.89119,5804.3447,5797.3703,5719.5822,437.40876,1.6966378
5614000.0,1722.2751,5781.8254,3915.7898,247.90835,106.89119,106.89119,106.89119,5792.6471,5857.6931,5695.136,395.42967,1.6966378
5615000.0,1698.713,5778.1003,3966.279,251.10481,106.89119,106.89119,106.89119,5814.6201,5792.5608,5727.12,367.83161,1.6966378
5616000.0,1757.2953,5793.5381,3901.8657,247.02681,106.89119,106.89119,106.89119,5831.874,5812.3115,5736.4289,357.6643,1.6966378
5617000.0,1688.8352,5765.3367,3899.0093,246.84597,106.89119,106.89119,106.89119,5802.4891,5777.764,5715.7572,352.36213,1.6966378
5618000.0,1767.3341,5799.3571,3959.2568,250.66024,106.89119,106.89119,106.89119,5849.6991,5784.3097,5764.0625,376.19198,1.6966378
5619000.0,1767.9803,5807.5501,3907.5044,247.3838,106.89119,106.89119,106.89119,5871.6666,5814.7433,5736.2403,393.24832,1.6966378
5620000.0,1764.3579,5782.8207,3992.4197,252.75978,106.89119,106.89119,106.89119,5814.9018,5788.6287,5744.9316,394.80432,1.6966378
5621000.0,1749.2199,5784.9662,3924.0155,248.42912,106.89119,106.89119,106.89119,5840.0707,5783.0156,5731.8122,390.61037,1.6966378
5622000.0,1723.0316,5805.163,3949.2874,250.02908,106.89119,106.89119,106.89119,5857.5946,5818.3952,5739.4991,370.57541,1.6966378
5623000.0,1814.3909,5816.2793,3942.6588,249.60942,106.89119,106.89119,106.89119,5858.1777,5812.6971,5777.9632,397.25232,1.6966378
5624000.0,1824.6902,5810.7316,3991.8708,252.72503,106.89119,106.89119,106.89119,5931.9285,5769.2242,5731.0422,344.35152,1.6966378
5625000.0,1708.4749,5771.6899,3947.3653,249.90739,106.89119,106.89119,106.89119,5840.2787,5762.9044,5711.8866,350.94547,1.6966378
5626000.0,1704.3095,5792.1081,3995.3217,252.94351,106.89119,106.89119,106.89119,5868.5508,5773.8688,5733.9048,394.0081,1.6966378
5627000.0,1797.8035,5812.4332,3930.4268,248.83502,106.89119,106.89119,106.89119,5839.3651,5825.9497,5771.9847,390.08875,1.6966378
5628000.0,1772.7137,5813.348,3925.8475,248.5451,106.89119,106.89119,106.89119,5836.1326,5849.0164,5754.8952,391.37096,1.6966378
5629000.0,1688.6564,5788.8108,3931.0617,248.87521,106.89119,106.89119,106.89119,5822.925,5799.5247,5743.9829,377.46245,1.6966378
5630000.0,1672.325,5780.6437,3905.6555,247.26674,106.89119,106.89119,106.89119,5796.5907,5848.9121,5696.4284,391.23732,1.6966378
5631000.0,1695.8001,5795.4417,3909.3338,247.49962,106.89119,106.89119,106.89119,5813.1742,5840.4377,5732.7131,398.08982,1.6966378
5632000.0,1682.2155,5775.5561,3925.3959,248.51651,106.89119,106.89119,106.89119,5815.7453,5776.1273,5734.7958,399.65702,1.6966378
5633000.0,1668.2248,5780.0156,3908.3467,247.43712,106.89119,106.89119,106.89119,5784.8929,5762.3939,5792.7601,397.78882,1.6966378
5634000.0,1788.8995,5793.3386,3958.6047,250.61896,106.89119,106.89119,106.89119,5750.431,5840.7948,5788.79,458.5501,1.6966378
5635000.0,1768.9317,5825.2226,3943.728,249.67711,106.89119,106.89119,106.89119,5893.2419,5819.0248,5763.4012,464.18589,1.6966378
5636000.0,1695.7367,5762.4743,3933.3323,249.01896,106.89119,106.89119,106.89119,5812.5735,5786.0843,5688.7652,469.12959,1.6966378
5637000.0,1694.0833,5794.9902,3920.9024,248.23202,106.89119,106.89119,106.89119,5791.4521,5841.6986,5751.82,469.73758,1.6966378
5638000.0,1679.6982,5770.1435,3926.9113,248.61245,106.89119,106.89119,106.89119,5778.9275,5789.086,5742.4169,388.52892,1.6966378
5639000.0,1651.3537,5790.017,3947.3232,249.90472,106.89119,106.89119,106.89119,5899.5183,5755.1735,5715.3592,353.28716,1.6966378
5640000.0,1732.2302,5786.0186,4006.7516,253.66713,106.89119,106.89119,106.89119,5852.8091,5810.8754,5694.3714,342.11739,1.6966378
5641000.0,1761.6247,5803.3853,3967.9187,251.20862,106.89119,106.89119,106.89119,5827.5234,5809.601,5773.0315,343.43937,1.6966378
5642000.0,1786.6663,5809.5569,3943.8169,249.68274,106.89119,106.89119,106.89119,5838.8287,5810.6343,5779.2077,374.45143,1.6966378
5643000.0,1720.7287,5757.5469,3977.3086,251.80309,106.89119,106.89119,106.89119,5740.2019,5753.2523,5779.1867,392.90903,1.6966378
5644000.0,1702.1853,5786.4864,3937.25,249.26699,106.89119,106.89119,106.89119,5827.4549,5798.2766,5733.7276,390.02776,1.6966378
5645000.0,1735.1967,5798.4492,3942.1637,249.57808,106.89119,106.89119,106.89119,5807.9299,5824.7875,5762.63,386.46438,1.6966378
5646000.0,1777.4825,5787.9087,3916.9173,247.97973,106.89119,106.89119,106.89119,5815.0642,5795.2483,5753.4135,338.08826,1.6966378
5647000.0,1739.7637,5801.4428,3973.4491,251.55876,106.89119,106.89119,106.89119,5809.349,5796.2,5798.7794,345.2541,1.6966378
5648000.0,1729.1868,5764.0446,3982.2969,252.11891,106.89119,106.89119,106.89119,5788.0873,5769.4061,5734.6405,339.56848,1.6966378
5649000.0,1739.3915,5774.6889,3917.6344,248.02513,106.89119,106.89119,106.89119,5794.3709,5787.0752,5742.6207,357.47942,1.6966378
5650000.0,1757.3097,5778.3262,3923.7262,248.4108,106.89119,106.89119,106.89119,5795.9362,5821.5676,5717.4746,385.99381,1.6966378
5651000.0,1674.9416,5779.1354,3921.037,248.24055,106.89119,106.89119,106.89119,5829.8774,5784.6297,5722.8991,384.04478,1.6966378
5652000.0,1618.9074,5736.6555,3908.0097,247.41579,106.89119,106.89119,106.89119,5752.9575,5810.5027,5646.5064,381.32747,1.6966378
5653000.0,1760.8221,5771.7676,3853.0055,243.93348,106.89119,106.89119,106.89119,5798.3978,5807.8481,5709.0571,352.61498,1.6966378
5654000.0,1674.4746,5781.7777,3908.9691,247.47653,106.89119,106.89119,106.89119,5750.4343,5845.4541,5749.4448,340.6948,1.6966378
5655000.0,1774.2266,5798.0518,3939.2321,249.39248,106.89119,106.89119,106.89119,5891.0085,5816.4335,5686.7133,331.5233,1.6966378
5656000.0,1772.6958,5800.7233,4008.3078,253.76566,106.89119,106.89119,106.89119,5842.9623,5847.7545,5711.4531,341.3913,1.6966378
5657000.0,1734.1702,5780.7088,3852.9173,243.92789,106.89119,106.89119,106.89119,5797.9089,5825.2459,5718.9717,390.667,1.6966378
5658000.0,1700.496,5784.7525,3946.1866,249.83276,106.89119,106.89119,106.89119,5812.8705,5797.7092,5743.6777,392.77856,1.6966378
5659000.0,1652.9203,5766.6722,4014.8719,254.18123,106.89119,106.89119,106.89119,5827.2616,5712.6622,5760.0928,392.26564,1.6966378
5660000.0,1707.5399,5804.3254,3949.8815,250.06669,106.89119,106.89119,106.89119,5865.4693,5805.7212,5741.7858,366.06986,1.6966378
5661000.0,1720.4802,5784.7546,4040.2449,255.78759,106.89119,106.89119,106.89119,5857.3373,5744.8953,5752.0312,334.14116,1.6966378
5662000.0,1766.8492,5795.4843,3975.022,251.65833,106.89119,106.89119,106.89119,5864.6874,5744.7363,5777.0291,392.04704,1.6966378
5663000.0,1663.7543,5778.5395,3958.258,250.597,106.89119,106.89119,106.89119,5774.3029,5807.0688,5754.2469,346.86286,1.6966378
5664000.0,1655.9982,5766.0294,3958.5206,250.61363,106.89119,106.89119,106.89119,5851.101,5772.9961,5673.9911,358.04898,1.6966378
5665000.0,1715.4129,5778.0253,3899.2462,246.86097,106.89119,106.89119,106.89119,5780.6489,5763.9852,5789.4419,394.65146,1.6966378
5666000.0,1775.8342,5783.4869,4031.8049,255.25325,106.89119,106.89119,106.89119,5786.015,5822.1584,5742.2875,390.3008,1.6966378
5667000.0,1615.4839,5739.9911,3937.2173,249.26492,106.89119,106.89119,106.89119,5709.6168,5821.2374,5689.119,388.3477,1.6966378
5668000.0,1799.4001,5805.5954,3937.5573,249.28645,106.89119,106.89119,106.89119,5822.9912,5862.2654,5731.5295,381.53835,1.6966378
5669000.0,1781.8506,5794.715,3870.5649,245.04516,106.89119,106.89119,106.89119,5792.1664,5865.006,5726.9725,336.64406,1.6966378
5670000.0,1691.1896,5785.9671,4018.0392,254.38175,106.89119,106.89119,106.89119,5784.5458,5855.7632,5717.5921,337.94619,1.6966378
5671000.0,1703.4493,5776.0271,3899.4508,246.87393,106.89119,106.89119,106.89119,5845.4993,5767.6873,5714.8946,328.66068,1.6966378
5672000.0,1674.0038,5769.7606,4001.0953,253.30903,106.89119,106.89119,106.89119,5809.5563,5768.993,5730.7325,369.49223,1.6966378
5673000.0,1756.0819,5805.3635,3985.8631,252.34468,106.89119,106.89119,106.89119,5864.7768,5800.9092,5750.4046,373.2223,1.6966378
5674000.0,1742.6649,5780.6653,3926.6967,248.59886,106.89119,106.89119,106.89119,5831.4378,5800.1578,5710.4003,384.77127,1.6966378
5675000.0,1735.7789,5793.4889,4018.1373,254.38796,106.89119,106.89119,106.89119,5829.5996,5827.3132,5723.5538,371.41715,1.6966378
5676000.0,1745.2689,5778.3853,3888.2674,246.16591,106.89119,106.89119,106.89119,5812.1168,5763.8439,5759.1953,339.05137,1.6966378
5677000.0,1713.0038,5777.054,3968.0695,251.21817,106.89119,106.89119,106.89119,5811.7024,5768.5525,5750.9072,341.64418,1.6966378
5678000.0,1653.0008,5771.5507,3921.204,248.25112,106.89119,106.89119,106.89119,5763.3505,5800.3856,5750.916,340.18752,1.6966378
5679000.0,1730.5956,5792.737,3966.4789,251.11747,106.89119,106.89119,106.89119,5821.7365,5755.7999,5800.6746,378.21654,1.6966378
5680000.0,1729.1962,5768.1553,3980.2647,251.99025,106.89119,106.89119,106.89119,5779.0419,5775.773,5749.651,439.90498,1.6966378
5681000.0,1725.2862,5783.8416,3965.5365,251.05781,106.89119,106.89119,106.89119,5810.518,5793.5347,5747.4721,413.01675,1.6966378
5682000.0,1696.4981,5780.4045,3975.746,251.70417,106.89119,106.89119,106.89119,5869.8862,5754.1264,5717.201,364.60622,1.6966378
5683000.0,1713.5522,5795.1364,3962.3405,250.85547,106.89119,106.89119,106.89119,5844.7542,5751.3652,5789.2899,357.23525,1.6966378
5684000.0,1788.6469,5810.748,4007.7508,253.73039,106.89119,106.89119,106.89119,5852.1607,5821.2547,5758.8286,361.30133,1.6966378
5685000.0,1696.1945,5760.4288,3956.0267,250.45574,106.89119,106.89119,106.89119,5779.9418,5732.8342,5768.5103,357.43948,1.6966378
5686000.0,1770.055,5782.1079,4036.2864,255.53698,106.89119,106.89119,106.89119,5776.1044,5818.8245,5751.3949,369.62759,1.6966378
5687000.0,1780.1122,5804.7466,3951.5124,250.16994,106.89119,106.89119,106.89119,5763.1032,5849.6986,5801.4381,404.70434,1.6966378
5688000.0,1698.0814,5792.4823,3952.4763,250.23097,106.89119,106.89119,106.89119,5843.5891,5778.4159,5755.442,400.67116,1.6966378
5689000.0,1704.672,5788.2368,3861.9929,244.50247,106.89119,106.89119,106.89119,5877.2505,5805.6435,5681.8163,404.37148,1.6966378
5690000.0,1638.2226,5756.8318,3993.4479,252.82488,106.89119,106.89119,106.89119,5826.6311,5758.5131,5685.3513,376.71944,1.6966378
5691000.0,1728.6015,5761.1148,3912.4898,247.69943,106.89119,106.89119,106.89119,5791.8432,5766.0786,5725.4226,366.38045,1.6966378
5692000.0,1692.4435,5766.2987,3830.1293,242.48519,106.89119,106.89119,106.89119,5811.9631,5792.0707,5694.8622,343.03533,1.6966378
5693000.0,1675.0946,5789.7894,3858.9032,244.30686,106.89119,106.89119,106.89119,5898.5122,5775.4105,5695.4455,336.28336,1.6966378
5694000.0,1779.005,5786.7649,3925.3237,248.51194,106.89119,106.89119,106.89119,5838.7664,5763.3831,5758.1451,365.24024,1.6966378
5695000.0,1742.7277,5790.372,3954.8271,250.3798,106.89119,106.89119,106.89119,5860.8135,5799.2274,5711.0752,380.08682,1.6966378
5696000.0,1726.443,5772.3331,3917.9204,248.04324,106.89119,106.89119,106.89119,5746.4462,5818.2807,5752.2723,386.53982,1.6966378
5697000.0,1634.7473,5783.3246,3938.8308,249.36707,106.89119,106.89119,106.89119,5823.4064,5753.4533,5773.1141,386.61987,1.6966378
5698000.0,1711.4509,5779.8477,3953.0487,250.26721,106.89119,106.89119,106.89119,5784.5143,5807.9607,5747.068,364.71431,1.6966378
5699000.0,1683.2934,5779.7629,3878.4008,245.54125,106.89119,106.89119,106.89119,5815.8155,5828.8174,5694.6556,391.92896,1.6966378
5700000.0,1719.6322,5815.8052,3916.0734,247.9263,106.89119,106.89119,106.89119,5883.76,5852.45,5711.2057,394.90488,1.6966378
5701000.0,1711.3645,5769.6767,3917.5199,248.01788,106.89119,106.89119,106.89119,5822.4589,5743.9615,5742.6099,389.10356,1.6966378
5702000.0,1746.8028,5798.8691,3941.471,249.53422,106.89119,106.89119,106.89119,5849.6553,5769.9617,5776.9904,382.26124,1.6966378
5703000.0,1763.707,5792.0462,3987.8562,252.47086,106.89119,106.89119,106.89119,5772.5015,5831.6873,5771.9498,412.44762,1.6966378
5704000.0,1683.6626,5778.841,3987.5659,252.45249,106.89119,106.89119,106.89119,5791.9747,5801.3635,5743.1849,418.38133,1.6966378
5705000.0,1625.7045,5769.8774,3893.9062,246.5229,106.89119,106.89119,106.89119,5797.923,5789.982,5721.7272,408.27167,1.6966378
5706000.0,1701.2013,5774.4591,3833.3959,242.69199,106.89119,106.89119,106.89119,5798.1629,5788.7056,5736.5087,381.28266,1.6966378
5707000.0,1787.5155,5813.109,3878.1446,245.52503,106.89119,106.89119,106.89119,5889.9546,5822.58,5726.7924,360.16514,1.6966378
5708000.0,1661.517,5753.0121,3934.9948,249.12421,106.89119,106.89119,106.89119,5780.539,5757.5596,5720.9377,381.944,1.6966378
5709000.0,1763.4538,5799.1658,3919.4809,248.14203,106.89119,106.89119,106.89119,5825.2587,5762.0305,5810.2082,378.65601,1.6966378
5710000.0,1686.7188,5786.3322,3892.6569,246.4438,106.89119,106.89119,106.89119,5811.9703,5823.9156,5723.1108,415.10931,1.6966378
5711000.0,1624.5169,5758.9878,3934.6868,249.10471,106.89119,106.89119,106.89119,5779.8996,5739.0988,5757.9652,471.86603,1.6966378
5712000.0,1698.5613,5800.8942,3955.6983,250.43495,106.89119,106.89119,106.89119,5815.7741,5811.7054,5775.2031,442.86362,1.6966378
5713000.0,1744.0204,5765.6711,3925.5345,248.52529,106.89119,106.89119,106.89119,5746.9503,5754.6384,5795.4245,440.93791,1.6966378
5714000.0,1766.3126,5813.0034,3973.724,251.57616,106.89119,106.89119,106.89119,5805.644,5790.7701,5842.596,416.78408,1.6966378
5715000.0,1714.9621,5801.3022,3960.1962,250.71971,106.89119,106.89119,106.89119,5827.2899,5830.0561,5746.5606,391.81708,1.6966378
5716000.0,1729.2197,5801.191,3904.8575,247.21622,106.89119,106.89119,106.89119,5863.0076,5774.6972,5765.8683,394.07595,1.6966378
5717000.0,1690.6854,5797.3579,4011.5998,253.97407,106.89119,106.89119,106.89119,5814.6464,5853.7492,5723.6781,403.36087,1.6966378
5718000.0,1800.2787,5822.0761,3964.8391,251.01365,106.89119,106.89119,106.89119,5888.6715,5844.8374,5732.7195,406.77026,1.6966378
5719000.0,1779.7586,5819.5212,3886.4626,246.05164,106.89119,106.89119,106.89119,5814.637,5877.5027,5766.424,435.65742,1.6966378
5720000.0,1656.4187,5752.9664,3940.043,249.44382,106.89119,106.89119,106.89119,5796.7524,5727.8199,5734.327,455.75144,1.6966378
5721000.0,1664.1378,5778.0868,3872.8868,245.19216,106.89119,106.89119,106.89119,5811.7612,5770.0971,5752.402,452.45201,1.6966378
5722000.0,1619.095,5764.0807,3932.446,248.96285,106.89119,106.89119,106.89119,5774.625,5799.0423,5718.5747,464.24994,1.6966378
5723000.0,1681.0001,5746.5882,3852.9427,243.9295,106.89119,106.89119,106.89119,5804.391,5754.4507,5680.9227,406.25925,1.6966378
5724000.0,1781.5486,5768.5899,3983.7826,252.21296,106.89119,106.89119,106.89119,5804.5234,5811.1945,5690.0519,357.58331,1.6966378
5725000.0,1731.7406,5764.1849,3931.3807,248.8954,106.89119,106.89119,106.89119,5785.2868,5862.8379,5644.4299,354.24983,1.6966378
5726000.0,1707.0304,5773.2549,3943.5892,249.66832,106.89119,106.89119,106.89119,5812.1582,5785.2507,5722.3556,333.66946,1.6966378
5727000.0,1659.5808,5767.1441,4019.6814,254.48572,106.89119,106.89119,106.89119,5810.4321,5803.8821,5687.1181,401.97646,1.6966378
5728000.0,1715.4483,5782.7757,3900.0546,246.91215,106.89119,106.89119,106.89119,5797.5548,5822.7046,5728.0676,441.99507,1.6966378
5729000.0,1729.626,5807.2559,3979.016,251.91119,106.89119,106.89119,106.89119,5828.5631,5775.9734,5817.2312,435.51811,1.6966378
5730000.0,1721.3644,5780.9875,3992.4462,252.76145,106.89119,106.89119,106.89119,5765.8435,5814.831,5762.2878,402.39969,1.6966378
5731000.0,1720.0307,5799.5824,3878.0639,245.51992,106.89119,106.89119,106.89119,5837.4807,5772.7619,5788.5045,385.01498,1.6966378
5732000.0,1685.1095,5782.4134,3907.953,247.4122,106.89119,106.89119,106.89119,5828.7253,5841.4554,5677.0595,385.72995,1.6966378
5733000.0,1780.9579,5806.3622,3945.2794,249.77533,106.89119,106.89119,106.89119,5865.9222,5792.8975,5760.2669,391.17924,1.6966378
5734000.0,1712.9561,5795.2163,3925.6443,248.53224,106.89119,106.89119,106.89119,5828.7959,5805.2818,5751.571,416.32991,1.6966378
5735000.0,1678.5661,5786.5417,3941.1116,249.51147,106.89119,106.89119,106.89119,5772.6563,5840.4258,5746.5429,444.90341,1.6966378
5736000.0,1671.5681,5786.3861,3840.2791,243.12777,106.89119,106.89119,106.89119,5806.6685,5798.7321,5753.7577,442.15978,1.6966378
5737000.0,1693.4568,5793.8418,3900.6493,246.9498,106.89119,106.89119,106.89119,5816.0699,5817.6979,5747.7577,398.90681,1.6966378
5738000.0,1672.3677,5768.968,3968.2018,251.22655,106.89119,106.89119,106.89119,5819.7895,5757.6379,5729.4766,367.44487,1.6966378
5739000.0,1712.6263,5789.4854,3964.6557,251.00205,106.89119,106.89119,106.89119,5783.5068,5813.923,5771.0263,369.98557,1.6966378
5740000.0,1662.4083,5769.4282,3871.6874,245.11623,106.89119,106.89119,106.89119,5783.1614,5860.8166,5664.3065,366.1442,1.6966378
5741000.0,1700.1079,5768.6683,3909.2437,247.49391,106.89119,106.89119,106.89119,5793.8645,5792.842,5719.2986,397.22615,1.6966378
5742000.0,1773.3224,5789.8986,3938.4315,249.34179,106.89119,106.89119,106.89119,5843.9043,5791.0921,5734.6994,440.04735,1.6966378
5743000.0,1699.4121,5772.5617,4029.8638,255.13036,106.89119,106.89119,106.89119,5806.5189,5796.9026,5714.2636,439.51022,1.6966378
5744000.0,1811.5677,5808.1378,3971.443,251.43174,106.89119,106.89119,106.89119,5824.1894,5813.8491,5786.3748,401.9526,1.6966378
5745000.0,1721.1202,5782.9179,3937.8762,249.30664,106.89119,106.89119,106.89119,5787.6204,5822.3396,5738.7937,367.90274,1.6966378
5746000.0,1706.3524,5764.2699,3990.0615,252.61048,106.89119,106.89119,106.89119,5788.3056,5824.2762,5680.2279,362.23458,1.6966378
5747000.0,1724.7746,5776.8995,3911.4612,247.63431,106.89119,106.89119,106.89119,5854.0835,5836.7831,5639.8319,374.9136,1.6966378
5748000.0,1778.7617,5792.1688,3959.2871,250.66216,106.89119,106.89119,106.89119,5763.5962,5829.3201,5783.5901,348.52015,1.6966378
5749000.0,1755.2764,5767.638,3931.6481,248.91233,106.89119,106.89119,106.89119,5796.8715,5762.0892,5743.9531,396.77357,1.6966378
5750000.0,1709.4943,5790.4389,3963.4226,250.92398,106.89119,106.89119,106.89119,5830.0808,5757.6248,5783.6109,396.96653,1.6966378
5751000.0,1713.5661,5754.4722,3888.458,246.17797,106.89119,106.89119,106.89119,5740.6637,5786.5112,5736.2418,398.71077,1.6966378
5752000.0,1688.5932,5779.5649,3977.9359,251.84281,106.89119,106.89119,106.89119,5791.093,5766.1034,5781.4983,367.83574,1.6966378
5753000.0,1729.9954,5764.6626,3905.0189,247.22644,106.89119,106.89119,106.89119,5831.3903,5721.1466,5741.4508,373.33528,1.6966378
5754000.0,1722.3212,5789.705,3949.0825,250.01611,106.89119,106.89119,106.89119,5825.5696,5784.9192,5758.6261,370.649,1.6966378
5755000.0,1649.5686,5769.6698,3886.7314,246.06866,106.89119,106.89119,106.89119,5866.855,5731.773,5710.3813,371.25156,1.6966378
5756000.0,1741.8722,5777.9397,3913.2632,247.74839,106.89119,106.89119,106.89119,5829.373,5790.7146,5713.7315,372.88728,1.6966378
5757000.0,1759.2243,5815.2984,3921.4,248.26353,106.89119,106.89119,106.89119,5856.8689,5814.8506,5774.1758,401.33189,1.6966378
5758000.0,1712.8601,5771.6002,3910.2595,247.55823,106.89119,106.89119,106.89119,5853.7749,5757.8824,5703.1432,393.8943,1.6966378
5759000.0,1673.723,5783.4839,3947.0809,249.88938,106.89119,106.89119,106.89119,5835.9562,5759.2908,5755.2046,393.9835,1.6966378
5760000.0,1662.2728,5786.0575,3965.0984,251.03007,106.89119,106.89119,106.89119,5816.0485,5781.7694,5760.3544,363.96742,1.6966378
5761000.0,1689.8734,5769.5408,4033.7573,255.37686,106.89119,106.89119,106.89119,5833.7091,5773.1029,5701.8103,363.83054,1.6966378
5762000.0,1777.0026,5798.2241,4013.3712,254.08622,106.89119,106.89119,106.89119,5875.654,5756.1739,5762.8443,359.50139,1.6966378
5763000.0,1751.9939,5767.4347,3926.8743,248.6101,106.89119,106.89119,106.89119,5831.109,5793.1682,5678.0269,365.52532,1.6966378
5764000.0,1668.3606,5782.637,3916.8337,247.97444,106.89119,106.89119,106.89119,5794.2141,5740.8462,5812.8508,400.35525,1.6966378
5765000.0,1757.274,5788.2638,3971.2934,251.42228,106.89119,106.89119,106.89119,5870.2579,5759.2937,5735.2397,419.70984,1.6966378
5766000.0,1678.2728,5781.8751,3916.8305,247.97423,106.89119,106.89119,106.89119,5822.9841,5802.6804,5719.9609,422.35633,1.6966378
5767000.0,1612.8712,5744.5743,3915.4885,247.88927,106.89119,106.89119,106.89119,5772.7478,5747.2098,5713.7654,428.62937,1.6966378
5768000.0,1710.5732,5767.4719,4007.5542,253.71795,106.89119,106.89119,106.89119,5797.4839,5804.6964,5700.2352,385.78795,1.6966378
5769000.0,1753.6364,5782.7898,3964.0175,250.96164,106.89119,106.89119,106.89119,5816.4878,5805.207,5726.6747,394.00077,1.6966378
5770000.0,1679.7621,5765.9743,3847.2903,243.57165,106.89119,106.89119,106.89119,5783.6743,5801.0386,5713.21,389.45896,1.6966378
5771000.0,1665.239,5765.1911,3898.8993,246.83901,106.89119,106.89119,106.89119,5815.7789,5763.3887,5716.4057,349.5683,1.6966378
5772000.0,1711.7211,5765.463,3986.023,252.3548,106.89119,106.89119,106.89119,5800.5449,5777.4597,5718.3843,349.5414,1.6966378
5773000.0,1670.8162,5768.61,3973.4587,251.55936,106.89119,106.89119,106.89119,5745.103,5810.2643,5750.4627,371.64923,1.6966378
5774000.0,1729.7902,5767.5995,3889.8206,246.26424,106.89119,106.89119,106.89119,5790.5061,5825.1406,5687.1518,375.38715,1.6966378
5775000.0,1673.6492,5776.4845,4009.5181,253.84228,106.89119,106.89119,106.89119,5860.546,5799.5719,5669.3355,377.92246,1.6966378
5776000.0,1733.5487,5774.7081,3939.6891,249.42141,106.89119,106.89119,106.89119,5774.4285,5791.401,5758.2947,334.04274,1.6966378
5777000.0,1706.1265,5777.2376,3984.0114,252.22745,106.89119,106.89119,106.89119,5860.5186,5808.7007,5662.4935,343.15547,1.6966378
5778000.0,1749.7965,5779.5282,3936.2855,249.20593,106.89119,106.89119,106.89119,5822.391,5760.0168,5756.1769,338.19855,1.6966378
5779000.0,1716.6894,5773.0336,4004.4984,253.52448,106.89119,106.89119,106.89119,5740.7806,5821.6336,5756.6867,352.08096,1.6966378
5780000.0,1678.7589,5775.5641,3909.5346,247.51233,106.89119,106.89119,106.89119,5803.6841,5780.5421,5742.4662,401.8609,1.6966378
5781000.0,1748.9224,5790.1134,3934.1021,249.0677,106.89119,106.89119,106.89119,5841.8098,5827.9201,5700.6103,401.90078,1.6966378
5782000.0,1703.8154,5795.4101,3925.8562,248.54565,106.89119,106.89119,106.89119,5831.8021,5841.6238,5712.8043,397.64117,1.6966378
5783000.0,1752.6507,5778.1086,3957.5368,250.55135,106.89119,106.89119,106.89119,5847.7293,5791.159,5695.4375,370.03686,1.6966378
5784000.0,1685.904,5726.2452,3878.5234,245.54902,106.89119,106.89119,106.89119,5793.2126,5717.7696,5667.7534,350.38336,1.6966378
5785000.0,1685.7034,5782.771,3973.7913,251.58042,106.89119,106.89119,106.89119,5834.6901,5764.3937,5749.2291,358.24358,1.6966378
5786000.0,1746.054,5792.7616,3948.4415,249.97553,106.89119,106.89119,106.89119,5879.6732,5790.1402,5708.4713,353.79262,1.6966378
5787000.0,1752.5822,5810.0075,3894.2127,246.5423,106.89119,106.89119,106.89119,5837.0227,5834.1821,5758.8177,405.22847,1.6966378
5788000.0,1763.4168,5796.1163,3956.0819,250.45923,106.89119,106.89119,106.89119,5805.1118,5828.421,5754.8162,438.83159,1.6966378
5789000.0,1740.4005,5809.3949,4010.9762,253.93459,106.89119,106.89119,106.89119,5808.4659,5803.6244,5816.0943,435.09333,1.6966378
5790000.0,1720.3633,5779.8206,4001.5607,253.3385,106.89119,106.89119,106.89119,5786.3629,5814.5406,5738.5584,394.20237,1.6966378
5791000.0,1766.3701,5783.4846,4057.7448,256.89551,106.89119,106.89119,106.89119,5833.6768,5831.7383,5685.0388,362.03467,1.6966378
5792000.0,1769.7603,5806.0547,3861.5679,244.47557,106.89119,106.89119,106.89119,5814.0625,5877.4329,5726.6687,364.28638,1.6966378
5793000.0,1741.9239,5791.9741,3942.8761,249.62318,106.89119,106.89119,106.89119,5826.0659,5803.6494,5746.2069,361.1778,1.6966378
5794000.0,1782.1905,5801.1695,3910.3388,247.56324,106.89119,106.89119,106.89119,5788.0057,5874.271,5741.2319,355.06465,1.6966378
5795000.0,1644.214,5779.3747,3985.9333,252.34913,106.89119,106.89119,106.89119,5798.3243,5801.4275,5738.3723,336.25145,1.6966378
5796000.0,1717.3219,5761.1175,3903.1825,247.11018,106.89119,106.89119,106.89119,5836.8528,5713.4728,5733.0269,344.71206,1.6966378
5797000.0,1770.0217,5794.6295,3918.9879,248.11082,106.89119,106.89119,106.89119,5776.2759,5897.1708,5710.4418,339.98654,1.6966378
5798000.0,1679.7407,5753.6625,3989.5054,252.57527,106.89119,106.89119,106.89119,5764.6997,5815.3518,5680.9359,362.73181,1.6966378
5799000.0,1761.9431,5825.0437,3968.5895,251.25109,106.89119,106.89119,106.89119,5823.9955,5849.8097,5801.3259,367.49489,1.6966378
5800000.0,1771.6875,5807.9674,3965.5646,251.05959,106.89119,106.89119,106.89119,5861.9193,5837.4314,5724.5516,351.70921,1.6966378
5801000.0,1687.2328,5758.8491,3886.9,246.07934,106.89119,106.89119,106.89119,5823.045,5734.5318,5718.9705,355.33196,1.6966378
5802000.0,1716.3582,5780.9368,3980.5935,252.01107,106.89119,106.89119,106.89119,5831.7709,5789.4592,5721.5804,360.4966,1.6966378
5803000.0,1702.6431,5774.5315,3909.1583,247.48851,106.89119,106.89119,106.89119,5823.6548,5768.7995,5731.1402,376.43174,1.6966378
5804000.0,1747.6575,5811.5682,3917.7709,248.03377,106.89119,106.89119,106.89119,5860.5871,5824.2255,5749.8921,412.0196,1.6966378
5805000.0,1714.3118,5780.0027,3948.2989,249.9665,106.89119,106.89119,106.89119,5756.4607,5862.9438,5720.6036,434.80103,1.6966378
5806000.0,1705.2996,5791.0437,3901.4203,246.99861,106.89119,106.89119,106.89119,5840.8934,5818.0702,5714.1675,432.29595,1.6966378
5807000.0,1754.1272,5789.7722,3924.6229,248.46757,106.89119,106.89119,106.89119,5826.9145,5837.136,5705.2663,389.89591,1.6966378
5808000.0,1714.5678,5791.966,3883.2418,245.84774,106.89119,106.89119,106.89119,5838.1715,5859.6002,5678.1263,398.91057,1.6966378
5809000.0,1652.2337,5758.3697,3857.6329,244.22644,106.89119,106.89119,106.89119,5820.0379,5771.6821,5683.389,391.50874,1.6966378
5810000.0,1639.5941,5785.9897,4055.2964,256.7405,106.89119,106.89119,106.89119,5845.3693,5783.8688,5728.7309,387.05272,1.6966378
5811000.0,1797.0064,5774.8488,3894.5271,246.56221,106.89119,106.89119,106.89119,5814.679,5785.0611,5724.8063,440.10045,1.6966378
5812000.0,1684.9215,5771.225,3916.5268,247.955,106.89119,106.89119,106.89119,5838.4947,5767.3841,5707.7963,438.03819,1.6966378
5813000.0,1632.5461,5737.1137,3925.4717,248.52131,106.89119,106.89119,106.89119,5811.1337,5798.6126,5601.5946,438.53726,1.6966378
5814000.0,1646.666,5767.6268,4032.8891,255.3219,106.89119,106.89119,106.89119,5756.4173,5798.0781,5748.385,360.95751,1.6966378
5815000.0,1780.8278,5807.4444,3961.4538,250.79933,106.89119,106.89119,106.89119,5816.985,5848.3975,5756.9508,364.03548,1.6966378
5816000.0,1729.267,5783.3337,3994.3153,252.87979,106.89119,106.89119,106.89119,5778.264,5776.4401,5795.2969,363.54458,1.6966378
5817000.0,1715.5768,5791.2213,3959.313,250.6638,106.89119,106.89119,106.89119,5807.6356,5805.2006,5760.8279,397.19897,1.6966378
5818000.0,1780.3135,5816.9173,3955.5737,250.42706,106.89119,106.89119,106.89119,5861.5982,5817.7617,5771.3919,446.70232,1.6966378
5819000.0,1772.1132,5784.8904,3852.4037,243.89538,106.89119,106.89119,106.89119,5802.9808,5784.3088,5767.3817,436.0935,1.6966378
5820000.0,1699.8289,5768.2351,3901.0754,246.97678,106.89119,106.89119,106.89119,5828.2365,5755.9701,5720.4986,432.81645,1.6966378
5821000.0,1685.1772,5759.4901,3987.6097,252.45526,106.89119,106.89119,106.89119,5734.3606,5795.7345,5748.3751,370.28265,1.6966378
5822000.0,1617.4014,5769.5834,3925.8859,248.54753,106.89119,106.89119,106.89119,5848.9131,5769.613,5690.2242,372.70739,1.6966378
5823000.0,1732.0766,5792.2896,4030.6784,255.18194,106.89119,106.89119,106.89119,5833.1994,5809.548,5734.1213,371.39237,1.6966378
5824000.0,1794.4221,5799.534,3962.1025,250.8404,106.89119,106.89119,106.89119,5820.8357,5839.6423,5738.1241,393.53504,1.6966378
5825000.0,1760.2814,5818.1561,3986.6815,252.39649,106.89119,106.89119,106.89119,5879.1499,5847.5281,5727.7904,427.16011,1.6966378
5826000.0,1673.9406,5772.8471,4021.452,254.59781,106.89119,106.89119,106.89119,5800.7687,5819.0085,5698.764,403.67763,1.6966378
5827000.0,1706.059,5795.2377,3924.7837,248.47775,106.89119,106.89119,106.89119,5779.1455,5829.9237,5776.6437,390.12849,1.6966378
5828000.0,1704.2243,5761.7499,3885.0885,245.96465,106.89119,106.89119,106.89119,5813.0242,5783.2904,5688.935,359.84019,1.6966378
5829000.0,1727.966,5778.9196,3942.038,249.57012,106.89119,106.89119,106.89119,5811.3946,5831.331,5694.0331,358.6146,1.6966378
5830000.0,1693.6482,5802.2495,3897.0151,246.71972,106.89119,106.89119,106.89119,5841.5143,5818.1014,5747.1328,376.14922,1.6966378
5831000.0,1700.1743,5783.3714,3960.6997,250.75159,106.89119,106.89119,106.89119,5789.1381,5789.997,5770.9792,386.80564,1.6966378
5832000.0,1698.8356,5775.212,3954.9036,250.38464,106.89119,106.89119,106.89119,5833.8205,5785.4078,5706.4078,403.63024,1.6966378
5833000.0,1658.3773,5744.3993,3940.2056,249.45411,106.89119,106.89119,106.89119,5805.8729,5794.7594,5632.5656,406.51137,1.6966378
5834000.0,1750.6141,5789.0345,3998.7144,253.15829,106.89119,106.89119,106.89119,5800.4965,5879.0758,5687.5311,365.06883,1.6966378
5835000.0,1722.6414,5776.3959,3924.41,248.45409,106.89119,106.89119,106.89119,5814.0276,5806.8156,5708.3445,366.10892,1.6966378
5836000.0,1729.9037,5801.0603,3934.2379,249.0763,106.89119,106.89119,106.89119,5836.0019,5801.7015,5765.4775,371.39107,1.6966378
5837000.0,1683.7471,5736.4343,3984.2062,252.23979,106.89119,106.89119,106.89119,5734.3912,5800.3783,5674.5333,375.04697,1.6966378
5838000.0,1657.3101,5743.6678,3915.1387,247.86713,106.89119,106.89119,106.89119,5749.6552,5796.1652,5685.183,415.62939,1.6966378
5839000.0,1728.2078,5787.3277,3906.2701,247.30566,106.89119,106.89119,106.89119,5804.6748,5868.5254,5688.7829,424.68604,1.6966378
5840000.0,1653.2214,5774.1691,3963.9651,250.95832,106.89119,106.89119,106.89119,5798.5192,5778.0659,5745.9223,407.40033,1.6966378
5841000.0,1719.004,5774.5791,3872.6608,245.17785,106.89119,106.89119,106.89119,5789.2599,5822.7334,5711.7439,364.28379,1.6966378
5842000.0,1697.4903,5771.2937,3910.7846,247.59147,106.89119,106.89119,106.89119,5813.486,5827.1889,5673.2061,375.06893,1.6966378
5843000.0,1690.4125,5770.985,3983.4895,252.19441,106.89119,106.89119,106.89119,5771.8291,5821.3651,5719.7607,377.03806,1.6966378
5844000.0,1741.3295,5793.419,3975.2183,251.67076,106.89119,106.89119,106.89119,5848.47,5826.518,5705.269,383.4986,1.6966378
5845000.0,1772.6666,5790.4308,3974.5888,251.63091,106.89119,106.89119,106.89119,5832.2443,5798.4367,5740.6114,438.09046,1.6966378
5846000.0,1656.2331,5752.5924,3946.2287,249.83543,106.89119,106.89119,106.89119,5748.4882,5811.9392,5697.3497,428.67935,1.6966378
5847000.0,1684.1004,5775.8068,4010.7479,253.92014,106.89119,106.89119,106.89119,5789.0965,5798.3005,5740.0234,419.85559,1.6966378
5848000.0,1728.6233,5792.6022,3952.1186,250.20832,106.89119,106.89119,106.89119,5782.6474,5817.2913,5777.868,369.01563,1.6966378
5849000.0,1750.1193,5775.2365,3962.7977,250.88441,106.89119,106.89119,106.89119,5784.1691,5774.5105,5767.03,378.63565,1.6966378
5850000.0,1642.4203,5767.4857,3947.4478,249.91261,106.89119,106.89119,106.89119,5761.3489,5854.04,5687.0681,372.0341,1.6966378
5851000.0,1716.4555,5785.1464,4004.3815,253.51708,106.89119,106.89119,106.89119,5751.4226,5886.6032,5717.4136,387.62543,1.6966378
5852000.0,1761.1171,5799.6937,3951.3987,250.16274,106.89119,106.89119,106.89119,5886.0403,5778.752,5734.2889,398.04233,1.6966378
5853000.0,1675.5982,5776.8016,3916.5259,247.95495,106.89119,106.89119,106.89119,5857.8478,5744.3706,5728.1862,399.60014,1.6966378
5854000.0,1752.306,5813.0375,3978.953,251.9072,106.89119,106.89119,106.89119,5875.9845,5814.4148,5748.7132,388.08767,1.6966378
5855000.0,1710.3477,5825.4064,3942.5764,249.6042,106.89119,106.89119,106.89119,5867.6809,5882.8234,5725.715,406.05503,1.6966378
5856000.0,1700.7923,5772.6298,3943.1083,249.63788,106.89119,106.89119,106.89119,5818.8361,5782.9297,5716.1236,401.0991,1.6966378
5857000.0,1738.1157,5806.2857,3986.7817,252.40284,106.89119,106.89119,106.89119,5845.0359,5811.2065,5762.6147,409.96786,1.6966378
5858000.0,1735.9524,5773.9384,4007.9039,253.74009,106.89119,106.89119,106.89119,5825.2344,5802.5073,5694.0735,431.18469,1.6966378
5859000.0,1680.5438,5768.2078,3919.5488,248.14633,106.89119,106.89119,106.89119,5855.4327,5722.8474,5726.3432,482.1195,1.6966378
5860000.0,1766.8226,5799.3069,3969.45,251.30557,106.89119,106.89119,106.89119,5853.0483,5801.2491,5743.6232,482.42633,1.6966378
5861000.0,1771.9602,5808.7444,3984.2234,252.24087,106.89119,106.89119,106.89119,5793.9389,5882.626,5749.6685,481.30745,1.6966378
5862000.0,1734.9134,5791.2425,3943.9987,249.69425,106.89119,106.89119,106.89119,5828.0738,5855.6531,5690.0004,371.37595,1.6966378
5863000.0,1724.5238,5792.6836,4042.981,255.96081,106.89119,106.89119,106.89119,5862.7633,5777.6877,5737.5997,383.45583,1.6966378
5864000.0,1783.1211,5795.9648,3904.8211,247.21392,106.89119,106.89119,106.89119,5818.5549,5803.0247,5766.3149,386.9305,1.6966378
5865000.0,1728.8017,5803.9191,3932.1395,248.94344,106.89119,106.89119,106.89119,5814.2631,5817.9286,5779.5654,400.5415,1.6966378
5866000.0,1657.6563,5777.9552,3982.9581,252.16077,106.89119,106.89119,106.89119,5802.7513,5832.2326,5698.8818,452.43994,1.6966378
5867000.0,1671.0072,5780.4523,3921.9586,248.29889,106.89119,106.89119,106.89119,5768.5667,5799.4313,5773.359,464.69425,1.6966378
5868000.0,1719.1751,5807.9851,3922.1058,248.30821,106.89119,106.89119,106.89119,5836.6954,5885.8422,5701.4177,458.71848,1.6966378
5869000.0,1716.6429,5793.8818,3936.1411,249.19679,106.89119,106.89119,106.89119,5856.4786,5840.2892,5684.8777,462.55066,1.6966378
5870000.0,1612.8318,5769.1507,3906.444,247.31667,106.89119,106.89119,106.89119,5780.9178,5818.3733,5708.1609,380.37083,1.6966378
5871000.0,1689.9924,5778.4014,3893.6514,246.50677,106.89119,106.89119,106.89119,5839.896,5827.6665,5667.6418,386.19005,1.6966378
5872000.0,1702.1727,5786.208,3898.3796,246.80611,106.89119,106.89119,106.89119,5790.6512,5858.9169,5709.0558,386.99809,1.6966378
5873000.0,1725.8137,5794.1799,3993.0035,252.79674,106.89119,106.89119,106.89119,5865.9213,5761.1676,5755.4508,390.1632,1.6966378
5874000.0,1782.543,5807.929,3926.2484,248.57048,106.89119,106.89119,106.89119,5809.0105,5866.2566,5748.52,436.69282,1.6966378
5875000.0,1721.5785,5793.1097,3955.3373,250.41209,106.89119,106.89119,106.89119,5854.4677,5798.461,5726.4005,441.90059,1.6966378
5876000.0,1721.9482,5775.7705,3988.0912,252.48574,106.89119,106.89119,106.89119,5803.6298,5803.1356,5720.5462,426.8244,1.6966378
5877000.0,1770.6725,5781.6632,3885.0307,245.96099,106.89119,106.89119,106.89119,5787.4036,5821.198,5736.3879,377.21464,1.6966378
5878000.0,1677.5212,5786.7565,3907.7988,247.40244,106.89119,106.89119,106.89119,5875.4514,5782.2283,5702.5898,386.46438,1.6966378
5879000.0,1722.1332,5761.6272,3939.3172,249.39786,106.89119,106.89119,106.89119,5772.2129,5811.3888,5701.2801,387.32354,1.6966378
5880000.0,1727.9274,5786.9673,3930.9298,248.86686,106.89119,106.89119,106.89119,5787.849,5831.5905,5741.4625,389.29179,1.6966378
5881000.0,1788.1685,5805.7469,3898.5761,246.81855,106.89119,106.89119,106.89119,5865.5594,5816.8225,5734.8587,437.84131,1.6966378
5882000.0,1689.2353,5757.9775,3978.6118,251.8856,106.89119,106.89119,106.89119,5792.8238,5785.5706,5695.5381,445.87791,1.6966378
5883000.0,1708.942,5788.7755,3894.1056,246.53552,106.89119,106.89119,106.89119,5879.5429,5773.035,5713.7484,430.79397,1.6966378
5884000.0,1643.6088,5750.626,3925.5324,248.52515,106.89119,106.89119,106.89119,5779.9542,5778.7491,5693.1746,378.88781,1.6966378
5885000.0,1700.2928,5792.9084,3999.5435,253.21079,106.89119,106.89119,106.89119,5826.2602,5826.4466,5726.0184,381.1775,1.6966378
5886000.0,1782.1852,5807.0048,3900.4191,246.93523,106.89119,106.89119,106.89119,5899.5478,5780.3146,5741.1519,381.14324,1.6966378
5887000.0,1724.1044,5774.8623,3882.523,245.80223,106.89119,106.89119,106.89119,5837.1138,5781.1201,5706.353,378.77429,1.6966378
5888000.0,1673.9877,5787.7438,3981.0387,252.03925,106.89119,106.89119,106.89119,5825.728,5824.0797,5713.4238,430.51188,1.6966378
5889000.0,1669.3224,5772.3083,3979.0749,251.91492,106.89119,106.89119,106.89119,5845.0992,5756.896,5714.9295,432.86171,1.6966378
5890000.0,1676.3089,5769.4192,3948.6262,249.98721,106.89119,106.89119,106.89119,5827.4023,5744.4117,5736.4437,424.26815,1.6966378
5891000.0,1727.8043,5778.3803,3865.3803,244.71693,106.89119,106.89119,106.89119,5828.9989,5756.1053,5750.0366,379.49244,1.6966378
5892000.0,1767.6834,5775.9608,3936.9265,249.24651,106.89119,106.89119,106.89119,5847.5918,5793.7304,5686.5602,386.87642,1.6966378
5893000.0,1709.1382,5788.4127,3976.6942,251.7642,106.89119,106.89119,106.89119,5839.2089,5818.7267,5707.3025,380.37467,1.6966378
5894000.0,1647.3105,5756.5465,3914.7497,247.8425,106.89119,106.89119,106.89119,5799.1249,5792.1061,5678.4086,391.20769,1.6966378
5895000.0,1700.1992,5747.4915,4031.1987,255.21488,106.89119,106.89119,106.89119,5801.2762,5780.1327,5661.0656,436.4299,1.6966378
5896000.0,1681.2395,5766.6756,3888.5138,246.18151,106.89119,106.89119,106.89119,5765.7405,5810.7781,5723.5084,437.61159,1.6966378
5897000.0,1691.2099,5755.4007,3954.422,250.35415,106.89119,106.89119,106.89119,5748.734,5835.4347,5682.0333,424.58939,1.6966378
5898000.0,1779.4343,5777.502,3891.5336,246.37269,106.89119,106.89119,106.89119,5784.0166,5807.877,5740.6125,367.77636,1.6966378
5899000.0,1697.3185,5780.2358,3943.2442,249.64648,106.89119,106.89119,106.89119,5808.3894,5816.6454,5715.6725,369.70922,1.6966378
5900000.0,1679.2709,5752.9929,4001.0434,253.30574,106.89119,106.89119,106.89119,5816.1123,5775.5385,5667.3281,368.86951,1.6966378
5901000.0,1760.505,5819.312,3968.2922,251.23227,106.89119,106.89119,106.89119,5913.3223,5795.7581,5748.8557,391.54853,1.6966378
5902000.0,1634.3874,5759.9343,3927.0753,248.62283,106.89119,106.89119,106.89119,5820.5762,5753.1593,5706.0675,425.29192,1.6966378
5903000.0,1757.5928,5792.0097,3932.4014,248.96003,106.89119,106.89119,106.89119,5746.3779,5853.8859,5775.7653,425.00877,1.6966378
5904000.0,1737.1957,5775.79,3892.6404,246.44276,106.89119,106.89119,106.89119,5805.9777,5814.8951,5706.4971,405.3804,1.6966378
5905000.0,1672.546,5754.9107,3950.522,250.10724,106.89119,106.89119,106.89119,5734.3891,5835.8672,5694.4758,390.36284,1.6966378
5906000.0,1704.2425,5766.4152,3978.7406,251.89375,106.89119,106.89119,106.89119,5793.9489,5811.1383,5694.1585,389.98609,1.6966378
5907000.0,1629.6691,5725.3115,3969.8165,251.32878,106.89119,106.89119,106.89119,5810.2294,5739.5923,5626.1129,383.79284,1.6966378
5908000.0,1688.1424,5770.1285,3950.5593,250.1096,106.89119,106.89119,106.89119,5827.8899,5774.3806,5708.115,410.42923,1.6966378
5909000.0,1756.3962,5808.75,3910.0363,247.54409,106.89119,106.89119,106.89119,5821.0086,5856.3263,5748.9152,446.02063,1.6966378
5910000.0,1737.4716,5804.7312,3949.2747,250.02827,106.89119,106.89119,106.89119,5811.0203,5845.3711,5757.8021,438.18834,1.6966378
5911000.0,1693.8409,5763.0666,3946.905,249.87825,106.89119,106.89119,106.89119,5779.3835,5759.374,5750.4422,419.76632,1.6966378
5912000.0,1768.2851,5783.9929,3952.6296,250.24067,106.89119,106.89119,106.89119,5814.7905,5827.0427,5710.1456,423.57264,1.6966378
5913000.0,1741.1905,5779.4619,3925.7459,248.53867,106.89119,106.89119,106.89119,5850.3624,5765.3528,5722.6704,429.86903,1.6966378
5914000.0,1840.1222,5798.4735,3995.6407,252.9637,106.89119,106.89119,106.89119,5786.0613,5826.5928,5782.7666,430.73376,1.6966378
5915000.0,1706.9487,5804.3288,3979.823,251.96228,106.89119,106.89119,106.89119,5829.6122,5779.7331,5803.641,419.49056,1.6966378
5916000.0,1743.258,5797.7066,3975.1238,251.66478,106.89119,106.89119,106.89119,5847.204,5850.9682,5694.9478,482.39033,1.6966378
5917000.0,1702.3223,5777.3312,3954.8003,250.3781,106.89119,106.89119,106.89119,5852.7446,5771.7635,5707.4856,481.85627,1.6966378
5918000.0,1778.2146,5812.5956,3968.0053,251.21411,106.89119,106.89119,106.89119,5844.597,5819.8988,5773.2909,482.89635,1.6966378
5919000.0,1715.1554,5757.3623,4004.0749,253.49767,106.89119,106.89119,106.89119,5750.5475,5817.6157,5703.9236,377.83769,1.6966378
5920000.0,1723.5229,5769.0154,3940.6584,249.48278,106.89119,106.89119,106.89119,5764.1804,5828.5184,5714.3475,364.82226,1.6966378
5921000.0,1706.3769,5789.2998,3985.1973,252.30253,106.89119,106.89119,106.89119,5845.819,5806.9826,5715.0977,364.51974,1.6966378
5922000.0,1704.1977,5799.6498,3934.872,249.11644,106.89119,106.89119,106.89119,5810.6348,5835.2758,5753.0387,365.07179,1.6966378
5923000.0,1641.1528,5735.9021,4007.1652,253.69331,106.89119,106.89119,106.89119,5776.9396,5795.826,5634.9406,409.58595,1.6966378
5924000.0,1731.6483,5780.8678,3945.8758,249.81309,106.89119,106.89119,106.89119,5842.3236,5779.9362,5720.3434,404.91413,1.6966378
5925000.0,1779.006,5787.6429,4004.8237,253.54508,106.89119,106.89119,106.89119,5861.3442,5759.6888,5741.8958,390.71927,1.6966378
5926000.0,1796.9072,5809.3907,3973.453,251.559,106.89119,106.89119,106.89119,5861.331,5824.9548,5741.8864,391.19384,1.6966378
5927000.0,1745.4064,5793.5304,3959.1588,250.65404,106.89119,106.89119,106.89119,5822.9801,5765.3866,5792.2244,395.44852,1.6966378
5928000.0,1712.9627,5795.3769,3997.1078,253.05658,106.89119,106.89119,106.89119,5845.9177,5832.8123,5707.4008,385.87683,1.6966378
5929000.0,1725.7553,5759.0161,3951.2103,250.15081,106.89119,106.89119,106.89119,5830.2777,5779.5616,5667.2091,403.84141,1.6966378
5930000.0,1692.8967,5753.6257,3916.2328,247.93639,106.89119,106.89119,106.89119,5848.4891,5749.1753,5663.2127,452.28346,1.6966378
5931000.0,1642.2969,5762.3996,3866.6872,244.79967,106.89119,106.89119,106.89119,5793.4576,5784.7381,5709.003,451.97182,1.6966378
5932000.0,1696.229,5761.7179,4010.0763,253.87762,106.89119,106.89119,106.89119,5774.9304,5814.9488,5695.2745,423.11498,1.6966378
5933000.0,1671.4609,5745.661,3878.1869,245.52771,106.89119,106.89119,106.89119,5801.953,5735.3619,5699.668,369.96355,1.6966378
5934000.0,1777.8708,5768.7195,3886.1143,246.0296,106.89119,106.89119,106.89119,5870.0161,5766.1159,5670.0266,389.21303,1.6966378
5935000.0,1736.5508,5790.7325,3936.0449,249.1907,106.89119,106.89119,106.89119,5903.72,5786.1606,5682.3169,395.0724,1.6966378
5936000.0,1772.1507,5803.4768,3891.6218,246.37827,106.89119,106.89119,106.89119,5842.35,5832.0419,5736.0384,414.88383,1.6966378
5937000.0,1745.3144,5768.5109,3901.0871,246.97752,106.89119,106.89119,106.89119,5839.5741,5794.5263,5671.4322,455.31184,1.6966378
5938000.0,1671.8018,5747.4296,3944.0332,249.69643,106.89119,106.89119,106.89119,5728.2356,5791.8659,5722.1872,450.91231,1.6966378
5939000.0,1635.4586,5748.0382,4030.2931,255.15754,106.89119,106.89119,106.89119,5783.8148,5778.5569,5681.7429,449.85142,1.6966378
5940000.0,1681.0824,5760.9565,4025.4542,254.85119,106.89119,106.89119,106.89119,5838.947,5727.6433,5716.279,388.9526,1.6966378
5941000.0,1769.46,5771.5862,3922.7279,248.3476,106.89119,106.89119,106.89119,5839.9929,5765.9641,5708.8017,384.14607,1.6966378
5942000.0,1776.7586,5785.7279,4012.0429,254.00212,106.89119,106.89119,106.89119,5818.8293,5788.3368,5750.0177,375.15691,1.6966378
5943000.0,1723.8722,5770.2743,3953.091,250.26988,106.89119,106.89119,106.89119,5747.8114,5795.4737,5767.5379,383.88853,1.6966378
5944000.0,1798.2034,5810.6824,3999.6739,253.21904,106.89119,106.89119,106.89119,5905.3439,5846.0031,5680.7002,447.74563,1.6966378
5945000.0,1682.5355,5778.2769,3994.8821,252.91567,106.89119,106.89119,106.89119,5790.9749,5842.934,5700.9217,452.03859,1.6966378
5946000.0,1741.2382,5802.5632,3913.6896,247.77538,106.89119,106.89119,106.89119,5850.6865,5810.1354,5746.8677,448.93917,1.6966378
5947000.0,1628.3152,5788.6585,4002.5868,253.40346,106.89119,106.89119,106.89119,5870.2256,5768.0896,5727.6603,392.49253,1.6966378
5948000.0,1688.9346,5797.0929,4046.5778,256.18853,106.89119,106.89119,106.89119,5814.6108,5862.8193,5713.8486,394.47201,1.6966378
5949000.0,1797.8221,5795.0773,3953.335,250.28533,106.89119,106.89119,106.89119,5868.3997,5776.5296,5740.3027,395.90798,1.6966378
5950000.0,1684.9679,5767.847,3991.1642,252.68029,106.89119,106.89119,106.89119,5814.7075,5799.2357,5689.5979,396.79838,1.6966378
5951000.0,1685.2308,5762.7782,3943.9772,249.69289,106.89119,106.89119,106.89119,5809.977,5806.2329,5672.1247,401.96761,1.6966378
5952000.0,1736.5546,5785.0989,3867.2773,244.83702,106.89119,106.89119,106.89119,5795.3567,5770.4105,5789.5295,372.9243,1.6966378
5953000.0,1731.6946,5789.2953,3946.4632,249.85028,106.89119,106.89119,106.89119,5802.3496,5793.2881,5772.2483,385.4217,1.6966378
5954000.0,1723.2999,5776.5686,4063.0654,257.23235,106.89119,106.89119,106.89119,5755.3559,5815.6953,5758.6547,383.46162,1.6966378
5955000.0,1665.2574,5771.6386,3934.7825,249.11078,106.89119,106.89119,106.89119,5830.7203,5825.4831,5658.7124,384.32295,1.6966378
5956000.0,1734.6502,5789.2205,3905.7227,247.271,106.89119,106.89119,106.89119,5837.8443,5782.2413,5747.5759,388.65107,1.6966378
5957000.0,1706.7144,5768.4409,3972.9358,251.52625,106.89119,106.89119,106.89119,5792.329,5800.4639,5712.5298,373.68095,1.6966378
5958000.0,1655.0351,5761.6489,3970.0834,251.34567,106.89119,106.89119,106.89119,5738.701,5796.8142,5749.4314,381.27723,1.6966378
5959000.0,1641.0821,5763.683,3933.0931,249.00381,106.89119,106.89119,106.89119,5775.8235,5818.6064,5696.6193,389.65723,1.6966378
5960000.0,1691.0393,5770.3143,3933.2528,249.01393,106.89119,106.89119,106.89119,5752.4574,5804.6198,5753.8658,387.95247,1.6966378
5961000.0,1674.3905,5750.0951,3940.6426,249.48178,106.89119,106.89119,106.89119,5784.4955,5794.7482,5671.0416,392.12351,1.6966378
5962000.0,1723.8956,5799.2934,4064.4235,257.31834,106.89119,106.89119,106.89119,5798.8893,5835.6815,5763.3095,391.95627,1.6966378
5963000.0,1699.0658,5774.2522,3915.2304,247.87293,106.89119,106.89119,106.89119,5855.6266,5766.0267,5701.1035,377.90176,1.6966378
5964000.0,1754.5912,5786.3913,3951.3921,250.16232,106.89119,106.89119,106.89119,5816.0351,5813.7273,5729.4114,382.68328,1.6966378
5965000.0,1768.7498,5791.4146,3922.4057,248.3272,106.89119,106.89119,106.89119,5842.1732,5777.3067,5754.7638,379.31341,1.6966378
5966000.0,1699.7742,5797.7348,3974.1202,251.60124,106.89119,106.89119,106.89119,5849.121,5839.5973,5704.4861,395.74825,1.6966378
5967000.0,1738.0983,5797.2109,3914.2727,247.8123,106.89119,106.89119,106.89119,5834.1765,5811.1671,5746.2891,397.81415,1.6966378
5968000.0,1770.3476,5785.8637,3857.1346,244.19489,106.89119,106.89119,106.89119,5787.2269,5807.8636,5762.5006,385.13642,1.6966378
5969000.0,1745.0852,5805.0436,3907.8923,247.40835,106.89119,106.89119,106.89119,5784.5431,5885.9914,5744.5964,389.08375,1.6966378
5970000.0,1796.7613,5814.5517,3977.2461,251.79914,106.89119,106.89119,106.89119,5898.5954,5807.1163,5737.9435,381.3301,1.6966378
5971000.0,1746.2155,5782.3873,3905.1468,247.23454,106.89119,106.89119,106.89119,5796.1253,5784.0941,5766.9423,380.34685,1.6966378
5972000.0,1655.3678,5777.5531,3910.7772,247.591,106.89119,106.89119,106.89119,5805.5319,5797.1832,5729.9443,412.99211,1.6966378
5973000.0,1669.8186,5744.1957,3923.0913,248.3706,106.89119,106.89119,106.89119,5748.5235,5797.0586,5687.0049,435.61739,1.6966378
5974000.0,1714.9126,5774.2499,3958.3551,250.60315,106.89119,106.89119,106.89119,5816.7721,5768.298,5737.6795,434.74127,1.6966378
5975000.0,1678.9802,5790.4363,3959.8718,250.69917,106.89119,106.89119,106.89119,5825.1227,5784.0872,5762.0988,393.88354,1.6966378
5976000.0,1650.565,5788.0295,3996.9181,253.04457,106.89119,106.89119,106.89119,5824.8792,5781.9456,5757.2637,386.2555,1.6966378
5977000.0,1710.1044,5783.2888,3959.2344,250.65882,106.89119,106.89119,106.89119,5835.1027,5782.0021,5732.7615,379.48941,1.6966378
5978000.0,1663.0564,5786.938,4032.2145,255.27919,106.89119,106.89119,106.89119,5804.0173,5818.7396,5738.0572,383.62364,1.6966378
5979000.0,1592.0057,5735.6089,4024.3493,254.78124,106.89119,106.89119,106.89119,5735.3918,5785.0507,5686.3841,393.05551,1.6966378
5980000.0,1711.6409,5790.8448,3945.7222,249.80336,106.89119,106.89119,106.89119,5785.8769,5781.9381,5804.7193,414.26511,1.6966378
5981000.0,1762.0881,5793.3595,3968.6743,251.25646,106.89119,106.89119,106.89119,5777.5644,5884.9065,5717.6077,411.21204,1.6966378
5982000.0,1749.5024,5780.4377,3901.3482,246.99405,106.89119,106.89119,106.89119,5758.539,5827.17,5755.6041,357.38546,1.6966378
5983000.0,1683.431,5750.6966,3949.0479,250.01391,106.89119,106.89119,106.89119,5771.2318,5719.3136,5761.5446,343.52948,1.6966378
5984000.0,1677.0833,5762.9441,3961.6954,250.81463,106.89119,106.89119,106.89119,5819.5123,5772.9945,5696.3256,344.34273,1.6966378
5985000.0,1706.6653,5778.9007,3940.2848,249.45913,106.89119,106.89119,106.89119,5828.1276,5744.2329,5764.3416,341.22465,1.6966378
5986000.0,1716.9782,5789.2515,3848.6982,243.66078,106.89119,106.89119,106.89119,5821.4998,5767.3798,5778.875,339.71129,1.6966378
5987000.0,1731.8465,5806.3689,4011.8301,253.98865,106.89119,106.89119,106.89119,5819.3361,5848.2873,5751.4832,348.29756,1.6966378
5988000.0,1777.7998,5791.415,3979.4039,251.93575,106.89119,106.89119,106.89119,5846.5742,5770.1804,5757.4904,358.10621,1.6966378
5989000.0,1753.366,5796.1507,3834.7007,242.7746,106.89119,106.89119,106.89119,5785.817,5822.3294,5780.3056,360.58611,1.6966378
5990000.0,1700.5154,5783.8168,3999.4177,253.20282,106.89119,106.89119,106.89119,5810.8756,5822.8449,5717.7298,344.13411,1.6966378
5991000.0,1646.0902,5769.4544,3926.1563,248.56465,106.89119,106.89119,106.89119,5795.827,5779.554,5732.9823,333.82318,1.6966378
5992000.0,1724.0714,5788.1818,4004.7376,253.53962,106.89119,106.89119,106.89119,5833.9679,5811.1994,5719.3781,401.63614,1.6966378
5993000.0,1663.9652,5765.559,3918.6485,248.08933,106.89119,106.89119,106.89119,5843.201,5785.6702,5667.8059,394.97582,1.6966378
5994000.0,1774.7657,5784.1091,3895.564,246.62786,106.89119,106.89119,106.89119,5765.5786,5879.8192,5706.9295,389.61708,1.6966378
5995000.0,1700.5278,5812.2596,4002.4505,253.39483,106.89119,106.89119,106.89119,5813.008,5835.3166,5788.4541,409.83328,1.6966378
5996000.0,1746.3468,5814.0085,3909.1352,247.48705,106.89119,106.89119,106.89119,5829.2113,5833.7221,5779.0921,441.65726,1.6966378
5997000.0,1694.5199,5787.8034,3934.8881,249.11746,106.89119,106.89119,106.89119,5843.297,5756.9455,5763.1677,428.9388,1.6966378
5998000.0,1666.9696,5778.3402,3956.1263,250.46205,106.89119,106.89119,106.89119,5804.0108,5805.7593,5725.2505,397.20521,1.6966378
5999000.0,1773.4573,5811.6189,3916.2181,247.93546,106.89119,106.89119,106.89119,5814.5734,5859.8037,5760.4795,381.7409,1.6966378
6000000.0,1731.9558,5781.3504,3901.6481,247.01304,106.89119,106.89119,106.89119,5838.4271,5788.2428,5717.3812,382.19042,1.6966378
6001000.0,1713.6003,5797.5374,4013.7171,254.10812,106.89119,106.89119,106.89119,5812.5307,5834.1497,5745.9318,364.56188,1.6966378
6002000.0,1613.5323,5768.5545,3938.3295,249.33534,106.89119,106.89119,106.89119,5820.08,5759.8745,5725.7091,399.25172,1.6966378
6003000.0,1712.4307,5783.42,4035.4945,255.48684,106.89119,106.89119,106.89119,5809.5158,5817.5652,5723.179,413.07649,1.6966378
6004000.0,1674.4609,5777.1366,3913.1332,247.74016,106.89119,106.89119,106.89119,5821.0976,5780.1575,5730.1546,417.79789,1.6966378
6005000.0,1792.5937,5810.2106,3907.3863,247.37632,106.89119,106.89119,106.89119,5844.4118,5841.2672,5744.9528,349.23582,1.6966378
6006000.0,1708.0687,5777.2952,3937.1406,249.26007,106.89119,106.89119,106.89119,5771.8468,5823.9822,5736.0565,338.73217,1.6966378
6007000.0,1630.6606,5776.4164,3974.3041,251.61288,106.89119,106.89119,106.89119,5823.6706,5810.7373,5694.8414,365.77806,1.6966378
6008000.0,1670.9596,5764.5839,3944.3965,249.71943,106.89119,106.89119,106.89119,5757.8103,5835.5615,5700.3799,370.34396,1.6966378
6009000.0,1784.64,5805.3036,3982.2341,252.11493,106.89119,106.89119,106.89119,5854.6578,5897.1946,5664.0582,410.02697,1.6966378
6010000.0,1708.2844,5757.4793,3955.0791,250.39575,106.89119,106.89119,106.89119,5825.375,5790.1538,5656.9092,405.87355,1.6966378
6011000.0,1731.6941,5796.5595,3979.2342,251.925,106.89119,106.89119,106.89119,5844.4932,5806.3536,5738.8316,401.89452,1.6966378
6012000.0,1720.7128,5775.6779,3948.3441,249.96936,106.89119,106.89119,106.89119,5796.1918,5850.0546,5680.7872,377.10944,1.6966378
6013000.0,1741.6177,5781.4513,4002.2031,253.37917,106.89119,106.89119,106.89119,5839.2718,5839.3053,5665.7768,387.01665,1.6966378
6014000.0,1675.1665,5783.8674,4010.5842,253.90978,106.89119,106.89119,106.89119,5816.6778,5819.0327,5715.8917,387.48225,1.6966378
6015000.0,1726.6981,5770.8473,3936.6679,249.23014,106.89119,106.89119,106.89119,5818.1698,5813.4398,5680.9322,423.05842,1.6966378
6016000.0,1680.2159,5759.8983,3914.7138,247.84023,106.89119,106.89119,106.89119,5782.004,5808.7427,5688.9482,484.16491,1.6966378
6017000.0,1676.6113,5777.4527,3918.9657,248.10941,106.89119,106.89119,106.89119,5852.767,5786.3702,5693.2209,484.99042,1.6966378
6018000.0,1692.9461,5786.3331,3931.3457,248.89319,106.89119,106.89119,106.89119,5824.4898,5796.1762,5738.3333,472.56319,1.6966378
6019000.0,1683.0396,5792.4621,3920.2802,248.19263,106.89119,106.89119,106.89119,5836.232,5821.1703,5719.9841,358.67275,1.6966378
6020000.0,1714.6376,5775.631,4005.9895,253.61888,106.89119,106.89119,106.89119,5834.497,5802.6877,5689.7083,354.46706,1.6966378
6021000.0,1797.7717,5821.8765,3909.4253,247.50541,106.89119,106.89119,106.89119,5872.5663,5859.3678,5733.6953,356.88817,1.6966378
6022000.0,1774.6398,5776.6443,3969.8139,251.32861,106.89119,106.89119,106.89119,5831.1471,5836.2162,5662.5696,376.37304,1.6966378
6023000.0,1732.3943,5779.3483,3930.6721,248.85055,106.89119,106.89119,106.89119,5807.4718,5816.5361,5714.0371,400.00831,1.6966378
6024000.0,1747.3276,5813.4365,3898.6214,246.82142,106.89119,106.89119,106.89119,5841.1054,5827.1124,5772.0917,401.04455,1.6966378
6025000.0,1787.8867,5779.0646,3865.583,244.72976,106.89119,106.89119,106.89119,5790.0737,5797.21,5749.9103,370.59811,1.6966378
6026000.0,1687.784,5780.0035,4013.5484,254.09744,106.89119,106.89119,106.89119,5833.8387,5818.2799,5687.8917,394.66422,1.6966378
6027000.0,1668.2161,5778.0139,3988.3296,252.50083,106.89119,106.89119,106.89119,5815.2796,5790.574,5728.1882,386.88618,1.6966378
6028000.0,1648.7852,5752.7661,3945.8664,249.81249,106.89119,106.89119,106.89119,5727.4387,5773.8516,5757.0079,383.67448,1.6966378
6029000.0,1597.6162,5743.1001,4014.3351,254.14724,106.89119,106.89119,106.89119,5764.5044,5730.8461,5733.9498,397.60468,1.6966378
6030000.0,1655.9007,5765.0753,3954.5541,250.36251,106.89119,106.89119,106.89119,5802.7329,5766.2179,5726.275,403.33577,1.6966378
6031000.0,1708.9185,5794.0686,3876.909,245.44681,106.89119,106.89119,106.89119,5861.8538,5802.9018,5717.4501,401.95072,1.6966378
6032000.0,1659.8468,5760.8107,3959.8704,250.69909,106.89119,106.89119,106.89119,5840.1222,5786.3632,5655.9467,374.17976,1.6966378
6033000.0,1695.3293,5771.9021,3994.2108,252.87317,106.89119,106.89119,106.89119,5808.162,5877.1965,5630.3477,359.41455,1.6966378
6034000.0,1666.3147,5742.9204,3927.3962,248.64315,106.89119,106.89119,106.89119,5803.5125,5753.9687,5671.2799,353.50599,1.6966378
6035000.0,1650.6776,5758.9034,3949.9696,250.07227,106.89119,106.89119,106.89119,5847.9054,5755.9561,5672.8487,380.50138,1.6966378
6036000.0,1677.2157,5787.0186,3869.1452,244.95528,106.89119,106.89119,106.89119,5804.3274,5771.3481,5785.3803,411.09415,1.6966378
6037000.0,1623.4309,5758.4353,3906.9359,247.34781,106.89119,106.89119,106.89119,5793.5071,5764.8654,5716.9333,416.56432,1.6966378
6038000.0,1611.9168,5751.2094,3985.7921,252.34019,106.89119,106.89119,106.89119,5755.3819,5756.4951,5741.7512,388.83716,1.6966378
6039000.0,1753.4138,5791.8976,3921.5177,248.27098,106.89119,106.89119,106.89119,5840.3421,5776.6898,5758.6607,379.20753,1.6966378
6040000.0,1651.0811,5750.8686,3951.6606,250.17932,106.89119,106.89119,106.89119,5771.3498,5789.4856,5691.7704,387.02893,1.6966378
6041000.0,1731.5677,5795.3646,3999.4695,253.2061,106.89119,106.89119,106.89119,5863.4567,5750.2348,5772.4022,383.37643,1.6966378
6042000.0,1753.3218,5792.7734,3983.88,252.21913,106.89119,106.89119,106.89119,5794.3994,5827.147,5756.7738,397.21875,1.6966378
6043000.0,1672.1906,5784.7492,3913.5957,247.76944,106.89119,106.89119,106.89119,5838.6464,5792.7795,5722.8218,434.2589,1.6966378
6044000.0,1700.2095,5792.8275,3954.1009,250.33382,106.89119,106.89119,106.89119,5810.8314,5841.0761,5726.5749,435.86601,1.6966378
6045000.0,1639.6087,5778.7638,3932.2082,248.9478,106.89119,106.89119,106.89119,5808.5534,5796.9907,5730.7473,399.35337,1.6966378
6046000.0,1718.4723,5793.525,3979.7688,251.95885,106.89119,106.89119,106.89119,5867.3004,5818.5738,5694.7007,381.55932,1.6966378
6047000.0,1690.6034,5778.3495,3998.1389,253.12186,106.89119,106.89119,106.89119,5878.9164,5774.3062,5681.8259,389.15793,1.6966378
6048000.0,1715.6051,5786.6386,3970.5216,251.37341,106.89119,106.89119,106.89119,5821.2102,5817.6179,5721.0879,389.95145,1.6966378
6049000.0,1687.2108,5786.8133,3925.8337,248.54422,106.89119,106.89119,106.89119,5852.8575,5761.0374,5746.545,419.8001,1.6966378
6050000.0,1674.8591,5764.653,3959.3178,250.6641,106.89119,106.89119,106.89119,5875.6098,5740.3367,5678.0124,433.79332,1.6966378
6051000.0,1657.2961,5775.1875,3999.8058,253.2274,106.89119,106.89119,106.89119,5825.5273,5815.9983,5684.0368,429.23766,1.6966378
6052000.0,1741.0781,5813.029,3993.29,252.81488,106.89119,106.89119,106.89119,5898.5216,5843.0426,5697.523,400.13568,1.6966378
6053000.0,1684.0167,5769.3817,3970.9516,251.40064,106.89119,106.89119,106.89119,5839.7469,5817.7845,5650.6137,416.34499,1.6966378
6054000.0,1714.4269,5795.6035,3989.082,252.54847,106.89119,106.89119,106.89119,5901.9735,5771.7059,5713.1311,420.32916,1.6966378
6055000.0,1662.5114,5771.0582,3932.2542,248.95071,106.89119,106.89119,106.89119,5841.6174,5746.7681,5724.789,423.46993,1.6966378
6056000.0,1660.048,5768.7588,4047.1891,256.22722,106.89119,106.89119,106.89119,5854.6509,5792.3022,5659.3234,458.19612,1.6966378
6057000.0,1750.1094,5794.3728,3944.6208,249.73364,106.89119,106.89119,106.89119,5929.0304,5762.1937,5691.8944,486.87551,1.6966378
6058000.0,1681.6577,5765.4362,3938.3742,249.33816,106.89119,106.89119,106.89119,5886.8877,5762.7792,5646.6417,480.86434,1.6966378
6059000.0,1761.6371,5804.1434,4003.2324,253.44433,106.89119,106.89119,106.89119,5883.8648,5739.0445,5789.521,445.86773,1.6966378
6060000.0,1687.0789,5779.6335,3916.4886,247.95259,106.89119,106.89119,106.89119,5847.1902,5787.4434,5704.267,362.00614,1.6966378
6061000.0,1674.462,5765.8431,3999.1422,253.18538,106.89119,106.89119,106.89119,5751.0541,5818.7956,5727.6795,381.0335,1.6966378
6062000.0,1659.622,5756.9861,3920.2156,248.18854,106.89119,106.89119,106.89119,5799.9881,5792.7368,5678.2334,369.75559,1.6966378
6063000.0,1613.0827,5750.9086,3996.0731,252.99107,106.89119,106.89119,106.89119,5808.0697,5739.0553,5705.6008,383.55779,1.6966378
6064000.0,1716.332,5773.8285,3964.5814,250.99734,106.89119,106.89119,106.89119,5838.2138,5778.119,5705.1529,407.60107,1.6966378
6065000.0,1660.21,5765.5174,3912.5375,247.70244,106.89119,106.89119,106.89119,5811.7728,5757.7798,5726.9997,410.91829,1.6966378
6066000.0,1654.4075,5781.2131,3995.8026,252.97395,106.89119,106.89119,106.89119,5784.3148,5799.8065,5759.5178,379.80806,1.6966378
6067000.0,1711.3089,5788.485,3962.4743,250.86394,106.89119,106.89119,106.89119,5794.5636,5822.0474,5748.844,357.87777,1.6966378
6068000.0,1650.1403,5771.6098,3950.8684,250.12917,106.89119,106.89119,106.89119,5766.3449,5839.7013,5708.7832,353.74711,1.6966378
6069000.0,1742.4759,5804.0788,3976.7487,251.76765,106.89119,106.89119,106.89119,5821.7549,5843.3758,5747.1057,358.07395,1.6966378
6070000.0,1681.8115,5770.7634,3932.7116,248.97966,106.89119,106.89119,106.89119,5780.8488,5794.7204,5736.721,395.26657,1.6966378
6071000.0,1670.4463,5780.1154,3952.9877,250.26334,106.89119,106.89119,106.89119,5790.5627,5794.6471,5755.1364,403.1144,1.6966378
6072000.0,1740.1997,5802.3061,3938.7403,249.36134,106.89119,106.89119,106.89119,5820.0567,5867.9185,5718.9433,389.2404,1.6966378
6073000.0,1618.3275,5752.4373,3980.2402,251.9887,106.89119,106.89119,106.89119,5805.8819,5782.9449,5668.4851,381.34028,1.6966378
6074000.0,1679.8908,5788.313,3952.2436,250.21623,106.89119,106.89119,106.89119,5826.964,5823.1946,5714.7804,386.64051,1.6966378
6075000.0,1726.7824,5806.0499,4050.7154,256.45047,106.89119,106.89119,106.89119,5858.865,5816.1546,5743.1301,386.97412,1.6966378
6076000.0,1711.021,5804.6489,3964.7579,251.00851,106.89119,106.89119,106.89119,5842.9418,5823.7777,5747.227,400.52151,1.6966378
6077000.0,1772.9976,5803.971,3968.3577,251.23642,106.89119,106.89119,106.89119,5874.7225,5854.1287,5683.0617,426.78995,1.6966378
6078000.0,1671.5353,5770.8332,3931.0467,248.87426,106.89119,106.89119,106.89119,5806.6313,5759.003,5746.8652,435.12219,1.6966378
6079000.0,1704.4288,5758.4883,3880.5682,245.67847,106.89119,106.89119,106.89119,5810.359,5777.539,5687.5668,408.63292,1.6966378
6080000.0,1645.2767,5765.4863,3935.5787,249.16118,106.89119,106.89119,106.89119,5792.0876,5784.8049,5719.5663,367.22075,1.6966378
6081000.0,1717.9518,5789.7208,3919.1392,248.1204,106.89119,106.89119,106.89119,5817.0308,5850.9185,5701.2131,374.76177,1.6966378
6082000.0,1732.1228,5760.9554,3964.0747,250.96526,106.89119,106.89119,106.89119,5814.9804,5811.8872,5655.9986,385.57931,1.6966378
6083000.0,1666.1301,5763.0271,4004.2615,253.50949,106.89119,106.89119,106.89119,5779.0048,5818.0567,5692.0199,390.59072,1.6966378
6084000.0,1699.2743,5764.1395,3929.2693,248.76174,106.89119,106.89119,106.89119,5822.8812,5797.1211,5672.416,415.93679,1.6966378
6085000.0,1696.0661,5792.5244,3939.0134,249.37863,106.89119,106.89119,106.89119,5813.4697,5863.8083,5700.2951,410.823,1.6966378
6086000.0,1684.6921,5777.9793,3903.6672,247.14086,106.89119,106.89119,106.89119,5810.0116,5826.3665,5697.5599,387.06429,1.6966378
6087000.0,1679.2167,5765.9517,3902.0252,247.03691,106.89119,106.89119,106.89119,5750.6507,5809.1921,5738.0122,389.6636,1.6966378
6088000.0,1724.811,5784.6549,3932.9532,248.99496,106.89119,106.89119,106.89119,5802.2298,5786.4485,5765.2865,419.68388,1.6966378
6089000.0,1682.0083,5777.06,3980.398,251.99869,106.89119,106.89119,106.89119,5785.0937,5898.3488,5647.7375,412.26927,1.6966378
6090000.0,1733.9197,5788.0468,3957.1974,250.52986,106.89119,106.89119,106.89119,5848.1009,5822.9379,5693.1016,443.75516,1.6966378
6091000.0,1699.8816,5778.697,3898.9047,246.83935,106.89119,106.89119,106.89119,5840.8058,5787.0094,5708.2757,467.65045,1.6966378
6092000.0,1632.8187,5779.0603,3914.6478,247.83605,106.89119,106.89119,106.89119,5842.7667,5776.0852,5718.3288,467.06576,1.6966378
6093000.0,1625.7738,5763.5422,3905.9204,247.28352,106.89119,106.89119,106.89119,5824.509,5781.6435,5684.4742,467.48,1.6966378
6094000.0,1676.3594,5761.6966,3958.087,250.58618,106.89119,106.89119,106.89119,5791.6177,5763.7358,5729.7363,386.96816,1.6966378
6095000.0,1663.2539,5761.5273,3912.2775,247.68599,106.89119,106.89119,106.89119,5800.0837,5755.6185,5728.8797,397.69555,1.6966378
6096000.0,1658.3421,5758.4739,3907.5592,247.38727,106.89119,106.89119,106.89119,5856.2931,5739.7477,5679.3808,399.63831,1.6966378
6097000.0,1698.4455,5790.0674,3946.8923,249.87744,106.89119,106.89119,106.89119,5877.3613,5781.6271,5711.2138,397.9453,1.6966378
6098000.0,1632.0178,5770.4694,4077.131,258.12284,106.89119,106.89119,106.89119,5864.5335,5740.6463,5706.2284,447.11749,1.6966378
6099000.0,1680.8091,5775.0687,3950.8801,250.12991,106.89119,106.89119,106.89119,5826.5197,5769.0246,5729.6619,476.95826,1.6966378
6100000.0,1663.0334,5775.2639,3910.5495,247.57659,106.89119,106.89119,106.89119,5777.0489,5825.8131,5722.9297,479.92161,1.6966378
6101000.0,1651.5613,5777.6006,4002.2262,253.38063,106.89119,106.89119,106.89119,5803.7232,5805.0041,5724.0744,398.07148,1.6966378
6102000.0,1732.8402,5815.3694,3951.3258,250.15813,106.89119,106.89119,106.89119,5857.3445,5865.8652,5722.8986,417.16284,1.6966378
6103000.0,1661.3159,5759.5752,3905.5454,247.25977,106.89119,106.89119,106.89119,5812.567,5779.2961,5686.8625,414.44506,1.6966378
6104000.0,1641.947,5765.3642,3920.0205,248.17619,106.89119,106.89119,106.89119,5794.5011,5798.3027,5703.2889,412.1201,1.6966378
6105000.0,1643.9794,5784.3387,3892.0746,246.40694,106.89119,106.89119,106.89119,5843.8796,5842.5057,5666.6307,471.73901,1.6966378
6106000.0,1646.1745,5782.7113,3922.256,248.31772,106.89119,106.89119,106.89119,5795.0703,5839.9196,5713.1439,471.28808,1.6966378
6107000.0,1644.2436,5769.0638,3945.3396,249.77914,106.89119,106.89119,106.89119,5804.1615,5779.4984,5723.5314,481.30778,1.6966378
6108000.0,1648.7674,5771.3325,4005.6022,253.59436,106.89119,106.89119,106.89119,5871.5874,5712.0305,5730.3795,402.61167,1.6966378
6109000.0,1676.8223,5775.1516,3974.772,251.6425,106.89119,106.89119,106.89119,5856.8522,5774.603,5693.9996,382.42282,1.6966378
6110000.0,1737.6579,5785.4535,3844.7169,243.40873,106.89119,106.89119,106.89119,5856.7555,5775.2447,5724.3603,377.74931,1.6966378
6111000.0,1661.7612,5805.813,3887.9307,246.14459,106.89119,106.89119,106.89119,5862.8567,5795.5403,5759.042,397.14202,1.6966378
6112000.0,1686.7342,5800.4415,3929.322,248.76507,106.89119,106.89119,106.89119,5852.3939,5774.7993,5774.1314,446.93549,1.6966378
6113000.0,1637.5873,5761.0122,3899.4547,246.87417,106.89119,106.89119,106.89119,5754.6376,5790.8363,5737.5626,454.71241,1.6966378
6114000.0,1609.2423,5780.6259,3950.2359,250.08912,106.89119,106.89119,106.89119,5759.7512,5822.8496,5759.2768,444.77724,1.6966378
6115000.0,1764.0304,5807.6357,3937.3142,249.27106,106.89119,106.89119,106.89119,5838.6189,5845.8856,5738.4026,376.46753,1.6966378
6116000.0,1701.8633,5777.2832,3918.6688,248.09062,106.89119,106.89119,106.89119,5785.241,5782.041,5764.5675,402.01676,1.6966378
6117000.0,1731.2525,5750.0026,3938.676,249.35727,106.89119,106.89119,106.89119,5749.6779,5725.8366,5774.4933,402.07641,1.6966378
6118000.0,1679.4052,5776.9283,3937.375,249.2749,106.89119,106.89119,106.89119,5790.7589,5785.6206,5754.4056,362.59418,1.6966378
6119000.0,1682.8481,5757.56,3901.6489,247.01309,106.89119,106.89119,106.89119,5762.5523,5744.3953,5765.7324,399.06186,1.6966378
6120000.0,1709.7829,5788.6339,3934.977,249.12309,106.89119,106.89119,106.89119,5807.8691,5786.1213,5771.9112,405.85122,1.6966378
6121000.0,1697.2014,5756.0388,3960.0526,250.71062,106.89119,106.89119,106.89119,5801.2948,5769.1794,5697.6423,387.03961,1.6966378
6122000.0,1610.817,5771.6505,3869.0208,244.94741,106.89119,106.89119,106.89119,5800.3812,5766.2534,5748.3168,378.45631,1.6966378
6123000.0,1628.438,5746.8983,3932.786,248.98438,106.89119,106.89119,106.89119,5783.9792,5735.9425,5720.7732,371.58046,1.6966378
6124000.0,1683.994,5771.0617,3960.4042,250.73288,106.89119,106.89119,106.89119,5763.7714,5833.1225,5716.2911,369.52921,1.6966378
6125000.0,1763.9485,5818.6119,4017.5803,254.35269,106.89119,106.89119,106.89119,5878.9852,5828.1004,5748.7501,382.68725,1.6966378
6126000.0,1683.5422,5789.9655,3878.1073,245.52267,106.89119,106.89119,106.89119,5869.3396,5759.7688,5740.7882,411.01624,1.6966378
6127000.0,1633.9118,5777.0116,3896.4842,246.68611,106.89119,106.89119,106.89119,5803.5853,5810.9998,5716.4497,414.64811,1.6966378
6128000.0,1675.4764,5784.822,3924.5898,248.46548,106.89119,106.89119,106.89119,5798.3118,5800.4494,5755.7048,382.7327,1.6966378
6129000.0,1719.5926,5807.7848,3896.0628,246.65943,106.89119,106.89119,106.89119,5846.4298,5840.5061,5736.4185,396.28196,1.6966378
6130000.0,1659.6539,5762.8808,3872.8426,245.18936,106.89119,106.89119,106.89119,5825.04,5796.0703,5667.5321,391.17517,1.6966378
6131000.0,1630.832,5758.8042,3946.623,249.86039,106.89119,106.89119,106.89119,5806.0893,5799.5014,5670.8219,404.64406,1.6966378
6132000.0,1661.5829,5773.7198,3880.1304,245.65075,106.89119,106.89119,106.89119,5826.3631,5752.769,5742.0273,426.93663,1.6966378
6133000.0,1671.5867,5771.7985,3973.921,251.58863,106.89119,106.89119,106.89119,5835.586,5805.7498,5674.0597,467.78769,1.6966378
6134000.0,1696.8825,5798.112,3961.9793,250.8326,106.89119,106.89119,106.89119,5821.3208,5829.1775,5743.8377,446.00882,1.6966378
6135000.0,1680.1574,5785.9141,3904.4008,247.18731,106.89119,106.89119,106.89119,5832.1287,5792.3524,5733.2611,449.46465,1.6966378
6136000.0,1620.7347,5769.8518,3930.8111,248.85934,106.89119,106.89119,106.89119,5851.0619,5741.7428,5716.7506,459.08158,1.6966378
6137000.0,1688.203,5797.9895,3933.8263,249.05023,106.89119,106.89119,106.89119,5829.5591,5781.3433,5783.066,374.45106,1.6966378
6138000.0,1717.9996,5781.0055,3926.8511,248.60864,106.89119,106.89119,106.89119,5847.4359,5788.6112,5706.9693,395.80185,1.6966378
6139000.0,1627.3615,5769.3427,3936.3044,249.20712,106.89119,106.89119,106.89119,5809.3255,5775.4954,5723.2071,394.73529,1.6966378
6140000.0,1669.0046,5795.0167,3957.3229,250.53781,106.89119,106.89119,106.89119,5819.2678,5821.6929,5744.0894,395.3576,1.6966378
6141000.0,1653.165,5789.9196,3967.7287,251.19659,106.89119,106.89119,106.89119,5823.8535,5753.3799,5792.5254,437.76239,1.6966378
6142000.0,1709.083,5800.9408,4011.2785,253.95373,106.89119,106.89119,106.89119,5849.4292,5829.2465,5724.1466,461.27558,1.6966378
6143000.0,1662.2302,5786.0302,4026.6615,254.92763,106.89119,106.89119,106.89119,5847.0273,5781.2227,5729.8406,465.6646,1.6966378
6144000.0,1713.495,5797.0879,3880.4706,245.67229,106.89119,106.89119,106.89119,5841.1288,5815.4507,5734.6843,464.51701,1.6966378
6145000.0,1719.9032,5783.7277,3973.9662,251.59149,106.89119,106.89119,106.89119,5820.5608,5792.7268,5737.8954,403.2062,1.6966378
6146000.0,1653.1048,5785.1968,3963.7563,250.9451,106.89119,106.89119,106.89119,5779.9594,5836.0078,5739.6233,364.79748,1.6966378
6147000.0,1760.958,5808.6022,3923.7978,248.41534,106.89119,106.89119,106.89119,5803.7135,5816.9601,5805.133,361.03701,1.6966378
6148000.0,1607.7089,5768.1727,3895.0953,246.59818,106.89119,106.89119,106.89119,5796.6958,5788.0686,5719.7537,394.71681,1.6966378
6149000.0,1657.8805,5785.465,3964.9319,251.01953,106.89119,106.89119,106.89119,5797.1066,5790.2681,5769.0203,375.54363,1.6966378
6150000.0,1625.8264,5744.7151,3936.8765,249.24334,106.89119,106.89119,106.89119,5753.7735,5780.7156,5699.656,407.13842,1.6966378
6151000.0,1655.6946,5759.7301,3893.9898,246.52819,106.89119,106.89119,106.89119,5788.6769,5803.6993,5686.814,410.67105,1.6966378
6152000.0,1663.7182,5752.5968,3911.307,247.62454,106.89119,106.89119,106.89119,5792.2982,5747.0066,5718.4857,410.37064,1.6966378
6153000.0,1602.5771,5763.6556,3985.6095,252.32863,106.89119,106.89119,106.89119,5784.1431,5777.0227,5729.8009,384.63715,1.6966378
6154000.0,1735.3609,5795.5714,3984.5899,252.26408,106.89119,106.89119,106.89119,5832.1087,5859.582,5695.0234,393.636,1.6966378
6155000.0,1708.5104,5770.7035,3978.1072,251.85366,106.89119,106.89119,106.89119,5833.7887,5771.9809,5706.341,399.89663,1.6966378
6156000.0,1680.7233,5779.6385,3970.6778,251.3833,106.89119,106.89119,106.89119,5850.9083,5790.0886,5697.9187,398.55518,1.6966378
6157000.0,1690.8371,5798.3457,3973.7831,251.5799,106.89119,106.89119,106.89119,5879.3522,5795.9254,5719.7595,423.73662,1.6966378
6158000.0,1743.0931,5796.2771,3906.8407,247.34178,106.89119,106.89119,106.89119,5824.6434,5800.3688,5763.8189,488.03981,1.6966378
6159000.0,1662.6855,5775.9692,3961.8826,250.82648,106.89119,106.89119,106.89119,5743.3856,5829.3697,5755.1524,464.84589,1.6966378
6160000.0,1668.3227,5775.667,3941.3711,249.5279,106.89119,106.89119,106.89119,5827.8622,5779.2629,5719.8759,469.07055,1.6966378
6161000.0,1664.2337,5775.9617,3977.1199,251.79115,106.89119,106.89119,106.89119,5817.8388,5808.332,5701.7143,457.02513,1.6966378
6162000.0,1674.5571,5777.5824,3903.0405,247.10119,106.89119,106.89119,106.89119,5803.7419,5798.6938,5730.3117,386.83042,1.6966378
6163000.0,1726.9465,5761.6794,3996.569,253.02247,106.89119,106.89119,106.89119,5810.757,5805.3385,5668.9426,390.74799,1.6966378
6164000.0,1667.5777,5778.7465,3901.2766,246.98952,106.89119,106.89119,106.89119,5792.9916,5803.5566,5739.6914,397.35776,1.6966378
6165000.0,1644.972,5775.3897,3999.8231,253.22849,106.89119,106.89119,106.89119,5794.4889,5827.9002,5703.78,396.21658,1.6966378
6166000.0,1690.4673,5789.446,3927.8764,248.67355,106.89119,106.89119,106.89119,5782.5372,5847.0468,5738.7541,398.451,1.6966378
6167000.0,1670.3515,5750.9407,3974.2148,251.60723,106.89119,106.89119,106.89119,5797.4031,5771.7473,5683.6718,411.52252,1.6966378
6168000.0,1699.9843,5809.6683,3918.094,248.05423,106.89119,106.89119,106.89119,5834.475,5856.4848,5738.045,406.24583,1.6966378
6169000.0,1704.5227,5796.2126,3861.9131,244.49742,106.89119,106.89119,106.89119,5862.2042,5836.6182,5689.8154,390.65663,1.6966378
6170000.0,1687.9023,5768.9882,3992.394,252.75815,106.89119,106.89119,106.89119,5847.4608,5772.6972,5686.8066,405.41976,1.6966378
6171000.0,1693.228,5788.9035,3925.274,248.50879,106.89119,106.89119,106.89119,5831.7267,5824.7509,5710.233,405.36078,1.6966378
6172000.0,1583.2964,5754.2484,4022.8813,254.6883,106.89119,106.89119,106.89119,5815.697,5787.2798,5659.7682,396.26311,1.6966378
6173000.0,1698.2138,5783.4061,4002.3469,253.38827,106.89119,106.89119,106.89119,5818.9018,5826.466,5704.8504,469.86373,1.6966378
6174000.0,1687.9325,5778.6714,3904.8229,247.21403,106.89119,106.89119,106.89119,5827.0735,5813.323,5695.6178,479.33114,1.6966378
6175000.0,1652.5371,5783.6057,3956.9316,250.51303,106.89119,106.89119,106.89119,5811.3946,5789.6608,5749.7615,468.85867,1.6966378
6176000.0,1662.8047,5769.7002,4046.152,256.16157,106.89119,106.89119,106.89119,5829.7054,5784.181,5695.2141,408.04252,1.6966378
6177000.0,1671.2439,5776.1379,3949.4412,250.03882,106.89119,106.89119,106.89119,5831.8005,5792.5871,5704.0262,374.87499,1.6966378
6178000.0,1632.0849,5772.2967,3988.3556,252.50248,106.89119,106.89119,106.89119,5798.0005,5777.7592,5741.1303,364.52519,1.6966378
6179000.0,1699.5807,5769.5857,3893.9535,246.52589,106.89119,106.89119,106.89119,5822.4467,5821.2207,5665.0895,368.68043,1.6966378
6180000.0,1732.5455,5787.3669,3976.9985,251.78346,106.89119,106.89119,106.89119,5821.9894,5838.0953,5702.016,401.99671,1.6966378
6181000.0,1680.9138,5769.0455,3989.3065,252.56268,106.89119,106.89119,106.89119,5817.2247,5799.548,5690.364,410.09372,1.6966378
6182000.0,1638.6097,5773.0672,4003.571,253.46577,106.89119,106.89119,106.89119,5826.0305,5813.6747,5679.4965,408.18943,1.6966378
6183000.0,1599.9062,5759.8244,3953.5063,250.29618,106.89119,106.89119,106.89119,5833.8353,5766.1091,5679.5287,364.69457,1.6966378
6184000.0,1755.4554,5811.8677,3918.6447,248.08909,106.89119,106.89119,106.89119,5862.3109,5882.5077,5690.7844,371.26202,1.6966378
6185000.0,1695.2336,5792.4489,3946.2656,249.83777,106.89119,106.89119,106.89119,5821.786,5851.5832,5703.9775,366.88137,1.6966378
6186000.0,1694.4161,5780.9738,3978.5047,251.87882,106.89119,106.89119,106.89119,5794.9382,5823.4425,5724.5408,370.67789,1.6966378
6187000.0,1677.1829,5765.2961,3840.1471,243.11941,106.89119,106.89119,106.89119,5802.4068,5798.655,5694.8267,415.43955,1.6966378
6188000.0,1687.7012,5772.0233,3903.4963,247.13005,106.89119,106.89119,106.89119,5784.9253,5818.2542,5712.8903,403.94924,1.6966378
6189000.0,1648.7836,5765.026,3952.2177,250.21459,106.89119,106.89119,106.89119,5789.9696,5802.186,5702.9223,382.90033,1.6966378
6190000.0,1621.5152,5774.4784,3926.7221,248.60047,106.89119,106.89119,106.89119,5822.0619,5745.882,5755.4913,358.56385,1.6966378
6191000.0,1643.368,5776.7304,3911.9582,247.66577,106.89119,106.89119,106.89119,5771.7748,5871.6725,5686.7439,381.87317,1.6966378
6192000.0,1747.9875,5819.687,3937.1307,249.25944,106.89119,106.89119,106.89119,5841.4622,5856.1587,5761.4402,370.62439,1.6966378
6193000.0,1607.1548,5774.0687,3891.6625,246.38085,106.89119,106.89119,106.89119,5800.4997,5824.6167,5697.0896,391.80568,1.6966378
6194000.0,1598.1698,5752.1732,3914.5741,247.83138,106.89119,106.89119,106.89119,5764.8289,5793.4234,5698.2675,405.41862,1.6966378
6195000.0,1663.5974,5761.0954,3951.9615,250.19837,106.89119,106.89119,106.89119,5816.2576,5789.5221,5677.5063,396.50362,1.6966378
6196000.0,1619.173,5777.0005,3966.5051,251.11913,106.89119,106.89119,106.89119,5810.0286,5805.9251,5715.0478,404.61304,1.6966378
6197000.0,1597.1076,5767.9855,3911.0118,247.60585,106.89119,106.89119,106.89119,5802.7806,5794.3726,5706.8034,426.11431,1.6966378
6198000.0,1633.4016,5768.5844,3899.3162,246.86541,106.89119,106.89119,106.89119,5762.9534,5808.1675,5734.6322,426.62437,1.6966378
6199000.0,1650.9225,5774.2002,3924.6845,248.47147,106.89119,106.89119,106.89119,5774.9625,5798.005,5749.633,423.47752,1.6966378
6200000.0,1606.7731,5776.7921,4036.2076,255.53199,106.89119,106.89119,106.89119,5820.8482,5811.9446,5697.5834,448.04207,1.6966378
6201000.0,1731.5963,5762.6718,3952.9759,250.2626,106.89119,106.89119,106.89119,5818.8399,5774.5158,5694.6597,491.3161,1.6966378
6202000.0,1634.2166,5783.0494,3940.5989,249.47901,106.89119,106.89119,106.89119,5828.8407,5807.8612,5712.4462,485.94282,1.6966378
6203000.0,1643.0191,5782.941,3984.802,252.27751,106.89119,106.89119,106.89119,5814.1586,5806.0666,5728.5978,483.95937,1.6966378
6204000.0,1704.3164,5801.5386,4014.1701,254.1368,106.89119,106.89119,106.89119,5800.9351,5844.9776,5758.7033,391.73137,1.6966378
6205000.0,1690.2777,5773.05,3959.6045,250.68225,106.89119,106.89119,106.89119,5819.359,5758.1009,5741.6902,420.1553,1.6966378
6206000.0,1604.051,5774.0177,4002.8317,253.41896,106.89119,106.89119,106.89119,5820.4968,5856.1642,5645.3922,415.94685,1.6966378
6207000.0,1668.1161,5791.8938,3975.0051,251.65726,106.89119,106.89119,106.89119,5816.4165,5850.0425,5709.2223,423.60184,1.6966378
6208000.0,1663.1138,5770.2094,3933.024,248.99945,106.89119,106.89119,106.89119,5798.567,5795.2109,5716.8503,476.44063,1.6966378
6209000.0,1709.4591,5800.7032,3970.2004,251.35308,106.89119,106.89119,106.89119,5829.1919,5836.0771,5736.8408,482.38928,1.6966378
6210000.0,1652.488,5772.9019,3982.0305,252.10204,106.89119,106.89119,106.89119,5817.4886,5743.1066,5758.1103,481.02254,1.6966378
6211000.0,1697.0393,5776.725,4022.0357,254.63476,106.89119,106.89119,106.89119,5782.355,5817.5945,5730.2255,421.78389,1.6966378
6212000.0,1651.3166,5788.4936,3970.2029,251.35324,106.89119,106.89119,106.89119,5814.8958,5813.2553,5737.3298,418.14148,1.6966378
6213000.0,1714.5776,5801.0343,4013.6429,254.10342,106.89119,106.89119,106.89119,5824.5426,5832.5329,5746.0275,420.21645,1.6966378
6214000.0,1643.2078,5753.6289,3889.4409,246.2402,106.89119,106.89119,106.89119,5776.795,5798.3639,5685.7278,418.07464,1.6966378
6215000.0,1609.3618,5741.0583,3927.2318,248.63274,106.89119,106.89119,106.89119,5810.8297,5795.008,5617.3372,446.92477,1.6966378
6216000.0,1717.7434,5807.8808,3971.5386,251.4378,106.89119,106.89119,106.89119,5817.9346,5858.3578,5747.35,481.55148,1.6966378
6217000.0,1664.6928,5781.655,3970.5567,251.37563,106.89119,106.89119,106.89119,5796.9381,5802.2213,5745.8056,472.42876,1.6966378
6218000.0,1715.1276,5779.6355,4015.4407,254.21724,106.89119,106.89119,106.89119,5827.1925,5805.0522,5706.6617,435.86721,1.6966378
6219000.0,1621.8934,5767.0228,4015.7743,254.23836,106.89119,106.89119,106.89119,5744.4955,5846.4609,5710.1121,352.2771,1.6966378
6220000.0,1673.0154,5768.4567,3948.9652,250.00868,106.89119,106.89119,106.89119,5771.395,5830.179,5703.796,349.35275,1.6966378
6221000.0,1637.5459,5783.2198,3932.4898,248.96562,106.89119,106.89119,106.89119,5804.0044,5818.2495,5727.4053,348.66809,1.6966378
6222000.0,1697.9748,5769.2637,3924.2431,248.44352,106.89119,106.89119,106.89119,5782.2018,5842.835,5682.7542,380.08237,1.6966378
6223000.0,1651.8865,5789.8208,3964.6655,251.00266,106.89119,106.89119,106.89119,5781.6599,5827.1642,5760.6384,393.24273,1.6966378
6224000.0,1677.8568,5789.3153,3936.3193,249.20807,106.89119,106.89119,106.89119,5823.6536,5841.8319,5702.4603,391.6884,1.6966378
6225000.0,1651.0402,5797.8335,3977.2947,251.80222,106.89119,106.89119,106.89119,5862.718,5841.4663,5689.3161,363.96182,1.6966378
6226000.0,1637.4222,5750.8138,3946.524,249.85412,106.89119,106.89119,106.89119,5774.3827,5770.639,5707.4198,370.82151,1.6966378
6227000.0,1660.3934,5789.6204,3936.7109,249.23286,106.89119,106.89119,106.89119,5840.7551,5826.2583,5701.8478,377.34447,1.6966378
6228000.0,1728.7998,5768.1371,3978.1534,251.85658,106.89119,106.89119,106.89119,5765.2158,5833.9387,5705.2568,374.08626,1.6966378
6229000.0,1682.1249,5781.5736,3971.1502,251.41321,106.89119,106.89119,106.89119,5791.0617,5850.1147,5703.5444,411.81369,1.6966378
6230000.0,1688.6316,5809.4071,4019.5576,254.47788,106.89119,106.89119,106.89119,5870.2509,5816.1552,5741.8152,406.08759,1.6966378
6231000.0,1628.4307,5759.1025,3961.6038,250.80883,106.89119,106.89119,106.89119,5766.9943,5794.6478,5715.6655,378.10537,1.6966378
6232000.0,1695.3515,5801.9004,3945.6739,249.8003,106.89119,106.89119,106.89119,5815.9252,5839.2334,5750.5428,361.58027,1.6966378
6233000.0,1661.2739,5775.5953,3888.8205,246.20092,106.89119,106.89119,106.89119,5782.6547,5830.9131,5713.218,350.07245,1.6966378
6234000.0,1662.3902,5786.3183,3931.4124,248.89741,106.89119,106.89119,106.89119,5787.8461,5797.4959,5773.6127,348.30641,1.6966378
6235000.0,1689.5518,5777.4306,3911.2982,247.62398,106.89119,106.89119,106.89119,5783.8566,5847.4271,5701.0081,389.9888,1.6966378
6236000.0,1638.8841,5805.0725,3965.3717,251.04737,106.89119,106.89119,106.89119,5814.9662,5859.8113,5740.4398,401.72496,1.6966378
6237000.0,1698.8481,5774.7755,3990.275,252.624,106.89119,106.89119,106.89119,5770.8195,5795.5604,5757.9466,402.69883,1.6966378
6238000.0,1713.145,5789.5168,4022.2922,254.651,106.89119,106.89119,106.89119,5784.0084,5855.6844,5728.8577,381.61596,1.6966378
6239000.0,1607.5535,5796.0221,3896.989,246.71807,106.89119,106.89119,106.89119,5819.0632,5837.7135,5731.2897,402.07516,1.6966378
6240000.0,1689.8484,5781.1748,3865.1413,244.70179,106.89119,106.89119,106.89119,5779.5099,5811.0376,5752.9769,406.52754,1.6966378
6241000.0,1644.8471,5760.3646,3972.5197,251.49991,106.89119,106.89119,106.89119,5751.0229,5801.7939,5728.2771,413.10399,1.6966378
6242000.0,1606.8447,5744.6423,3944.2821,249.71219,106.89119,106.89119,106.89119,5755.494,5761.087,5717.3461,459.30182,1.6966378
6243000.0,1645.1316,5771.5254,3958.6336,250.62078,106.89119,106.89119,106.89119,5748.0089,5834.7225,5731.8447,458.34174,1.6966378
6244000.0,1703.254,5805.1279,3942.3939,249.59265,106.89119,106.89119,106.89119,5781.2158,5854.1178,5780.0501,455.3087,1.6966378
6245000.0,1698.1048,5776.8788,3987.3426,252.43835,106.89119,106.89119,106.89119,5740.6316,5778.9429,5811.0621,360.69761,1.6966378
6246000.0,1576.8745,5762.6543,4005.9369,253.61555,106.89119,106.89119,106.89119,5729.0716,5801.3178,5757.5733,351.46435,1.6966378
6247000.0,1695.3539,5797.0462,4017.6333,254.35605,106.89119,106.89119,106.89119,5833.7369,5814.5168,5742.8849,353.7074,1.6966378
6248000.0,1589.4899,5770.4146,3944.4578,249.72332,106.89119,106.89119,106.89119,5786.2277,5768.0508,5756.9651,364.72416,1.6966378
6249000.0,1576.5553,5771.472,3912.3709,247.69189,106.89119,106.89119,106.89119,5744.17,5822.4953,5747.7506,401.33115,1.6966378
6250000.0,1626.5009,5805.2838,3948.5339,249.98137,106.89119,106.89119,106.89119,5779.7316,5811.3008,5824.819,400.06392,1.6966378
6251000.0,1722.0473,5783.7511,3964.2291,250.97504,106.89119,106.89119,106.89119,5827.4407,5794.7065,5729.1059,380.55727,1.6966378
6252000.0,1620.5387,5778.64,3931.1064,248.87804,106.89119,106.89119,106.89119,5820.99,5802.9687,5711.9615,401.54064,1.6966378
6253000.0,1679.22,5765.9986,3940.0338,249.44323,106.89119,106.89119,106.89119,5750.7975,5835.0229,5712.1752,401.32237,1.6966378
6254000.0,1755.9724,5805.9257,3956.9419,250.51368,106.89119,106.89119,106.89119,5810.0596,5832.7505,5774.9671,398.52125,1.6966378
6255000.0,1667.3175,5762.5808,3992.5424,252.76755,106.89119,106.89119,106.89119,5761.1719,5750.4175,5776.1531,428.92138,1.6966378
6256000.0,1669.9311,5802.284,3951.0882,250.14309,106.89119,106.89119,106.89119,5853.546,5782.3673,5770.9386,468.73069,1.6966378
6257000.0,1653.2258,5792.0473,3957.2955,250.53607,106.89119,106.89119,106.89119,5797.1774,5784.4182,5794.5463,469.08236,1.6966378
6258000.0,1701.7582,5789.3321,3988.1799,252.49136,106.89119,106.89119,106.89119,5750.4297,5827.724,5789.8427,431.9223,1.6966378
6259000.0,1721.3041,5796.292,3919.1603,248.12173,106.89119,106.89119,106.89119,5803.5337,5802.4022,5782.9402,369.76627,1.6966378
6260000.0,1692.5868,5799.4444,3900.9053,246.96601,106.89119,106.89119,106.89119,5802.5412,5838.7158,5757.0763,375.50009,1.6966378
6261000.0,1658.5227,5797.0893,4024.3267,254.77981,106.89119,106.89119,106.89119,5812.428,5825.4822,5753.3577,357.97619,1.6966378
6262000.0,1676.4763,5752.0321,3975.5151,251.68955,106.89119,106.89119,106.89119,5777.9569,5788.355,5689.7846,447.98414,1.6966378
6263000.0,1679.0849,5786.8758,3966.6425,251.12782,106.89119,106.89119,106.89119,5778.3801,5849.576,5732.6713,479.85128,1.6966378
6264000.0,1677.061,5772.4196,3903.6904,247.14234,106.89119,106.89119,106.89119,5759.7736,5777.9014,5779.5838,480.53219,1.6966378
6265000.0,1698.7121,5771.6778,3980.9742,252.03517,106.89119,106.89119,106.89119,5761.7019,5814.4424,5738.8892,459.9161,1.6966378
6266000.0,1662.3585,5782.7818,3927.202,248.63085,106.89119,106.89119,106.89119,5803.3658,5843.4785,5701.5012,368.36722,1.6966378
6267000.0,1689.188,5796.9685,3875.7909,245.37602,106.89119,106.89119,106.89119,5792.2572,5829.5842,5769.064,371.73354,1.6966378
6268000.0,1713.3216,5791.987,4016.0214,254.254,106.89119,106.89119,106.89119,5828.9993,5817.0712,5729.8906,376.035,1.6966378
6269000.0,1635.1912,5778.665,3887.9443,246.14545,106.89119,106.89119,106.89119,5748.4969,5827.3504,5760.1479,378.41308,1.6966378
6270000.0,1716.1618,5807.4442,3959.0265,250.64566,106.89119,106.89119,106.89119,5807.5608,5812.9458,5801.8259,406.30326,1.6966378
6271000.0,1665.9794,5796.9802,3972.7011,251.5114,106.89119,106.89119,106.89119,5872.7886,5845.34,5672.8122,415.72482,1.6966378
6272000.0,1659.1751,5809.6098,3976.783,251.76982,106.89119,106.89119,106.89119,5840.9643,5837.2205,5750.6447,382.86154,1.6966378
6273000.0,1647.1201,5773.0148,3941.8678,249.55934,106.89119,106.89119,106.89119,5812.5748,5755.9307,5750.5389,379.80241,1.6966378
6274000.0,1620.2613,5766.7234,3968.8288,251.26624,106.89119,106.89119,106.89119,5772.9723,5810.1871,5717.0109,391.43557,1.6966378
6275000.0,1704.1565,5768.0489,3882.7297,245.81531,106.89119,106.89119,106.89119,5831.8247,5741.4113,5730.9106,415.6375,1.6966378
6276000.0,1695.2087,5803.9785,3926.7461,248.60199,106.89119,106.89119,106.89119,5850.2401,5830.1397,5731.5558,457.70637,1.6966378
6277000.0,1724.3671,5809.6512,4017.6393,254.35643,106.89119,106.89119,106.89119,5859.5484,5788.8749,5780.5302,482.22407,1.6966378
6278000.0,1686.3518,5795.4392,3976.2703,251.73736,106.89119,106.89119,106.89119,5787.575,5849.3051,5749.4375,481.17859,1.6966378
6279000.0,1656.0431,5804.958,3958.0477,250.58369,106.89119,106.89119,106.89119,5774.0223,5881.3494,5759.5023,454.08036,1.6966378
6280000.0,1668.8802,5786.2133,3961.8672,250.82551,106.89119,106.89119,106.89119,5812.1971,5831.0287,5715.4141,415.73009,1.6966378
6281000.0,1711.6869,5787.4831,3903.8834,247.15455,106.89119,106.89119,106.89119,5807.9636,5813.9371,5740.5485,408.33858,1.6966378
6282000.0,1562.868,5782.1443,4001.5235,253.33614,106.89119,106.89119,106.89119,5836.4914,5825.3908,5684.5506,409.82949,1.6966378
6283000.0,1606.4976,5771.831,3938.0468,249.31744,106.89119,106.89119,106.89119,5825.6674,5789.6588,5700.1668,389.33123,1.6966378
6284000.0,1714.0771,5782.2514,3962.3906,250.85864,106.89119,106.89119,106.89119,5796.3978,5801.2577,5749.0987,437.30962,1.6966378
6285000.0,1635.5815,5792.6307,3935.2288,249.13903,106.89119,106.89119,106.89119,5819.9288,5815.372,5742.5914,437.68781,1.6966378
6286000.0,1618.8374,5775.9826,3936.6724,249.23042,106.89119,106.89119,106.89119,5764.5332,5808.4328,5754.9817,424.42635,1.6966378
6287000.0,1713.7508,5785.9099,4014.5247,254.15924,106.89119,106.89119,106.89119,5809.9245,5816.8128,5730.9923,377.09045,1.6966378
6288000.0,1625.067,5760.9778,3955.9417,250.45036,106.89119,106.89119,106.89119,5789.3523,5779.9379,5713.6431,383.58325,1.6966378
6289000.0,1693.581,5776.4606,3894.9083,246.58634,106.89119,106.89119,106.89119,5747.1314,5759.5334,5822.7171,381.18658,1.6966378
6290000.0,1689.1344,5779.6452,3904.3268,247.18262,106.89119,106.89119,106.89119,5822.176,5783.276,5733.4836,393.68533,1.6966378
6291000.0,1667.5518,5796.9578,3993.4592,252.82559,106.89119,106.89119,106.89119,5826.011,5827.9191,5736.9433,444.16423,1.6966378
6292000.0,1633.1488,5795.1207,3931.8363,248.92425,106.89119,106.89119,106.89119,5814.1745,5815.4605,5755.727,434.93404,1.6966378
6293000.0,1662.0712,5780.2801,3951.47,250.16726,106.89119,106.89119,106.89119,5761.7073,5853.2266,5725.9066,416.54468,1.6966378
6294000.0,1666.1142,5798.8102,4013.3029,254.0819,106.89119,106.89119,106.89119,5763.0894,5864.0681,5769.2731,410.05527,1.6966378
6295000.0,1646.8501,5772.2247,3993.4876,252.82739,106.89119,106.89119,106.89119,5760.773,5827.5161,5728.385,422.84968,1.6966378
6296000.0,1672.281,5786.6936,3912.7949,247.71874,106.89119,106.89119,106.89119,5857.3325,5772.5352,5730.213,435.66629,1.6966378
6297000.0,1754.2526,5790.7285,3911.9654,247.66623,106.89119,106.89119,106.89119,5795.8042,5871.6825,5704.6987,429.99737,1.6966378
6298000.0,1716.0667,5761.6052,4010.6057,253.91114,106.89119,106.89119,106.89119,5770.098,5813.8921,5700.8256,475.44768,1.6966378
6299000.0,1649.3993,5771.9491,3950.1263,250.08219,106.89119,106.89119,106.89119,5792.138,5784.7618,5738.9476,475.0845,1.6966378
6300000.0,1605.2871,5783.9246,3965.6398,251.06435,106.89119,106.89119,106.89119,5797.6581,5797.5022,5756.6134,483.62882,1.6966378
6301000.0,1677.105,5793.1679,3861.5035,244.47149,106.89119,106.89119,106.89119,5799.2438,5831.1646,5749.0953,420.43213,1.6966378
6302000.0,1617.0591,5762.3738,3988.6458,252.52086,106.89119,106.89119,106.89119,5790.0746,5781.7248,5715.322,430.89256,1.6966378
6303000.0,1682.1738,5794.0175,3949.3662,250.03407,106.89119,106.89119,106.89119,5785.2666,5837.9051,5758.8808,429.91962,1.6966378
6304000.0,1660.9723,5784.1505,3959.379,250.66798,106.89119,106.89119,106.89119,5806.5767,5798.1288,5747.7459,424.92142,1.6966378
6305000.0,1728.1249,5806.6801,3967.3248,251.17102,106.89119,106.89119,106.89119,5812.6899,5814.0103,5793.3402,442.31161,1.6966378
6306000.0,1694.0535,5779.2465,3975.5264,251.69027,106.89119,106.89119,106.89119,5809.6333,5787.6007,5740.5055,480.10523,1.6966378
6307000.0,1604.6184,5777.7409,4042.8884,255.95495,106.89119,106.89119,106.89119,5768.6158,5784.7048,5779.902,484.86508,1.6966378
6308000.0,1612.7825,5765.434,3908.6984,247.45939,106.89119,106.89119,106.89119,5770.9843,5781.3358,5743.9818,480.93588,1.6966378
6309000.0,1642.0328,5784.3848,3957.2406,250.53259,106.89119,106.89119,106.89119,5790.1187,5801.4119,5761.6238,384.87434,1.6966378
6310000.0,1611.9696,5762.0875,3888.3634,246.17198,106.89119,106.89119,106.89119,5739.5192,5804.8693,5741.8739,381.85722,1.6966378
6311000.0,1731.131,5819.1817,3953.0115,250.26485,106.89119,106.89119,106.89119,5798.0905,5880.7096,5778.7449,391.82678,1.6966378
6312000.0,1636.5357,5785.4204,4041.1822,255.84693,106.89119,106.89119,106.89119,5826.3448,5794.6574,5735.259,394.65952,1.6966378
6313000.0,1681.2379,5782.1229,3911.2416,247.6204,106.89119,106.89119,106.89119,5777.4138,5814.1198,5754.8351,445.28388,1.6966378
6314000.0,1674.8822,5787.3962,3955.8365,250.4437,106.89119,106.89119,106.89119,5806.8773,5802.9463,5752.3651,450.15497,1.6966378
6315000.0,1663.5119,5795.2609,3936.8549,249.24198,106.89119,106.89119,106.89119,5817.9639,5806.8304,5760.9884,435.69047,1.6966378
6316000.0,1680.9867,5785.9021,3985.336,252.31131,106.89119,106.89119,106.89119,5821.6234,5764.2589,5771.824,379.24415,1.6966378
6317000.0,1677.2101,5787.4293,3968.3307,251.2347,106.89119,106.89119,106.89119,5801.9818,5772.0008,5788.3053,377.22691,1.6966378
6318000.0,1594.1518,5773.3224,3957.8725,250.5726,106.89119,106.89119,106.89119,5778.1701,5762.7274,5779.0697,381.82414,1.6966378
6319000.0,1645.1153,5786.4085,3949.6645,250.05295,106.89119,106.89119,106.89119,5809.8603,5764.3377,5785.0277,379.48894,1.6966378
6320000.0,1638.7299,5781.4277,3888.9874,246.21149,106.89119,106.89119,106.89119,5798.4492,5790.7935,5755.0402,421.07598,1.6966378
6321000.0,1689.3603,5780.7456,3966.839,251.14027,106.89119,106.89119,106.89119,5831.0337,5756.5088,5754.6942,425.93074,1.6966378
6322000.0,1755.2943,5797.2678,3889.3374,246.23365,106.89119,106.89119,106.89119,5817.8275,5829.9252,5744.0509,422.50032,1.6966378
6323000.0,1717.708,5798.7545,3948.148,249.95694,106.89119,106.89119,106.89119,5861.1666,5844.054,5691.0431,363.88664,1.6966378
6324000.0,1729.2846,5785.3721,3945.219,249.77151,106.89119,106.89119,106.89119,5762.8363,5830.5847,5762.6953,361.53853,1.6966378
6325000.0,1678.1827,5795.1574,3981.8827,252.09269,106.89119,106.89119,106.89119,5814.7146,5852.3076,5718.4501,355.33088,1.6966378
6326000.0,1588.6192,5763.9989,3854.2419,244.01176,106.89119,106.89119,106.89119,5754.0158,5820.4769,5717.5039,381.96235,1.6966378
6327000.0,1741.0915,5809.3657,3937.4129,249.2773,106.89119,106.89119,106.89119,5857.7443,5806.3807,5763.972,412.49431,1.6966378
6328000.0,1716.9275,5805.5576,3953.3256,250.28474,106.89119,106.89119,106.89119,5756.0957,5852.7959,5807.781,408.2216,1.6966378
6329000.0,1679.0778,5805.0332,3952.519,250.23367,106.89119,106.89119,106.89119,5817.3764,5845.8099,5751.9135,385.08936,1.6966378
6330000.0,1653.3276,5759.7709,3911.9002,247.6621,106.89119,106.89119,106.89119,5764.1599,5829.1227,5686.0301,364.90789,1.6966378
6331000.0,1650.4839,5794.681,3909.7947,247.5288,106.89119,106.89119,106.89119,5843.3265,5815.7926,5724.9239,356.23037,1.6966378
6332000.0,1654.8253,5763.9171,3930.6125,248.84677,106.89119,106.89119,106.89119,5760.9506,5756.3142,5774.4865,356.03908,1.6966378
6333000.0,1657.2654,5791.7814,3893.8492,246.51929,106.89119,106.89119,106.89119,5845.2162,5820.3081,5709.82,399.30073,1.6966378
6334000.0,1641.4968,5783.7838,3969.2031,251.28994,106.89119,106.89119,106.89119,5833.2673,5826.3608,5691.7234,397.53345,1.6966378
6335000.0,1650.8848,5769.0692,3961.6481,250.81164,106.89119,106.89119,106.89119,5778.627,5821.2673,5707.3132,393.14996,1.6966378
6336000.0,1680.8295,5805.84,3896.1604,246.66561,106.89119,106.89119,106.89119,5837.8771,5822.7997,5756.8431,379.23515,1.6966378
6337000.0,1631.2886,5775.6594,3911.2555,247.62128,106.89119,106.89119,106.89119,5823.0248,5801.8492,5702.1042,386.026,1.6966378
6338000.0,1683.3037,5805.9269,3955.8204,250.44268,106.89119,106.89119,106.89119,5809.532,5812.2194,5796.0293,382.66827,1.6966378
6339000.0,1587.4347,5773.4171,3891.4942,246.37019,106.89119,106.89119,106.89119,5812.1391,5773.0648,5735.0473,398.58768,1.6966378
6340000.0,1600.8859,5754.2639,3973.602,251.56843,106.89119,106.89119,106.89119,5820.7171,5743.7397,5698.3348,428.60972,1.6966378
6341000.0,1690.0657,5793.633,3953.3855,250.28853,106.89119,106.89119,106.89119,5826.5275,5802.8614,5751.5102,428.06011,1.6966378
6342000.0,1620.7143,5755.3629,3900.2564,246.92493,106.89119,106.89119,106.89119,5812.8425,5773.2588,5679.9873,406.04674,1.6966378
6343000.0,1724.7502,5801.5201,4026.6245,254.92528,106.89119,106.89119,106.89119,5873.0465,5776.5929,5754.921,353.17599,1.6966378
6344000.0,1631.9214,5757.7934,3967.2142,251.16402,106.89119,106.89119,106.89119,5756.3093,5792.5348,5724.536,357.56471,1.6966378
6345000.0,1613.345,5779.8394,3932.7215,248.98029,106.89119,106.89119,106.89119,5843.1224,5785.2596,5711.1362,370.75473,1.6966378
6346000.0,1677.9276,5783.6937,3961.3621,250.79352,106.89119,106.89119,106.89119,5802.5283,5800.3343,5748.2184,388.45618,1.6966378
6347000.0,1663.1745,5798.7598,3982.9186,252.15826,106.89119,106.89119,106.89119,5834.3127,5837.3347,5724.6321,412.69933,1.6966378
6348000.0,1613.4486,5755.7458,3934.0787,249.06622,106.89119,106.89119,106.89119,5748.3172,5806.0309,5712.8893,400.13009,1.6966378
6349000.0,1689.0182,5789.934,3984.2688,252.24375,106.89119,106.89119,106.89119,5776.3332,5841.2239,5752.245,382.45845,1.6966378
6350000.0,1578.8924,5760.9267,3954.3686,250.35077,106.89119,106.89119,106.89119,5787.5742,5802.1896,5693.0163,394.85385,1.6966378
6351000.0,1690.7258,5790.9515,3921.5178,248.27099,106.89119,106.89119,106.89119,5836.9709,5811.8358,5724.0477,400.66111,1.6966378
6352000.0,1710.4325,5798.9376,3927.9253,248.67664,106.89119,106.89119,106.89119,5795.5356,5832.7221,5768.5552,390.99033,1.6966378
6353000.0,1731.1435,5793.9084,3979.5468,251.9448,106.89119,106.89119,106.89119,5798.1387,5855.7726,5727.814,428.23727,1.6966378
6354000.0,1617.242,5758.3255,3932.3351,248.95583,106.89119,106.89119,106.89119,5773.7812,5748.8667,5752.3286,446.67405,1.6966378
6355000.0,1690.9224,5753.1414,3939.1202,249.38539,106.89119,106.89119,106.89119,5808.4898,5763.4834,5687.4509,451.83253,1.6966378
6356000.0,1612.4971,5761.3703,3938.4635,249.34381,106.89119,106.89119,106.89119,5790.1535,5748.1938,5745.7635,394.77839,1.6966378
6357000.0,1705.4977,5777.2355,3947.8845,249.94026,106.89119,106.89119,106.89119,5812.6953,5761.1796,5757.8316,364.70098,1.6966378
6358000.0,1634.138,5748.1674,3906.3503,247.31073,106.89119,106.89119,106.89119,5754.8613,5744.6571,5744.9838,369.38834,1.6966378
6359000.0,1618.128,5774.1405,4034.0267,255.39391,106.89119,106.89119,106.89119,5824.8038,5777.6936,5719.924,358.36395,1.6966378
6360000.0,1716.3957,5772.9852,3899.1919,246.85753,106.89119,106.89119,106.89119,5784.0931,5830.9957,5703.8669,391.96911,1.6966378
6361000.0,1781.1206,5808.1261,3936.0174,249.18896,106.89119,106.89119,106.89119,5807.731,5840.0862,5776.5609,410.48305,1.6966378
6362000.0,1618.3914,5808.7132,3825.9107,242.21811,106.89119,106.89119,106.89119,5780.8429,5867.3618,5777.9349,418.30881,1.6966378
6363000.0,1743.6441,5807.4628,3938.9278,249.37321,106.89119,106.89119,106.89119,5825.3929,5871.4398,5725.5558,386.99239,1.6966378
6364000.0,1643.3878,5784.1547,4054.3389,256.67988,106.89119,106.89119,106.89119,5795.6762,5798.4231,5758.3648,406.98765,1.6966378
6365000.0,1722.2399,5792.241,3962.8467,250.88751,106.89119,106.89119,106.89119,5798.4413,5830.7468,5747.535,407.13085,1.6966378
6366000.0,1668.9649,5776.0884,3939.7105,249.42276,106.89119,106.89119,106.89119,5770.0853,5823.6492,5734.5309,407.28453,1.6966378
6367000.0,1706.5111,5792.224,3945.0974,249.76381,106.89119,106.89119,106.89119,5781.7033,5833.2723,5761.6962,464.51013,1.6966378
6368000.0,1739.8194,5807.8343,3951.0597,250.14128,106.89119,106.89119,106.89119,5772.8543,5854.0643,5796.5844,442.36854,1.6966378
6369000.0,1681.1908,5766.4166,3920.0175,248.176,106.89119,106.89119,106.89119,5790.6218,5782.0433,5726.5845,443.7554,1.6966378
6370000.0,1629.6928,5761.1032,3909.3579,247.50114,106.89119,106.89119,106.89119,5695.8857,5859.3636,5728.0604,384.10942,1.6966378
6371000.0,1711.577,5770.2047,3977.5511,251.81845,106.89119,106.89119,106.89119,5761.4809,5789.5706,5759.5625,372.68829,1.6966378
6372000.0,1632.8468,5796.0275,3976.5921,251.75774,106.89119,106.89119,106.89119,5790.5505,5812.0865,5785.4454,372.47179,1.6966378
6373000.0,1771.3199,5786.7544,3957.1963,250.52979,106.89119,106.89119,106.89119,5777.3029,5829.1304,5753.83,372.63558,1.6966378
6374000.0,1654.9863,5767.3291,3927.6201,248.65732,106.89119,106.89119,106.89119,5793.2866,5774.9647,5733.736,409.43466,1.6966378
6375000.0,1626.9245,5753.6289,3934.7222,249.10696,106.89119,106.89119,106.89119,5714.9301,5815.7398,5730.2168,424.27476,1.6966378
6376000.0,1691.9266,5770.9954,3976.7102,251.76521,106.89119,106.89119,106.89119,5804.304,5764.1063,5744.5758,428.9469,1.6966378
6377000.0,1719.4487,5803.8067,3930.5667,248.84387,106.89119,106.89119,106.89119,5804.475,5849.8817,5757.0634,385.01711,1.6966378
6378000.0,1732.6602,5799.817,3991.5338,252.70369,106.89119,106.89119,106.89119,5823.9375,5785.8552,5789.6581,382.45346,1.6966378
6379000.0,1647.1869,5782.6343,3985.2604,252.30653,106.89119,106.89119,106.89119,5855.4748,5855.7443,5636.6838,378.28743,1.6966378
6380000.0,1702.1001,5793.1402,3998.8365,253.16603,106.89119,106.89119,106.89119,5834.3518,5857.0694,5687.9995,379.00527,1.6966378
6381000.0,1564.1528,5766.6492,3913.7095,247.77665,106.89119,106.89119,106.89119,5814.0162,5814.6509,5671.2805,429.55722,1.6966378
6382000.0,1628.1212,5759.0822,3964.6024,250.99867,106.89119,106.89119,106.89119,5757.8465,5776.3174,5743.0827,421.8823,1.6966378
6383000.0,1700.5794,5799.9174,3942.4224,249.59445,106.89119,106.89119,106.89119,5832.1288,5832.0528,5735.5707,416.96486,1.6966378
6384000.0,1647.8947,5789.8011,4010.0929,253.87867,106.89119,106.89119,106.89119,5840.673,5774.6609,5754.0692,377.60907,1.6966378
6385000.0,1688.306,5791.3513,3915.868,247.9133,106.89119,106.89119,106.89119,5826.6365,5799.5542,5747.8632,383.91332,1.6966378
6386000.0,1663.5615,5781.0156,3842.9857,243.29912,106.89119,106.89119,106.89119,5796.5293,5787.042,5759.4757,375.55746,1.6966378
6387000.0,1659.8859,5788.5733,3970.265,251.35717,106.89119,106.89119,106.89119,5795.4831,5806.1969,5764.0398,386.67065,1.6966378
6388000.0,1671.7831,5788.9349,3979.476,251.94032,106.89119,106.89119,106.89119,5736.3121,5864.8283,5765.6645,427.37128,1.6966378
6389000.0,1716.2788,5809.429,3947.4919,249.9154,106.89119,106.89119,106.89119,5792.2865,5855.9258,5780.0747,447.63985,1.6966378
6390000.0,1659.9351,5756.4188,3921.2266,248.25255,106.89119,106.89119,106.89119,5779.9287,5806.0267,5683.3011,451.87005,1.6966378
6391000.0,1662.9361,5781.3857,3950.9836,250.13647,106.89119,106.89119,106.89119,5777.5132,5850.5436,5716.1004,357.86463,1.6966378
6392000.0,1677.0517,5796.28,3987.2522,252.43263,106.89119,106.89119,106.89119,5799.5538,5807.2495,5782.0367,365.22052,1.6966378
6393000.0,1651.0559,5787.6199,3917.7874,248.03482,106.89119,106.89119,106.89119,5814.9385,5767.6697,5780.2514,363.76679,1.6966378
6394000.0,1645.4959,5790.2716,3927.8462,248.67164,106.89119,106.89119,106.89119,5771.7087,5857.6897,5741.4165,378.48005,1.6966378
6395000.0,1686.2957,5750.9279,3941.203,249.51726,106.89119,106.89119,106.89119,5752.5607,5762.0778,5738.145,407.819,1.6966378
6396000.0,1643.9562,5783.2544,3970.4633,251.36972,106.89119,106.89119,106.89119,5796.4078,5810.3494,5743.0061,410.88022,1.6966378
6397000.0,1675.1967,5789.7424,3961.5763,250.80709,106.89119,106.89119,106.89119,5786.8638,5829.0736,5753.2898,388.26583,1.6966378
6398000.0,1675.848,5791.9803,3949.0731,250.01551,106.89119,106.89119,106.89119,5872.3221,5769.8194,5733.7995,362.5367,1.6966378
6399000.0,1731.3958,5789.5538,3933.2995,249.01688,106.89119,106.89119,106.89119,5767.6564,5848.9106,5752.0943,377.28078,1.6966378
6400000.0,1739.6916,5791.4555,3935.1023,249.13102,106.89119,106.89119,106.89119,5823.5192,5842.16,5708.6872,392.11378,1.6966378
6401000.0,1595.753,5774.9216,3985.6761,252.33284,106.89119,106.89119,106.89119,5802.1962,5787.6556,5734.9128,426.4361,1.6966378
6402000.0,1648.3876,5758.5521,3919.9097,248.16918,106.89119,106.89119,106.89119,5772.6179,5779.3638,5723.6747,471.56945,1.6966378
6403000.0,1651.7901,5793.9024,3944.7537,249.74205,106.89119,106.89119,106.89119,5822.1899,5846.5118,5713.0054,474.81622,1.6966378
6404000.0,1627.5806,5784.4658,3927.5233,248.65119,106.89119,106.89119,106.89119,5748.1702,5812.8235,5792.4038,448.55709,1.6966378
6405000.0,1631.5858,5772.8566,3952.9689,250.26215,106.89119,106.89119,106.89119,5755.8681,5787.6127,5775.089,349.29808,1.6966378
6406000.0,1705.2368,5817.0146,3917.4767,248.01515,106.89119,106.89119,106.89119,5818.224,5829.8751,5802.9447,355.17414,1.6966378
6407000.0,1608.479,5751.6514,3987.4752,252.44674,106.89119,106.89119,106.89119,5729.5891,5802.9418,5722.4233,352.04029,1.6966378
6408000.0,1638.5513,5755.1488,3908.7686,247.46383,106.89119,106.89119,106.89119,5777.235,5759.987,5728.2243,384.01158,1.6966378
6409000.0,1597.676,5755.2172,3917.9307,248.04389,106.89119,106.89119,106.89119,5783.6924,5812.0262,5669.9331,393.6038,1.6966378
6410000.0,1676.0017,5761.2615,3889.0004,246.21231,106.89119,106.89119,106.89119,5785.7291,5761.3154,5736.7401,392.64725,1.6966378
6411000.0,1676.9233,5780.2434,3957.0228,250.5188,106.89119,106.89119,106.89119,5800.8536,5791.0762,5748.8005,376.68198,1.6966378
6412000.0,1671.1395,5783.0221,3975.4043,251.68254,106.89119,106.89119,106.89119,5753.5533,5806.1468,5789.366,382.26495,1.6966378
6413000.0,1587.9331,5728.1151,3888.9489,246.20905,106.89119,106.89119,106.89119,5753.1984,5748.8968,5682.25,383.3914,1.6966378
6414000.0,1634.7558,5764.7184,3949.2315,250.02554,106.89119,106.89119,106.89119,5782.7095,5783.0961,5728.3496,400.9722,1.6966378
6415000.0,1677.0452,5779.7989,3980.0769,251.97836,106.89119,106.89119,106.89119,5787.365,5841.0929,5710.9388,450.61443,1.6966378
6416000.0,1726.2389,5802.7264,4009.4193,253.83602,106.89119,106.89119,106.89119,5821.7207,5815.2783,5771.1802,442.83548,1.6966378
6417000.0,1685.624,5784.3902,3944.0931,249.70023,106.89119,106.89119,106.89119,5792.7144,5835.1789,5725.2773,449.47315,1.6966378
6418000.0,1645.5869,5792.8867,3920.935,248.23409,106.89119,106.89119,106.89119,5821.5081,5780.869,5776.283,372.60656,1.6966378
6419000.0,1682.1674,5793.2366,3981.6699,252.07921,106.89119,106.89119,106.89119,5827.8077,5805.0464,5746.8556,361.51581,1.6966378
6420000.0,1584.4286,5762.2835,3905.5259,247.25854,106.89119,106.89119,106.89119,5804.132,5828.6641,5654.0544,366.56429,1.6966378
6421000.0,1653.2273,5761.8112,3937.1748,249.26223,106.89119,106.89119,106.89119,5742.9852,5799.5085,5742.9398,378.59473,1.6966378
6422000.0,1580.7795,5755.7993,3994.8495,252.91361,106.89119,106.89119,106.89119,5747.1537,5795.795,5724.4491,417.88355,1.6966378
6423000.0,1656.9683,5793.4538,3958.6721,250.62322,106.89119,106.89119,106.89119,5802.7152,5804.8687,5772.7775,399.46745,1.6966378
6424000.0,1679.9958,5791.7922,3951.6128,250.1763,106.89119,106.89119,106.89119,5823.9775,5779.8502,5771.549,371.27556,1.6966378
6425000.0,1698.4461,5792.6494,3896.04,246.65799,106.89119,106.89119,106.89119,5814.3119,5809.4717,5754.1645,369.3873,1.6966378
6426000.0,1698.4851,5795.7582,3897.6683,246.76108,106.89119,106.89119,106.89119,5844.3874,5809.3456,5733.5415,373.56434,1.6966378
6427000.0,1757.6902,5820.5437,3961.3288,250.79142,106.89119,106.89119,106.89119,5841.4535,5867.3358,5752.8417,376.06768,1.6966378
6428000.0,1573.9472,5751.3826,3993.9324,252.85555,106.89119,106.89119,106.89119,5719.0795,5783.3726,5751.6958,408.14674,1.6966378
6429000.0,1710.1877,5773.6647,3988.2848,252.498,106.89119,106.89119,106.89119,5777.2726,5788.4844,5755.2371,430.5509,1.6966378
6430000.0,1609.8978,5778.0662,3952.8691,250.25584,106.89119,106.89119,106.89119,5869.6624,5766.0949,5698.4415,424.84324,1.6966378
6431000.0,1623.7279,5763.9303,3930.3886,248.8326,106.89119,106.89119,106.89119,5831.6432,5772.878,5687.2699,389.4694,1.6966378
6432000.0,1672.0814,5762.7191,3902.552,247.07026,106.89119,106.89119,106.89119,5776.349,5862.4575,5649.3508,375.90175,1.6966378
6433000.0,1590.197,5772.9801,4006.6629,253.66152,106.89119,106.89119,106.89119,5792.8351,5799.1013,5727.004,349.67047,1.6966378
6434000.0,1610.9047,5775.1414,3971.4054,251.42936,106.89119,106.89119,106.89119,5754.6228,5823.3323,5747.4692,353.43027,1.6966378
6435000.0,1648.5755,5774.14,4006.4631,253.64886,106.89119,106.89119,106.89119,5768.8064,5797.9124,5755.7013,408.88924,1.6966378
6436000.0,1650.7537,5781.644,3955.7682,250.43938,106.89119,106.89119,106.89119,5805.2557,5813.3705,5726.3058,422.89098,1.6966378
6437000.0,1595.4113,5759.0187,3919.2353,248.12648,106.89119,106.89119,106.89119,5767.8794,5815.0522,5694.1243,418.35928,1.6966378
6438000.0,1607.5984,5771.3544,3912.8317,247.72107,106.89119,106.89119,106.89119,5783.3663,5769.2118,5761.4852,366.43052,1.6966378
6439000.0,1698.596,5786.2666,3881.6714,245.74831,106.89119,106.89119,106.89119,5811.3526,5777.0905,5770.3565,361.16964,1.6966378
6440000.0,1650.1289,5775.676,3929.8627,248.7993,106.89119,106.89119,106.89119,5798.5288,5800.2935,5728.2056,372.09831,1.6966378
6441000.0,1690.3427,5773.4463,3976.3788,251.74423,106.89119,106.89119,106.89119,5790.7237,5808.7299,5720.8852,358.54037,1.6966378
6442000.0,1671.7068,5789.2406,3985.9704,252.35147,106.89119,106.89119,106.89119,5804.2171,5755.1884,5808.3164,400.80648,1.6966378
6443000.0,1647.5134,5777.6683,3974.9251,251.6522,106.89119,106.89119,106.89119,5835.6381,5785.8252,5711.5417,394.4175,1.6966378
6444000.0,1621.627,5788.6173,3886.7103,246.06733,106.89119,106.89119,106.89119,5801.2503,5823.4076,5741.1941,426.00042,1.6966378
6445000.0,1663.2188,5773.7675,3997.8262,253.10207,106.89119,106.89119,106.89119,5764.3897,5784.1747,5772.7381,338.46462,1.6966378
6446000.0,1663.5907,5775.6517,3816.3934,241.61557,106.89119,106.89119,106.89119,5847.1384,5806.5874,5673.2294,339.30957,1.6966378
6447000.0,1611.8938,5744.1669,4007.0332,253.68496,106.89119,106.89119,106.89119,5767.1135,5809.3479,5656.0393,355.06817,1.6966378
6448000.0,1710.8312,5799.8736,3917.9379,248.04434,106.89119,106.89119,106.89119,5788.3496,5861.7454,5749.5257,373.3366,1.6966378
6449000.0,1678.4861,5778.4719,3899.1178,246.85284,106.89119,106.89119,106.89119,5769.135,5783.8729,5782.4077,387.97869,1.6966378
6450000.0,1611.0679,5758.1218,3956.6371,250.49439,106.89119,106.89119,106.89119,5761.7367,5807.1962,5705.4324,380.66383,1.6966378
6451000.0,1689.3204,5796.3283,3870.9459,245.06928,106.89119,106.89119,106.89119,5814.6401,5840.2701,5734.0747,365.02032,1.6966378
6452000.0,1671.371,5765.0911,4011.3494,253.95822,106.89119,106.89119,106.89119,5751.9774,5836.3314,5706.9644,374.48729,1.6966378
6453000.0,1631.0808,5772.6347,3993.3931,252.82141,106.89119,106.89119,106.89119,5744.9625,5828.1835,5744.758,380.23256,1.6966378
6454000.0,1650.3653,5767.3612,3947.8976,249.94109,106.89119,106.89119,106.89119,5764.6159,5850.9593,5686.5085,376.74502,1.6966378
6455000.0,1674.7648,5792.5148,3981.2361,252.05174,106.89119,106.89119,106.89119,5809.7213,5811.9736,5755.8496,413.5822,1.6966378
6456000.0,1678.168,5778.7144,3932.7859,248.98437,106.89119,106.89119,106.89119,5796.987,5836.2524,5702.9038,423.50534,1.6966378
6457000.0,1656.5831,5777.4727,4016.947,254.3126,106.89119,106.89119,106.89119,5797.1851,5795.3647,5739.8685,411.49193,1.6966378
6458000.0,1627.6023,5741.69,4029.7648,255.1241,106.89119,106.89119,106.89119,5749.4415,5808.2025,5667.4261,385.99436,1.6966378
6459000.0,1692.2483,5795.3589,3924.6314,248.46811,106.89119,106.89119,106.89119,5793.9657,5849.3583,5742.7528,405.68176,1.6966378
6460000.0,1648.089,5759.1627,3896.3202,246.67573,106.89119,106.89119,106.89119,5795.8472,5762.505,5719.136,393.95099,1.6966378
6461000.0,1558.7166,5755.9805,3941.2274,249.5188,106.89119,106.89119,106.89119,5821.7114,5789.7581,5656.4721,402.76368,1.6966378
6462000.0,1717.6475,5774.7327,3939.6063,249.41617,106.89119,106.89119,106.89119,5845.2664,5750.4773,5728.4543,463.29326,1.6966378
6463000.0,1683.4307,5796.445,3985.9065,252.34743,106.89119,106.89119,106.89119,5863.8123,5774.0114,5751.5111,449.53094,1.6966378
6464000.0,1698.6324,5778.4633,3981.0718,252.04134,106.89119,106.89119,106.89119,5791.5706,5763.2326,5780.5866,473.20585,1.6966378
6465000.0,1656.1223,5819.2352,3902.3387,247.05676,106.89119,106.89119,106.89119,5832.5543,5791.6915,5833.4598,402.88124,1.6966378
6466000.0,1606.7018,5767.3069,3909.3126,247.49828,106.89119,106.89119,106.89119,5798.8542,5767.6389,5735.4277,411.36624,1.6966378
6467000.0,1691.9576,5798.0579,3913.0025,247.73188,106.89119,106.89119,106.89119,5804.0959,5810.6017,5779.476,410.15031,1.6966378
6468000.0,1651.5565,5773.205,3963.6072,250.93566,106.89119,106.89119,106.89119,5776.7861,5793.8764,5748.9525,403.95186,1.6966378
6469000.0,1671.0724,5796.6752,3893.3004,246.48455,106.89119,106.89119,106.89119,5799.1988,5854.0051,5736.8218,454.41608,1.6966378
6470000.0,1651.9639,5781.1721,4008.2564,253.7624,106.89119,106.89119,106.89119,5792.9508,5748.9114,5801.654,494.85161,1.6966378
6471000.0,1748.0386,5830.8112,3924.3816,248.4523,106.89119,106.89119,106.89119,5818.438,5894.1145,5779.8812,493.20306,1.6966378
6472000.0,1640.5026,5795.3,3942.0019,249.56783,106.89119,106.89119,106.89119,5764.1417,5906.6592,5715.0992,445.6204,1.6966378
6473000.0,1693.0777,5807.9417,3911.8375,247.65813,106.89119,106.89119,106.89119,5826.307,5837.8823,5759.6358,364.14983,1.6966378
6474000.0,1642.0482,5788.9465,4040.3957,255.79713,106.89119,106.89119,106.89119,5811.7105,5827.5879,5727.5413,369.07956,1.6966378
6475000.0,1625.3279,5784.9271,3967.7333,251.19689,106.89119,106.89119,106.89119,5774.8429,5873.2564,5706.6819,360.11965,1.6966378
6476000.0,1688.5103,5794.7056,3996.9349,253.04563,106.89119,106.89119,106.89119,5773.6034,5895.2414,5715.2721,393.175,1.6966378
6477000.0,1624.8107,5794.7679,3909.0782,247.48343,106.89119,106.89119,106.89119,5812.6586,5815.6362,5756.0087,422.9528,1.6966378
6478000.0,1715.6861,5793.6213,3937.3289,249.27198,106.89119,106.89119,106.89119,5801.6885,5818.5864,5760.5889,427.58865,1.6966378
6479000.0,1674.363,5738.0441,3967.9898,251.21312,106.89119,106.89119,106.89119,5776.1107,5748.7824,5689.2392,375.1664,1.6966378
6480000.0,1688.6029,5775.8708,3875.1178,245.33341,106.89119,106.89119,106.89119,5783.8802,5812.3883,5731.3438,364.70349,1.6966378
6481000.0,1755.3327,5768.191,3949.172,250.02177,106.89119,106.89119,106.89119,5776.1373,5756.3344,5772.1012,370.46513,1.6966378
6482000.0,1646.5288,5772.5592,3999.6887,253.21998,106.89119,106.89119,106.89119,5773.16,5808.3368,5736.1808,374.04657,1.6966378
6483000.0,1649.0144,5801.121,3955.4626,250.42003,106.89119,106.89119,106.89119,5841.3307,5812.7193,5749.3129,420.84311,1.6966378
6484000.0,1625.9262,5767.9227,3825.1528,242.17013,106.89119,106.89119,106.89119,5806.5881,5772.8633,5724.3169,407.3403,1.6966378
6485000.0,1685.024,5777.9652,3883.9599,245.8932,106.89119,106.89119,106.89119,5764.5825,5751.6227,5817.6906,402.88067,1.6966378
6486000.0,1617.5334,5790.6942,3957.2123,250.5308,106.89119,106.89119,106.89119,5791.7004,5815.5348,5764.8474,349.71638,1.6966378
6487000.0,1642.3318,5784.481,3946.987,249.88344,106.89119,106.89119,106.89119,5815.2217,5767.4329,5770.7884,373.80991,1.6966378
6488000.0,1673.1363,5780.7628,3962.194,250.84619,106.89119,106.89119,106.89119,5800.4463,5783.0309,5758.8112,369.40535,1.6966378
6489000.0,1584.6569,5761.9603,4038.8414,255.69873,106.89119,106.89119,106.89119,5777.8304,5782.9659,5725.0846,380.16195,1.6966378
6490000.0,1628.8114,5784.553,3979.1161,251.91753,106.89119,106.89119,106.89119,5800.2043,5871.7572,5681.6973,413.12118,1.6966378
6491000.0,1623.9971,5785.7275,3905.813,247.27672,106.89119,106.89119,106.89119,5788.9379,5892.1104,5676.1341,414.66054,1.6966378
6492000.0,1667.3078,5785.2137,3947.04,249.8868,106.89119,106.89119,106.89119,5758.5209,5908.8843,5688.236,383.73808,1.6966378
6493000.0,1666.9623,5787.0906,3980.1587,251.98354,106.89119,106.89119,106.89119,5841.5322,5792.1154,5727.6243,355.98369,1.6966378
6494000.0,1705.6584,5807.7388,3978.4872,251.87772,106.89119,106.89119,106.89119,5846.1674,5819.1332,5757.9158,361.56101,1.6966378
6495000.0,1658.3548,5775.3459,3913.8549,247.78585,106.89119,106.89119,106.89119,5792.2679,5836.7612,5697.0088,361.47845,1.6966378
6496000.0,1569.8924,5750.5977,3986.9596,252.4141,106.89119,106.89119,106.89119,5769.9819,5793.8085,5688.0027,360.37252,1.6966378
6497000.0,1701.3321,5775.3486,3969.2168,251.29081,106.89119,106.89119,106.89119,5813.594,5803.66,5708.7916,353.74584,1.6966378
6498000.0,1624.0478,5755.9291,3888.1339,246.15745,106.89119,106.89119,106.89119,5805.5928,5793.3992,5668.7952,374.18097,1.6966378
6499000.0,1651.8106,5776.152,3885.6446,245.99986,106.89119,106.89119,106.89119,5811.2927,5776.6179,5740.5454,357.39269,1.6966378
6500000.0,1603.8036,5771.4061,3971.755,251.4515,106.89119,106.89119,106.89119,5780.3881,5804.0824,5729.7477,352.07286,1.6966378
6501000.0,1672.5327,5764.8343,3956.0933,250.45996,106.89119,106.89119,106.89119,5800.1369,5813.5889,5680.7773,351.60889,1.6966378
6502000.0,1634.5813,5797.9732,3856.9462,244.18296,106.89119,106.89119,106.89119,5818.3727,5778.5656,5796.9813,346.35539,1.6966378
6503000.0,1663.5577,5784.335,3884.965,245.95683,106.89119,106.89119,106.89119,5840.6766,5795.3833,5716.9452,360.34603,1.6966378
6504000.0,1678.2657,5780.9757,3952.6704,250.24325,106.89119,106.89119,106.89119,5804.2954,5793.1639,5745.4678,365.53145,1.6966378
6505000.0,1607.527,5758.4243,4003.8898,253.48595,106.89119,106.89119,106.89119,5773.4122,5793.6497,5708.2111,362.121,1.6966378
6506000.0,1658.5758,5764.8445,4046.8462,256.20552,106.89119,106.89119,106.89119,5788.9901,5786.0226,5719.5208,401.59355,1.6966378
6507000.0,1650.0375,5756.2939,3915.3706,247.88181,106.89119,106.89119,106.89119,5759.7678,5796.1007,5713.0132,413.57899,1.6966378
6508000.0,1699.7025,5787.6017,3966.8986,251.14404,106.89119,106.89119,106.89119,5801.4662,5863.2974,5698.0415,418.7154,1.6966378
6509000.0,1671.0625,5800.3596,3921.0344,248.24038,106.89119,106.89119,106.89119,5809.4863,5831.436,5760.1564,361.17537,1.6966378
6510000.0,1698.5829,5792.4827,3962.6576,250.87554,106.89119,106.89119,106.89119,5821.8853,5813.6955,5741.8674,360.44812,1.6966378
6511000.0,1614.2599,5789.6956,4044.6005,256.06334,106.89119,106.89119,106.89119,5761.0971,5894.6738,5713.3159,365.43543,1.6966378
6512000.0,1551.0856,5723.7148,3905.3956,247.25029,106.89119,106.89119,106.89119,5707.9999,5768.1926,5694.9519,375.62141,1.6966378
6513000.0,1651.8922,5804.8835,3916.5457,247.9562,106.89119,106.89119,106.89119,5809.6694,5840.9379,5764.0432,420.6297,1.6966378
6514000.0,1706.8647,5809.6755,3967.8837,251.20641,106.89119,106.89119,106.89119,5887.6759,5842.4852,5698.8654,407.43808,1.6966378
6515000.0,1686.6207,5765.9862,3993.7099,252.84146,106.89119,106.89119,106.89119,5812.6663,5793.2672,5692.0251,380.87963,1.6966378
6516000.0,1633.087,5758.946,3921.6527,248.27953,106.89119,106.89119,106.89119,5746.8319,5816.5478,5713.4582,353.55783,1.6966378
6517000.0,1581.7633,5773.308,3889.9449,246.27211,106.89119,106.89119,106.89119,5766.9464,5749.4154,5803.5624,385.45125,1.6966378
6518000.0,1635.5134,5769.1233,3963.3181,250.91736,106.89119,106.89119,106.89119,5796.1283,5799.8634,5711.3781,386.97902,1.6966378
6519000.0,1628.1845,5782.1635,4020.0461,254.50881,106.89119,106.89119,106.89119,5824.2199,5826.1913,5696.0792,394.88055,1.6966378
6520000.0,1692.8331,5777.8134,3929.2125,248.75814,106.89119,106.89119,106.89119,5828.0661,5766.4548,5738.9193,442.03978,1.6966378
6521000.0,1656.1652,5781.4903,3980.2659,251.99032,106.89119,106.89119,106.89119,5787.9482,5814.2075,5742.3152,421.79066,1.6966378
6522000.0,1664.065,5773.283,3936.1341,249.19634,106.89119,106.89119,106.89119,5816.2013,5807.0933,5696.5545,419.20283,1.6966378
6523000.0,1624.1693,5772.3671,3987.6996,252.46095,106.89119,106.89119,106.89119,5790.9443,5794.5737,5731.5833,374.41736,1.6966378
6524000.0,1759.5011,5817.7904,3968.3439,251.23554,106.89119,106.89119,106.89119,5846.2507,5847.4543,5759.6664,366.41057,1.6966378
6525000.0,1647.9119,5780.2834,3988.3573,252.50259,106.89119,106.89119,106.89119,5799.162,5794.5294,5747.1587,365.11425,1.6966378
6526000.0,1758.4331,5796.3627,3925.8224,248.54351,106.89119,106.89119,106.89119,5829.3649,5826.7645,5732.9588,367.79658,1.6966378
6527000.0,1687.3091,5797.7589,3992.4464,252.76147,106.89119,106.89119,106.89119,5818.0213,5851.0083,5724.247,408.00179,1.6966378
6528000.0,1590.269,5782.8455,3930.3465,248.82993,106.89119,106.89119,106.89119,5832.9205,5795.0915,5720.5245,398.98931,1.6966378
6529000.0,1640.1788,5778.9094,3944.6452,249.73518,106.89119,106.89119,106.89119,5809.1588,5795.2357,5732.3336,392.46378,1.6966378
6530000.0,1679.0648,5810.5364,3974.9912,251.65638,106.89119,106.89119,106.89119,5807.5086,5890.5203,5733.5803,393.35683,1.6966378
6531000.0,1767.517,5809.4245,4021.4009,254.59457,106.89119,106.89119,106.89119,5821.9835,5823.7383,5782.5515,397.98712,1.6966378
6532000.0,1667.6359,5790.9646,4004.2055,253.50594,106.89119,106.89119,106.89119,5826.1524,5787.1686,5759.5727,380.82434,1.6966378
6533000.0,1700.9966,5791.5986,3955.8998,250.44771,106.89119,106.89119,106.89119,5815.8966,5837.7427,5721.1567,386.7567,1.6966378
6534000.0,1662.5572,5770.0033,3961.2505,250.78646,106.89119,106.89119,106.89119,5741.2674,5851.5712,5717.1713,419.53574,1.6966378
6535000.0,1691.8866,5803.2772,3935.4688,249.15422,106.89119,106.89119,106.89119,5793.9494,5883.0641,5732.8181,423.38585,1.6966378
6536000.0,1637.3602,5769.9508,4034.7499,255.4397,106.89119,106.89119,106.89119,5757.7751,5830.1577,5721.9195,385.57124,1.6966378
6537000.0,1617.6214,5748.602,4008.6371,253.7865,106.89119,106.89119,106.89119,5739.6097,5796.998,5709.1983,358.96061,1.6966378
6538000.0,1698.5932,5791.7607,3951.9703,250.19893,106.89119,106.89119,106.89119,5772.0496,5839.4331,5763.7993,358.03201,1.6966378
6539000.0,1641.081,5766.5772,3906.1663,247.29908,106.89119,106.89119,106.89119,5754.3649,5816.768,5728.5988,359.36232,1.6966378
6540000.0,1682.4501,5790.0024,3913.7891,247.78168,106.89119,106.89119,106.89119,5855.5789,5796.427,5718.0012,403.36345,1.6966378
6541000.0,1736.9334,5787.4421,3951.0114,250.13822,106.89119,106.89119,106.89119,5803.1226,5850.7232,5708.4805,417.58722,1.6966378
6542000.0,1654.8984,5786.3296,3932.5991,248.97254,106.89119,106.89119,106.89119,5792.8751,5877.0829,5689.0309,425.53105,1.6966378
6543000.0,1682.6808,5812.1248,3947.9998,249.94756,106.89119,106.89119,106.89119,5859.1832,5806.133,5771.0582,387.19742,1.6966378
6544000.0,1653.8878,5782.0657,4005.2103,253.56955,106.89119,106.89119,106.89119,5840.2425,5810.4472,5695.5074,371.11768,1.6966378
6545000.0,1688.2002,5774.5877,3925.5576,248.52675,106.89119,106.89119,106.89119,5822.2545,5770.5139,5730.9948,365.35754,1.6966378
6546000.0,1611.9804,5738.5,3847.6934,243.59717,106.89119,106.89119,106.89119,5723.3498,5755.3505,5736.7998,369.97798,1.6966378
6547000.0,1683.6515,5767.1697,3998.4744,253.1431,106.89119,106.89119,106.89119,5767.4603,5812.6066,5721.4421,410.12533,1.6966378
6548000.0,1673.0627,5774.0835,3890.2562,246.29182,106.89119,106.89119,106.89119,5777.1495,5795.6783,5749.4228,407.47891,1.6966378
6549000.0,1667.4205,5783.2903,3950.2961,250.09294,106.89119,106.89119,106.89119,5822.1976,5804.5091,5723.1642,391.82726,1.6966378
6550000.0,1684.9634,5773.0681,3944.0856,249.69975,106.89119,106.89119,106.89119,5792.7549,5803.9373,5722.5119,389.13701,1.6966378
6551000.0,1689.5992,5770.087,3836.2767,242.87438,106.89119,106.89119,106.89119,5774.0877,5796.4085,5739.7647,383.24396,1.6966378
6552000.0,1781.2145,5799.1449,3966.3253,251.10774,106.89119,106.89119,106.89119,5784.5764,5836.9295,5775.9288,392.08412,1.6966378
6553000.0,1630.0909,5762.7648,3938.1552,249.3243,106.89119,106.89119,106.89119,5813.9416,5772.9441,5701.4087,409.01332,1.6966378
6554000.0,1634.4476,5736.903,3977.7744,251.83259,106.89119,106.89119,106.89119,5803.804,5753.6417,5653.2631,456.01466,1.6966378
6555000.0,1697.8835,5793.351,3988.7535,252.52767,106.89119,106.89119,106.89119,5795.9914,5844.9052,5739.1563,459.4011,1.6966378
6556000.0,1605.3456,5741.9161,3912.4204,247.69503,106.89119,106.89119,106.89119,5762.4709,5770.8712,5692.4063,450.03173,1.6966378
6557000.0,1548.5248,5741.1791,4000.3761,253.2635,106.89119,106.89119,106.89119,5710.7496,5834.351,5678.4368,382.89083,1.6966378
6558000.0,1631.2499,5754.8494,3866.9003,244.81316,106.89119,106.89119,106.89119,5784.4384,5795.6617,5684.4482,367.82373,1.6966378
6559000.0,1607.7238,5749.8305,3942.5246,249.60093,106.89119,106.89119,106.89119,5791.1714,5786.8894,5671.4306,372.7504,1.6966378
6560000.0,1579.5133,5753.8691,3921.3445,248.26001,106.89119,106.89119,106.89119,5834.1072,5745.0996,5682.4004,380.17697,1.6966378
6561000.0,1621.7115,5763.1281,3950.4734,250.10416,106.89119,106.89119,106.89119,5772.2762,5851.3733,5665.7348,407.99751,1.6966378
6562000.0,1663.4166,5762.4265,3986.5403,252.38756,106.89119,106.89119,106.89119,5833.0339,5761.2169,5693.0289,415.77212,1.6966378
6563000.0,1684.4708,5766.9823,3967.5583,251.18581,106.89119,106.89119,106.89119,5765.6145,5836.2694,5699.063,395.39603,1.6966378
6564000.0,1707.1428,5794.3739,4007.3119,253.7026,106.89119,106.89119,106.89119,5850.6164,5845.0919,5687.4136,403.90142,1.6966378
6565000.0,1751.391,5785.5852,3996.4343,253.01395,106.89119,106.89119,106.89119,5812.0088,5838.3872,5706.3597,399.47969,1.6966378
6566000.0,1668.6248,5786.2501,3878.6394,245.55636,106.89119,106.89119,106.89119,5810.683,5833.5456,5714.5216,404.18193,1.6966378
6567000.0,1626.3225,5773.1871,3937.9642,249.31221,106.89119,106.89119,106.89119,5827.7596,5743.5265,5748.2752,428.8486,1.6966378
6568000.0,1620.5667,5752.2571,3886.6557,246.06387,106.89119,106.89119,106.89119,5754.7195,5793.4233,5708.6284,455.3738,1.6966378
6569000.0,1672.799,5770.1538,4000.5536,253.27474,106.89119,106.89119,106.89119,5800.5244,5808.0438,5701.8932,416.9176,1.6966378
6570000.0,1608.1949,5760.4692,3950.3835,250.09847,106.89119,106.89119,106.89119,5799.3652,5804.0177,5678.0247,383.48092,1.6966378
6571000.0,1629.6707,5760.9374,3981.7933,252.08702,106.89119,106.89119,106.89119,5748.3911,5795.0526,5739.3685,356.63023,1.6966378
6572000.0,1611.7794,5759.1526,3902.7682,247.08395,106.89119,106.89119,106.89119,5707.788,5803.3299,5766.3399,362.93278,1.6966378
6573000.0,1639.1634,5783.4675,3965.0075,251.02432,106.89119,106.89119,106.89119,5793.6265,5875.0392,5681.7368,356.93882,1.6966378
6574000.0,1613.9835,5759.9749,3994.1882,252.87174,106.89119,106.89119,106.89119,5812.2039,5766.2744,5701.4464,388.36741,1.6966378
6575000.0,1705.2464,5787.1083,3924.7494,248.47558,106.89119,106.89119,106.89119,5860.2355,5775.5997,5725.4896,405.76797,1.6966378
6576000.0,1744.1597,5790.8744,3964.789,251.01048,106.89119,106.89119,106.89119,5822.0981,5806.876,5743.6491,410.76931,1.6966378
6577000.0,1713.2342,5796.0086,3870.8869,245.06555,106.89119,106.89119,106.89119,5821.4099,5821.8412,5744.7747,359.1701,1.6966378
6578000.0,1652.8603,5755.9205,3913.6027,247.76988,106.89119,106.89119,106.89119,5840.5717,5788.3479,5638.8418,356.8143,1.6966378
6579000.0,1660.5564,5775.6916,3957.3721,250.54092,106.89119,106.89119,106.89119,5803.9063,5798.683,5724.4856,350.94296,1.6966378
6580000.0,1684.4955,5775.4781,3909.4124,247.5046,106.89119,106.89119,106.89119,5840.9882,5789.4051,5696.0411,367.44786,1.6966378
6581000.0,1666.0146,5772.901,3975.6697,251.69934,106.89119,106.89119,106.89119,5819.0085,5763.9541,5735.7403,420.66728,1.6966378
6582000.0,1689.2185,5773.9285,3899.1381,246.85413,106.89119,106.89119,106.89119,5781.8643,5805.1817,5734.7394,409.11404,1.6966378
6583000.0,1586.8034,5744.9305,4021.091,254.57496,106.89119,106.89119,106.89119,5786.5505,5735.5326,5712.7085,389.85326,1.6966378
6584000.0,1723.1519,5767.3652,3938.2693,249.33152,106.89119,106.89119,106.89119,5778.5277,5754.5911,5768.9768,395.19014,1.6966378
6585000.0,1680.8283,5772.119,3924.2468,248.44376,106.89119,106.89119,106.89119,5791.8339,5819.1504,5705.3728,394.13686,1.6966378
6586000.0,1661.1079,5763.1372,3914.9403,247.85457,106.89119,106.89119,106.89119,5730.5536,5845.741,5713.1169,391.6845,1.6966378
6587000.0,1645.5162,5761.1191,3886.1381,246.0311,106.89119,106.89119,106.89119,5772.984,5769.5692,5740.8042,423.99253,1.6966378
6588000.0,1651.0033,5807.4404,3974.6882,251.6372,106.89119,106.89119,106.89119,5818.1072,5827.4029,5776.8111,432.30765,1.6966378
6589000.0,1706.644,5780.0647,3989.1984,252.55584,106.89119,106.89119,106.89119,5808.4107,5799.103,5732.6803,429.88048,1.6966378
6590000.0,1602.4988,5747.8902,3896.888,246.71167,106.89119,106.89119,106.89119,5744.7669,5781.9632,5716.9406,382.81351,1.6966378
6591000.0,1597.8163,5757.3475,3922.729,248.34767,106.89119,106.89119,106.89119,5794.8684,5800.8887,5676.2853,362.1054,1.6966378
6592000.0,1624.3841,5755.5511,3910.7878,247.59167,106.89119,106.89119,106.89119,5825.2881,5767.4975,5673.8676,353.99497,1.6966378
6593000.0,1713.3479,5791.5926,3974.3765,251.61747,106.89119,106.89119,106.89119,5849.4058,5799.5658,5725.8063,370.05389,1.6966378
6594000.0,1615.1625,5757.1362,3882.4435,245.79719,106.89119,106.89119,106.89119,5772.8788,5789.0924,5709.4372,414.7704,1.6966378
6595000.0,1660.8639,5767.3406,3978.5898,251.88421,106.89119,106.89119,106.89119,5784.2603,5780.7418,5737.0198,412.98084,1.6966378
6596000.0,1659.6838,5795.7525,3926.9157,248.61273,106.89119,106.89119,106.89119,5793.9794,5855.5599,5737.718,411.57974,1.6966378
6597000.0,1706.5226,5774.3206,3960.9551,250.76776,106.89119,106.89119,106.89119,5784.1161,5798.1422,5740.7036,368.71207,1.6966378
6598000.0,1665.1568,5788.214,3964.4721,250.99042,106.89119,106.89119,106.89119,5829.7338,5805.4027,5729.5054,359.87843,1.6966378
6599000.0,1723.7723,5785.7359,3929.8081,248.79584,106.89119,106.89119,106.89119,5837.533,5806.0243,5713.6506,352.61656,1.6966378
6600000.0,1689.6348,5777.2893,3951.2232,250.15163,106.89119,106.89119,106.89119,5834.8648,5758.4593,5738.5437,361.39293,1.6966378
6601000.0,1697.6011,5787.8713,3917.8055,248.03596,106.89119,106.89119,106.89119,5849.4025,5836.8117,5677.3998,406.08888,1.6966378
6602000.0,1694.4862,5763.1845,3926.3351,248.57597,106.89119,106.89119,106.89119,5775.6041,5805.1885,5708.7608,408.7436,1.6966378
6603000.0,1606.5807,5735.8303,3928.0789,248.68637,106.89119,106.89119,106.89119,5749.0955,5764.3154,5694.08,377.50258,1.6966378
6604000.0,1612.17,5758.2077,3926.8784,248.61037,106.89119,106.89119,106.89119,5806.9916,5794.7445,5672.8871,355.12713,1.6966378
6605000.0,1660.4465,5774.991,3950.3978,250.09938,106.89119,106.89119,106.89119,5795.5851,5814.1,5715.2877,388.9621,1.6966378
6606000.0,1671.3581,5778.9941,3973.2697,251.54739,106.89119,106.89119,106.89119,5748.5221,5836.3056,5752.1545,390.07399,1.6966378
6607000.0,1657.7293,5766.8634,3892.7043,246.4468,106.89119,106.89119,106.89119,5812.2363,5779.3953,5708.9586,417.18891,1.6966378
6608000.0,1704.79,5801.7598,3991.8185,252.72172,106.89119,106.89119,106.89119,5841.7473,5834.7768,5728.7552,442.28057,1.6966378
6609000.0,1703.3891,5789.6167,3877.482,245.48308,106.89119,106.89119,106.89119,5788.9263,5808.8751,5771.0486,440.55825,1.6966378
6610000.0,1662.4972,5768.0644,3938.5586,249.34984,106.89119,106.89119,106.89119,5810.5315,5763.188,5730.4736,411.96213,1.6966378
6611000.0,1668.9908,5753.3558,3984.0826,252.23196,106.89119,106.89119,106.89119,5762.3911,5760.1189,5737.5574,402.23403,1.6966378
6612000.0,1667.9268,5768.7452,3921.2197,248.25212,106.89119,106.89119,106.89119,5835.1972,5784.2148,5686.8236,413.59575,1.6966378
6613000.0,1660.3096,5761.3648,4004.8607,253.54742,106.89119,106.89119,106.89119,5762.8341,5787.4047,5733.8557,409.53003,1.6966378
6614000.0,1643.8348,5768.072,3893.8777,246.52109,106.89119,106.89119,106.89119,5759.8799,5803.438,5740.8979,450.00457,1.6966378
6615000.0,1622.5738,5750.7051,3986.068,252.35765,106.89119,106.89119,106.89119,5744.0769,5819.927,5688.1115,475.94017,1.6966378
6616000.0,1652.3896,5779.0615,3910.9599,247.60257,106.89119,106.89119,106.89119,5822.8483,5774.8529,5739.4834,475.32756,1.6966378
6617000.0,1630.94,5769.5081,3914.6859,247.83846,106.89119,106.89119,106.89119,5827.4815,5790.6082,5690.4346,427.88841,1.6966378
6618000.0,1656.9809,5778.2506,3954.4389,250.35522,106.89119,106.89119,106.89119,5836.2467,5811.0955,5687.4095,379.26447,1.6966378
6619000.0,1689.0763,5773.7505,3956.5554,250.48921,106.89119,106.89119,106.89119,5821.5612,5789.5485,5710.142,381.10205,1.6966378
6620000.0,1640.6453,5774.1057,3923.2016,248.37759,106.89119,106.89119,106.89119,5771.4175,5810.4769,5740.4228,378.39665,1.6966378
6621000.0,1646.0924,5760.7075,3967.3958,251.17552,106.89119,106.89119,106.89119,5793.8623,5786.6865,5701.5736,410.54265,1.6966378
6622000.0,1709.411,5794.4814,3974.2532,251.60966,106.89119,106.89119,106.89119,5815.3288,5859.8508,5708.2645,420.77646,1.6966378
6623000.0,1697.9455,5775.6827,3903.7685,247.14728,106.89119,106.89119,106.89119,5821.1801,5806.474,5699.394,447.11626,1.6966378
6624000.0,1630.7734,5769.9259,3990.497,252.63806,106.89119,106.89119,106.89119,5819.0921,5764.5645,5726.1211,414.73194,1.6966378
6625000.0,1599.3638,5748.9621,4029.2102,255.08898,106.89119,106.89119,106.89119,5825.6977,5737.1795,5684.0092,407.87402,1.6966378
6626000.0,1652.2747,5788.744,3934.3911,249.086,106.89119,106.89119,106.89119,5799.9961,5824.5429,5741.693,404.91659,1.6966378
6627000.0,1583.1165,5756.3529,3941.2967,249.52318,106.89119,106.89119,106.89119,5736.4488,5816.1268,5716.4831,410.80288,1.6966378
6628000.0,1679.4249,5806.7059,3916.9741,247.98333,106.89119,106.89119,106.89119,5829.8307,5826.1075,5764.1796,437.66222,1.6966378
6629000.0,1615.4667,5782.8433,3917.4516,248.01355,106.89119,106.89119,106.89119,5871.1079,5786.9887,5690.4332,466.47041,1.6966378
6630000.0,1657.3705,5748.5867,3931.5017,248.90306,106.89119,106.89119,106.89119,5794.8623,5775.7356,5675.1623,470.73587,1.6966378
6631000.0,1629.8417,5797.9363,3892.5745,246.43859,106.89119,106.89119,106.89119,5815.2607,5818.4904,5760.0578,471.37847,1.6966378
6632000.0,1612.0884,5767.5786,3986.3714,252.37687,106.89119,106.89119,106.89119,5749.2114,5841.0179,5712.5063,351.39711,1.6966378
6633000.0,1757.1842,5816.5797,3922.1694,248.31224,106.89119,106.89119,106.89119,5761.9865,5878.695,5809.0577,364.54303,1.6966378
6634000.0,1611.1449,5750.5074,3962.0277,250.83567,106.89119,106.89119,106.89119,5791.6863,5766.2038,5693.632,365.36676,1.6966378
6635000.0,1674.1087,5740.9075,3884.6917,245.93953,106.89119,106.89119,106.89119,5756.3547,5815.5598,5650.808,383.18434,1.6966378
6636000.0,1568.8072,5765.1191,3936.103,249.19438,106.89119,106.89119,106.89119,5781.7876,5811.6584,5701.9112,399.15548,1.6966378
6637000.0,1620.2973,5777.6335,3916.5011,247.95338,106.89119,106.89119,106.89119,5807.006,5814.622,5711.2724,405.62942,1.6966378
6638000.0,1666.937,5770.2062,3938.6988,249.35871,106.89119,106.89119,106.89119,5772.4258,5795.037,5743.1558,382.83083,1.6966378
6639000.0,1681.7952,5770.7523,3964.9144,251.01842,106.89119,106.89119,106.89119,5779.7092,5856.9524,5675.5951,366.18477,1.6966378
6640000.0,1757.2123,5813.4762,3917.9801,248.04701,106.89119,106.89119,106.89119,5860.8269,5827.3167,5752.2849,367.19869,1.6966378
6641000.0,1664.6242,5783.5516,3928.6083,248.71989,106.89119,106.89119,106.89119,5805.3945,5810.4935,5734.7669,392.75659,1.6966378
6642000.0,1686.5151,5797.9064,4006.3229,253.63999,106.89119,106.89119,106.89119,5835.3953,5803.2917,5755.0324,445.81531,1.6966378
6643000.0,1684.127,5783.981,3950.5563,250.10941,106.89119,106.89119,106.89119,5844.6241,5785.6004,5721.7186,443.66222,1.6966378
6644000.0,1724.6349,5794.6676,3873.4206,245.22596,106.89119,106.89119,106.89119,5768.3007,5835.5365,5780.1654,442.14265,1.6966378
6645000.0,1627.1461,5785.5211,3968.5806,251.25053,106.89119,106.89119,106.89119,5764.46,5830.6087,5761.4946,394.18371,1.6966378
6646000.0,1693.2602,5775.1009,3870.086,245.01484,106.89119,106.89119,106.89119,5851.545,5768.4801,5705.2776,407.20263,1.6966378
6647000.0,1662.3366,5788.0877,4018.1784,254.39056,106.89119,106.89119,106.89119,5797.6356,5844.2685,5722.359,403.99132,1.6966378
6648000.0,1712.6317,5773.0531,3911.1834,247.61672,106.89119,106.89119,106.89119,5741.1763,5809.8123,5768.1707,401.02051,1.6966378
6649000.0,1622.1677,5761.8557,3983.7956,252.21379,106.89119,106.89119,106.89119,5746.0404,5830.0947,5709.4321,475.85873,1.6966378
6650000.0,1639.7541,5770.2086,3977.4729,251.8135,106.89119,106.89119,106.89119,5831.7996,5756.1378,5722.6884,494.8101,1.6966378
6651000.0,1624.4719,5790.0314,3899.7284,246.8915,106.89119,106.89119,106.89119,5863.6165,5799.5241,5706.9537,448.92817,1.6966378
6652000.0,1636.2899,5770.0215,3910.7008,247.58616,106.89119,106.89119,106.89119,5801.8198,5755.2405,5753.0041,385.27172,1.6966378
6653000.0,1673.6848,5792.8793,3967.1424,251.15948,106.89119,106.89119,106.89119,5825.56,5823.9618,5729.116,354.93525,1.6966378
6654000.0,1723.6782,5794.1222,3916.5348,247.95551,106.89119,106.89119,106.89119,5805.2108,5834.2183,5742.9376,369.97772,1.6966378
6655000.0,1662.1063,5752.6799,3907.511,247.38422,106.89119,106.89119,106.89119,5789.6149,5769.9205,5698.5043,358.0187,1.6966378
6656000.0,1608.0815,5768.0729,3895.6472,246.63312,106.89119,106.89119,106.89119,5771.2375,5833.5886,5699.3926,398.56309,1.6966378
6657000.0,1593.6539,5762.3397,3927.4265,248.64506,106.89119,106.89119,106.89119,5791.5867,5800.8295,5694.6029,403.14878,1.6966378
6658000.0,1564.7123,5746.2155,3962.3007,250.85295,106.89119,106.89119,106.89119,5708.2093,5797.6286,5732.8086,379.42263,1.6966378
6659000.0,1670.5395,5775.1392,3945.2566,249.77389,106.89119,106.89119,106.89119,5764.971,5788.039,5772.4077,398.26451,1.6966378
6660000.0,1625.3122,5769.2468,3963.6509,250.93843,106.89119,106.89119,106.89119,5801.8927,5816.8796,5688.968,394.33543,1.6966378
6661000.0,1620.6881,5763.0185,3942.7358,249.6143,106.89119,106.89119,106.89119,5727.6018,5841.7473,5719.7064,397.63481,1.6966378
6662000.0,1593.9303,5768.2656,3983.369,252.18678,106.89119,106.89119,106.89119,5788.0753,5814.1591,5702.5625,421.30915,1.6966378
6663000.0,1670.2016,5782.2593,3965.6826,251.06706,106.89119,106.89119,106.89119,5775.5241,5756.8904,5814.3633,453.0549,1.6966378
6664000.0,1681.1151,5769.3862,3903.7105,247.1436,106.89119,106.89119,106.89119,5790.6133,5788.9765,5728.5689,455.70363,1.6966378
6665000.0,1669.2996,5774.3234,4008.788,253.79605,106.89119,106.89119,106.89119,5797.4996,5783.0195,5742.4512,398.31157,1.6966378
6666000.0,1671.9775,5779.0173,3877.6613,245.49443,106.89119,106.89119,106.89119,5799.4234,5816.6467,5720.9818,371.21471,1.6966378
6667000.0,1764.0463,5792.7945,3952.7034,250.24534,106.89119,106.89119,106.89119,5845.5993,5788.086,5744.6982,364.13264,1.6966378
6668000.0,1630.7776,5759.4751,3974.6552,251.63511,106.89119,106.89119,106.89119,5760.2927,5761.0712,5757.0616,371.51022,1.6966378
6669000.0,1658.4867,5782.5466,3944.4337,249.72179,106.89119,106.89119,106.89119,5802.9011,5821.2801,5723.4587,400.89963,1.6966378
6670000.0,1595.8679,5726.1786,3923.8967,248.42159,106.89119,106.89119,106.89119,5759.6824,5740.1825,5678.671,396.63978,1.6966378
6671000.0,1602.7411,5755.8587,3960.8693,250.76233,106.89119,106.89119,106.89119,5761.3893,5786.9119,5719.275,404.26652,1.6966378
6672000.0,1654.6183,5790.4072,3996.8533,253.04047,106.89119,106.89119,106.89119,5799.1031,5792.0575,5780.061,385.89957,1.6966378
6673000.0,1673.7844,5784.1974,4043.9008,256.01904,106.89119,106.89119,106.89119,5753.5034,5825.7783,5773.3104,396.81896,1.6966378
6674000.0,1643.0111,5783.2622,3983.3429,252.18513,106.89119,106.89119,106.89119,5782.7457,5799.515,5767.5259,386.92741,1.6966378
6675000.0,1605.1118,5765.9367,3938.4969,249.34593,106.89119,106.89119,106.89119,5751.8387,5814.7797,5731.1918,391.53651,1.6966378
6676000.0,1661.9478,5760.001,3978.4977,251.87838,106.89119,106.89119,106.89119,5788.6754,5798.7543,5692.5732,450.07742,1.6966378
6677000.0,1652.734,5759.6743,3878.3348,245.53707,106.89119,106.89119,106.89119,5771.011,5806.3253,5701.6867,451.58361,1.6966378
6678000.0,1643.8295,5747.4267,3984.3408,252.2483,106.89119,106.89119,106.89119,5786.0038,5769.1386,5687.1378,460.57099,1.6966378
6679000.0,1551.1023,5742.8545,3846.7437,243.53704,106.89119,106.89119,106.89119,5830.5339,5701.5935,5696.4361,388.16839,1.6966378
6680000.0,1713.6322,5797.4179,3924.334,248.44928,106.89119,106.89119,106.89119,5763.6955,5855.43,5773.1282,361.55863,1.6966378
6681000.0,1622.6064,5776.3208,3980.1262,251.98148,106.89119,106.89119,106.89119,5787.6168,5791.3183,5750.0274,361.32141,1.6966378
6682000.0,1709.0802,5813.4227,4009.866,253.86431,106.89119,106.89119,106.89119,5764.4168,5866.7572,5809.0941,367.05435,1.6966378
6683000.0,1644.9829,5773.9569,3983.2181,252.17723,106.89119,106.89119,106.89119,5838.7903,5762.7418,5720.3385,404.31988,1.6966378
6684000.0,1625.4792,5761.6581,4014.0006,254.12607,106.89119,106.89119,106.89119,5781.3731,5781.6269,5721.9744,400.54949,1.6966378
6685000.0,1633.4787,5780.0766,3989.5717,252.57947,106.89119,106.89119,106.89119,5872.4695,5737.8609,5729.8994,388.84466,1.6966378
6686000.0,1658.1597,5788.9992,3945.4077,249.78345,106.89119,106.89119,106.89119,5830.2588,5756.3976,5780.3412,371.66941,1.6966378
6687000.0,1704.4024,5789.898,3940.2889,249.45938,106.89119,106.89119,106.89119,5864.1934,5806.1102,5699.3904,368.03322,1.6966378
6688000.0,1655.4238,5764.3819,4030.8471,255.19262,106.89119,106.89119,106.89119,5791.7504,5778.2979,5723.0973,362.37038,1.6966378
6689000.0,1682.4729,5790.969,3910.3808,247.56591,106.89119,106.89119,106.89119,5772.038,5835.7425,5765.1263,388.92243,1.6966378
6690000.0,1625.2586,5758.7983,3978.8192,251.89873,106.89119,106.89119,106.89119,5820.7811,5749.5114,5706.1025,414.54943,1.6966378
6691000.0,1658.0041,5794.4108,4035.1101,255.46251,106.89119,106.89119,106.89119,5790.7623,5811.6256,5780.8446,399.89707,1.6966378
6692000.0,1686.5855,5773.226,3910.1883,247.55372,106.89119,106.89119,106.89119,5793.296,5804.2049,5722.1771,368.68414,1.6966378
6693000.0,1726.0098,5783.5271,3964.3044,250.97981,106.89119,106.89119,106.89119,5823.8945,5780.1754,5746.5113,367.49365,1.6966378
6694000.0,1646.2013,5769.1994,3920.3961,248.19997,106.89119,106.89119,106.89119,5785.616,5820.7669,5701.2152,350.5575,1.6966378
6695000.0,1673.0788,5814.0895,4082.2665,258.44797,106.89119,106.89119,106.89119,5836.957,5775.8581,5829.4532,353.26829,1.6966378
6696000.0,1605.9525,5776.9536,3935.6227,249.16397,106.89119,106.89119,106.89119,5766.655,5797.094,5767.1119,396.47176,1.6966378
6697000.0,1656.6639,5775.9607,4056.2051,256.79803,106.89119,106.89119,106.89119,5827.1621,5786.8933,5713.8266,398.1604,1.6966378
6698000.0,1646.1953,5761.2012,3919.8345,248.16442,106.89119,106.89119,106.89119,5818.2689,5755.4245,5709.9101,395.30159,1.6966378
6699000.0,1726.5262,5787.4153,3935.1663,249.13507,106.89119,106.89119,106.89119,5835.6372,5706.5397,5820.069,384.48598,1.6966378
6700000.0,1675.792,5793.3108,3979.727,251.95621,106.89119,106.89119,106.89119,5851.9258,5807.8145,5720.1921,384.36484,1.6966378
6701000.0,1667.2998,5789.2874,3959.5415,250.67826,106.89119,106.89119,106.89119,5829.7233,5737.0405,5801.0982,351.14956,1.6966378
6702000.0,1641.3309,5766.1922,3991.4248,252.69679,106.89119,106.89119,106.89119,5793.5418,5744.8083,5760.2266,344.22254,1.6966378
6703000.0,1619.0725,5780.6395,3921.0903,248.24392,106.89119,106.89119,106.89119,5827.4604,5830.2464,5684.2119,357.3376,1.6966378
6704000.0,1614.0057,5757.026,3908.288,247.43341,106.89119,106.89119,106.89119,5760.9591,5788.5748,5721.5442,395.9345,1.6966378
6705000.0,1615.0599,5767.3169,3981.8548,252.09092,106.89119,106.89119,106.89119,5739.3788,5799.7163,5762.8557,404.90073,1.6966378
6706000.0,1686.3614,5788.716,3983.3948,252.18841,106.89119,106.89119,106.89119,5820.3594,5792.0795,5753.709,403.51553,1.6966378
6707000.0,1628.469,5760.6366,3883.0754,245.8372,106.89119,106.89119,106.89119,5763.6705,5765.2364,5753.003,379.30326,1.6966378
6708000.0,1704.1919,5786.0625,3966.8762,251.14262,106.89119,106.89119,106.89119,5840.3586,5827.3424,5690.4865,401.53402,1.6966378
6709000.0,1609.7457,5788.4584,4016.412,254.27873,106.89119,106.89119,106.89119,5839.9636,5797.5989,5727.8127,400.52319,1.6966378
6710000.0,1667.582,5768.058,3921.9905,248.30092,106.89119,106.89119,106.89119,5796.6911,5800.6006,5706.8823,405.43044,1.6966378
6711000.0,1664.6568,5771.3041,3820.5242,241.87709,106.89119,106.89119,106.89119,5715.8859,5828.511,5769.5154,402.95586,1.6966378
6712000.0,1617.9556,5759.6887,3898.1311,246.79038,106.89119,106.89119,106.89119,5784.4079,5762.2544,5732.4037,474.03881,1.6966378
6713000.0,1619.6884,5770.849,3890.7056,246.32027,106.89119,106.89119,106.89119,5770.2151,5745.3595,5796.9724,470.07144,1.6966378
6714000.0,1605.5412,5733.6879,3920.5636,248.21058,106.89119,106.89119,106.89119,5755.9157,5806.5485,5638.5994,473.89913,1.6966378
6715000.0,1715.9845,5803.9627,3963.5087,250.92943,106.89119,106.89119,106.89119,5809.0797,5837.5496,5765.2587,471.67986,1.6966378
6716000.0,1649.7053,5781.4495,3970.0781,251.34534,106.89119,106.89119,106.89119,5858.0791,5760.9118,5725.3577,367.64306,1.6966378
6717000.0,1583.512,5760.1309,4032.2914,255.28405,106.89119,106.89119,106.89119,5821.7573,5747.702,5710.9333,352.91134,1.6966378
6718000.0,1712.3996,5791.5311,4041.6002,255.87339,106.89119,106.89119,106.89119,5810.4704,5783.5911,5780.5319,351.16606,1.6966378
6719000.0,1667.4626,5790.2184,3909.5387,247.51259,106.89119,106.89119,106.89119,5795.7423,5790.3248,5784.5881,348.98237,1.6966378
6720000.0,1631.65,5798.5624,3918.1739,248.05929,106.89119,106.89119,106.89119,5829.1141,5791.3906,5775.1826,401.54232,1.6966378
6721000.0,1700.6288,5781.4876,3941.0958,249.51047,106.89119,106.89119,106.89119,5821.0946,5789.6133,5733.7551,401.63142,1.6966378
6722000.0,1628.3764,5770.4169,3973.5857,251.5674,106.89119,106.89119,106.89119,5722.0853,5788.3592,5800.8062,387.30481,1.6966378
6723000.0,1633.1809,5794.8584,3938.4634,249.34381,106.89119,106.89119,106.89119,5841.4906,5787.7897,5755.2949,375.71552,1.6966378
6724000.0,1647.1363,5776.1291,3908.173,247.42613,106.89119,106.89119,106.89119,5795.7797,5815.6223,5716.9853,389.56935,1.6966378
6725000.0,1647.6792,5770.5961,3964.8931,251.01708,106.89119,106.89119,106.89119,5817.5963,5787.9454,5706.2467,389.18407,1.6966378
6726000.0,1546.6126,5748.4505,3973.4793,251.56066,106.89119,106.89119,106.89119,5784.8922,5808.5922,5651.867,392.79558,1.6966378
6727000.0,1639.7801,5790.6991,3951.3497,250.15964,106.89119,106.89119,106.89119,5855.6037,5769.0304,5747.4632,384.91194,1.6966378
6728000.0,1626.0868,5792.0755,3942.3168,249.58777,106.89119,106.89119,106.89119,5801.5735,5799.9793,5774.6738,454.38537,1.6966378
6729000.0,1649.8009,5773.7356,3905.8529,247.27924,106.89119,106.89119,106.89119,5851.5521,5750.6778,5718.9768,469.94814,1.6966378
6730000.0,1678.7936,5782.2478,3972.3219,251.48739,106.89119,106.89119,106.89119,5822.5417,5772.5867,5751.6152,477.28986,1.6966378
6731000.0,1597.2456,5763.7399,4038.1685,255.65613,106.89119,106.89119,106.89119,5840.8932,5716.2156,5734.1108,455.45124,1.6966378
6732000.0,1673.2592,5766.6146,3890.7813,246.32506,106.89119,106.89119,106.89119,5805.5057,5795.8552,5698.4829,370.41067,1.6966378
6733000.0,1664.2186,5767.0763,3855.3178,244.07987,106.89119,106.89119,106.89119,5816.6161,5805.1559,5679.4571,352.34095,1.6966378
6734000.0,1680.7417,5788.757,3983.7971,252.21388,106.89119,106.89119,106.89119,5821.2793,5797.0458,5747.9458,345.75856,1.6966378
6735000.0,1528.8716,5764.0741,3964.2552,250.97669,106.89119,106.89119,106.89119,5769.26,5774.9048,5748.0573,347.29969,1.6966378
6736000.0,1530.2203,5755.1895,3990.8443,252.66004,106.89119,106.89119,106.89119,5763.9286,5768.8504,5732.7897,396.63281,1.6966378
6737000.0,1647.8647,5765.5681,3930.0464,248.81093,106.89119,106.89119,106.89119,5834.3583,5786.4939,5675.8522,394.28708,1.6966378
6738000.0,1692.3158,5805.2407,3907.2281,247.36631,106.89119,106.89119,106.89119,5892.6008,5764.4498,5758.6715,399.35552,1.6966378
6739000.0,1668.0334,5797.7681,3932.884,248.99058,106.89119,106.89119,106.89119,5787.8105,5873.595,5731.8986,378.23636,1.6966378
6740000.0,1694.2663,5806.2145,3960.3961,250.73237,106.89119,106.89119,106.89119,5845.4464,5837.7289,5735.4682,347.2079,1.6966378
6741000.0,1655.23,5774.2327,3902.0272,247.03704,106.89119,106.89119,106.89119,5797.0705,5789.7086,5735.9189,354.36253,1.6966378
6742000.0,1674.7599,5791.6077,3953.6028,250.30229,106.89119,106.89119,106.89119,5815.6003,5800.2861,5758.9367,350.88887,1.6966378
6743000.0,1682.2526,5781.4678,4042.5755,255.93514,106.89119,106.89119,106.89119,5806.2838,5825.0128,5713.1067,367.28643,1.6966378
6744000.0,1633.3472,5778.2987,3910.1111,247.54883,106.89119,106.89119,106.89119,5755.3774,5810.1945,5769.3243,395.1232,1.6966378
6745000.0,1736.0329,5806.623,3940.1782,249.45238,106.89119,106.89119,106.89119,5776.326,5856.9687,5786.5745,392.78225,1.6966378
6746000.0,1623.604,5765.4172,3926.1574,248.56472,106.89119,106.89119,106.89119,5781.4517,5799.0665,5715.7335,385.7338,1.6966378
6747000.0,1754.227,5791.7029,3982.5083,252.13229,106.89119,106.89119,106.89119,5800.9655,5805.1565,5768.9867,353.69167,1.6966378
6748000.0,1605.8142,5765.7971,3948.0143,249.94848,106.89119,106.89119,106.89119,5780.4093,5825.5074,5691.4747,340.84551,1.6966378
6749000.0,1666.4376,5765.47,3920.7166,248.22026,106.89119,106.89119,106.89119,5781.8696,5786.4256,5728.1149,347.83631,1.6966378
6750000.0,1606.7283,5791.8436,3926.8285,248.60721,106.89119,106.89119,106.89119,5852.3996,5759.119,5764.0124,355.16962,1.6966378
6751000.0,1601.858,5774.7726,3881.454,245.73455,106.89119,106.89119,106.89119,5800.4814,5764.0339,5759.8025,379.93212,1.6966378
6752000.0,1671.3999,5770.5328,3938.0766,249.31933,106.89119,106.89119,106.89119,5876.5194,5732.4124,5702.6665,400.00886,1.6966378
6753000.0,1714.6922,5795.8181,3973.4019,251.55577,106.89119,106.89119,106.89119,5820.8695,5799.1503,5767.4345,400.70838,1.6966378
6754000.0,1614.5433,5785.9258,4004.4744,253.52296,106.89119,106.89119,106.89119,5823.1641,5799.969,5734.6442,387.96694,1.6966378
6755000.0,1719.8661,5772.1957,3945.7481,249.805,106.89119,106.89119,106.89119,5848.0147,5795.4326,5673.1398,373.19111,1.6966378
6756000.0,1698.3767,5787.8088,3912.0525,247.67174,106.89119,106.89119,106.89119,5822.1061,5790.0335,5751.2868,378.41603,1.6966378
6757000.0,1664.9686,5782.5893,3974.7364,251.64025,106.89119,106.89119,106.89119,5818.6088,5800.7208,5728.4383,378.47903,1.6966378
6758000.0,1634.6394,5767.1944,3876.6662,245.43144,106.89119,106.89119,106.89119,5776.964,5780.8295,5743.7898,386.88727,1.6966378
6759000.0,1697.9255,5802.5008,3969.8565,251.3313,106.89119,106.89119,106.89119,5755.4816,5847.9862,5804.0345,440.51802,1.6966378
6760000.0,1697.7483,5789.989,3899.6587,246.88709,106.89119,106.89119,106.89119,5831.5778,5839.3193,5699.07,438.03122,1.6966378
6761000.0,1650.4731,5767.0768,3926.3024,248.5739,106.89119,106.89119,106.89119,5770.078,5791.3544,5739.7981,437.05031,1.6966378
6762000.0,1633.1036,5781.5521,3936.515,249.22046,106.89119,106.89119,106.89119,5870.0803,5804.4251,5670.1508,442.40189,1.6966378
6763000.0,1662.4254,5796.0168,3951.0033,250.13771,106.89119,106.89119,106.89119,5822.407,5823.5507,5742.0927,359.79978,1.6966378
6764000.0,1734.475,5814.0476,3953.2161,250.2778,106.89119,106.89119,106.89119,5852.3481,5822.8304,5766.9644,358.68186,1.6966378
6765000.0,1629.4862,5763.9703,3938.9952,249.37748,106.89119,106.89119,106.89119,5778.1352,5785.0565,5728.7192,339.30206,1.6966378
6766000.0,1714.8421,5802.0395,3953.656,250.30565,106.89119,106.89119,106.89119,5811.9483,5853.3559,5740.8143,359.60721,1.6966378
6767000.0,1564.5079,5751.1884,3894.3031,246.54803,106.89119,106.89119,106.89119,5783.36,5825.7582,5644.447,402.85596,1.6966378
6768000.0,1627.9977,5785.1974,3947.3076,249.90373,106.89119,106.89119,106.89119,5804.8908,5811.9108,5738.7907,388.51873,1.6966378
6769000.0,1657.6498,5771.9582,3957.1966,250.52981,106.89119,106.89119,106.89119,5798.4261,5800.0577,5717.3908,392.59879,1.6966378
6770000.0,1632.1118,5783.6981,3946.7012,249.86535,106.89119,106.89119,106.89119,5802.746,5769.6985,5778.6497,365.8211,1.6966378
6771000.0,1673.918,5767.473,3883.7103,245.8774,106.89119,106.89119,106.89119,5824.2809,5766.2888,5711.8493,377.4458,1.6966378
6772000.0,1666.0388,5789.4207,3922.512,248.33393,106.89119,106.89119,106.89119,5815.3521,5780.8928,5772.0173,375.91808,1.6966378
6773000.0,1633.1552,5785.3819,3945.327,249.77835,106.89119,106.89119,106.89119,5812.0653,5779.7842,5764.2963,380.50993,1.6966378
6774000.0,1667.0761,5779.2217,3943.4375,249.65872,106.89119,106.89119,106.89119,5810.6885,5828.0552,5698.9215,405.03583,1.6966378
6775000.0,1618.3629,5782.7634,4006.1694,253.63027,106.89119,106.89119,106.89119,5768.5496,5834.1434,5745.5973,447.25793,1.6966378
6776000.0,1667.078,5764.4275,3880.1409,245.65142,106.89119,106.89119,106.89119,5787.8002,5803.3909,5702.0914,448.63674,1.6966378
6777000.0,1646.9867,5781.7517,4012.2622,254.01601,106.89119,106.89119,106.89119,5792.8293,5829.7147,5722.7113,445.54398,1.6966378
6778000.0,1611.7325,5770.2967,3892.1679,246.41284,106.89119,106.89119,106.89119,5752.4314,5829.7048,5728.7537,409.18678,1.6966378
6779000.0,1599.7314,5754.798,3939.6952,249.4218,106.89119,106.89119,106.89119,5790.0465,5778.5991,5695.7484,371.02431,1.6966378
6780000.0,1639.625,5792.817,3939.8264,249.4301,106.89119,106.89119,106.89119,5811.649,5827.057,5739.7449,377.2713,1.6966378
6781000.0,1614.8562,5796.7121,3924.011,248.42883,106.89119,106.89119,106.89119,5792.0764,5834.9131,5763.1467,370.18846,1.6966378
6782000.0,1654.7382,5782.5453,3869.2301,244.96065,106.89119,106.89119,106.89119,5787.6562,5812.5326,5747.4471,394.59461,1.6966378
6783000.0,1674.1617,5805.0292,3943.0736,249.63568,106.89119,106.89119,106.89119,5804.877,5777.0718,5833.1388,420.73724,1.6966378
6784000.0,1606.111,5772.7559,3953.8826,250.32,106.89119,106.89119,106.89119,5753.0908,5812.7215,5752.4555,421.71292,1.6966378
6785000.0,1687.0924,5786.8412,3986.0231,252.35481,106.89119,106.89119,106.89119,5818.0781,5843.2458,5699.1996,429.20466,1.6966378
6786000.0,1615.9652,5761.0922,3943.9676,249.69228,106.89119,106.89119,106.89119,5816.9904,5791.6275,5674.6588,366.74432,1.6966378
6787000.0,1634.693,5764.4875,3864.5402,244.66374,106.89119,106.89119,106.89119,5779.8033,5769.8276,5743.8316,347.92907,1.6966378
6788000.0,1619.7182,5769.0713,3962.559,250.8693,106.89119,106.89119,106.89119,5820.334,5815.1935,5671.6864,343.6919,1.6966378
6789000.0,1656.8158,5801.5643,3968.2801,251.2315,106.89119,106.89119,106.89119,5806.7245,5837.6736,5760.295,338.22965,1.6966378
6790000.0,1595.3465,5781.7986,3938.7652,249.36292,106.89119,106.89119,106.89119,5766.5189,5821.178,5757.6988,380.67635,1.6966378
6791000.0,1690.3566,5797.7049,4011.0372,253.93845,106.89119,106.89119,106.89119,5801.8494,5867.9161,5723.3493,376.51357,1.6966378
6792000.0,1750.065,5835.8598,3958.9082,250.63817,106.89119,106.89119,106.89119,5788.7677,5869.0922,5849.7197,380.26463,1.6966378
6793000.0,1669.2348,5766.7286,3973.2418,251.54563,106.89119,106.89119,106.89119,5718.8425,5790.525,5790.8183,370.30109,1.6966378
6794000.0,1616.3301,5752.2512,3975.638,251.69733,106.89119,106.89119,106.89119,5753.3354,5779.3157,5724.1024,362.40194,1.6966378
6795000.0,1570.0089,5758.8555,3932.7459,248.98184,106.89119,106.89119,106.89119,5742.4533,5831.2225,5702.8908,356.32926,1.6966378
6796000.0,1736.5615,5781.6553,3929.7927,248.79487,106.89119,106.89119,106.89119,5760.17,5817.1158,5767.6799,362.72004,1.6966378
6797000.0,1781.287,5813.5091,3931.3796,248.89534,106.89119,106.89119,106.89119,5837.0388,5849.1554,5754.3332,389.6261,1.6966378
6798000.0,1651.5185,5780.0943,3966.8142,251.1387,106.89119,106.89119,106.89119,5795.2733,5842.6693,5702.3402,413.91114,1.6966378
6799000.0,1674.3406,5784.0749,3970.4369,251.36805,106.89119,106.89119,106.89119,5787.714,5813.5776,5750.9332,409.47697,1.6966378
6800000.0,1597.6983,5775.1729,3910.4363,247.56941,106.89119,106.89119,106.89119,5752.6408,5806.8105,5766.0673,410.48544,1.6966378
6801000.0,1694.1618,5809.2528,3930.9864,248.87044,106.89119,106.89119,106.89119,5805.3435,5813.2783,5809.1365,352.36046,1.6966378
6802000.0,1729.6008,5818.2449,4005.2983,253.57512,106.89119,106.89119,106.89119,5839.4357,5830.6615,5784.6375,350.33546,1.6966378
6803000.0,1607.123,5772.8321,4005.1089,253.56313,106.89119,106.89119,106.89119,5795.123,5794.4212,5728.9523,345.88937,1.6966378
6804000.0,1717.4288,5808.7046,4042.1472,255.90802,106.89119,106.89119,106.89119,5780.0792,5886.6716,5759.3629,355.53923,1.6966378
6805000.0,1698.8161,5792.4346,3950.2735,250.0915,106.89119,106.89119,106.89119,5770.17,5837.0475,5770.0863,398.36851,1.6966378
6806000.0,1710.8217,5794.694,3971.6056,251.44204,106.89119,106.89119,106.89119,5819.4986,5791.4133,5773.17,393.43437,1.6966378
6807000.0,1645.301,5780.2301,3938.6124,249.35324,106.89119,106.89119,106.89119,5811.7396,5768.0558,5760.8949,392.95813,1.6966378
6808000.0,1703.911,5795.608,3935.3399,249.14606,106.89119,106.89119,106.89119,5781.6002,5855.9206,5749.3032,361.23885,1.6966378
6809000.0,1628.0164,5779.024,3983.2279,252.17785,106.89119,106.89119,106.89119,5803.9811,5809.5024,5723.5883,342.51881,1.6966378
6810000.0,1669.7023,5787.785,3969.9289,251.33589,106.89119,106.89119,106.89119,5817.4746,5815.6185,5730.262,337.81588,1.6966378
6811000.0,1630.9746,5758.0609,3933.9535,249.05829,106.89119,106.89119,106.89119,5726.8991,5800.8118,5746.4719,331.17482,1.6966378
6812000.0,1685.1183,5765.0711,3989.9805,252.60535,106.89119,106.89119,106.89119,5801.6151,5780.8214,5712.7769,401.16299,1.6966378
6813000.0,1720.6777,5795.1891,3927.4839,248.6487,106.89119,106.89119,106.89119,5853.1563,5811.8158,5720.5952,378.63167,1.6966378
6814000.0,1663.3355,5784.2078,3923.0083,248.36535,106.89119,106.89119,106.89119,5816.8542,5800.0831,5735.686,382.97221,1.6966378
6815000.0,1666.3723,5775.4906,3893.8243,246.51771,106.89119,106.89119,106.89119,5755.8618,5804.8276,5765.7824,374.94435,1.6966378
6816000.0,1581.2168,5753.227,3975.9724,251.7185,106.89119,106.89119,106.89119,5764.5317,5759.3878,5735.7616,374.79519,1.6966378
6817000.0,1670.2709,5802.2479,3938.7043,249.35906,106.89119,106.89119,106.89119,5800.1586,5825.8587,5780.7263,371.36142,1.6966378
6818000.0,1652.5591,5787.4228,3904.2035,247.17482,106.89119,106.89119,106.89119,5792.9651,5831.4799,5737.8234,370.99921,1.6966378
6819000.0,1656.4363,5768.3937,3916.0801,247.92673,106.89119,106.89119,106.89119,5760.8051,5841.8926,5702.4833,393.75345,1.6966378
6820000.0,1635.1367,5779.5244,3984.1944,252.23904,106.89119,106.89119,106.89119,5851.5859,5770.2516,5716.7356,426.51777,1.6966378
6821000.0,1643.7866,5782.0923,3957.0932,250.52326,106.89119,106.89119,106.89119,5764.9084,5798.5,5782.8685,429.66046,1.6966378
6822000.0,1631.5576,5769.3026,3999.527,253.20975,106.89119,106.89119,106.89119,5797.7026,5779.6417,5730.5635,431.21673,1.6966378
6823000.0,1628.0117,5761.5657,3895.4617,246.62138,106.89119,106.89119,106.89119,5748.1488,5784.8896,5751.6587,361.3271,1.6966378
6824000.0,1649.5159,5769.5251,3905.2085,247.23844,106.89119,106.89119,106.89119,5761.4912,5817.7761,5729.308,340.54007,1.6966378
6825000.0,1560.626,5743.9559,3990.3096,252.62619,106.89119,106.89119,106.89119,5750.5686,5783.2916,5698.0075,344.91208,1.6966378
6826000.0,1626.5818,5778.1033,3927.7618,248.6663,106.89119,106.89119,106.89119,5745.1486,5857.0149,5732.1465,347.20925,1.6966378
6827000.0,1677.4805,5791.7266,3950.2491,250.08996,106.89119,106.89119,106.89119,5810.548,5752.5962,5812.0357,390.59024,1.6966378
6828000.0,1639.3684,5770.8728,3966.5026,251.11897,106.89119,106.89119,106.89119,5748.9948,5848.8089,5714.8147,389.53592,1.6966378
6829000.0,1604.1287,5754.9846,3995.4004,252.94849,106.89119,106.89119,106.89119,5788.6578,5737.1563,5739.1398,385.18501,1.6966378
6830000.0,1604.4974,5772.2982,3914.0358,247.7973,106.89119,106.89119,106.89119,5777.5794,5811.4466,5727.8685,360.46293,1.6966378
6831000.0,1702.9559,5796.1044,3989.1982,252.55583,106.89119,106.89119,106.89119,5775.7204,5850.2372,5762.3555,348.18713,1.6966378
6832000.0,1711.1778,5787.9076,3950.7637,250.12254,106.89119,106.89119,106.89119,5821.433,5777.8644,5764.4253,351.8278,1.6966378
6833000.0,1722.1194,5795.6474,3973.6932,251.57421,106.89119,106.89119,106.89119,5821.9818,5836.8371,5728.1233,353.91844,1.6966378
6834000.0,1697.5454,5788.285,3997.7583,253.09776,106.89119,106.89119,106.89119,5818.2746,5774.5628,5772.0176,380.23102,1.6966378
6835000.0,1674.0331,5778.5141,3823.9171,242.0919,106.89119,106.89119,106.89119,5787.8972,5808.331,5739.314,385.51714,1.6966378
6836000.0,1595.1521,5744.5144,3909.8168,247.53019,106.89119,106.89119,106.89119,5774.797,5783.0639,5675.6822,384.75197,1.6966378
6837000.0,1674.9697,5782.83,3892.6673,246.44446,106.89119,106.89119,106.89119,5813.7281,5807.3886,5727.3733,353.19571,1.6966378
6838000.0,1659.8783,5767.614,3971.4923,251.43487,106.89119,106.89119,106.89119,5828.4507,5769.7415,5704.6498,337.96868,1.6966378
6839000.0,1717.6876,5797.1735,3948.713,249.99271,106.89119,106.89119,106.89119,5810.9752,5833.2741,5747.2712,337.5668,1.6966378
6840000.0,1694.6337,5793.6989,3985.9946,252.35301,106.89119,106.89119,106.89119,5790.4135,5827.0543,5763.6289,342.72616,1.6966378
6841000.0,1675.6601,5769.4878,3993.4451,252.8247,106.89119,106.89119,106.89119,5753.6779,5800.975,5753.8106,383.89394,1.6966378
6842000.0,1696.0263,5792.814,3860.0991,244.38257,106.89119,106.89119,106.89119,5775.4182,5772.5116,5830.5123,393.2915,1.6966378
6843000.0,1685.8426,5808.8441,4038.4027,255.67096,106.89119,106.89119,106.89119,5872.9845,5790.1501,5763.3978,355.77792,1.6966378
6844000.0,1634.9329,5787.9569,4002.8283,253.41875,106.89119,106.89119,106.89119,5859.1674,5767.6362,5737.0672,346.74668,1.6966378
6845000.0,1619.686,5787.4003,3946.4312,249.84825,106.89119,106.89119,106.89119,5857.7282,5789.2936,5715.1792,336.68699,1.6966378
6846000.0,1644.2933,5781.4417,3851.0936,243.81243,106.89119,106.89119,106.89119,5823.8673,5744.3995,5776.0584,337.92377,1.6966378
6847000.0,1625.1156,5787.762,4016.474,254.28265,106.89119,106.89119,106.89119,5836.5178,5789.6098,5737.1585,383.82612,1.6966378
6848000.0,1707.5543,5794.6591,3914.8019,247.8458,106.89119,106.89119,106.89119,5785.6641,5836.6472,5761.666,388.19252,1.6966378
6849000.0,1671.3135,5792.0763,3997.6176,253.08886,106.89119,106.89119,106.89119,5854.8437,5793.8218,5727.5635,384.26924,1.6966378
6850000.0,1674.0033,5796.2612,3950.7447,250.12134,106.89119,106.89119,106.89119,5859.9243,5820.5766,5708.2826,378.98459,1.6966378
6851000.0,1659.664,5783.365,3972.067,251.47125,106.89119,106.89119,106.89119,5834.6007,5748.985,5766.5092,386.14735,1.6966378
6852000.0,1649.4934,5779.1035,3983.0747,252.16815,106.89119,106.89119,106.89119,5860.0728,5717.0316,5760.2062,384.72656,1.6966378
6853000.0,1695.5524,5772.389,3968.6298,251.25364,106.89119,106.89119,106.89119,5826.2055,5759.3706,5731.5909,387.91219,1.6966378
6854000.0,1612.0121,5756.4158,3973.8873,251.58649,106.89119,106.89119,106.89119,5796.4705,5783.6202,5689.1568,418.05672,1.6966378
6855000.0,1667.6208,5772.5312,3945.3791,249.78165,106.89119,106.89119,106.89119,5806.9436,5778.6774,5731.9724,439.07636,1.6966378
6856000.0,1632.8612,5761.1931,3942.0212,249.56906,106.89119,106.89119,106.89119,5834.4292,5725.7588,5723.3913,431.64571,1.6966378
6857000.0,1636.4357,5767.2712,3946.8886,249.87721,106.89119,106.89119,106.89119,5872.3256,5736.2595,5693.2284,437.14655,1.6966378
6858000.0,1612.398,5753.2184,3943.0934,249.63694,106.89119,106.89119,106.89119,5811.269,5730.0467,5718.3396,385.24706,1.6966378
6859000.0,1667.2609,5780.1217,3898.5772,246.81862,106.89119,106.89119,106.89119,5758.6408,5847.1295,5734.5949,387.06107,1.6966378
6860000.0,1648.6845,5756.8334,3971.355,251.42618,106.89119,106.89119,106.89119,5764.3324,5785.3128,5720.8552,382.5205,1.6966378
6861000.0,1546.7919,5758.5414,3957.9625,250.57829,106.89119,106.89119,106.89119,5835.6887,5731.4181,5708.5175,370.24449,1.6966378
6862000.0,1590.876,5799.1556,3914.1255,247.80298,106.89119,106.89119,106.89119,5849.522,5785.8069,5762.138,415.16135,1.6966378
6863000.0,1654.4438,5789.6079,3919.4466,248.13986,106.89119,106.89119,106.89119,5806.4403,5792.577,5769.8065,425.32379,1.6966378
6864000.0,1722.592,5783.4198,3950.73,250.12041,106.89119,106.89119,106.89119,5817.044,5774.3241,5758.8914,421.34273,1.6966378
6865000.0,1717.4409,5810.2461,3958.9002,250.63767,106.89119,106.89119,106.89119,5832.8465,5798.4195,5799.4724,396.80685,1.6966378
6866000.0,1603.4806,5770.6497,3922.9052,248.35882,106.89119,106.89119,106.89119,5839.6117,5741.9608,5730.3767,365.21576,1.6966378
6867000.0,1724.2743,5788.2335,3882.1999,245.78178,106.89119,106.89119,106.89119,5780.6285,5833.3211,5750.7511,390.12712,1.6966378
6868000.0,1617.4858,5757.1262,3995.3073,252.94259,106.89119,106.89119,106.89119,5797.0601,5744.5293,5729.789,372.66132,1.6966378
6869000.0,1657.642,5757.1436,3907.499,247.38346,106.89119,106.89119,106.89119,5760.0567,5798.5115,5712.8626,398.10172,1.6966378
6870000.0,1688.6654,5772.3934,3947.0549,249.88774,106.89119,106.89119,106.89119,5825.1743,5719.0155,5772.9905,436.94318,1.6966378
6871000.0,1710.0886,5780.4333,3955.54,250.42493,106.89119,106.89119,106.89119,5832.191,5756.8147,5752.2944,440.28551,1.6966378
6872000.0,1651.1258,5757.034,3961.9246,250.82914,106.89119,106.89119,106.89119,5804.4958,5789.2,5677.4062,415.38913,1.6966378
6873000.0,1615.2059,5765.5175,3975.833,251.70967,106.89119,106.89119,106.89119,5838.811,5743.0042,5714.7373,387.46842,1.6966378
6874000.0,1672.858,5763.6702,4016.9605,254.31346,106.89119,106.89119,106.89119,5776.4035,5770.5586,5744.0486,383.64001,1.6966378
6875000.0,1573.6224,5747.4607,3929.5692,248.78072,106.89119,106.89119,106.89119,5795.8089,5738.8006,5707.7727,377.41793,1.6966378
6876000.0,1620.6684,5772.7247,4008.9978,253.80934,106.89119,106.89119,106.89119,5769.7717,5815.3016,5733.1008,386.43239,1.6966378
6877000.0,1677.1318,5797.7255,3879.6353,245.61941,106.89119,106.89119,106.89119,5811.2218,5797.7869,5784.1679,423.09048,1.6966378
6878000.0,1691.9821,5778.0254,3958.4109,250.60668,106.89119,106.89119,106.89119,5845.8751,5742.8267,5745.3745,443.90311,1.6966378
6879000.0,1546.2477,5773.8123,3956.9032,250.51123,106.89119,106.89119,106.89119,5810.0991,5793.7892,5717.5487,448.51198,1.6966378
6880000.0,1573.9875,5756.8105,3932.7772,248.98382,106.89119,106.89119,106.89119,5791.3631,5728.4591,5750.6091,434.0605,1.6966378
6881000.0,1688.5461,5772.4007,3896.1998,246.6681,106.89119,106.89119,106.89119,5809.6245,5768.3622,5739.2155,367.94845,1.6966378
6882000.0,1667.3988,5776.9372,3894.0124,246.52962,106.89119,106.89119,106.89119,5833.0334,5789.1121,5708.6661,373.45781,1.6966378
6883000.0,1616.0193,5780.7492,3970.2246,251.35461,106.89119,106.89119,106.89119,5755.5821,5821.3312,5765.3342,361.7183,1.6966378
6884000.0,1601.3927,5749.2965,3924.2177,248.44192,106.89119,106.89119,106.89119,5740.1737,5785.9541,5721.7616,341.32147,1.6966378
6885000.0,1641.5327,5762.1167,3924.824,248.4803,106.89119,106.89119,106.89119,5721.3508,5793.4776,5771.5218,375.20292,1.6966378
6886000.0,1646.7464,5776.3873,4001.1476,253.31234,106.89119,106.89119,106.89119,5775.4967,5790.2807,5763.3845,378.35532,1.6966378
6887000.0,1581.0935,5774.59,3899.7079,246.8902,106.89119,106.89119,106.89119,5789.0416,5829.0178,5705.7105,377.23197,1.6966378
6888000.0,1602.7103,5770.9434,4015.6778,254.23225,106.89119,106.89119,106.89119,5815.5993,5774.8184,5722.4123,331.06478,1.6966378
6889000.0,1554.7116,5758.5967,3945.1713,249.76849,106.89119,106.89119,106.89119,5751.876,5814.0783,5709.8357,341.27677,1.6966378
6890000.0,1584.6516,5748.6487,3970.2004,251.35308,106.89119,106.89119,106.89119,5755.1185,5777.102,5713.7255,337.07405,1.6966378
6891000.0,1681.7834,5768.2145,3934.9359,249.12048,106.89119,106.89119,106.89119,5819.1158,5749.7986,5735.7291,362.49852,1.6966378
6892000.0,1671.2927,5793.7572,3892.9116,246.45993,106.89119,106.89119,106.89119,5800.408,5796.271,5784.5925,380.98423,1.6966378
6893000.0,1696.1569,5755.5424,3917.1653,247.99543,106.89119,106.89119,106.89119,5726.5059,5769.1474,5770.9738,382.26453,1.6966378
6894000.0,1585.5009,5731.4912,3941.9297,249.56326,106.89119,106.89119,106.89119,5709.8053,5778.1091,5706.5593,352.68506,1.6966378
6895000.0,1614.0329,5741.8205,3943.2091,249.64426,106.89119,106.89119,106.89119,5746.8277,5729.5856,5749.0482,363.56174,1.6966378
6896000.0,1676.8925,5786.206,3990.7915,252.6567,106.89119,106.89119,106.89119,5784.7731,5810.4588,5763.3862,342.01165,1.6966378
6897000.0,1650.5179,5771.4265,3973.9896,251.59297,106.89119,106.89119,106.89119,5808.4335,5762.0335,5743.8125,360.79381,1.6966378
6898000.0,1666.7011,5787.6342,4017.8947,254.3726,106.89119,106.89119,106.89119,5806.5652,5776.6649,5779.6726,374.54525,1.6966378
6899000.0,1715.0506,5788.9412,3965.3168,251.0439,106.89119,106.89119,106.89119,5829.5087,5775.0079,5762.3071,358.56393,1.6966378
6900000.0,1700.0871,5785.8311,3920.7773,248.2241,106.89119,106.89119,106.89119,5769.043,5817.4502,5771.0002,352.85892,1.6966378
6901000.0,1693.1417,5792.5752,3999.2941,253.195,106.89119,106.89119,106.89119,5801.8964,5833.1733,5742.656,346.82659,1.6966378
6902000.0,1590.2873,5768.5857,3930.6445,248.84879,106.89119,106.89119,106.89119,5800.2699,5740.3227,5765.1645,349.95075,1.6966378
6903000.0,1618.3866,5779.1702,3972.5932,251.50457,106.89119,106.89119,106.89119,5810.2324,5818.6445,5708.6335,373.98394,1.6966378
6904000.0,1658.9935,5767.4694,3925.746,248.53867,106.89119,106.89119,106.89119,5759.5746,5749.7404,5793.0933,379.97921,1.6966378
6905000.0,1620.2195,5757.3621,3906.5057,247.32057,106.89119,106.89119,106.89119,5766.0154,5793.4219,5712.6489,373.75975,1.6966378
6906000.0,1685.7158,5762.4871,3921.8717,248.29339,106.89119,106.89119,106.89119,5735.3336,5860.8679,5691.2599,384.96773,1.6966378
6907000.0,1639.9465,5775.0726,3969.1839,251.28872,106.89119,106.89119,106.89119,5786.5657,5815.2563,5723.3956,380.22665,1.6966378
6908000.0,1675.8045,5792.2411,4011.9517,253.99635,106.89119,106.89119,106.89119,5821.0975,5800.1265,5755.4992,378.09314,1.6966378
6909000.0,1606.2686,5754.8228,3932.7415,248.98156,106.89119,106.89119,106.89119,5761.1828,5824.422,5678.8635,434.86599,1.6966378
6910000.0,1689.4946,5763.5144,3975.57,251.69303,106.89119,106.89119,106.89119,5759.6543,5808.1929,5722.6959,431.69937,1.6966378
6911000.0,1628.6396,5770.8112,3948.2716,249.96477,106.89119,106.89119,106.89119,5795.2702,5829.3112,5687.8521,406.1305,1.6966378
6912000.0,1658.917,5771.8714,4022.3509,254.65472,106.89119,106.89119,106.89119,5817.402,5782.5635,5715.6486,342.51665,1.6966378
6913000.0,1693.9462,5801.8493,4037.7432,255.62921,106.89119,106.89119,106.89119,5754.8756,5889.3286,5761.3438,337.31491,1.6966378
6914000.0,1610.142,5776.4463,3912.9272,247.72712,106.89119,106.89119,106.89119,5811.9416,5797.0075,5720.3897,336.46975,1.6966378
6915000.0,1596.9154,5751.8699,3924.8728,248.48339,106.89119,106.89119,106.89119,5825.0736,5766.4254,5664.1105,380.64812,1.6966378
6916000.0,1632.4154,5759.9013,3940.388,249.46566,106.89119,106.89119,106.89119,5848.9001,5754.9123,5675.8913,384.28998,1.6966378
6917000.0,1610.095,5761.6399,4021.3059,254.58856,106.89119,106.89119,106.89119,5812.8792,5739.7478,5732.2929,362.00069,1.6966378
6918000.0,1603.5253,5782.1879,3956.1147,250.46131,106.89119,106.89119,106.89119,5795.2072,5830.0837,5721.2727,361.00815,1.6966378
6919000.0,1580.5827,5745.5339,3950.3995,250.09948,106.89119,106.89119,106.89119,5747.7091,5758.6129,5730.2796,350.86991,1.6966378
6920000.0,1671.7128,5802.0649,4022.0129,254.63332,106.89119,106.89119,106.89119,5790.5432,5828.6003,5787.0513,383.44018,1.6966378
6921000.0,1551.1942,5732.5075,3950.7666,250.12272,106.89119,106.89119,106.89119,5795.3792,5722.4683,5679.675,427.68813,1.6966378
6922000.0,1735.9961,5803.4578,3943.9461,249.69092,106.89119,106.89119,106.89119,5850.4125,5817.0215,5742.9395,418.73987,1.6966378
6923000.0,1610.0251,5764.0805,3901.9813,247.03413,106.89119,106.89119,106.89119,5768.5373,5826.2891,5697.4152,406.67869,1.6966378
6924000.0,1615.975,5790.5983,3964.1516,250.97013,106.89119,106.89119,106.89119,5787.0192,5819.8277,5764.9481,374.98521,1.6966378
6925000.0,1615.7249,5763.4525,4040.3111,255.79178,106.89119,106.89119,106.89119,5767.1005,5810.6195,5712.6374,381.90008,1.6966378
6926000.0,1652.4613,5773.6366,3938.5016,249.34623,106.89119,106.89119,106.89119,5821.72,5783.9881,5715.2018,379.32773,1.6966378
6927000.0,1640.6854,5746.3463,3970.8469,251.39401,106.89119,106.89119,106.89119,5804.3248,5778.6945,5656.0197,384.59325,1.6966378
6928000.0,1616.2338,5775.6811,3934.598,249.09909,106.89119,106.89119,106.89119,5814.0495,5830.707,5682.2869,405.32354,1.6966378
6929000.0,1640.1335,5772.1253,3978.102,251.85333,106.89119,106.89119,106.89119,5754.6227,5830.6162,5731.137,411.89764,1.6966378
6930000.0,1628.3583,5754.4815,3937.8091,249.30238,106.89119,106.89119,106.89119,5746.4539,5760.9655,5756.0253,358.34562,1.6966378
6931000.0,1587.5702,5760.4588,3881.3824,245.73002,106.89119,106.89119,106.89119,5828.5202,5714.717,5738.1393,345.21143,1.6966378
6932000.0,1672.8587,5787.6763,3952.1922,250.21298,106.89119,106.89119,106.89119,5817.8455,5808.5681,5736.6153,349.45989,1.6966378
6933000.0,1699.4156,5771.0992,3949.1747,250.02194,106.89119,106.89119,106.89119,5814.6385,5779.9777,5718.6813,364.88856,1.6966378
6934000.0,1607.1156,5759.8265,3917.8395,248.03811,106.89119,106.89119,106.89119,5761.4339,5824.6266,5693.419,376.38991,1.6966378
6935000.0,1627.7728,5755.8779,3904.8037,247.21282,106.89119,106.89119,106.89119,5756.748,5790.9682,5719.9176,374.22186,1.6966378
6936000.0,1695.7275,5792.6,3966.2385,251.10225,106.89119,106.89119,106.89119,5798.1248,5840.3738,5739.3014,328.36794,1.6966378
6937000.0,1694.7815,5784.4954,3980.4454,252.00169,106.89119,106.89119,106.89119,5850.1475,5718.1895,5785.1491,332.94585,1.6966378
6938000.0,1654.6368,5800.3079,4016.4201,254.27924,106.89119,106.89119,106.89119,5836.0177,5837.846,5727.06,335.52449,1.6966378
6939000.0,1627.0918,5777.6128,4062.0962,257.17099,106.89119,106.89119,106.89119,5788.7032,5796.576,5747.5591,338.18609,1.6966378
6940000.0,1697.4317,5801.2478,3954.8499,250.38124,106.89119,106.89119,106.89119,5844.4037,5791.8853,5767.4543,352.07362,1.6966378
6941000.0,1747.7962,5793.0912,3915.6452,247.89919,106.89119,106.89119,106.89119,5823.5739,5809.1367,5746.5629,372.92065,1.6966378
6942000.0,1660.0912,5781.7641,3988.5289,252.51345,106.89119,106.89119,106.89119,5832.499,5768.7357,5744.0575,380.20518,1.6966378
6943000.0,1634.2368,5759.6548,3943.0285,249.63283,106.89119,106.89119,106.89119,5767.2943,5829.1577,5682.5124,393.95958,1.6966378
6944000.0,1608.7758,5770.0118,3982.5087,252.13231,106.89119,106.89119,106.89119,5791.504,5811.4621,5707.0694,435.35037,1.6966378
6945000.0,1648.4332,5795.5028,3933.8595,249.05234,106.89119,106.89119,106.89119,5861.0277,5781.1358,5744.3449,427.79892,1.6966378
6946000.0,1599.8949,5760.3749,3921.9021,248.29531,106.89119,106.89119,106.89119,5790.4928,5796.273,5694.3588,402.04081,1.6966378
6947000.0,1573.8407,5762.0137,3977.0893,251.78922,106.89119,106.89119,106.89119,5792.0361,5784.9756,5709.0295,396.82892,1.6966378
6948000.0,1676.4209,5750.3393,3906.0943,247.29452,106.89119,106.89119,106.89119,5705.9163,5807.9555,5737.1461,401.19675,1.6966378
6949000.0,1606.7078,5796.3555,3975.5497,251.69174,106.89119,106.89119,106.89119,5802.0545,5796.4023,5790.6098,394.61698,1.6966378
6950000.0,1662.6276,5786.1087,3967.0809,251.15558,106.89119,106.89119,106.89119,5860.9276,5826.545,5670.8535,431.00266,1.6966378
6951000.0,1610.4284,5782.903,3887.7942,246.13595,106.89119,106.89119,106.89119,5815.2917,5822.1763,5711.2411,438.89611,1.6966378
6952000.0,1601.9869,5775.7205,3920.2187,248.18874,106.89119,106.89119,106.89119,5765.0503,5771.8782,5790.2329,437.63104,1.6966378
6953000.0,1666.138,5797.7304,4028.1216,255.02007,106.89119,106.89119,106.89119,5804.1826,5854.7065,5734.3021,359.89553,1.6966378
6954000.0,1628.4344,5758.6106,3954.5495,250.36222,106.89119,106.89119,106.89119,5710.1355,5804.1685,5761.5277,370.16152,1.6966378
6955000.0,1619.4307,5777.6351,3898.1649,246.79252,106.89119,106.89119,106.89119,5790.7768,5821.6885,5720.44,379.35117,1.6966378
6956000.0,1646.4331,5761.593,3972.4862,251.49779,106.89119,106.89119,106.89119,5786.4629,5812.4168,5685.8994,416.79747,1.6966378
6957000.0,1629.8957,5779.9444,3991.071,252.6744,106.89119,106.89119,106.89119,5787.5544,5843.9856,5708.2932,434.05616,1.6966378
6958000.0,1587.7311,5770.7778,3931.0729,248.87592,106.89119,106.89119,106.89119,5768.3045,5813.6529,5730.3761,439.59689,1.6966378
6959000.0,1745.1121,5815.0041,3956.3638,250.47708,106.89119,106.89119,106.89119,5782.2659,5904.6561,5758.0904,392.44354,1.6966378
6960000.0,1634.6912,5777.53,3940.0335,249.44321,106.89119,106.89119,106.89119,5803.0106,5826.0965,5703.4828,387.38884,1.6966378
6961000.0,1641.701,5769.7221,3957.9557,250.57787,106.89119,106.89119,106.89119,5756.4335,5772.9035,5779.8294,383.55442,1.6966378
6962000.0,1663.9667,5787.5505,3935.365,249.14765,106.89119,106.89119,106.89119,5788.5227,5813.3118,5760.8169,398.61889,1.6966378
6963000.0,1626.278,5738.5057,3946.8711,249.8761,106.89119,106.89119,106.89119,5734.2063,5782.7049,5698.606,430.17568,1.6966378
6964000.0,1557.8879,5756.5715,3902.6138,247.07417,106.89119,106.89119,106.89119,5765.7327,5773.0234,5730.9583,428.92366,1.6966378
6965000.0,1601.3135,5739.5117,3967.8483,251.20417,106.89119,106.89119,106.89119,5782.1411,5736.1431,5700.2508,377.96542,1.6966378
6966000.0,1626.7202,5783.6791,3955.167,250.40131,106.89119,106.89119,106.89119,5788.6172,5772.0108,5790.4093,374.74922,1.6966378
6967000.0,1602.5079,5746.7359,3936.843,249.24122,106.89119,106.89119,106.89119,5800.3493,5746.1853,5693.673,381.84179,1.6966378
6968000.0,1625.6123,5791.3886,4009.0898,253.81516,106.89119,106.89119,106.89119,5840.1712,5755.6507,5778.3437,393.43214,1.6966378
6969000.0,1661.3845,5783.9986,3981.1285,252.04494,106.89119,106.89119,106.89119,5823.4825,5765.2337,5763.2796,426.28863,1.6966378
6970000.0,1617.3271,5759.0398,3984.2688,252.24374,106.89119,106.89119,106.89119,5770.0763,5779.648,5727.3951,428.65818,1.6966378
6971000.0,1623.2212,5784.1285,3956.3061,250.47343,106.89119,106.89119,106.89119,5776.6428,5819.6374,5756.1053,388.35819,1.6966378
6972000.0,1622.3619,5782.0672,3888.7672,246.19755,106.89119,106.89119,106.89119,5836.664,5847.917,5661.6204,382.69853,1.6966378
6973000.0,1651.88,5764.2041,3939.582,249.41463,106.89119,106.89119,106.89119,5834.2302,5738.3157,5720.0664,385.31958,1.6966378
6974000.0,1614.8483,5758.4116,3901.9551,247.03247,106.89119,106.89119,106.89119,5786.6897,5802.3784,5686.1666,389.18901,1.6966378
6975000.0,1631.0611,5786.4796,3960.8056,250.7583,106.89119,106.89119,106.89119,5798.83,5793.092,5767.5167,435.38821,1.6966378
6976000.0,1555.7025,5745.5201,3956.2134,250.46757,106.89119,106.89119,106.89119,5800.3748,5723.0721,5713.1132,434.60728,1.6966378
6977000.0,1637.7515,5783.8892,3956.6013,250.49212,106.89119,106.89119,106.89119,5831.1471,5815.1029,5705.4177,418.59691,1.6966378
6978000.0,1691.9901,5775.1755,3926.3056,248.5741,106.89119,106.89119,106.89119,5780.7101,5771.7272,5773.0891,378.44249,1.6966378
6979000.0,1627.5912,5751.1685,3974.7761,251.64277,106.89119,106.89119,106.89119,5782.5182,5772.3791,5698.6083,375.8911,1.6966378
6980000.0,1553.685,5747.0578,3948.6725,249.99015,106.89119,106.89119,106.89119,5718.0988,5800.0743,5723.0003,371.6071,1.6966378
6981000.0,1659.9823,5790.4349,3984.1801,252.23813,106.89119,106.89119,106.89119,5775.1193,5824.6376,5771.5478,402.41626,1.6966378
6982000.0,1634.4704,5775.2405,3949.3721,250.03444,106.89119,106.89119,106.89119,5728.1928,5814.0752,5783.4535,415.70107,1.6966378
6983000.0,1671.7936,5784.4224,3924.4305,248.45539,106.89119,106.89119,106.89119,5794.2747,5838.0082,5720.9844,419.8341,1.6966378
6984000.0,1642.7642,5781.8786,3869.6954,244.99011,106.89119,106.89119,106.89119,5798.4918,5791.2477,5755.8963,343.34773,1.6966378
6985000.0,1655.5723,5785.1347,3858.6971,244.29381,106.89119,106.89119,106.89119,5761.2483,5829.1183,5765.0374,335.05694,1.6966378
6986000.0,1672.5558,5782.2558,3957.3671,250.5406,106.89119,106.89119,106.89119,5781.2901,5866.6053,5698.872,332.66967,1.6966378
6987000.0,1705.0532,5787.3726,3977.6301,251.82345,106.89119,106.89119,106.89119,5832.8014,5818.124,5711.1925,352.56217,1.6966378
6988000.0,1653.0476,5772.7111,3981.5616,252.07236,106.89119,106.89119,106.89119,5800.0552,5808.424,5709.654,375.39013,1.6966378
6989000.0,1579.3477,5767.5529,3951.884,250.19347,106.89119,106.89119,106.89119,5787.6498,5797.2349,5717.7738,372.93019,1.6966378
6990000.0,1642.5991,5771.9738,3915.079,247.86335,106.89119,106.89119,106.89119,5825.2815,5784.6642,5705.9758,361.67771,1.6966378
6991000.0,1543.0534,5748.7213,3954.2645,250.34418,106.89119,106.89119,106.89119,5780.2846,5784.7618,5681.1174,319.17729,1.6966378
6992000.0,1674.4695,5771.3471,3937.7541,249.29891,106.89119,106.89119,106.89119,5805.7761,5771.4486,5736.8166,307.92532,1.6966378
6993000.0,1579.2417,5783.5485,4002.5653,253.4021,106.89119,106.89119,106.89119,5831.8003,5818.8324,5700.0128,312.3195,1.6966378
6994000.0,1644.7125,5780.6218,4020.3191,254.52609,106.89119,106.89119,106.89119,5782.5785,5807.2682,5752.0187,361.69955,1.6966378
6995000.0,1643.2709,5765.911,3902.8347,247.08816,106.89119,106.89119,106.89119,5772.3958,5806.5006,5718.8367,347.43286,1.6966378
6996000.0,1631.418,5792.0951,3940.5595,249.47652,106.89119,106.89119,106.89119,5790.9089,5877.3167,5708.0596,342.75958,1.6966378
6997000.0,1641.7402,5782.5418,4056.2203,256.79899,106.89119,106.89119,106.89119,5795.5823,5835.1081,5716.935,324.64206,1.6966378
6998000.0,1650.7976,5784.3839,3872.9909,245.19875,106.89119,106.89119,106.89119,5800.4151,5795.2278,5757.5086,339.20933,1.6966378
6999000.0,1656.868,5791.3695,3951.3755,250.16127,106.89119,106.89119,106.89119,5820.3227,5834.5646,5719.2213,338.73223,1.6966378
7000000.0,1620.8271,5760.7751,3946.3491,249.84305,106.89119,106.89119,106.89119,5746.2436,5811.1855,5724.8963,368.64518,1.6966378
7001000.0,1617.3084,5750.1601,3905.2688,247.24226,106.89119,106.89119,106.89119,5747.3467,5764.6508,5738.4827,424.13791,1.6966378
7002000.0,1663.0892,5802.138,4008.8253,253.79842,106.89119,106.89119,106.89119,5851.7896,5823.6614,5730.963,421.34636,1.6966378
7003000.0,1699.5392,5805.7473,3913.3083,247.75124,106.89119,106.89119,106.89119,5809.3593,5877.1235,5730.7592,362.27701,1.6966378
7004000.0,1652.0666,5812.1601,4010.1954,253.88516,106.89119,106.89119,106.89119,5903.7391,5783.7573,5748.9839,312.07826,1.6966378
7005000.0,1676.483,5802.9264,3960.29,250.72565,106.89119,106.89119,106.89119,5886.946,5814.0045,5707.8286,313.70169,1.6966378
7006000.0,1628.8345,5773.7459,3968.0401,251.21631,106.89119,106.89119,106.89119,5803.7442,5844.2976,5673.1958,325.13238,1.6966378
7007000.0,1654.2786,5783.1721,3943.5797,249.66772,106.89119,106.89119,106.89119,5808.392,5769.3995,5771.7248,350.79147,1.6966378
7008000.0,1692.0782,5797.6921,4006.4314,253.64686,106.89119,106.89119,106.89119,5809.2963,5814.4883,5769.2917,355.77733,1.6966378
7009000.0,1635.8273,5785.752,4020.7358,254.55247,106.89119,106.89119,106.89119,5800.4756,5828.9365,5727.8438,346.76973,1.6966378
7010000.0,1629.1418,5784.5116,3881.924,245.76431,106.89119,106.89119,106.89119,5835.7195,5811.9277,5705.8876,371.87753,1.6966378
7011000.0,1635.0718,5788.5202,3921.3395,248.2597,106.89119,106.89119,106.89119,5830.2239,5783.7351,5751.6016,381.49198,1.6966378
7012000.0,1552.6451,5750.1288,3951.7803,250.1869,106.89119,106.89119,106.89119,5793.2102,5771.2732,5685.903,377.2462,1.6966378
7013000.0,1716.93,5778.4912,3988.0377,252.48236,106.89119,106.89119,106.89119,5820.9691,5825.8804,5688.624,389.85828,1.6966378
7014000.0,1647.0061,5763.0377,3936.0317,249.18986,106.89119,106.89119,106.89119,5800.7304,5761.3704,5727.0123,396.28339,1.6966378
7015000.0,1681.9226,5784.3124,3947.1035,249.89082,106.89119,106.89119,106.89119,5806.3253,5841.0642,5705.5476,385.36743,1.6966378
7016000.0,1658.0426,5776.9892,3998.3148,253.133,106.89119,106.89119,106.89119,5792.3244,5795.0112,5743.6321,396.97373,1.6966378
7017000.0,1651.8645,5770.1171,3983.5698,252.19949,106.89119,106.89119,106.89119,5815.0607,5793.2662,5702.0245,344.18622,1.6966378
7018000.0,1652.6548,5786.5743,3994.8554,252.91398,106.89119,106.89119,106.89119,5785.8222,5779.8487,5794.0519,320.50597,1.6966378
7019000.0,1586.1722,5763.129,4051.8293,256.521,106.89119,106.89119,106.89119,5734.5464,5851.5685,5703.2721,316.54271,1.6966378
7020000.0,1621.5767,5755.8428,3930.4821,248.83851,106.89119,106.89119,106.89119,5839.9081,5756.4183,5671.202,335.4902,1.6966378
7021000.0,1616.6354,5748.1609,3955.8634,250.44541,106.89119,106.89119,106.89119,5782.4451,5751.0464,5710.9912,345.04303,1.6966378
7022000.0,1642.8256,5754.4663,3998.7877,253.16294,106.89119,106.89119,106.89119,5850.677,5724.9254,5687.7965,341.84655,1.6966378
7023000.0,1670.6086,5758.9069,3976.5213,251.75325,106.89119,106.89119,106.89119,5828.5582,5739.3622,5708.8003,331.31848,1.6966378
7024000.0,1636.1514,5765.0884,3989.4185,252.56978,106.89119,106.89119,106.89119,5805.0437,5788.1749,5702.0467,351.09068,1.6966378
7025000.0,1606.6338,5737.9009,3899.4603,246.87453,106.89119,106.89119,106.89119,5761.5498,5769.2256,5682.9273,365.79259,1.6966378
7026000.0,1526.4744,5738.2782,3950.065,250.07831,106.89119,106.89119,106.89119,5803.2317,5743.7759,5667.8269,397.09178,1.6966378
7027000.0,1615.5937,5762.4781,3922.7868,248.35132,106.89119,106.89119,106.89119,5750.8988,5804.3934,5732.1421,436.65238,1.6966378
7028000.0,1692.5013,5802.8822,3944.2617,249.7109,106.89119,106.89119,106.89119,5817.1822,5834.2714,5757.193,432.19234,1.6966378
7029000.0,1560.5074,5731.9637,4007.6602,253.72465,106.89119,106.89119,106.89119,5791.8094,5732.6293,5671.4525,396.77219,1.6966378
7030000.0,1633.346,5770.1996,3994.1958,252.87223,106.89119,106.89119,106.89119,5778.9768,5802.4772,5729.1448,349.60686,1.6966378
7031000.0,1691.2851,5782.8391,4027.7679,254.99767,106.89119,106.89119,106.89119,5821.2212,5781.2487,5746.0474,353.78211,1.6966378
7032000.0,1652.2448,5768.9633,3901.6887,247.01561,106.89119,106.89119,106.89119,5824.2554,5811.4324,5671.202,350.00735,1.6966378
7033000.0,1657.856,5783.6,3900.4291,246.93586,106.89119,106.89119,106.89119,5781.2028,5829.042,5740.5553,382.82625,1.6966378
7034000.0,1632.6689,5773.7883,3867.3857,244.84388,106.89119,106.89119,106.89119,5798.6358,5768.5153,5754.2139,377.51564,1.6966378
7035000.0,1601.3907,5749.9494,3923.3397,248.38633,106.89119,106.89119,106.89119,5770.3691,5748.3818,5731.0974,374.16351,1.6966378
7036000.0,1608.2909,5756.9463,3961.8934,250.82716,106.89119,106.89119,106.89119,5791.4741,5742.5005,5736.8644,361.13596,1.6966378
7037000.0,1598.8166,5756.6346,3935.5937,249.16213,106.89119,106.89119,106.89119,5821.7363,5784.2662,5663.9014,372.63222,1.6966378
7038000.0,1588.2663,5751.7502,3882.0689,245.77348,106.89119,106.89119,106.89119,5803.288,5755.2334,5696.7291,371.67991,1.6966378
7039000.0,1653.3781,5771.6342,3989.4202,252.56988,106.89119,106.89119,106.89119,5764.9257,5728.113,5821.8639,421.67319,1.6966378
7040000.0,1634.3804,5787.2984,3938.4495,249.34293,106.89119,106.89119,106.89119,5822.9911,5778.0084,5760.8958,425.82084,1.6966378
7041000.0,1621.0477,5778.1243,3946.0698,249.82537,106.89119,106.89119,106.89119,5761.9866,5813.8578,5758.5285,393.32905,1.6966378
7042000.0,1598.9629,5770.87,3942.6425,249.60839,106.89119,106.89119,106.89119,5779.4669,5778.2916,5754.8513,365.23892,1.6966378
7043000.0,1651.4139,5785.157,3962.5201,250.86684,106.89119,106.89119,106.89119,5794.2778,5779.9617,5781.2315,385.13275,1.6966378
7044000.0,1710.6429,5809.9198,3962.2147,250.8475,106.89119,106.89119,106.89119,5809.9338,5821.6306,5798.1949,374.60805,1.6966378
7045000.0,1627.9775,5761.8283,3979.2611,251.92671,106.89119,106.89119,106.89119,5775.4056,5760.9132,5749.166,417.98592,1.6966378
7046000.0,1647.0698,5747.955,3903.6342,247.13878,106.89119,106.89119,106.89119,5765.1143,5773.6345,5705.1162,414.32549,1.6966378
7047000.0,1617.4204,5777.6038,4022.4073,254.65829,106.89119,106.89119,106.89119,5834.8365,5750.4401,5747.5347,402.10603,1.6966378
7048000.0,1599.3401,5758.732,3928.2114,248.69476,106.89119,106.89119,106.89119,5789.7851,5762.2391,5724.1717,349.25007,1.6966378
7049000.0,1641.2676,5769.9785,3914.9683,247.85634,106.89119,106.89119,106.89119,5776.0979,5800.6832,5733.1545,360.81932,1.6966378
7050000.0,1599.3869,5743.6346,3910.5944,247.57943,106.89119,106.89119,106.89119,5749.7511,5758.4125,5722.7401,361.40385,1.6966378
7051000.0,1575.1507,5748.9527,4004.9681,253.55422,106.89119,106.89119,106.89119,5788.5247,5750.6283,5707.7051,398.07239,1.6966378
7052000.0,1643.4346,5778.4577,3888.0216,246.15034,106.89119,106.89119,106.89119,5803.5067,5814.5772,5717.2893,394.52714,1.6966378
7053000.0,1556.4717,5742.9638,4016.2295,254.26718,106.89119,106.89119,106.89119,5689.9015,5813.8329,5725.1569,375.85679,1.6966378
7054000.0,1595.8805,5763.8663,4030.5328,255.17272,106.89119,106.89119,106.89119,5789.1213,5777.783,5724.6945,377.09633,1.6966378
7055000.0,1716.6488,5802.7837,3950.5113,250.10656,106.89119,106.89119,106.89119,5817.6334,5783.5037,5807.214,377.74666,1.6966378
7056000.0,1586.931,5777.7495,3912.083,247.67367,106.89119,106.89119,106.89119,5805.8829,5851.5089,5675.8566,392.24818,1.6966378
7057000.0,1720.6512,5795.1887,3888.1852,246.1607,106.89119,106.89119,106.89119,5866.9311,5733.1575,5785.4774,422.01246,1.6966378
7058000.0,1624.5196,5746.4582,3947.8195,249.93614,106.89119,106.89119,106.89119,5793.5659,5761.3082,5684.5006,433.57184,1.6966378
7059000.0,1624.1159,5777.2909,4013.4024,254.08819,106.89119,106.89119,106.89119,5816.4637,5786.1829,5729.2261,431.29046,1.6966378
7060000.0,1637.5725,5774.183,3959.9379,250.70336,106.89119,106.89119,106.89119,5817.0226,5774.7938,5730.7326,368.02254,1.6966378
7061000.0,1581.2681,5757.3424,3893.9743,246.52721,106.89119,106.89119,106.89119,5774.0126,5792.5562,5705.4583,372.74791,1.6966378
7062000.0,1616.9189,5809.945,3963.6354,250.93745,106.89119,106.89119,106.89119,5878.636,5799.3364,5751.8628,375.45304,1.6966378
7063000.0,1610.23,5757.9239,3914.9642,247.85608,106.89119,106.89119,106.89119,5811.9483,5755.5686,5706.2547,393.53702,1.6966378
7064000.0,1591.7712,5770.4726,3997.3224,253.07017,106.89119,106.89119,106.89119,5829.0292,5736.9195,5745.4692,417.20881,1.6966378
7065000.0,1555.0207,5770.4401,3959.4828,250.67455,106.89119,106.89119,106.89119,5749.8835,5748.1224,5813.3144,413.16797,1.6966378
7066000.0,1624.118,5758.0445,4032.4689,255.29529,106.89119,106.89119,106.89119,5794.661,5778.4684,5701.0042,377.56149,1.6966378
7067000.0,1588.7655,5750.0306,3957.9311,250.57631,106.89119,106.89119,106.89119,5822.061,5697.3539,5730.6771,383.15497,1.6966378
7068000.0,1594.8113,5752.6694,3945.6387,249.79808,106.89119,106.89119,106.89119,5767.4135,5748.9031,5741.6918,389.73912,1.6966378
7069000.0,1619.3393,5765.48,3964.333,250.98161,106.89119,106.89119,106.89119,5754.9192,5776.4375,5765.0834,396.65264,1.6966378
7070000.0,1622.9813,5761.5305,3942.9764,249.62953,106.89119,106.89119,106.89119,5793.0368,5798.9594,5692.5953,436.92381,1.6966378
7071000.0,1712.6267,5784.4342,3950.4052,250.09985,106.89119,106.89119,106.89119,5790.8593,5790.4677,5771.9757,436.38129,1.6966378
7072000.0,1631.5965,5759.641,3958.5065,250.61274,106.89119,106.89119,106.89119,5825.398,5827.5168,5626.008,400.054,1.6966378
7073000.0,1663.622,5788.9041,3998.344,253.13485,106.89119,106.89119,106.89119,5834.1897,5786.1958,5746.3267,375.8091,1.6966378
7074000.0,1617.4412,5765.2477,3944.4651,249.72378,106.89119,106.89119,106.89119,5777.975,5811.3259,5706.4423,369.95984,1.6966378
7075000.0,1548.2589,5726.6197,3985.3695,252.31344,106.89119,106.89119,106.89119,5808.8462,5724.5693,5646.4435,365.82153,1.6966378
7076000.0,1573.1779,5750.7646,3912.2691,247.68545,106.89119,106.89119,106.89119,5752.1376,5809.6781,5690.478,371.35326,1.6966378
7077000.0,1570.5632,5746.5866,3973.9473,251.59029,106.89119,106.89119,106.89119,5730.019,5749.9907,5759.7501,363.61627,1.6966378
7078000.0,1585.848,5747.6545,3876.2026,245.40208,106.89119,106.89119,106.89119,5729.4308,5759.6498,5753.8829,376.63197,1.6966378
7079000.0,1665.6766,5765.3859,3923.5282,248.39826,106.89119,106.89119,106.89119,5793.1049,5773.5391,5729.5136,346.63499,1.6966378
7080000.0,1624.5367,5776.3476,3926.7997,248.60538,106.89119,106.89119,106.89119,5819.6281,5803.5228,5705.892,339.52924,1.6966378
7081000.0,1645.9585,5780.7376,3967.5531,251.18548,106.89119,106.89119,106.89119,5815.6546,5795.9791,5730.5792,342.71613,1.6966378
7082000.0,1543.5363,5735.6462,3944.1864,249.70613,106.89119,106.89119,106.89119,5800.2566,5706.9386,5699.7433,346.52419,1.6966378
7083000.0,1634.2135,5787.2915,3953.167,250.27469,106.89119,106.89119,106.89119,5820.3915,5752.847,5788.6361,385.25082,1.6966378
7084000.0,1602.9578,5757.077,3999.3923,253.20121,106.89119,106.89119,106.89119,5795.1736,5777.4616,5698.5957,391.91371,1.6966378
7085000.0,1587.0638,5769.6071,3819.8606,241.83508,106.89119,106.89119,106.89119,5834.457,5735.1369,5739.2274,389.71027,1.6966378
7086000.0,1660.1758,5796.2783,3888.4142,246.1752,106.89119,106.89119,106.89119,5895.6884,5711.2135,5781.9331,364.02043,1.6966378
7087000.0,1549.065,5736.6687,3885.7761,246.00818,106.89119,106.89119,106.89119,5746.2869,5699.0948,5764.6245,366.79331,1.6966378
7088000.0,1616.4226,5756.2258,3981.31,252.05642,106.89119,106.89119,106.89119,5836.8225,5696.2861,5735.5688,362.88357,1.6966378
7089000.0,1592.1335,5751.0556,3959.2699,250.66107,106.89119,106.89119,106.89119,5799.952,5731.574,5721.6409,337.75287,1.6966378
7090000.0,1631.1381,5773.9899,3907.5142,247.38442,106.89119,106.89119,106.89119,5772.3124,5787.5317,5762.1257,426.11802,1.6966378
7091000.0,1635.1201,5784.9546,3875.6473,245.36693,106.89119,106.89119,106.89119,5805.1151,5773.8963,5775.8525,438.08942,1.6966378
7092000.0,1663.5298,5783.867,3976.9023,251.77737,106.89119,106.89119,106.89119,5814.0784,5796.8337,5740.6889,436.77853,1.6966378
7093000.0,1682.6939,5788.0088,3906.9236,247.34703,106.89119,106.89119,106.89119,5820.053,5771.8797,5772.0939,367.78631,1.6966378
7094000.0,1678.974,5799.9525,3970.0758,251.34519,106.89119,106.89119,106.89119,5758.3214,5837.4483,5804.0876,375.8654,1.6966378
7095000.0,1544.1295,5758.1488,3941.093,249.51029,106.89119,106.89119,106.89119,5761.1866,5740.5655,5772.6943,376.69225,1.6966378
7096000.0,1673.6324,5783.5934,3917.559,248.02035,106.89119,106.89119,106.89119,5836.4995,5796.78,5717.5008,396.69808,1.6966378
7097000.0,1522.7032,5748.9925,3938.9429,249.37417,106.89119,106.89119,106.89119,5791.546,5741.1067,5714.3247,418.31124,1.6966378
7098000.0,1612.977,5770.4777,3960.3686,250.73063,106.89119,106.89119,106.89119,5804.3663,5759.0992,5747.9675,424.81921,1.6966378
7099000.0,1588.693,5771.9707,3942.5491,249.60248,106.89119,106.89119,106.89119,5778.0222,5758.9562,5778.9338,329.82376,1.6966378
7100000.0,1663.345,5765.292,3998.353,253.13542,106.89119,106.89119,106.89119,5821.0863,5815.014,5659.7757,321.00194,1.6966378
7101000.0,1596.4804,5752.085,3926.6646,248.59683,106.89119,106.89119,106.89119,5746.2974,5834.0648,5675.8929,318.57918,1.6966378
7102000.0,1620.7661,5768.4569,3946.0216,249.82232,106.89119,106.89119,106.89119,5824.0058,5734.2481,5747.1169,322.85564,1.6966378
7103000.0,1634.1389,5763.6084,3935.7811,249.17399,106.89119,106.89119,106.89119,5785.5554,5728.5552,5776.7145,315.03488,1.6966378
7104000.0,1589.4159,5769.2177,3958.3403,250.60222,106.89119,106.89119,106.89119,5771.4983,5775.636,5760.5188,320.39776,1.6966378
7105000.0,1608.5255,5781.3295,4019.0656,254.44673,106.89119,106.89119,106.89119,5867.6958,5763.5508,5712.742,319.55935,1.6966378
7106000.0,1550.1467,5752.0672,3979.9281,251.96894,106.89119,106.89119,106.89119,5751.3589,5822.1875,5682.655,321.40578,1.6966378
7107000.0,1706.8322,5807.6106,3927.0915,248.62386,106.89119,106.89119,106.89119,5841.828,5824.9299,5756.0737,325.71324,1.6966378
7108000.0,1588.7767,5712.9031,3918.6113,248.08697,106.89119,106.89119,106.89119,5797.8136,5666.6297,5674.266,375.73035,1.6966378
7109000.0,1525.5987,5761.9682,3913.0621,247.73566,106.89119,106.89119,106.89119,5813.9946,5719.2562,5752.6536,366.83807,1.6966378
7110000.0,1560.1381,5748.9477,3882.0881,245.7747,106.89119,106.89119,106.89119,5740.1703,5717.6732,5788.9996,382.84634,1.6966378
7111000.0,1584.5543,5783.7189,3942.1043,249.57432,106.89119,106.89119,106.89119,5747.4231,5791.4262,5812.3073,418.15768,1.6966378
7112000.0,1682.5736,5789.8371,3905.7103,247.27022,106.89119,106.89119,106.89119,5776.5456,5812.2558,5780.7098,423.86901,1.6966378
7113000.0,1642.0722,5769.3635,3946.8631,249.87559,106.89119,106.89119,106.89119,5738.9345,5791.4597,5777.6964,400.90492,1.6966378
7114000.0,1562.3379,5740.6432,3876.0236,245.39075,106.89119,106.89119,106.89119,5700.712,5772.8272,5748.3903,364.31417,1.6966378
7115000.0,1639.0486,5743.186,3914.0134,247.79588,106.89119,106.89119,106.89119,5738.3184,5803.2953,5687.9444,364.69852,1.6966378
7116000.0,1676.6037,5773.0662,3945.2514,249.77356,106.89119,106.89119,106.89119,5810.9054,5780.7583,5727.5348,366.30705,1.6966378
7117000.0,1565.807,5764.8606,3931.9658,248.93245,106.89119,106.89119,106.89119,5763.2483,5763.4172,5767.9163,412.77121,1.6966378
7118000.0,1673.6898,5794.6924,3915.9747,247.92005,106.89119,106.89119,106.89119,5865.3521,5758.5259,5760.1991,432.40066,1.6966378
7119000.0,1584.6564,5773.1329,3937.7732,249.30012,106.89119,106.89119,106.89119,5747.9864,5747.1074,5824.3049,429.15547,1.6966378
7120000.0,1636.4584,5795.7804,3939.381,249.40191,106.89119,106.89119,106.89119,5891.1311,5777.596,5718.614,354.41401,1.6966378
7121000.0,1659.1352,5785.631,4035.2154,255.46917,106.89119,106.89119,106.89119,5818.4514,5741.9473,5796.4942,382.6366,1.6966378
7122000.0,1630.5465,5764.1593,3974.5496,251.62842,106.89119,106.89119,106.89119,5751.3414,5743.0956,5798.041,367.05738,1.6966378
7123000.0,1656.2178,5779.4679,4023.8095,254.74707,106.89119,106.89119,106.89119,5759.9223,5759.0286,5819.4528,411.86269,1.6966378
7124000.0,1594.634,5759.2598,3901.0793,246.97702,106.89119,106.89119,106.89119,5791.579,5784.6483,5701.5522,435.44346,1.6966378
7125000.0,1550.371,5722.1131,3963.8951,250.95389,106.89119,106.89119,106.89119,5744.9602,5734.0799,5687.2993,438.0753,1.6966378
7126000.0,1579.7374,5775.3027,3970.9186,251.39855,106.89119,106.89119,106.89119,5760.1924,5808.0266,5757.6889,382.546,1.6966378
7127000.0,1602.2754,5776.4306,3962.6842,250.87723,106.89119,106.89119,106.89119,5795.0556,5756.8798,5777.3563,367.14696,1.6966378
7128000.0,1592.0587,5785.1381,3948.0613,249.95146,106.89119,106.89119,106.89119,5868.2431,5762.2984,5724.8729,363.28115,1.6966378
7129000.0,1554.1534,5734.4927,3959.832,250.69666,106.89119,106.89119,106.89119,5788.4148,5738.7388,5676.3246,380.43865,1.6966378
7130000.0,1623.7107,5761.1101,3975.1458,251.66617,106.89119,106.89119,106.89119,5818.2091,5735.4054,5729.7157,411.86193,1.6966378
7131000.0,1612.3705,5752.9866,3901.1013,246.97842,106.89119,106.89119,106.89119,5735.6234,5770.1617,5753.1747,415.04255,1.6966378
7132000.0,1626.0186,5784.4039,3950.5039,250.10609,106.89119,106.89119,106.89119,5803.2119,5782.7575,5767.2424,377.94436,1.6966378
7133000.0,1588.5734,5725.6321,3894.0979,246.53503,106.89119,106.89119,106.89119,5770.6826,5721.7393,5684.4743,358.85354,1.6966378
7134000.0,1536.5663,5723.2201,4041.4167,255.86178,106.89119,106.89119,106.89119,5736.7617,5682.3933,5750.5053,386.90342,1.6966378
7135000.0,1641.4521,5783.22,3953.9697,250.32551,106.89119,106.89119,106.89119,5790.9056,5757.2897,5801.4646,389.52218,1.6966378
7136000.0,1660.8433,5778.6433,3918.5391,248.08241,106.89119,106.89119,106.89119,5836.2081,5747.9422,5751.7798,434.271,1.6966378
7137000.0,1632.5445,5748.8834,3956.5981,250.49192,106.89119,106.89119,106.89119,5782.9142,5723.4824,5740.2537,430.9962,1.6966378
7138000.0,1663.3802,5767.1702,4047.3974,256.24041,106.89119,106.89119,106.89119,5783.4717,5765.4821,5752.5569,405.7329,1.6966378
7139000.0,1567.8003,5745.9089,3873.7122,245.24442,106.89119,106.89119,106.89119,5760.924,5739.2675,5737.5352,355.85348,1.6966378
7140000.0,1614.165,5767.9229,3946.3293,249.8418,106.89119,106.89119,106.89119,5822.3849,5748.1257,5733.2581,358.61182,1.6966378
7141000.0,1631.182,5775.6832,4032.2309,255.28023,106.89119,106.89119,106.89119,5819.6021,5775.9264,5731.5212,369.46784,1.6966378
7142000.0,1631.7518,5793.1724,3980.325,251.99407,106.89119,106.89119,106.89119,5829.1763,5781.0486,5769.2921,392.74435,1.6966378
7143000.0,1562.4759,5774.659,4013.1909,254.0748,106.89119,106.89119,106.89119,5788.4544,5778.2961,5757.2266,396.015,1.6966378
7144000.0,1607.1409,5765.225,3975.9573,251.71755,106.89119,106.89119,106.89119,5803.8208,5771.2085,5720.6458,360.89565,1.6966378
7145000.0,1596.1778,5764.543,3879.9289,245.638,106.89119,106.89119,106.89119,5777.7073,5765.9028,5750.0191,350.11982,1.6966378
7146000.0,1575.0475,5770.7077,3948.613,249.98638,106.89119,106.89119,106.89119,5856.6603,5789.7351,5665.7277,360.95879,1.6966378
7147000.0,1567.7248,5773.5219,3979.9803,251.97225,106.89119,106.89119,106.89119,5763.1339,5827.8008,5729.6308,378.46294,1.6966378
7148000.0,1686.4616,5801.2227,3945.8704,249.81275,106.89119,106.89119,106.89119,5803.0875,5857.3246,5743.2559,404.44743,1.6966378
7149000.0,1637.2762,5768.8229,3940.9263,249.49973,106.89119,106.89119,106.89119,5829.2884,5747.0841,5730.0962,398.85755,1.6966378
7150000.0,1660.7938,5806.3479,3961.3064,250.79,106.89119,106.89119,106.89119,5814.1107,5840.2318,5764.701,364.92596,1.6966378
7151000.0,1607.2796,5764.6742,3975.4742,251.68696,106.89119,106.89119,106.89119,5799.7164,5785.6432,5708.6628,396.64993,1.6966378
7152000.0,1574.8708,5798.9412,4001.4709,253.33281,106.89119,106.89119,106.89119,5844.1114,5792.8307,5759.8815,381.80071,1.6966378
7153000.0,1708.5586,5795.3346,3981.4029,252.06231,106.89119,106.89119,106.89119,5852.3903,5814.0533,5719.5603,400.02066,1.6966378
7154000.0,1579.0342,5736.2215,3922.9623,248.36244,106.89119,106.89119,106.89119,5775.3762,5695.1902,5738.0981,420.61557,1.6966378
7155000.0,1663.7906,5816.1357,4050.3034,256.4244,106.89119,106.89119,106.89119,5813.3096,5803.7891,5831.3085,421.37986,1.6966378
7156000.0,1540.0398,5772.558,3898.7407,246.82897,106.89119,106.89119,106.89119,5752.0594,5789.6333,5775.9811,381.58589,1.6966378
7157000.0,1606.5799,5751.069,3991.6862,252.71334,106.89119,106.89119,106.89119,5786.0856,5744.9029,5722.2186,382.52926,1.6966378
7158000.0,1598.7668,5760.1793,3926.9919,248.61755,106.89119,106.89119,106.89119,5819.6745,5746.0341,5714.8292,374.48182,1.6966378
7159000.0,1638.5214,5761.7247,3973.6976,251.57448,106.89119,106.89119,106.89119,5819.5447,5725.4965,5740.1328,392.2078,1.6966378
7160000.0,1518.8104,5739.776,3887.2231,246.09979,106.89119,106.89119,106.89119,5786.6838,5745.3337,5687.3106,439.50836,1.6966378
7161000.0,1721.2913,5800.9357,3935.6617,249.16644,106.89119,106.89119,106.89119,5863.2163,5765.814,5773.7768,438.11494,1.6966378
7162000.0,1681.8396,5817.2736,3960.6051,250.7456,106.89119,106.89119,106.89119,5852.1056,5821.1163,5778.5989,413.63991,1.6966378
7163000.0,1616.111,5791.0027,3942.0564,249.57128,106.89119,106.89119,106.89119,5871.765,5767.0673,5734.1758,371.0284,1.6966378
7164000.0,1652.2552,5797.3164,4008.4389,253.77395,106.89119,106.89119,106.89119,5781.7829,5867.9866,5742.1797,371.97457,1.6966378
7165000.0,1557.0597,5735.6147,3968.0637,251.2178,106.89119,106.89119,106.89119,5752.3437,5745.7769,5708.7234,377.57219,1.6966378
7166000.0,1597.6362,5770.5399,3968.7318,251.2601,106.89119,106.89119,106.89119,5754.9581,5806.8744,5749.7872,409.23983,1.6966378
7167000.0,1613.7081,5773.2841,3958.6189,250.61985,106.89119,106.89119,106.89119,5769.5308,5772.1416,5778.1798,419.89988,1.6966378
7168000.0,1620.2886,5778.2335,4007.1695,253.69359,106.89119,106.89119,106.89119,5810.8873,5802.4711,5721.3422,397.04371,1.6966378
7169000.0,1620.2137,5762.1865,3917.5259,248.01826,106.89119,106.89119,106.89119,5780.9757,5782.175,5723.4089,377.63421,1.6966378
7170000.0,1615.3497,5754.1353,3981.4419,252.06477,106.89119,106.89119,106.89119,5761.2995,5755.4538,5745.6526,364.04712,1.6966378
7171000.0,1685.4855,5786.3602,3907.1557,247.36172,106.89119,106.89119,106.89119,5843.3668,5784.9718,5730.742,395.01171,1.6966378
7172000.0,1623.1989,5767.1794,3936.9959,249.25091,106.89119,106.89119,106.89119,5777.4987,5709.9326,5814.107,420.4927,1.6966378
7173000.0,1580.2465,5763.9365,3924.0149,248.42908,106.89119,106.89119,106.89119,5801.3528,5775.2639,5715.1929,427.62472,1.6966378
7174000.0,1646.3709,5764.928,3960.3086,250.72683,106.89119,106.89119,106.89119,5748.4976,5820.5267,5725.7599,421.94966,1.6966378
7175000.0,1573.7694,5755.1358,3924.0506,248.43134,106.89119,106.89119,106.89119,5840.8863,5734.5155,5690.0057,347.3538,1.6966378
7176000.0,1611.0875,5738.8956,3934.3961,249.08631,106.89119,106.89119,106.89119,5723.6708,5785.3357,5707.6802,332.98485,1.6966378
7177000.0,1575.9965,5752.4213,3966.9785,251.1491,106.89119,106.89119,106.89119,5784.6304,5772.5385,5700.0949,350.90527,1.6966378
7178000.0,1583.8279,5750.8649,4026.1023,254.89222,106.89119,106.89119,106.89119,5781.2074,5759.4378,5711.9495,386.28623,1.6966378
7179000.0,1620.0694,5786.5301,3937.8989,249.30807,106.89119,106.89119,106.89119,5836.7303,5751.5912,5771.2688,414.02728,1.6966378
7180000.0,1647.4177,5758.6867,3952.4076,250.22662,106.89119,106.89119,106.89119,5743.586,5794.601,5737.873,417.28074,1.6966378
7181000.0,1706.9616,5817.8512,4006.1577,253.62953,106.89119,106.89119,106.89119,5857.9487,5821.5874,5774.0176,352.33153,1.6966378
7182000.0,1660.3152,5782.8156,3912.474,247.69842,106.89119,106.89119,106.89119,5815.1253,5799.4258,5733.8958,371.85757,1.6966378
7183000.0,1597.4439,5734.8707,3907.0441,247.35465,106.89119,106.89119,106.89119,5773.6417,5723.5387,5707.4317,367.89294,1.6966378
7184000.0,1638.3272,5754.5674,3978.3552,251.86936,106.89119,106.89119,106.89119,5749.9674,5778.2917,5735.4432,369.65872,1.6966378
7185000.0,1528.0378,5737.5274,3979.1319,251.91853,106.89119,106.89119,106.89119,5738.5259,5736.1361,5737.9202,388.96425,1.6966378
7186000.0,1642.2413,5775.6781,3928.7722,248.73026,106.89119,106.89119,106.89119,5826.0209,5759.6686,5741.3449,392.6324,1.6966378
7187000.0,1559.0495,5764.5259,4003.9423,253.48928,106.89119,106.89119,106.89119,5823.9419,5756.7271,5712.9088,352.18098,1.6966378
7188000.0,1684.2228,5779.9884,3841.8702,243.2285,106.89119,106.89119,106.89119,5767.6648,5809.5288,5762.7717,340.60345,1.6966378
7189000.0,1627.7842,5776.509,3914.6835,247.8383,106.89119,106.89119,106.89119,5780.3544,5788.4417,5760.7308,336.35271,1.6966378
7190000.0,1595.9839,5750.596,3960.0568,250.71088,106.89119,106.89119,106.89119,5698.2452,5826.8262,5726.7164,376.48385,1.6966378
7191000.0,1653.4133,5778.0273,3927.5659,248.65389,106.89119,106.89119,106.89119,5797.2069,5798.721,5738.154,388.28346,1.6966378
7192000.0,1648.2421,5782.9596,4031.8493,255.25606,106.89119,106.89119,106.89119,5816.0636,5801.1437,5731.6716,371.64849,1.6966378
7193000.0,1615.745,5782.4109,3917.2075,247.9981,106.89119,106.89119,106.89119,5809.1054,5755.0083,5783.119,330.31762,1.6966378
7194000.0,1580.4983,5747.068,3914.1845,247.80672,106.89119,106.89119,106.89119,5786.8783,5785.4515,5668.8741,324.34763,1.6966378
7195000.0,1631.1139,5747.9437,3890.7476,246.32293,106.89119,106.89119,106.89119,5791.7393,5704.0557,5748.036,334.25817,1.6966378
7196000.0,1661.4099,5777.7887,3920.59,248.21225,106.89119,106.89119,106.89119,5846.7743,5799.911,5686.6808,369.72346,1.6966378
7197000.0,1609.2775,5770.4009,3945.6395,249.79813,106.89119,106.89119,106.89119,5786.1412,5736.8947,5788.1667,368.04505,1.6966378
7198000.0,1559.6153,5734.9903,3972.9271,251.5257,106.89119,106.89119,106.89119,5777.7635,5759.3153,5667.8922,363.51766,1.6966378
7199000.0,1670.1692,5794.4933,3981.8994,252.09374,106.89119,106.89119,106.89119,5808.8228,5837.0479,5737.6091,374.54817,1.6966378
7200000.0,1654.7585,5781.3484,3953.4528,250.29279,106.89119,106.89119,106.89119,5818.1506,5783.64,5742.2547,369.16741,1.6966378
7201000.0,1570.7196,5754.9014,3992.0585,252.73691,106.89119,106.89119,106.89119,5789.472,5713.1233,5762.1089,383.50669,1.6966378
7202000.0,1642.9565,5777.3133,3915.467,247.88791,106.89119,106.89119,106.89119,5808.811,5792.3813,5730.7474,410.57661,1.6966378
7203000.0,1699.7598,5784.1626,3861.7394,244.48642,106.89119,106.89119,106.89119,5810.4378,5771.5032,5770.5468,410.12643,1.6966378
7204000.0,1647.0628,5789.377,3976.1993,251.73287,106.89119,106.89119,106.89119,5794.0253,5848.0029,5726.1027,359.41706,1.6966378
7205000.0,1682.6598,5790.764,3961.1982,250.78315,106.89119,106.89119,106.89119,5829.2829,5788.6245,5754.3847,348.7626,1.6966378
7206000.0,1644.6184,5771.2643,4006.7495,253.667,106.89119,106.89119,106.89119,5786.7099,5789.6926,5737.3904,355.97974,1.6966378
7207000.0,1589.0861,5729.7669,3983.345,252.18526,106.89119,106.89119,106.89119,5757.2208,5733.0814,5698.9986,371.24023,1.6966378
7208000.0,1696.1351,5794.5773,3992.7317,252.77954,106.89119,106.89119,106.89119,5799.9601,5778.4852,5805.2866,407.33943,1.6966378
7209000.0,1534.4394,5732.2248,3964.5725,250.99677,106.89119,106.89119,106.89119,5735.2806,5758.3173,5703.0765,408.98999,1.6966378
7210000.0,1613.6403,5752.6256,3879.1799,245.59058,106.89119,106.89119,106.89119,5844.3828,5760.1604,5653.3336,357.69097,1.6966378
7211000.0,1592.7804,5754.1686,3908.9236,247.47365,106.89119,106.89119,106.89119,5786.2323,5798.687,5677.5866,350.621,1.6966378
7212000.0,1651.1102,5741.0638,3951.2764,250.155,106.89119,106.89119,106.89119,5755.4668,5727.7135,5740.0111,359.12836,1.6966378
7213000.0,1588.6181,5746.0067,3961.9255,250.8292,106.89119,106.89119,106.89119,5793.835,5770.065,5674.1201,400.27777,1.6966378
7214000.0,1578.4653,5762.2741,3965.5254,251.05711,106.89119,106.89119,106.89119,5821.3697,5739.9879,5725.4646,429.31471,1.6966378
7215000.0,1611.399,5749.5915,3973.3278,251.55107,106.89119,106.89119,106.89119,5782.1232,5767.8783,5698.773,428.34545,1.6966378
7216000.0,1567.2551,5751.9486,4001.4457,253.33121,106.89119,106.89119,106.89119,5765.9528,5731.7204,5758.1725,344.82286,1.6966378
7217000.0,1615.0255,5774.2921,3891.5248,246.37213,106.89119,106.89119,106.89119,5843.4974,5748.2983,5731.0805,361.23084,1.6966378
7218000.0,1608.9551,5755.8326,3945.9567,249.81821,106.89119,106.89119,106.89119,5785.6344,5744.7811,5737.0824,379.30085,1.6966378
7219000.0,1605.1889,5758.007,3966.8541,251.14122,106.89119,106.89119,106.89119,5809.4521,5727.1265,5737.4424,391.76259,1.6966378
7220000.0,1653.9054,5774.9375,3958.5898,250.61801,106.89119,106.89119,106.89119,5791.5699,5778.6618,5754.5808,413.93946,1.6966378
7221000.0,1635.0379,5784.0996,3908.7777,247.46441,106.89119,106.89119,106.89119,5849.7449,5794.0499,5708.504,412.3723,1.6966378
7222000.0,1565.376,5755.3152,3969.7401,251.32394,106.89119,106.89119,106.89119,5772.8795,5766.1699,5726.8963,334.64548,1.6966378
7223000.0,1584.0658,5756.9822,3903.1602,247.10877,106.89119,106.89119,106.89119,5766.9792,5732.0587,5771.9087,322.10313,1.6966378
7224000.0,1681.0742,5765.618,3894.4405,246.55672,106.89119,106.89119,106.89119,5822.1961,5750.5761,5724.0817,323.3037,1.6966378
7225000.0,1505.091,5745.8143,3919.4187,248.13809,106.89119,106.89119,106.89119,5730.3139,5743.2355,5763.8935,325.92475,1.6966378
7226000.0,1588.2349,5726.0381,4050.3925,256.43003,106.89119,106.89119,106.89119,5750.7103,5709.3507,5718.0532,330.22437,1.6966378
7227000.0,1580.0234,5759.0995,3889.6688,246.25463,106.89119,106.89119,106.89119,5815.6454,5725.6832,5735.9699,346.92885,1.6966378
7228000.0,1555.7039,5764.2639,3842.9339,243.29585,106.89119,106.89119,106.89119,5800.8217,5771.2198,5720.7503,341.38679,1.6966378
7229000.0,1685.5018,5769.0367,3886.0273,246.02408,106.89119,106.89119,106.89119,5809.6156,5768.1879,5729.3065,399.51219,1.6966378
7230000.0,1714.4776,5785.1397,3968.107,251.22055,106.89119,106.89119,106.89119,5797.9602,5789.6262,5767.8327,406.32678,1.6966378
7231000.0,1648.865,5787.5546,4018.2762,254.39675,106.89119,106.89119,106.89119,5854.8099,5783.1729,5724.6809,403.70927,1.6966378
7232000.0,1605.6305,5751.4634,3989.4391,252.57108,106.89119,106.89119,106.89119,5718.6778,5783.245,5752.4673,346.88888,1.6966378
7233000.0,1719.5757,5788.9117,3898.3567,246.80466,106.89119,106.89119,106.89119,5816.4626,5817.9349,5732.3376,347.04305,1.6966378
7234000.0,1615.9616,5779.1034,4015.7053,254.23399,106.89119,106.89119,106.89119,5824.9769,5737.1171,5775.2164,345.44161,1.6966378
7235000.0,1587.0108,5759.6045,3962.4897,250.86491,106.89119,106.89119,106.89119,5748.7638,5777.2849,5752.7647,381.14886,1.6966378
7236000.0,1671.812,5783.196,4017.8756,254.37139,106.89119,106.89119,106.89119,5793.926,5728.1417,5827.5204,390.49776,1.6966378
7237000.0,1588.2777,5768.6591,3967.8957,251.20717,106.89119,106.89119,106.89119,5732.0934,5794.4398,5779.4442,373.87745,1.6966378
7238000.0,1655.4783,5771.9334,3998.9622,253.17398,106.89119,106.89119,106.89119,5728.5897,5786.8792,5800.3312,381.46827,1.6966378
7239000.0,1563.1042,5747.544,3964.2319,250.97521,106.89119,106.89119,106.89119,5705.7955,5812.1316,5724.7049,381.27679,1.6966378
7240000.0,1663.0908,5775.7671,3892.9757,246.46399,106.89119,106.89119,106.89119,5834.2646,5741.5592,5751.4776,384.00699,1.6966378
7241000.0,1613.2795,5769.4852,3961.9064,250.82798,106.89119,106.89119,106.89119,5748.171,5786.3467,5773.9379,403.9413,1.6966378
7242000.0,1600.294,5781.986,3899.5956,246.8831,106.89119,106.89119,106.89119,5814.0324,5807.021,5724.9048,408.36555,1.6966378
7243000.0,1577.0667,5763.5523,3897.3542,246.74119,106.89119,106.89119,106.89119,5793.0668,5754.0424,5743.5478,409.42701,1.6966378
7244000.0,1585.8909,5744.8015,3948.029,249.94941,106.89119,106.89119,106.89119,5775.8174,5757.2778,5701.3092,370.92213,1.6966378
7245000.0,1619.7637,5763.0288,3885.7758,246.00817,106.89119,106.89119,106.89119,5783.3688,5763.0736,5742.6441,362.23196,1.6966378
7246000.0,1654.9593,5771.7194,3929.0677,248.74897,106.89119,106.89119,106.89119,5809.5353,5796.1778,5709.4451,357.43359,1.6966378
7247000.0,1685.536,5786.9293,3871.2479,245.0884,106.89119,106.89119,106.89119,5781.8818,5842.3532,5736.5529,387.80496,1.6966378
7248000.0,1595.3926,5772.0344,3940.022,249.44249,106.89119,106.89119,106.89119,5776.4145,5811.4666,5728.2221,392.02081,1.6966378
7249000.0,1617.5338,5770.7345,4025.6408,254.86301,106.89119,106.89119,106.89119,5764.0065,5787.4016,5760.7956,374.35211,1.6966378
7250000.0,1629.5589,5775.3024,3908.4097,247.44111,106.89119,106.89119,106.89119,5790.309,5799.8305,5735.7676,358.89054,1.6966378
7251000.0,1662.4041,5779.4337,3894.3442,246.55063,106.89119,106.89119,106.89119,5726.0245,5795.7505,5816.5261,357.7357,1.6966378
7252000.0,1630.7058,5745.4717,3890.2952,246.29429,106.89119,106.89119,106.89119,5796.5712,5713.3806,5726.4631,366.86648,1.6966378
7253000.0,1640.8691,5782.9265,3990.6802,252.64965,106.89119,106.89119,106.89119,5781.9972,5783.34,5783.4423,404.2439,1.6966378
7254000.0,1622.7706,5783.4413,3936.0712,249.19236,106.89119,106.89119,106.89119,5850.8297,5805.6647,5693.8294,420.41089,1.6966378
7255000.0,1620.6687,5759.1417,3904.4937,247.19319,106.89119,106.89119,106.89119,5724.7109,5780.3611,5772.3531,427.7398,1.6966378
7256000.0,1699.6735,5799.8002,3973.7514,251.57789,106.89119,106.89119,106.89119,5863.873,5778.6452,5756.8826,403.42219,1.6966378
7257000.0,1618.71,5768.4412,3953.6312,250.30408,106.89119,106.89119,106.89119,5837.8525,5778.5435,5688.9276,354.89436,1.6966378
7258000.0,1625.2345,5769.1802,3960.7932,250.75751,106.89119,106.89119,106.89119,5832.3069,5747.6765,5727.5572,339.94397,1.6966378
7259000.0,1620.5167,5791.2174,3943.2388,249.64614,106.89119,106.89119,106.89119,5781.4108,5821.1976,5771.0438,356.23881,1.6966378
7260000.0,1636.4068,5778.0281,3876.8449,245.44275,106.89119,106.89119,106.89119,5808.7204,5769.0666,5756.2971,399.13327,1.6966378
7261000.0,1677.9975,5797.2355,3945.027,249.75935,106.89119,106.89119,106.89119,5837.5151,5776.2583,5777.9331,412.72303,1.6966378
7262000.0,1664.4354,5772.4814,3908.8011,247.46589,106.89119,106.89119,106.89119,5768.427,5786.6532,5762.3639,400.80634,1.6966378
7263000.0,1667.4307,5767.7815,3963.087,250.90273,106.89119,106.89119,106.89119,5757.9857,5792.1024,5753.2565,365.9494,1.6966378
7264000.0,1688.4339,5802.3566,3921.0422,248.24088,106.89119,106.89119,106.89119,5821.7437,5836.4511,5748.8752,361.80631,1.6966378
7265000.0,1631.8164,5769.3136,3971.7378,251.45041,106.89119,106.89119,106.89119,5829.3664,5758.1943,5720.3803,372.34685,1.6966378
7266000.0,1640.3317,5757.5935,3927.6709,248.66054,106.89119,106.89119,106.89119,5823.6763,5771.0574,5678.0467,395.69225,1.6966378
7267000.0,1664.7458,5759.579,3930.3828,248.83223,106.89119,106.89119,106.89119,5787.7514,5797.7013,5693.2843,403.43461,1.6966378
7268000.0,1734.1698,5778.5063,3976.2526,251.73625,106.89119,106.89119,106.89119,5776.1645,5729.9323,5829.4221,403.47172,1.6966378
7269000.0,1627.6861,5759.7321,3964.7391,251.00732,106.89119,106.89119,106.89119,5775.4322,5771.4985,5732.2657,337.34818,1.6966378
7270000.0,1642.9272,5745.8496,3913.952,247.792,106.89119,106.89119,106.89119,5751.736,5771.5576,5714.2551,342.09128,1.6966378
7271000.0,1553.5255,5740.096,3968.1196,251.22134,106.89119,106.89119,106.89119,5724.4934,5784.32,5711.4747,344.06076,1.6966378
7272000.0,1581.4213,5744.9936,3819.8765,241.83609,106.89119,106.89119,106.89119,5726.7793,5738.2051,5769.9965,348.05971,1.6966378
7273000.0,1620.9053,5770.2652,3984.386,252.25117,106.89119,106.89119,106.89119,5804.0334,5739.8839,5766.8784,332.44736,1.6966378
7274000.0,1600.1055,5754.032,3987.8217,252.46868,106.89119,106.89119,106.89119,5817.7302,5715.5112,5728.8548,343.44129,1.6966378
7275000.0,1550.5208,5746.5546,4058.057,256.91527,106.89119,106.89119,106.89119,5721.4113,5717.8117,5800.4409,336.09205,1.6966378
7276000.0,1561.9758,5741.4228,3977.8403,251.83676,106.89119,106.89119,106.89119,5709.8871,5765.7325,5748.6486,341.71606,1.6966378
7277000.0,1600.9383,5739.2092,3936.2923,249.20636,106.89119,106.89119,106.89119,5796.3696,5730.2467,5691.0112,337.18126,1.6966378
7278000.0,1567.3687,5756.3936,3960.4485,250.73569,106.89119,106.89119,106.89119,5803.1044,5743.5293,5722.547,349.39534,1.6966378
7279000.0,1644.6704,5784.8122,3946.7072,249.86573,106.89119,106.89119,106.89119,5817.4608,5797.5833,5739.3925,339.75598,1.6966378
7280000.0,1659.2899,5796.4084,3970.1358,251.34899,106.89119,106.89119,106.89119,5832.664,5802.4013,5754.1599,346.7889,1.6966378
7281000.0,1608.2222,5787.0087,3958.4411,250.6086,106.89119,106.89119,106.89119,5778.0723,5817.6273,5765.3265,342.69136,1.6966378
7282000.0,1602.6574,5734.7691,3940.8245,249.49329,106.89119,106.89119,106.89119,5744.9385,5803.2571,5656.1118,368.08312,1.6966378
7283000.0,1648.2559,5777.6205,3919.5173,248.14434,106.89119,106.89119,106.89119,5796.3465,5782.2503,5754.2648,392.41082,1.6966378
7284000.0,1682.0058,5766.1215,3873.1793,245.21068,106.89119,106.89119,106.89119,5812.3937,5783.3988,5702.5721,373.42839,1.6966378
7285000.0,1633.6444,5766.3014,3922.4742,248.33154,106.89119,106.89119,106.89119,5823.0686,5763.0801,5712.7554,406.56351,1.6966378
7286000.0,1659.7598,5752.0519,3996.8076,253.03758,106.89119,106.89119,106.89119,5777.0993,5723.5393,5755.5171,418.76368,1.6966378
7287000.0,1660.7632,5780.7718,4005.5748,253.59263,106.89119,106.89119,106.89119,5760.9799,5824.0493,5757.2863,404.38381,1.6966378
7288000.0,1683.4445,5783.6793,3984.3354,252.24796,106.89119,106.89119,106.89119,5850.554,5762.5746,5737.9095,347.59802,1.6966378
7289000.0,1617.8716,5771.9629,3955.0571,250.39436,106.89119,106.89119,106.89119,5836.2678,5789.1611,5690.4596,362.11635,1.6966378
7290000.0,1688.2676,5788.6322,3994.1834,252.87144,106.89119,106.89119,106.89119,5849.7846,5751.1594,5764.9525,361.00731,1.6966378
7291000.0,1586.3348,5776.874,3949.2543,250.02698,106.89119,106.89119,106.89119,5819.6585,5759.5105,5751.4529,409.00821,1.6966378
7292000.0,1655.665,5784.1085,3957.8084,250.56854,106.89119,106.89119,106.89119,5784.1515,5814.12,5754.054,418.45355,1.6966378
7293000.0,1557.7706,5717.8013,3959.0282,250.64577,106.89119,106.89119,106.89119,5759.5963,5731.1277,5662.6797,412.66403,1.6966378
7294000.0,1604.7995,5764.7067,4044.4069,256.05108,106.89119,106.89119,106.89119,5837.8647,5738.3593,5717.8961,360.66707,1.6966378
7295000.0,1662.3857,5789.0282,3978.0455,251.84975,106.89119,106.89119,106.89119,5795.9976,5806.9412,5764.1458,355.90415,1.6966378
7296000.0,1684.9219,5773.6686,3966.7829,251.13672,106.89119,106.89119,106.89119,5804.8309,5815.2681,5700.9069,354.85166,1.6966378
7297000.0,1690.5943,5795.8171,3979.5808,251.94695,106.89119,106.89119,106.89119,5819.1379,5824.5591,5743.7544,405.92595,1.6966378
7298000.0,1622.456,5771.0517,3881.3563,245.72837,106.89119,106.89119,106.89119,5766.9203,5773.4583,5772.7765,413.73022,1.6966378
7299000.0,1673.3101,5757.2458,3910.378,247.56573,106.89119,106.89119,106.89119,5779.5083,5801.8483,5690.381,407.35003,1.6966378
7300000.0,1585.1585,5754.0449,3979.6867,251.95366,106.89119,106.89119,106.89119,5803.7308,5750.363,5708.0407,348.11696,1.6966378
7301000.0,1659.3389,5778.0532,3983.3737,252.18708,106.89119,106.89119,106.89119,5814.9491,5745.3616,5773.8488,344.51727,1.6966378
7302000.0,1705.5001,5784.0056,3936.8223,249.23992,106.89119,106.89119,106.89119,5759.8863,5842.3706,5749.76,343.78497,1.6966378
7303000.0,1601.6493,5766.793,3943.3195,249.65125,106.89119,106.89119,106.89119,5814.3374,5763.3419,5722.6996,394.57839,1.6966378
7304000.0,1633.5732,5773.8081,3985.6395,252.33053,106.89119,106.89119,106.89119,5804.9824,5780.8385,5735.6034,400.11769,1.6966378
7305000.0,1559.8058,5730.4619,3924.3319,248.44915,106.89119,106.89119,106.89119,5761.776,5722.0568,5707.553,378.64395,1.6966378
7306000.0,1625.9254,5767.1233,3996.449,253.01488,106.89119,106.89119,106.89119,5806.2447,5780.8904,5714.2348,357.53025,1.6966378
7307000.0,1640.0327,5762.0903,4034.0641,255.39629,106.89119,106.89119,106.89119,5800.8314,5768.421,5717.0184,361.29488,1.6966378
7308000.0,1614.7987,5761.2584,3871.6382,245.11311,106.89119,106.89119,106.89119,5815.1361,5753.9869,5714.6521,355.64836,1.6966378
7309000.0,1621.0532,5787.0362,3995.1872,252.93499,106.89119,106.89119,106.89119,5864.3565,5769.6225,5727.1297,421.22589,1.6966378
7310000.0,1621.9233,5775.7634,3939.3356,249.39903,106.89119,106.89119,106.89119,5802.9359,5774.8053,5749.5492,422.59196,1.6966378
7311000.0,1532.1736,5758.9909,3965.3426,251.04553,106.89119,106.89119,106.89119,5787.711,5811.6808,5677.581,389.87737,1.6966378
7312000.0,1598.6488,5763.6089,3974.9925,251.65646,106.89119,106.89119,106.89119,5836.6133,5757.1603,5697.053,376.89047,1.6966378
7313000.0,1614.4566,5767.4194,3945.4214,249.78432,106.89119,106.89119,106.89119,5754.8713,5798.213,5749.1738,378.56264,1.6966378
7314000.0,1636.4996,5771.1402,3944.9014,249.7514,106.89119,106.89119,106.89119,5801.5212,5765.682,5746.2172,377.23323,1.6966378
7315000.0,1623.9011,5778.2789,3935.5087,249.15675,106.89119,106.89119,106.89119,5818.3863,5774.3811,5742.0693,421.55356,1.6966378
7316000.0,1587.3478,5776.8299,3969.96,251.33786,106.89119,106.89119,106.89119,5776.1033,5831.7246,5722.6618,426.35296,1.6966378
7317000.0,1652.5007,5795.2141,3933.7851,249.04763,106.89119,106.89119,106.89119,5815.2338,5814.5263,5755.8821,430.75088,1.6966378
7318000.0,1630.8949,5761.4856,3864.1408,244.63845,106.89119,106.89119,106.89119,5802.8406,5765.7186,5715.8975,358.15828,1.6966378
7319000.0,1667.2621,5775.9328,3962.8021,250.88469,106.89119,106.89119,106.89119,5775.635,5798.8996,5753.2639,370.31503,1.6966378
7320000.0,1651.6014,5802.5543,3965.4228,251.05061,106.89119,106.89119,106.89119,5815.0632,5812.0151,5780.5846,371.63997,1.6966378
7321000.0,1580.7905,5751.9882,3978.5275,251.88026,106.89119,106.89119,106.89119,5784.2963,5716.1746,5755.4938,405.84942,1.6966378
7322000.0,1662.5049,5774.4543,3865.4639,244.72222,106.89119,106.89119,106.89119,5751.2752,5792.0397,5780.0479,405.51732,1.6966378
7323000.0,1654.3851,5759.5357,3975.6524,251.69824,106.89119,106.89119,106.89119,5821.911,5734.6132,5722.0829,389.62766,1.6966378
7324000.0,1609.7282,5778.1115,3983.1233,252.17123,106.89119,106.89119,106.89119,5811.0593,5819.1396,5704.1355,342.09706,1.6966378
7325000.0,1672.9352,5783.7762,4012.5777,254.03598,106.89119,106.89119,106.89119,5817.8086,5768.9799,5764.54,343.74291,1.6966378
7326000.0,1595.6838,5744.8173,3930.6174,248.84708,106.89119,106.89119,106.89119,5756.6403,5809.6641,5668.1473,342.04338,1.6966378
7327000.0,1659.2302,5755.9989,3936.8465,249.24145,106.89119,106.89119,106.89119,5779.3771,5764.2744,5724.3451,377.43776,1.6966378
7328000.0,1603.5756,5774.4101,3997.1646,253.06018,106.89119,106.89119,106.89119,5802.2428,5829.311,5691.6764,386.37641,1.6966378
7329000.0,1609.3316,5769.6085,3926.1312,248.56306,106.89119,106.89119,106.89119,5805.2475,5782.5425,5721.0356,359.98782,1.6966378
7330000.0,1548.3654,5724.4873,4051.7752,256.51757,106.89119,106.89119,106.89119,5749.1701,5716.1653,5708.1265,377.11798,1.6966378
7331000.0,1641.9635,5780.5764,3951.7026,250.18199,106.89119,106.89119,106.89119,5803.9108,5779.5777,5758.2407,352.82321,1.6966378
7332000.0,1616.0833,5746.4309,3942.3085,249.58724,106.89119,106.89119,106.89119,5773.9764,5819.0541,5646.2622,390.96357,1.6966378
7333000.0,1658.6717,5782.8937,3935.5839,249.16151,106.89119,106.89119,106.89119,5808.3336,5802.2631,5738.0843,392.64416,1.6966378
7334000.0,1642.2551,5775.9601,3950.5535,250.10923,106.89119,106.89119,106.89119,5777.6806,5837.9654,5712.2343,380.23764,1.6966378
7335000.0,1667.4656,5769.0092,3898.313,246.80189,106.89119,106.89119,106.89119,5767.2851,5825.0112,5714.7311,358.43804,1.6966378
7336000.0,1620.9009,5763.3558,3957.046,250.52027,106.89119,106.89119,106.89119,5766.4739,5775.4274,5748.1662,343.20483,1.6966378
7337000.0,1733.729,5788.6841,3893.5733,246.50182,106.89119,106.89119,106.89119,5791.5065,5816.8156,5757.7303,356.34918,1.6966378
7338000.0,1660.55,5781.0009,3926.328,248.57552,106.89119,106.89119,106.89119,5773.2596,5816.3613,5753.3819,377.56853,1.6966378
7339000.0,1627.9665,5771.9478,3918.2655,248.06508,106.89119,106.89119,106.89119,5739.2923,5827.0712,5749.4798,385.95453,1.6966378
7340000.0,1642.0114,5775.2076,3937.5744,249.28753,106.89119,106.89119,106.89119,5771.9683,5797.7321,5755.9224,387.94758,1.6966378
7341000.0,1625.499,5784.6962,3960.5141,250.73984,106.89119,106.89119,106.89119,5808.1096,5818.0777,5727.9011,340.54746,1.6966378
7342000.0,1649.2159,5786.6472,3980.4067,251.99924,106.89119,106.89119,106.89119,5850.8585,5764.0704,5745.0125,338.89803,1.6966378
7343000.0,1610.7646,5760.6002,3913.0043,247.73199,106.89119,106.89119,106.89119,5776.3423,5755.4803,5749.9779,359.79243,1.6966378
7344000.0,1633.0641,5778.5729,4011.1301,253.94433,106.89119,106.89119,106.89119,5732.3866,5864.5113,5738.8207,385.26721,1.6966378
7345000.0,1633.4033,5748.6595,3988.6047,252.51825,106.89119,106.89119,106.89119,5740.5441,5786.0804,5719.3539,370.59705,1.6966378
7346000.0,1583.1232,5746.683,3869.2327,244.96082,106.89119,106.89119,106.89119,5772.089,5755.1421,5712.818,390.15349,1.6966378
7347000.0,1593.505,5751.4257,3980.7438,252.02058,106.89119,106.89119,106.89119,5692.404,5842.9571,5718.9161,332.52975,1.6966378
7348000.0,1646.493,5780.6674,3890.0806,246.2807,106.89119,106.89119,106.89119,5800.0885,5835.0786,5706.835,348.52337,1.6966378
7349000.0,1607.684,5751.104,3914.2194,247.80893,106.89119,106.89119,106.89119,5695.6145,5809.166,5748.5314,354.39441,1.6966378
7350000.0,1599.8015,5770.2245,3954.5141,250.35998,106.89119,106.89119,106.89119,5788.514,5817.5835,5704.5759,390.66155,1.6966378
7351000.0,1580.7364,5731.1654,3964.0483,250.96359,106.89119,106.89119,106.89119,5756.0104,5722.4203,5715.0654,392.47193,1.6966378
7352000.0,1611.8613,5772.7582,4045.6011,256.12669,106.89119,106.89119,106.89119,5813.0852,5767.9896,5737.1999,371.68103,1.6966378
7353000.0,1540.9904,5744.7691,3960.9948,250.77027,106.89119,106.89119,106.89119,5748.0947,5774.1005,5712.1121,377.85196,1.6966378
7354000.0,1650.8593,5778.7399,3907.637,247.39219,106.89119,106.89119,106.89119,5774.1793,5824.0458,5737.9947,380.43676,1.6966378
7355000.0,1581.6125,5736.2077,3979.5852,251.94723,106.89119,106.89119,106.89119,5751.1465,5769.1586,5688.3179,378.68638,1.6966378
7356000.0,1586.7193,5751.6671,3932.8363,248.98756,106.89119,106.89119,106.89119,5782.4896,5727.2521,5745.2596,404.18072,1.6966378
7357000.0,1582.7061,5744.9578,3877.3983,245.47778,106.89119,106.89119,106.89119,5684.6758,5831.2528,5718.9449,403.04182,1.6966378
7358000.0,1593.1754,5752.113,3881.8459,245.75936,106.89119,106.89119,106.89119,5788.7063,5780.9543,5686.6783,381.62443,1.6966378
7359000.0,1664.5281,5784.368,3882.0195,245.77035,106.89119,106.89119,106.89119,5774.9207,5844.4197,5733.7635,349.36302,1.6966378
7360000.0,1656.3785,5778.7634,3977.4705,251.81335,106.89119,106.89119,106.89119,5797.5789,5780.3653,5758.3459,349.92945,1.6966378
7361000.0,1633.9564,5769.9564,3951.8173,250.18924,106.89119,106.89119,106.89119,5856.3575,5739.2625,5714.2491,355.84515,1.6966378
7362000.0,1577.4369,5762.5812,3959.0905,250.64971,106.89119,106.89119,106.89119,5742.3811,5791.7888,5753.5735,411.07978,1.6966378
7363000.0,1692.9134,5763.9224,4050.9239,256.46368,106.89119,106.89119,106.89119,5771.5543,5807.2254,5712.9875,415.74695,1.6966378
7364000.0,1623.5762,5797.5224,4019.8047,254.49352,106.89119,106.89119,106.89119,5837.7836,5764.5248,5790.2589,365.32451,1.6966378
7365000.0,1654.7816,5768.6433,3935.8856,249.18061,106.89119,106.89119,106.89119,5763.5606,5797.0327,5745.3365,362.9045,1.6966378
7366000.0,1546.3759,5738.1163,3903.3066,247.11804,106.89119,106.89119,106.89119,5751.5723,5749.0568,5713.7199,363.78827,1.6966378
7367000.0,1667.2445,5767.6523,3932.2085,248.94782,106.89119,106.89119,106.89119,5765.2779,5804.3411,5733.3378,353.12448,1.6966378
7368000.0,1603.5255,5759.6535,4033.4022,255.35438,106.89119,106.89119,106.89119,5813.5757,5752.5279,5712.8569,415.52369,1.6966378
7369000.0,1617.0377,5765.3102,3978.5574,251.88216,106.89119,106.89119,106.89119,5763.7075,5766.3996,5765.8236,421.54023,1.6966378
7370000.0,1700.3851,5794.79,3973.7543,251.57808,106.89119,106.89119,106.89119,5813.5452,5785.2664,5785.5583,388.68771,1.6966378
7371000.0,1603.9986,5757.2857,3919.0744,248.11629,106.89119,106.89119,106.89119,5776.5342,5790.3795,5704.9434,345.68911,1.6966378
7372000.0,1628.4435,5789.5955,3913.6775,247.77462,106.89119,106.89119,106.89119,5786.1093,5828.1735,5754.5038,362.18704,1.6966378
7373000.0,1709.4898,5783.5707,3926.064,248.55881,106.89119,106.89119,106.89119,5796.3809,5834.6371,5719.6941,368.59541,1.6966378
7374000.0,1699.9221,5770.6148,3980.3362,251.99478,106.89119,106.89119,106.89119,5851.5938,5738.0166,5722.234,413.3241,1.6966378
7375000.0,1616.9903,5774.6757,3992.1247,252.7411,106.89119,106.89119,106.89119,5817.9046,5759.0675,5747.0549,418.10112,1.6966378
7376000.0,1527.0789,5732.8147,3991.4946,252.70121,106.89119,106.89119,106.89119,5731.1232,5751.0134,5716.3075,357.291,1.6966378
7377000.0,1619.3851,5751.6728,4038.727,255.69149,106.89119,106.89119,106.89119,5764.3442,5804.6444,5686.0296,362.81358,1.6966378
7378000.0,1660.3464,5751.9716,3923.8185,248.41664,106.89119,106.89119,106.89119,5749.6659,5809.7086,5696.5402,352.36413,1.6966378
7379000.0,1596.0325,5726.7717,3933.972,249.05946,106.89119,106.89119,106.89119,5740.9866,5785.3202,5654.0083,364.67909,1.6966378
7380000.0,1600.6414,5748.9341,3950.4872,250.10503,106.89119,106.89119,106.89119,5748.308,5790.2539,5708.2404,407.43954,1.6966378
7381000.0,1625.3059,5781.5194,3965.5872,251.06102,106.89119,106.89119,106.89119,5826.3303,5810.9669,5707.2609,405.97195,1.6966378
7382000.0,1558.7649,5760.9987,3946.6344,249.86111,106.89119,106.89119,106.89119,5742.3636,5798.8594,5741.7731,363.13602,1.6966378
7383000.0,1603.9118,5761.6847,3991.042,252.67256,106.89119,106.89119,106.89119,5766.2792,5815.9211,5702.8537,342.22634,1.6966378
7384000.0,1562.1479,5742.7488,3960.1495,250.71675,106.89119,106.89119,106.89119,5752.8196,5759.5549,5715.872,350.09071,1.6966378
7385000.0,1621.0654,5750.2143,4006.3274,253.64027,106.89119,106.89119,106.89119,5789.7626,5796.7587,5664.1216,377.93247,1.6966378
7386000.0,1657.3254,5772.7695,3904.8977,247.21877,106.89119,106.89119,106.89119,5773.9866,5822.0194,5722.3024,413.06263,1.6966378
7387000.0,1695.1512,5784.3798,4004.2145,253.50651,106.89119,106.89119,106.89119,5807.2286,5786.7802,5759.1306,418.1583,1.6966378
7388000.0,1681.5099,5779.1117,3974.5996,251.63159,106.89119,106.89119,106.89119,5780.9966,5838.686,5717.6525,357.74093,1.6966378
7389000.0,1632.8972,5763.1371,3975.7764,251.70609,106.89119,106.89119,106.89119,5847.5672,5768.6362,5673.208,350.25199,1.6966378
7390000.0,1609.0241,5764.4677,3906.0714,247.29308,106.89119,106.89119,106.89119,5820.0081,5766.8297,5706.5653,349.23548,1.6966378
7391000.0,1607.1783,5781.6491,3949.0832,250.01615,106.89119,106.89119,106.89119,5763.0394,5786.2698,5795.6381,377.2418,1.6966378
7392000.0,1604.1572,5766.3053,3915.7659,247.90683,106.89119,106.89119,106.89119,5743.98,5818.5389,5736.3969,391.49831,1.6966378
7393000.0,1623.6904,5753.7684,3999.4457,253.2046,106.89119,106.89119,106.89119,5841.2435,5755.054,5665.0078,373.12489,1.6966378
7394000.0,1632.3079,5793.1178,3939.5941,249.4154,106.89119,106.89119,106.89119,5818.543,5825.3807,5735.4296,356.5233,1.6966378
7395000.0,1592.4836,5760.0525,3963.0127,250.89802,106.89119,106.89119,106.89119,5798.9896,5779.4341,5701.7339,374.08287,1.6966378
7396000.0,1616.8741,5765.2077,4058.6901,256.95535,106.89119,106.89119,106.89119,5769.0136,5792.3444,5734.2652,376.02831,1.6966378
7397000.0,1656.8583,5790.126,3951.5499,250.17232,106.89119,106.89119,106.89119,5817.2563,5796.9062,5756.2157,415.07967,1.6966378
7398000.0,1682.3684,5790.9461,3953.7301,250.31034,106.89119,106.89119,106.89119,5837.4862,5824.198,5711.1542,421.559,1.6966378
7399000.0,1531.8193,5745.5105,3928.6429,248.72208,106.89119,106.89119,106.89119,5756.2022,5752.3338,5727.9954,399.87154,1.6966378
7400000.0,1613.798,5757.8427,3990.5285,252.64005,106.89119,106.89119,106.89119,5774.3368,5805.5321,5693.6591,381.79383,1.6966378
7401000.0,1708.8559,5769.9574,4014.3505,254.14822,106.89119,106.89119,106.89119,5792.7704,5768.6036,5748.4982,374.43495,1.6966378
7402000.0,1674.3302,5796.0839,3965.8952,251.08052,106.89119,106.89119,106.89119,5843.0789,5810.2251,5734.9477,380.30669,1.6966378
7403000.0,1598.3157,5750.1993,3931.9359,248.93055,106.89119,106.89119,106.89119,5776.7153,5738.2685,5735.614,407.85497,1.6966378
7404000.0,1646.1719,5804.4648,4024.1986,254.7717,106.89119,106.89119,106.89119,5797.919,5836.5588,5778.9167,424.51503,1.6966378
7405000.0,1563.4066,5740.3591,3896.5376,246.68949,106.89119,106.89119,106.89119,5703.8803,5825.1361,5692.0611,396.32466,1.6966378
7406000.0,1651.7429,5790.1991,3931.0296,248.87318,106.89119,106.89119,106.89119,5755.1899,5869.7352,5745.6723,349.2322,1.6966378
7407000.0,1629.2356,5775.4063,3949.7063,250.0556,106.89119,106.89119,106.89119,5818.4216,5763.2781,5744.5191,350.7017,1.6966378
7408000.0,1733.2103,5804.7938,4002.7416,253.41326,106.89119,106.89119,106.89119,5738.3156,5899.9028,5776.1629,354.36627,1.6966378
7409000.0,1593.1568,5775.3587,3948.1054,249.95424,106.89119,106.89119,106.89119,5761.0441,5862.1815,5702.8506,395.42324,1.6966378
7410000.0,1600.3985,5746.3133,3910.9155,247.59975,106.89119,106.89119,106.89119,5707.9286,5801.6527,5729.3587,394.28269,1.6966378
7411000.0,1604.4109,5778.5899,3898.4214,246.80875,106.89119,106.89119,106.89119,5849.3609,5825.6654,5660.7436,359.58171,1.6966378
7412000.0,1628.7754,5765.1546,3915.6025,247.89649,106.89119,106.89119,106.89119,5776.1054,5783.089,5736.2693,357.34538,1.6966378
7413000.0,1604.5,5758.4261,3932.4124,248.96072,106.89119,106.89119,106.89119,5728.3229,5754.176,5792.7794,358.89415,1.6966378
7414000.0,1521.6191,5765.9299,3929.7044,248.78928,106.89119,106.89119,106.89119,5778.9072,5810.0039,5708.8786,373.82841,1.6966378
7415000.0,1621.8268,5794.969,3966.6563,251.1287,106.89119,106.89119,106.89119,5843.3524,5791.3878,5750.1667,404.40862,1.6966378
7416000.0,1639.8634,5783.9481,3903.2988,247.11754,106.89119,106.89119,106.89119,5820.8678,5793.2821,5737.6943,397.63207,1.6966378
7417000.0,1586.6965,5781.8976,3885.1436,245.96814,106.89119,106.89119,106.89119,5796.4346,5850.4335,5698.8246,367.74438,1.6966378
7418000.0,1615.2439,5778.8629,3946.9823,249.88314,106.89119,106.89119,106.89119,5799.7267,5791.8799,5744.9821,375.8544,1.6966378
7419000.0,1628.0055,5748.287,3908.9629,247.47614,106.89119,106.89119,106.89119,5767.2605,5749.7903,5727.8101,384.89228,1.6966378
7420000.0,1595.2208,5740.3553,3972.0737,251.47167,106.89119,106.89119,106.89119,5768.7133,5724.3443,5728.0083,383.71964,1.6966378
7421000.0,1640.1703,5764.5099,3945.4836,249.78826,106.89119,106.89119,106.89119,5789.8505,5787.5889,5716.0901,415.24094,1.6966378
7422000.0,1594.0825,5757.7469,3906.1138,247.29576,106.89119,106.89119,106.89119,5798.0103,5768.7017,5706.5286,410.61671,1.6966378
7423000.0,1615.8373,5773.4059,3927.8546,248.67217,106.89119,106.89119,106.89119,5800.6998,5779.2981,5740.2198,366.59056,1.6966378
7424000.0,1727.308,5793.0323,3906.2439,247.304,106.89119,106.89119,106.89119,5805.6061,5804.8182,5768.6726,351.95497,1.6966378
7425000.0,1631.1428,5788.3981,3915.403,247.88386,106.89119,106.89119,106.89119,5817.0275,5816.8575,5731.3092,357.2919,1.6966378
7426000.0,1706.1292,5787.2382,3993.8704,252.85162,106.89119,106.89119,106.89119,5848.218,5775.3812,5738.1153,378.51716,1.6966378
7427000.0,1627.7606,5758.4535,3949.4766,250.04106,106.89119,106.89119,106.89119,5798.4347,5772.2431,5704.6826,395.20463,1.6966378
7428000.0,1735.1815,5832.7366,3983.2407,252.17866,106.89119,106.89119,106.89119,5896.0478,5855.6216,5746.5404,395.65628,1.6966378
7429000.0,1614.836,5760.0867,3885.2353,245.97394,106.89119,106.89119,106.89119,5799.7265,5777.8543,5702.6792,363.57164,1.6966378
7430000.0,1647.6453,5766.9592,3992.1309,252.7415,106.89119,106.89119,106.89119,5791.0013,5775.8448,5734.0316,361.62107,1.6966378
7431000.0,1544.2043,5752.8595,3963.0562,250.90078,106.89119,106.89119,106.89119,5793.0069,5769.9344,5695.6372,363.24412,1.6966378
7432000.0,1702.605,5785.8319,3965.9897,251.0865,106.89119,106.89119,106.89119,5792.6664,5795.2802,5769.5492,394.49056,1.6966378
7433000.0,1567.6718,5743.1144,3971.7278,251.44978,106.89119,106.89119,106.89119,5808.3425,5733.6529,5687.3479,387.58989,1.6966378
7434000.0,1608.2973,5762.5477,3978.0123,251.84765,106.89119,106.89119,106.89119,5788.3988,5783.6949,5715.5493,358.9992,1.6966378
7435000.0,1584.2441,5744.3473,3941.1719,249.51529,106.89119,106.89119,106.89119,5765.3558,5755.3133,5712.3729,325.1366,1.6966378
7436000.0,1617.3283,5804.6516,3995.6931,252.96702,106.89119,106.89119,106.89119,5830.4871,5807.8257,5775.642,348.30247,1.6966378
7437000.0,1663.8562,5775.028,3949.9369,250.0702,106.89119,106.89119,106.89119,5825.262,5781.1435,5718.6783,351.47863,1.6966378
7438000.0,1641.2573,5784.4777,3960.1732,250.71826,106.89119,106.89119,106.89119,5762.99,5824.3291,5766.1139,380.49481,1.6966378
7439000.0,1585.741,5743.4823,3941.2231,249.51853,106.89119,106.89119,106.89119,5731.2192,5737.0968,5762.1308,375.60828,1.6966378
7440000.0,1501.7562,5751.1721,3981.3192,252.05701,106.89119,106.89119,106.89119,5814.4771,5745.6706,5693.3685,367.09569,1.6966378
7441000.0,1582.8818,5740.6256,3965.482,251.05436,106.89119,106.89119,106.89119,5739.872,5799.9298,5682.075,382.18831,1.6966378
7442000.0,1653.6999,5783.5395,3926.3746,248.57847,106.89119,106.89119,106.89119,5782.335,5818.7767,5749.5067,378.524,1.6966378
7443000.0,1633.3339,5780.069,3991.8926,252.72641,106.89119,106.89119,106.89119,5863.5783,5816.5112,5660.1174,391.25174,1.6966378
7444000.0,1616.1277,5758.8978,3962.7078,250.87872,106.89119,106.89119,106.89119,5821.2458,5763.8546,5691.5931,428.17968,1.6966378
7445000.0,1648.3997,5775.3822,4009.9565,253.87003,106.89119,106.89119,106.89119,5761.5487,5865.5945,5699.0033,429.0827,1.6966378
7446000.0,1598.5305,5749.7584,3925.092,248.49727,106.89119,106.89119,106.89119,5738.7481,5810.2644,5700.2627,371.44038,1.6966378
7447000.0,1694.2941,5782.1449,3930.5914,248.84543,106.89119,106.89119,106.89119,5755.3053,5903.2963,5687.8331,351.45835,1.6966378
7448000.0,1602.6935,5760.407,3882.6161,245.80812,106.89119,106.89119,106.89119,5718.5946,5812.4407,5750.1856,360.74356,1.6966378
7449000.0,1641.6257,5780.2693,4070.6015,257.70946,106.89119,106.89119,106.89119,5813.9146,5746.6459,5780.2475,385.16719,1.6966378
7450000.0,1659.8331,5772.6465,3883.7422,245.87942,106.89119,106.89119,106.89119,5756.3839,5761.2389,5800.3168,375.28039,1.6966378
7451000.0,1611.8569,5759.3972,4004.6219,253.5323,106.89119,106.89119,106.89119,5801.4084,5820.5019,5656.2811,384.86544,1.6966378
7452000.0,1590.567,5761.1642,3872.7654,245.18448,106.89119,106.89119,106.89119,5757.3106,5789.0128,5737.169,362.50586,1.6966378
7453000.0,1603.2672,5764.1995,3921.6888,248.28181,106.89119,106.89119,106.89119,5777.1181,5808.6566,5706.8239,371.28097,1.6966378
7454000.0,1611.2014,5765.8454,3996.6819,253.02962,106.89119,106.89119,106.89119,5824.176,5773.1339,5700.2264,370.42418,1.6966378
7455000.0,1660.3918,5769.2957,3913.8902,247.78808,106.89119,106.89119,106.89119,5731.6445,5841.9606,5734.282,404.72668,1.6966378
7456000.0,1572.8207,5763.2741,4007.1022,253.68933,106.89119,106.89119,106.89119,5751.5042,5841.9063,5696.4117,424.20746,1.6966378
7457000.0,1663.4195,5769.9297,3965.587,251.061,106.89119,106.89119,106.89119,5734.1977,5827.3123,5748.279,422.80966,1.6966378
7458000.0,1649.5092,5769.7688,3948.6654,249.9897,106.89119,106.89119,106.89119,5733.8383,5900.7886,5674.6795,332.76071,1.6966378
7459000.0,1577.4697,5747.993,3876.3983,245.41447,106.89119,106.89119,106.89119,5850.9309,5748.5757,5644.4724,335.1509,1.6966378
7460000.0,1615.5853,5743.4177,3934.8257,249.11351,106.89119,106.89119,106.89119,5766.0982,5769.9738,5694.1809,338.339,1.6966378
7461000.0,1664.4514,5789.5964,3961.4185,250.79709,106.89119,106.89119,106.89119,5872.1861,5785.7866,5710.8164,344.11775,1.6966378
7462000.0,1680.7281,5776.4132,3924.293,248.44668,106.89119,106.89119,106.89119,5809.7749,5786.7833,5732.6814,340.0122,1.6966378
7463000.0,1600.3198,5765.3905,3882.6527,245.81044,106.89119,106.89119,106.89119,5757.3923,5816.3984,5722.3808,342.22262,1.6966378
7464000.0,1564.9103,5754.1179,3960.6311,250.74725,106.89119,106.89119,106.89119,5786.1609,5747.9361,5728.2566,340.19492,1.6966378
7465000.0,1589.8828,5788.1943,4015.6756,254.23211,106.89119,106.89119,106.89119,5760.8514,5850.0567,5753.6749,368.04569,1.6966378
7466000.0,1567.0245,5768.9238,3917.1167,247.99235,106.89119,106.89119,106.89119,5757.8002,5852.7577,5696.2137,383.54475,1.6966378
7467000.0,1677.179,5766.1409,3873.8517,245.25325,106.89119,106.89119,106.89119,5777.908,5873.8436,5646.6711,370.99939,1.6966378
7468000.0,1683.8217,5786.5352,3924.4379,248.45586,106.89119,106.89119,106.89119,5765.3978,5851.7931,5742.4147,376.98054,1.6966378
7469000.0,1577.9528,5753.6772,3969.6884,251.32066,106.89119,106.89119,106.89119,5808.5773,5784.2896,5668.1646,363.23944,1.6966378
7470000.0,1604.2635,5776.1724,3917.254,248.00105,106.89119,106.89119,106.89119,5778.1626,5778.1154,5772.2393,369.83095,1.6966378
7471000.0,1572.8843,5750.1545,3940.1241,249.44895,106.89119,106.89119,106.89119,5799.6368,5791.0507,5659.7761,405.72968,1.6966378
7472000.0,1567.2241,5753.7639,3946.9368,249.88026,106.89119,106.89119,106.89119,5746.2176,5803.518,5711.556,411.74998,1.6966378
7473000.0,1559.9128,5758.0926,3982.2805,252.11787,106.89119,106.89119,106.89119,5770.2485,5800.0339,5703.9953,390.01209,1.6966378
7474000.0,1684.9002,5778.3372,3962.5457,250.86846,106.89119,106.89119,106.89119,5812.4391,5757.9623,5764.6103,370.35946,1.6966378
7475000.0,1661.5585,5782.0587,3965.1665,251.03438,106.89119,106.89119,106.89119,5796.8485,5838.7782,5710.5495,364.80566,1.6966378
7476000.0,1549.368,5728.6278,3934.8286,249.11369,106.89119,106.89119,106.89119,5746.1309,5784.2981,5655.4544,364.74426,1.6966378
7477000.0,1599.1894,5728.8112,3983.8107,252.21475,106.89119,106.89119,106.89119,5739.2545,5766.5412,5680.638,399.3497,1.6966378
7478000.0,1660.1498,5784.3266,4013.5525,254.0977,106.89119,106.89119,106.89119,5849.6879,5803.7904,5699.5016,401.411,1.6966378
7479000.0,1579.7483,5745.549,3993.0297,252.7984,106.89119,106.89119,106.89119,5750.4772,5805.7304,5680.4393,378.58585,1.6966378
7480000.0,1701.4038,5777.0888,3939.1726,249.38871,106.89119,106.89119,106.89119,5767.9109,5815.8324,5747.5232,347.22738,1.6966378
7481000.0,1632.9197,5773.8889,3881.6747,245.74853,106.89119,106.89119,106.89119,5780.9027,5829.4587,5711.3052,372.51243,1.6966378
7482000.0,1669.3543,5777.913,3927.2425,248.63341,106.89119,106.89119,106.89119,5783.1577,5813.625,5736.9562,373.50629,1.6966378
7483000.0,1589.9824,5766.0916,3865.2508,244.70873,106.89119,106.89119,106.89119,5793.462,5788.583,5716.2298,428.50894,1.6966378
7484000.0,1673.5575,5783.4179,4005.1753,253.56734,106.89119,106.89119,106.89119,5777.3249,5797.8326,5775.0961,416.97182,1.6966378
7485000.0,1615.1585,5756.4667,3929.1883,248.75661,106.89119,106.89119,106.89119,5760.6109,5819.4148,5689.3745,380.82327,1.6966378
7486000.0,1601.817,5750.2817,3933.1774,249.00915,106.89119,106.89119,106.89119,5807.5351,5756.0302,5687.2797,334.04332,1.6966378
7487000.0,1620.2123,5770.984,3980.2087,251.9867,106.89119,106.89119,106.89119,5827.3336,5784.4249,5701.1936,339.87505,1.6966378
7488000.0,1620.5013,5771.8482,3910.3584,247.56449,106.89119,106.89119,106.89119,5778.1921,5837.6229,5699.7295,344.51074,1.6966378
7489000.0,1592.7904,5745.2866,3883.8981,245.88929,106.89119,106.89119,106.89119,5785.1184,5798.0569,5652.6844,372.74869,1.6966378
7490000.0,1487.7257,5749.4278,3968.7661,251.26227,106.89119,106.89119,106.89119,5771.1669,5798.8659,5678.2504,376.06641,1.6966378
7491000.0,1625.0585,5767.5477,3918.4928,248.07947,106.89119,106.89119,106.89119,5804.6454,5777.6268,5720.3708,330.45019,1.6966378
7492000.0,1578.4178,5751.7568,3994.3107,252.8795,106.89119,106.89119,106.89119,5730.4864,5819.4912,5705.2927,336.73628,1.6966378
7493000.0,1598.8619,5756.0474,3923.6982,248.40903,106.89119,106.89119,106.89119,5777.222,5821.433,5669.487,336.86319,1.6966378
7494000.0,1613.5284,5741.104,3930.9393,248.86746,106.89119,106.89119,106.89119,5752.569,5822.9596,5647.7834,377.86097,1.6966378
7495000.0,1673.8435,5763.708,3866.0698,244.76058,106.89119,106.89119,106.89119,5750.0248,5858.4527,5682.6466,379.98139,1.6966378
7496000.0,1628.2446,5762.8767,3965.0249,251.02542,106.89119,106.89119,106.89119,5710.6229,5833.0907,5744.9163,359.33586,1.6966378
7497000.0,1641.1708,5757.4006,3914.2747,247.81243,106.89119,106.89119,106.89119,5785.9063,5788.7271,5697.5684,350.20102,1.6966378
7498000.0,1557.0918,5733.8724,3954.9529,250.38776,106.89119,106.89119,106.89119,5746.2234,5808.6528,5646.741,376.18089,1.6966378
7499000.0,1521.8672,5754.9978,4013.8436,254.11612,106.89119,106.89119,106.89119,5793.6761,5771.6541,5699.6632,361.2161,1.6966378
7500000.0,1530.738,5730.4013,3943.3809,249.65513,106.89119,106.89119,106.89119,5718.1373,5761.2339,5711.8327,388.6587,1.6966378
7501000.0,1509.9728,5759.8099,3956.401,250.47944,106.89119,106.89119,106.89119,5790.9531,5793.4399,5695.0368,388.50429,1.6966378
7502000.0,1649.9628,5772.5947,3943.1081,249.63787,106.89119,106.89119,106.89119,5751.4332,5850.1679,5716.1831,347.31865,1.6966378
7503000.0,1592.1423,5782.3357,3984.9195,252.28494,106.89119,106.89119,106.89119,5761.5256,5863.6727,5721.809,334.42697,1.6966378
7504000.0,1605.5062,5771.3718,3996.9315,253.04542,106.89119,106.89119,106.89119,5814.0419,5792.8127,5707.2609,347.75672,1.6966378
7505000.0,1621.557,5741.4112,4026.6318,254.92575,106.89119,106.89119,106.89119,5744.9256,5795.8686,5683.4393,381.16121,1.6966378
7506000.0,1660.4671,5765.2649,3953.6653,250.30624,106.89119,106.89119,106.89119,5792.1381,5826.9282,5676.7284,406.13161,1.6966378
7507000.0,1575.3578,5752.3817,3966.4302,251.11439,106.89119,106.89119,106.89119,5762.3847,5768.988,5725.7723,399.96355,1.6966378
7508000.0,1647.7693,5771.7645,3968.706,251.25847,106.89119,106.89119,106.89119,5764.9254,5844.7728,5705.5953,358.81622,1.6966378
7509000.0,1626.6232,5747.5983,3889.7921,246.26243,106.89119,106.89119,106.89119,5697.3651,5814.81,5730.6199,365.77308,1.6966378
7510000.0,1607.0025,5757.2325,3967.1631,251.16078,106.89119,106.89119,106.89119,5776.5328,5780.6837,5714.481,370.5428,1.6966378
7511000.0,1625.1838,5768.6332,3978.1237,251.8547,106.89119,106.89119,106.89119,5738.0282,5782.2856,5785.5858,380.68638,1.6966378
7512000.0,1672.7843,5773.2017,4026.4568,254.91467,106.89119,106.89119,106.89119,5730.6769,5873.0392,5715.8891,389.88694,1.6966378
7513000.0,1674.0038,5762.7608,4010.6621,253.91471,106.89119,106.89119,106.89119,5747.8445,5818.7936,5721.6442,371.08242,1.6966378
7514000.0,1579.4844,5745.308,3983.1712,252.17426,106.89119,106.89119,106.89119,5751.2776,5810.42,5674.2263,357.96376,1.6966378
7515000.0,1590.1778,5759.0548,3913.9211,247.79004,106.89119,106.89119,106.89119,5748.4144,5768.9318,5759.8183,346.16453,1.6966378
7516000.0,1578.3156,5763.0791,3920.9152,248.23284,106.89119,106.89119,106.89119,5743.5393,5838.6592,5707.0388,355.36781,1.6966378
7517000.0,1648.1535,5769.0399,3955.7692,250.43944,106.89119,106.89119,106.89119,5751.4422,5841.9445,5713.733,411.45694,1.6966378
7518000.0,1645.9724,5770.5699,3932.1456,248.94383,106.89119,106.89119,106.89119,5800.9766,5780.2046,5730.5285,409.69851,1.6966378
7519000.0,1611.1807,5753.8205,4009.5026,253.8413,106.89119,106.89119,106.89119,5755.3003,5795.8903,5710.2708,372.13671,1.6966378
7520000.0,1590.2999,5743.4246,3928.227,248.69574,106.89119,106.89119,106.89119,5773.5234,5755.7604,5700.9899,354.98935,1.6966378
7521000.0,1592.5425,5787.9512,3972.0166,251.46806,106.89119,106.89119,106.89119,5835.7856,5767.1531,5760.9148,357.27368,1.6966378
7522000.0,1649.9929,5746.2127,3943.3863,249.65548,106.89119,106.89119,106.89119,5736.6845,5808.238,5693.7156,332.36442,1.6966378
7523000.0,1599.5085,5772.0271,3996.1538,252.99618,106.89119,106.89119,106.89119,5788.9079,5786.1496,5741.0237,354.55778,1.6966378
7524000.0,1609.8413,5751.0845,3906.1762,247.29971,106.89119,106.89119,106.89119,5793.2955,5720.8378,5739.1201,388.34561,1.6966378
7525000.0,1533.7889,5724.4924,3932.1972,248.9471,106.89119,106.89119,106.89119,5783.5701,5719.1401,5670.7672,413.41406,1.6966378
7526000.0,1621.2053,5735.1359,3930.0861,248.81345,106.89119,106.89119,106.89119,5796.8815,5702.6902,5705.836,338.62611,1.6966378
7527000.0,1574.659,5740.5303,3952.4685,250.23047,106.89119,106.89119,106.89119,5771.0198,5775.2105,5675.3608,337.9214,1.6966378
7528000.0,1675.2838,5773.9286,3907.4295,247.37905,106.89119,106.89119,106.89119,5748.2369,5825.5821,5747.9667,338.46115,1.6966378
7529000.0,1671.4268,5775.1212,3970.9704,251.40183,106.89119,106.89119,106.89119,5764.9978,5861.1559,5699.2098,369.43771,1.6966378
7530000.0,1672.9794,5791.2613,3980.5268,252.00684,106.89119,106.89119,106.89119,5773.1309,5880.9618,5719.6913,372.17836,1.6966378
7531000.0,1647.9231,5748.9029,3947.2163,249.89796,106.89119,106.89119,106.89119,5740.7723,5787.5203,5718.4159,345.07297,1.6966378
7532000.0,1634.8916,5785.568,3981.1882,252.04871,106.89119,106.89119,106.89119,5754.9443,5822.0183,5779.7416,346.04562,1.6966378
7533000.0,1663.4339,5779.4103,4016.7398,254.29948,106.89119,106.89119,106.89119,5811.2818,5843.0563,5683.8929,353.12089,1.6966378
7534000.0,1632.64,5771.917,3918.3664,248.07147,106.89119,106.89119,106.89119,5788.0691,5792.2539,5735.4281,360.49372,1.6966378
7535000.0,1641.5474,5781.5739,3955.682,250.43392,106.89119,106.89119,106.89119,5794.9959,5737.0849,5812.6408,397.75674,1.6966378
7536000.0,1592.5871,5759.1622,3993.9253,252.8551,106.89119,106.89119,106.89119,5766.6522,5782.895,5727.9394,376.341,1.6966378
7537000.0,1584.9318,5755.4288,4022.1328,254.64091,106.89119,106.89119,106.89119,5799.7703,5732.1057,5734.4104,346.31495,1.6966378
7538000.0,1597.6329,5771.9473,3944.5088,249.72654,106.89119,106.89119,106.89119,5753.8343,5805.009,5756.9987,353.98493,1.6966378
7539000.0,1621.5476,5740.049,4021.8629,254.62383,106.89119,106.89119,106.89119,5734.0145,5780.6324,5705.5002,358.91432,1.6966378
7540000.0,1634.7104,5749.561,3935.6456,249.16542,106.89119,106.89119,106.89119,5688.7839,5821.2109,5738.6883,386.09702,1.6966378
7541000.0,1727.1504,5794.6294,3956.1697,250.4648,106.89119,106.89119,106.89119,5817.1662,5795.5208,5771.2012,399.81321,1.6966378
7542000.0,1640.5801,5740.8796,3935.9907,249.18726,106.89119,106.89119,106.89119,5736.4562,5754.8788,5731.3037,378.07388,1.6966378
7543000.0,1607.9004,5754.2691,3853.6711,243.97562,106.89119,106.89119,106.89119,5755.2313,5776.2034,5731.3726,342.15248,1.6966378
7544000.0,1637.7815,5769.7824,3970.5667,251.37627,106.89119,106.89119,106.89119,5777.7987,5823.041,5708.5073,346.38319,1.6966378
7545000.0,1664.3718,5789.8274,3888.2627,246.16561,106.89119,106.89119,106.89119,5841.1505,5820.1801,5708.1516,357.77408,1.6966378
7546000.0,1613.8272,5763.0319,3997.8114,253.10113,106.89119,106.89119,106.89119,5793.7994,5796.9683,5698.328,392.6644,1.6966378
7547000.0,1574.8167,5729.3597,3931.0627,248.87527,106.89119,106.89119,106.89119,5743.8224,5758.6968,5685.5601,396.63137,1.6966378
7548000.0,1568.6939,5743.3943,3935.8574,249.17882,106.89119,106.89119,106.89119,5791.5844,5765.8782,5672.7203,402.88703,1.6966378
7549000.0,1608.6705,5745.5961,3947.8297,249.93679,106.89119,106.89119,106.89119,5790.8881,5746.8033,5699.0967,379.40878,1.6966378
7550000.0,1582.8869,5779.574,4044.6149,256.06425,106.89119,106.89119,106.89119,5856.8469,5745.452,5736.423,355.95109,1.6966378
7551000.0,1548.3691,5761.002,4005.0619,253.56016,106.89119,106.89119,106.89119,5789.1988,5800.3888,5693.4183,351.9774,1.6966378
7552000.0,1687.0904,5771.3783,3908.333,247.43626,106.89119,106.89119,106.89119,5835.223,5801.5904,5677.3215,341.03269,1.6966378
7553000.0,1646.4856,5788.6584,3964.7808,251.00996,106.89119,106.89119,106.89119,5838.4696,5805.0639,5722.4418,352.93146,1.6966378
7554000.0,1669.8969,5755.7612,3930.1487,248.81741,106.89119,106.89119,106.89119,5797.498,5723.5086,5746.2769,369.29782,1.6966378
7555000.0,1601.4741,5726.8789,4000.9696,253.30107,106.89119,106.89119,106.89119,5783.093,5728.0531,5669.4907,348.04532,1.6966378
7556000.0,1622.9094,5755.2944,3969.5101,251.30937,106.89119,106.89119,106.89119,5822.145,5773.5219,5670.2162,344.01607,1.6966378
7557000.0,1582.0802,5721.8888,3908.2152,247.4288,106.89119,106.89119,106.89119,5709.3365,5759.0569,5697.2732,345.88322,1.6966378
7558000.0,1625.089,5752.6861,3946.9894,249.88359,106.89119,106.89119,106.89119,5834.9377,5759.7341,5663.3865,387.38077,1.6966378
7559000.0,1607.5638,5730.3139,3871.4933,245.10394,106.89119,106.89119,106.89119,5787.4538,5725.1419,5678.3459,416.29,1.6966378
7560000.0,1582.1038,5760.584,3893.5074,246.49765,106.89119,106.89119,106.89119,5790.9043,5780.4089,5710.4387,400.10629,1.6966378
7561000.0,1590.7544,5759.003,3839.0066,243.04721,106.89119,106.89119,106.89119,5769.9954,5789.9594,5717.0542,358.77563,1.6966378
7562000.0,1692.3862,5775.1104,3977.8643,251.83828,106.89119,106.89119,106.89119,5773.5158,5805.5916,5746.2237,349.3263,1.6966378
7563000.0,1635.1579,5759.8247,3958.6591,250.6224,106.89119,106.89119,106.89119,5769.4995,5727.8438,5782.1309,376.89439,1.6966378
7564000.0,1603.4998,5737.4983,3893.1924,246.47771,106.89119,106.89119,106.89119,5728.4358,5731.1658,5752.8934,427.03477,1.6966378
7565000.0,1577.9481,5740.5494,3920.45,248.20339,106.89119,106.89119,106.89119,5741.1584,5762.3643,5718.1256,431.23677,1.6966378
7566000.0,1678.2598,5795.308,3914.929,247.85385,106.89119,106.89119,106.89119,5823.6792,5775.6659,5786.5788,425.01403,1.6966378
7567000.0,1668.0278,5739.1082,3971.2362,251.41866,106.89119,106.89119,106.89119,5812.0605,5706.9178,5698.3463,358.47327,1.6966378
7568000.0,1680.6876,5771.4093,3990.3791,252.63059,106.89119,106.89119,106.89119,5779.8822,5820.5626,5713.7831,348.10388,1.6966378
7569000.0,1591.2204,5753.9811,4007.1495,253.69232,106.89119,106.89119,106.89119,5832.0606,5748.9992,5680.8834,338.4613,1.6966378
7570000.0,1600.3708,5738.3219,3965.4989,251.05543,106.89119,106.89119,106.89119,5754.6674,5750.1152,5710.183,372.55737,1.6966378
7571000.0,1593.5153,5753.4608,3971.5875,251.44089,106.89119,106.89119,106.89119,5770.5616,5768.1801,5721.6407,385.33657,1.6966378
7572000.0,1578.6099,5766.0515,3929.3609,248.76753,106.89119,106.89119,106.89119,5743.6608,5810.0972,5744.3964,358.26443,1.6966378
7573000.0,1661.5202,5748.3888,3937.3915,249.27595,106.89119,106.89119,106.89119,5801.0338,5754.4624,5689.6702,341.5409,1.6966378
7574000.0,1655.7054,5771.9104,3927.2986,248.63697,106.89119,106.89119,106.89119,5836.7704,5813.3748,5665.5861,340.72853,1.6966378
7575000.0,1625.6085,5768.0939,3963.7801,250.94661,106.89119,106.89119,106.89119,5795.0036,5809.7055,5699.5727,346.26353,1.6966378
7576000.0,1633.9861,5752.2053,3924.0922,248.43397,106.89119,106.89119,106.89119,5779.6239,5749.6956,5727.2965,384.24918,1.6966378
7577000.0,1623.2903,5745.1578,3883.1995,245.84506,106.89119,106.89119,106.89119,5739.241,5782.9559,5713.2765,374.59273,1.6966378
7578000.0,1593.1817,5780.6483,3988.1353,252.48853,106.89119,106.89119,106.89119,5819.289,5799.6667,5722.9893,340.45261,1.6966378
7579000.0,1575.4215,5765.5044,4007.3984,253.70808,106.89119,106.89119,106.89119,5739.7263,5814.7084,5742.0786,338.47905,1.6966378
7580000.0,1601.3898,5733.0429,3911.099,247.61138,106.89119,106.89119,106.89119,5714.5889,5801.8039,5682.7361,340.56348,1.6966378
7581000.0,1578.0307,5771.2159,3876.7116,245.43431,106.89119,106.89119,106.89119,5806.0156,5776.7679,5730.8642,367.69488,1.6966378
7582000.0,1607.5138,5787.867,3978.4565,251.87577,106.89119,106.89119,106.89119,5807.2999,5807.0777,5749.2235,372.89658,1.6966378
7583000.0,1540.3355,5748.8353,3934.2083,249.07442,106.89119,106.89119,106.89119,5782.0342,5780.0541,5684.4177,353.25687,1.6966378
7584000.0,1642.4037,5757.1248,3874.3437,245.2844,106.89119,106.89119,106.89119,5788.3714,5770.7749,5712.2281,342.55205,1.6966378
7585000.0,1608.3658,5777.6066,3960.0568,250.71088,106.89119,106.89119,106.89119,5774.1181,5825.3153,5733.3866,344.69703,1.6966378
7586000.0,1640.7863,5769.7357,3921.7677,248.2868,106.89119,106.89119,106.89119,5784.1287,5770.9591,5754.1194,356.88706,1.6966378
7587000.0,1632.9652,5743.8085,3891.3854,246.36331,106.89119,106.89119,106.89119,5761.837,5752.6185,5716.9699,384.36543,1.6966378
7588000.0,1613.9051,5758.0101,3963.1918,250.90936,106.89119,106.89119,106.89119,5802.7583,5735.6825,5735.5896,379.18409,1.6966378
7589000.0,1637.0211,5788.6207,3940.4719,249.47097,106.89119,106.89119,106.89119,5798.4039,5820.7948,5746.6636,344.95591,1.6966378
7590000.0,1580.1978,5751.0333,3964.0039,250.96078,106.89119,106.89119,106.89119,5748.1385,5786.0991,5718.8623,361.35935,1.6966378
7591000.0,1581.6834,5749.3808,3970.966,251.40155,106.89119,106.89119,106.89119,5766.9018,5747.7845,5733.4561,376.82718,1.6966378
7592000.0,1634.3466,5766.4068,3965.7995,251.07445,106.89119,106.89119,106.89119,5743.9594,5825.3467,5729.9143,407.39987,1.6966378
7593000.0,1618.2828,5762.6847,3949.0681,250.0152,106.89119,106.89119,106.89119,5763.9261,5770.0433,5754.0848,412.20279,1.6966378
7594000.0,1508.3596,5740.9686,4044.0428,256.02803,106.89119,106.89119,106.89119,5722.5318,5780.8791,5719.4948,407.3463,1.6966378
7595000.0,1644.5735,5769.7928,3962.7038,250.87847,106.89119,106.89119,106.89119,5804.0253,5793.4479,5711.9053,361.9004,1.6966378
7596000.0,1602.669,5748.1744,4009.4577,253.83845,106.89119,106.89119,106.89119,5749.9629,5798.9052,5695.6551,382.52401,1.6966378
7597000.0,1676.4439,5762.2803,3850.3282,243.76398,106.89119,106.89119,106.89119,5728.8938,5778.8829,5779.0641,376.74704,1.6966378
7598000.0,1640.0517,5776.7122,4015.2353,254.20423,106.89119,106.89119,106.89119,5819.6435,5743.7432,5766.7498,389.36484,1.6966378
7599000.0,1645.453,5750.9883,3947.4754,249.91436,106.89119,106.89119,106.89119,5743.7512,5769.4743,5739.7395,424.84064,1.6966378
7600000.0,1686.7267,5764.0557,4014.2625,254.14265,106.89119,106.89119,106.89119,5823.1589,5784.8252,5684.1829,392.67241,1.6966378
7601000.0,1619.8033,5783.3902,3935.8229,249.17664,106.89119,106.89119,106.89119,5830.9269,5790.4339,5728.8099,366.44249,1.6966378
7602000.0,1671.6872,5774.0349,3934.3598,249.08401,106.89119,106.89119,106.89119,5778.9133,5824.7316,5718.4596,379.48402,1.6966378
7603000.0,1585.4938,5763.7746,3960.2881,250.72553,106.89119,106.89119,106.89119,5775.0723,5812.8755,5703.376,372.83071,1.6966378
7604000.0,1556.7846,5748.1467,4009.7119,253.85455,106.89119,106.89119,106.89119,5792.2041,5779.282,5672.954,386.97161,1.6966378
7605000.0,1455.5675,5738.5914,4008.9923,253.80899,106.89119,106.89119,106.89119,5734.6757,5802.424,5678.6747,406.83169,1.6966378
7606000.0,1561.9495,5743.8659,3878.3501,245.53804,106.89119,106.89119,106.89119,5781.1538,5749.7027,5700.7413,393.15508,1.6966378
7607000.0,1627.9396,5777.073,3941.5152,249.53702,106.89119,106.89119,106.89119,5759.8445,5830.4429,5740.9316,366.27382,1.6966378
7608000.0,1686.582,5787.8428,3969.4843,251.30774,106.89119,106.89119,106.89119,5842.9297,5849.8106,5670.788,369.73077,1.6966378
7609000.0,1546.1679,5754.2007,3905.36,247.24803,106.89119,106.89119,106.89119,5769.9239,5721.0337,5771.6446,377.44319,1.6966378
7610000.0,1602.9962,5758.9887,3922.2231,248.31564,106.89119,106.89119,106.89119,5762.0457,5799.3376,5715.5826,412.12063,1.6966378
7611000.0,1622.0329,5767.4427,3962.5051,250.86589,106.89119,106.89119,106.89119,5788.1108,5805.092,5709.1253,434.24928,1.6966378
7612000.0,1553.2228,5765.063,3973.9724,251.59188,106.89119,106.89119,106.89119,5786.7176,5804.5433,5703.9281,433.53337,1.6966378
7613000.0,1583.722,5753.7559,3826.4634,242.2531,106.89119,106.89119,106.89119,5756.0598,5775.1006,5730.1074,383.72944,1.6966378
7614000.0,1607.7474,5741.8081,3918.7342,248.09476,106.89119,106.89119,106.89119,5819.3484,5759.3269,5646.7491,383.28985,1.6966378
7615000.0,1640.4952,5773.3275,3974.3646,251.61671,106.89119,106.89119,106.89119,5799.179,5793.3275,5727.4759,388.2523,1.6966378
7616000.0,1582.9604,5742.22,3900.4677,246.93831,106.89119,106.89119,106.89119,5724.4791,5803.8238,5698.3571,405.54617,1.6966378
7617000.0,1604.0684,5774.9438,3955.265,250.40752,106.89119,106.89119,106.89119,5786.4188,5832.9454,5705.4673,432.65432,1.6966378
7618000.0,1620.1649,5769.5914,3940.6862,249.48454,106.89119,106.89119,106.89119,5802.161,5812.1781,5694.4352,433.97183,1.6966378
7619000.0,1579.6204,5726.5211,3864.6729,244.67214,106.89119,106.89119,106.89119,5758.6011,5780.6663,5640.2958,382.06941,1.6966378
7620000.0,1672.9372,5787.5229,3937.3093,249.27074,106.89119,106.89119,106.89119,5822.1271,5827.8629,5712.5787,378.35751,1.6966378
7621000.0,1711.634,5786.8599,4031.0598,255.20608,106.89119,106.89119,106.89119,5844.4866,5790.2601,5725.833,380.41487,1.6966378
7622000.0,1596.0374,5763.3728,4006.5591,253.65495,106.89119,106.89119,106.89119,5770.7208,5787.0374,5732.3602,386.24831,1.6966378
7623000.0,1661.4169,5775.0314,3919.5564,248.14681,106.89119,106.89119,106.89119,5783.2311,5780.2943,5761.5688,400.65639,1.6966378
7624000.0,1605.9939,5761.5878,3953.4994,250.29574,106.89119,106.89119,106.89119,5739.4529,5860.4842,5684.8264,401.5402,1.6966378
7625000.0,1654.8724,5769.7131,3931.1472,248.88062,106.89119,106.89119,106.89119,5773.1056,5781.556,5754.4777,365.07837,1.6966378
7626000.0,1707.3029,5801.7842,3864.6934,244.67343,106.89119,106.89119,106.89119,5838.7372,5807.678,5758.9374,339.41644,1.6966378
7627000.0,1665.7411,5772.298,3944.6098,249.73294,106.89119,106.89119,106.89119,5767.5638,5798.2852,5751.0449,338.41186,1.6966378
7628000.0,1577.2637,5739.3644,3909.2423,247.49382,106.89119,106.89119,106.89119,5764.0649,5761.4489,5692.5793,355.71283,1.6966378
7629000.0,1559.276,5745.9733,4011.2335,253.95088,106.89119,106.89119,106.89119,5781.2951,5834.5183,5622.1066,379.90694,1.6966378
7630000.0,1569.6643,5739.5199,3966.9884,251.14973,106.89119,106.89119,106.89119,5748.5297,5809.0194,5661.0105,392.21487,1.6966378
7631000.0,1635.0994,5787.487,3952.1808,250.21226,106.89119,106.89119,106.89119,5783.8061,5818.1558,5760.4991,370.16131,1.6966378
7632000.0,1669.1299,5795.3351,3974.0228,251.59507,106.89119,106.89119,106.89119,5840.2432,5782.4028,5763.3592,367.55587,1.6966378
7633000.0,1655.5561,5810.2115,3892.691,246.44596,106.89119,106.89119,106.89119,5841.7884,5825.1223,5763.724,372.32691,1.6966378
7634000.0,1619.5927,5762.8596,4047.535,256.24913,106.89119,106.89119,106.89119,5741.9448,5817.8839,5728.7501,382.42675,1.6966378
7635000.0,1614.7233,5774.045,3943.3837,249.65531,106.89119,106.89119,106.89119,5812.2364,5766.6776,5743.2209,414.24722,1.6966378
7636000.0,1557.9145,5777.5506,3952.9416,250.26042,106.89119,106.89119,106.89119,5783.1292,5815.6436,5733.8789,415.29371,1.6966378
7637000.0,1675.7039,5774.7185,3894.1015,246.53526,106.89119,106.89119,106.89119,5804.1022,5811.8599,5708.1935,365.22979,1.6966378
7638000.0,1579.819,5754.5331,3929.2778,248.76227,106.89119,106.89119,106.89119,5766.0214,5768.272,5729.306,346.6118,1.6966378
7639000.0,1568.0693,5743.3234,3989.6708,252.58575,106.89119,106.89119,106.89119,5745.2858,5775.9513,5708.7332,351.39717,1.6966378
7640000.0,1608.5465,5757.3483,3944.2022,249.70714,106.89119,106.89119,106.89119,5786.5034,5780.0554,5705.486,372.54281,1.6966378
7641000.0,1685.6501,5755.5245,3938.9818,249.37663,106.89119,106.89119,106.89119,5773.5752,5772.4858,5720.5125,398.47064,1.6966378
7642000.0,1612.0295,5737.4098,3929.6261,248.78432,106.89119,106.89119,106.89119,5751.7327,5814.4931,5646.0036,394.87526,1.6966378
7643000.0,1603.7837,5777.8121,3950.1212,250.08187,106.89119,106.89119,106.89119,5752.982,5816.5393,5763.9151,365.96309,1.6966378
7644000.0,1557.4394,5747.1272,3918.9439,248.10803,106.89119,106.89119,106.89119,5760.3106,5751.8264,5729.2447,364.76408,1.6966378
7645000.0,1603.563,5765.2777,3982.387,252.12461,106.89119,106.89119,106.89119,5753.6467,5826.8576,5715.3288,377.00975,1.6966378
7646000.0,1606.7288,5748.9043,3961.153,250.78029,106.89119,106.89119,106.89119,5759.9058,5766.2962,5720.5108,390.64024,1.6966378
7647000.0,1603.2978,5771.7763,3957.153,250.52705,106.89119,106.89119,106.89119,5772.7587,5816.5904,5725.9799,429.36507,1.6966378
7648000.0,1641.0829,5780.7788,3980.0372,251.97584,106.89119,106.89119,106.89119,5777.1437,5782.9904,5782.2024,431.30257,1.6966378
7649000.0,1569.9406,5763.5637,3980.9203,252.03175,106.89119,106.89119,106.89119,5779.6935,5802.2546,5708.743,372.76365,1.6966378
7650000.0,1663.741,5785.4744,3984.5314,252.26038,106.89119,106.89119,106.89119,5775.7787,5829.416,5751.2285,351.56957,1.6966378
7651000.0,1662.4024,5784.5605,3875.3902,245.35065,106.89119,106.89119,106.89119,5830.3158,5815.9395,5707.4262,346.87355,1.6966378
7652000.0,1619.74,5778.3812,3964.4907,250.99159,106.89119,106.89119,106.89119,5740.4463,5834.4426,5760.2549,383.29628,1.6966378
7653000.0,1647.4588,5789.9137,3970.9378,251.39976,106.89119,106.89119,106.89119,5812.6971,5823.1558,5733.8881,394.61816,1.6966378
7654000.0,1614.2216,5757.4156,3978.6845,251.89021,106.89119,106.89119,106.89119,5715.2849,5754.3748,5802.587,389.30965,1.6966378
7655000.0,1636.1542,5774.0732,3929.9483,248.80472,106.89119,106.89119,106.89119,5796.5771,5797.7832,5727.8594,354.13311,1.6966378
7656000.0,1625.3032,5757.9619,4008.4607,253.77534,106.89119,106.89119,106.89119,5730.9727,5776.7485,5766.1646,347.31851,1.6966378
7657000.0,1561.0945,5740.3191,3976.4855,251.75099,106.89119,106.89119,106.89119,5703.8289,5728.6855,5788.4427,343.19951,1.6966378
7658000.0,1590.8843,5733.3398,4004.135,253.50147,106.89119,106.89119,106.89119,5725.9308,5785.2748,5688.8138,396.16207,1.6966378
7659000.0,1665.0615,5778.4322,3933.5616,249.03348,106.89119,106.89119,106.89119,5775.9376,5810.7784,5748.5805,397.16525,1.6966378
7660000.0,1677.1423,5791.1886,3936.7366,249.23449,106.89119,106.89119,106.89119,5763.2162,5847.1539,5763.1956,395.57146,1.6966378
7661000.0,1637.0655,5781.2631,4022.8366,254.68547,106.89119,106.89119,106.89119,5799.6018,5817.8954,5726.292,360.61659,1.6966378
7662000.0,1607.3695,5761.4851,3949.671,250.05336,106.89119,106.89119,106.89119,5730.3715,5824.7581,5729.3256,370.9026,1.6966378
7663000.0,1615.9457,5768.1498,3985.6486,252.3311,106.89119,106.89119,106.89119,5790.0276,5822.6424,5691.7794,368.0618,1.6966378
7664000.0,1608.1734,5779.6407,3955.125,250.39865,106.89119,106.89119,106.89119,5799.35,5846.0338,5693.5384,385.12054,1.6966378
7665000.0,1668.6418,5767.4385,3954.3689,250.35079,106.89119,106.89119,106.89119,5801.9094,5766.189,5734.2172,414.14895,1.6966378
7666000.0,1684.8585,5786.8808,3926.9885,248.61734,106.89119,106.89119,106.89119,5810.1177,5783.4138,5767.1107,427.24655,1.6966378
7667000.0,1693.3739,5781.8885,3898.6352,246.82229,106.89119,106.89119,106.89119,5772.9543,5828.1474,5744.5638,378.26647,1.6966378
7668000.0,1635.7782,5790.2233,3987.2839,252.43463,106.89119,106.89119,106.89119,5778.4473,5871.6487,5720.574,377.32787,1.6966378
7669000.0,1568.9975,5763.0861,3898.8093,246.83331,106.89119,106.89119,106.89119,5680.7155,5795.5869,5812.9559,366.11667,1.6966378
7670000.0,1561.1362,5746.9126,3923.7802,248.41422,106.89119,106.89119,106.89119,5783.2622,5787.7335,5669.7421,380.59349,1.6966378
7671000.0,1619.7927,5772.9075,3952.4182,250.22729,106.89119,106.89119,106.89119,5820.0872,5750.7249,5747.9104,417.88675,1.6966378
7672000.0,1734.7889,5792.5279,3902.9206,247.0936,106.89119,106.89119,106.89119,5817.2135,5820.3427,5740.0276,410.21667,1.6966378
7673000.0,1680.9917,5761.2469,3925.4663,248.52096,106.89119,106.89119,106.89119,5811.16,5785.5497,5687.0311,372.03762,1.6966378
7674000.0,1606.3163,5787.3068,3952.4917,250.23194,106.89119,106.89119,106.89119,5794.8145,5831.5214,5735.5844,355.72214,1.6966378
7675000.0,1591.1061,5748.0219,3927.4185,248.64456,106.89119,106.89119,106.89119,5798.7098,5765.6493,5679.7065,357.59105,1.6966378
7676000.0,1632.0893,5768.5265,4045.5971,256.12644,106.89119,106.89119,106.89119,5778.9476,5775.3676,5751.2643,368.37187,1.6966378
7677000.0,1578.1291,5748.854,3954.3371,250.34877,106.89119,106.89119,106.89119,5727.1593,5792.47,5726.9329,391.84253,1.6966378
7678000.0,1573.4564,5728.401,3850.6669,243.78542,106.89119,106.89119,106.89119,5715.7967,5785.9179,5683.4883,397.45794,1.6966378
7679000.0,1613.1687,5801.3734,3910.3088,247.56135,106.89119,106.89119,106.89119,5800.8165,5823.2834,5780.0202,366.97098,1.6966378
7680000.0,1670.0208,5762.6673,3950.1727,250.08512,106.89119,106.89119,106.89119,5715.0418,5799.1105,5773.8495,389.79632,1.6966378
7681000.0,1620.2796,5745.3762,3908.3298,247.43606,106.89119,106.89119,106.89119,5726.1718,5831.5546,5678.4021,373.50344,1.6966378
7682000.0,1627.8189,5749.8348,3869.8575,245.00038,106.89119,106.89119,106.89119,5751.3525,5769.5041,5728.6478,389.72838,1.6966378
7683000.0,1618.2501,5753.1782,4007.5806,253.71962,106.89119,106.89119,106.89119,5783.7298,5755.8671,5719.9378,429.1191,1.6966378
7684000.0,1632.2927,5762.5924,3921.0128,248.23902,106.89119,106.89119,106.89119,5757.8663,5762.2367,5767.6741,426.79311,1.6966378
7685000.0,1542.0737,5770.0592,3971.9574,251.46431,106.89119,106.89119,106.89119,5790.6378,5786.3964,5733.1434,372.42465,1.6966378
7686000.0,1571.8131,5747.1246,3945.8573,249.81192,106.89119,106.89119,106.89119,5766.8912,5763.1147,5711.3678,350.78082,1.6966378
7687000.0,1599.4203,5776.685,4010.7283,253.91889,106.89119,106.89119,106.89119,5827.1133,5743.5956,5759.3461,377.97534,1.6966378
7688000.0,1572.3586,5759.5011,3939.0244,249.37933,106.89119,106.89119,106.89119,5853.5106,5702.8059,5722.1867,395.48575,1.6966378
7689000.0,1611.7742,5775.8877,3944.9306,249.75325,106.89119,106.89119,106.89119,5780.2318,5835.6986,5711.7326,433.43677,1.6966378
7690000.0,1628.3611,5802.3063,3969.2549,251.29322,106.89119,106.89119,106.89119,5817.434,5862.9189,5726.566,433.66933,1.6966378
7691000.0,1602.0821,5784.0049,3991.1235,252.67772,106.89119,106.89119,106.89119,5791.4504,5791.9351,5768.629,383.92265,1.6966378
7692000.0,1703.063,5788.4541,3931.0133,248.87215,106.89119,106.89119,106.89119,5793.4529,5829.4141,5742.4953,345.98347,1.6966378
7693000.0,1612.027,5769.0303,3932.9658,248.99576,106.89119,106.89119,106.89119,5755.7604,5809.3993,5741.9312,346.45328,1.6966378
7694000.0,1643.4886,5759.6341,3954.8638,250.38212,106.89119,106.89119,106.89119,5710.9607,5866.6436,5701.298,354.83257,1.6966378
7695000.0,1660.7829,5753.6609,3965.3319,251.04485,106.89119,106.89119,106.89119,5750.3459,5818.6609,5691.9759,383.14692,1.6966378
7696000.0,1578.8128,5734.4768,3889.4794,246.24264,106.89119,106.89119,106.89119,5733.2454,5818.0392,5652.1458,387.87228,1.6966378
7697000.0,1626.1844,5742.1916,3946.9206,249.87924,106.89119,106.89119,106.89119,5736.4192,5782.432,5707.7237,369.50401,1.6966378
7698000.0,1657.9207,5763.622,3923.5512,248.39972,106.89119,106.89119,106.89119,5819.8278,5782.5612,5688.477,368.78175,1.6966378
7699000.0,1557.4448,5736.2602,3969.8534,251.33111,106.89119,106.89119,106.89119,5790.6702,5802.1489,5615.9614,377.99409,1.6966378
7700000.0,1660.6361,5749.1821,4008.5399,253.78035,106.89119,106.89119,106.89119,5764.0806,5820.6622,5662.8034,389.22639,1.6966378
7701000.0,1605.7408,5770.6733,3985.6475,252.33103,106.89119,106.89119,106.89119,5808.4604,5777.7808,5725.7789,428.34941,1.6966378
7702000.0,1610.2501,5778.7059,3979.5358,251.9441,106.89119,106.89119,106.89119,5817.581,5814.0793,5704.4576,434.77848,1.6966378
7703000.0,1573.5629,5762.5309,3995.8639,252.97783,106.89119,106.89119,106.89119,5745.6913,5782.6984,5759.203,388.11532,1.6966378
7704000.0,1662.3003,5788.9005,4014.1296,254.13423,106.89119,106.89119,106.89119,5794.6134,5828.5568,5743.5314,350.78633,1.6966378
7705000.0,1584.2557,5774.2576,3984.0613,252.23061,106.89119,106.89119,106.89119,5765.3123,5816.2873,5741.1731,376.20036,1.6966378
7706000.0,1604.9068,5773.4084,3967.1845,251.16214,106.89119,106.89119,106.89119,5774.8773,5795.5556,5749.7923,380.49584,1.6966378
7707000.0,1614.8939,5769.1133,3949.4732,250.04084,106.89119,106.89119,106.89119,5748.6064,5832.8046,5725.929,423.14722,1.6966378
7708000.0,1591.5006,5772.6417,3972.8173,251.51876,106.89119,106.89119,106.89119,5796.028,5853.9025,5667.9947,422.69951,1.6966378
7709000.0,1625.6832,5775.3241,3927.8622,248.67265,106.89119,106.89119,106.89119,5787.3806,5839.5261,5699.0654,381.47767,1.6966378
7710000.0,1528.8234,5737.7688,3933.6102,249.03656,106.89119,106.89119,106.89119,5761.2438,5760.0102,5692.0524,337.79169,1.6966378
7711000.0,1610.0119,5767.6996,3882.4826,245.79967,106.89119,106.89119,106.89119,5732.7462,5844.9362,5725.4162,334.39023,1.6966378
7712000.0,1632.4574,5778.5047,3965.3633,251.04684,106.89119,106.89119,106.89119,5819.0025,5789.043,5727.4685,336.60476,1.6966378
7713000.0,1641.426,5784.9015,4011.4949,253.96743,106.89119,106.89119,106.89119,5788.9547,5834.8358,5730.9142,365.42328,1.6966378
7714000.0,1609.6035,5764.1616,3972.4971,251.49848,106.89119,106.89119,106.89119,5775.7044,5794.024,5722.7564,366.57136,1.6966378
7715000.0,1674.1299,5749.0726,3932.8849,248.99064,106.89119,106.89119,106.89119,5710.0725,5816.0187,5721.1265,339.48627,1.6966378
7716000.0,1605.1904,5781.5265,3950.9738,250.13584,106.89119,106.89119,106.89119,5813.6771,5836.2222,5694.6802,338.9887,1.6966378
7717000.0,1556.218,5735.0921,3954.1356,250.33601,106.89119,106.89119,106.89119,5742.9521,5827.1682,5635.1561,354.16443,1.6966378
7718000.0,1623.3792,5742.0322,3921.18,248.2496,106.89119,106.89119,106.89119,5761.2957,5780.8159,5683.9848,390.46804,1.6966378
7719000.0,1587.6899,5755.8963,3932.468,248.96424,106.89119,106.89119,106.89119,5791.6125,5784.1978,5691.8787,423.67185,1.6966378
7720000.0,1607.7167,5757.4106,3958.9416,250.64028,106.89119,106.89119,106.89119,5780.3858,5822.4752,5669.3706,426.04709,1.6966378
7721000.0,1584.9011,5766.8089,3971.1794,251.41506,106.89119,106.89119,106.89119,5797.7237,5811.0343,5691.6688,380.66064,1.6966378
7722000.0,1671.1447,5772.4222,3964.5417,250.99483,106.89119,106.89119,106.89119,5791.1742,5802.2335,5723.8588,363.46741,1.6966378
7723000.0,1587.2504,5754.0716,3981.8597,252.09123,106.89119,106.89119,106.89119,5776.1383,5776.5487,5709.5278,368.76971,1.6966378
7724000.0,1612.838,5762.0969,3949.7158,250.0562,106.89119,106.89119,106.89119,5751.8554,5793.7923,5740.6429,357.90642,1.6966378
7725000.0,1593.9924,5763.7629,3922.4957,248.3329,106.89119,106.89119,106.89119,5763.3036,5813.0235,5714.9617,388.11683,1.6966378
7726000.0,1736.349,5792.5333,3896.4816,246.68595,106.89119,106.89119,106.89119,5788.8348,5800.6013,5788.1639,390.11058,1.6966378
7727000.0,1680.465,5770.7863,3860.3457,244.39819,106.89119,106.89119,106.89119,5712.4116,5887.2016,5712.7458,332.83163,1.6966378
7728000.0,1661.6893,5769.1007,3940.8829,249.49699,106.89119,106.89119,106.89119,5828.5326,5771.6358,5707.1336,336.86003,1.6966378
7729000.0,1605.1624,5768.1659,4001.4412,253.33093,106.89119,106.89119,106.89119,5784.5759,5733.2844,5786.6375,334.63913,1.6966378
7730000.0,1633.8532,5769.7106,3877.4256,245.47951,106.89119,106.89119,106.89119,5836.9287,5818.5241,5653.6788,337.92692,1.6966378
7731000.0,1618.9185,5774.3192,3969.0921,251.28291,106.89119,106.89119,106.89119,5837.9687,5781.1027,5703.8861,340.7957,1.6966378
7732000.0,1646.2498,5801.3592,3934.3169,249.08129,106.89119,106.89119,106.89119,5829.565,5822.6677,5751.8449,365.6941,1.6966378
7733000.0,1653.4996,5778.9326,3937.15,249.26066,106.89119,106.89119,106.89119,5848.9585,5757.5757,5730.2635,363.97271,1.6966378
7734000.0,1554.0144,5750.7127,3857.5968,244.22415,106.89119,106.89119,106.89119,5808.1915,5703.8334,5740.1133,375.77684,1.6966378
7735000.0,1686.9519,5796.2377,3868.3249,244.90335,106.89119,106.89119,106.89119,5775.1088,5800.5784,5813.0258,407.61388,1.6966378
7736000.0,1570.3699,5768.111,3899.3815,246.86954,106.89119,106.89119,106.89119,5804.2299,5761.2113,5738.8919,405.56343,1.6966378
7737000.0,1549.929,5735.3671,3966.6281,251.12691,106.89119,106.89119,106.89119,5803.1859,5720.8749,5682.0406,374.34157,1.6966378
7738000.0,1685.9689,5771.176,3935.6906,249.16826,106.89119,106.89119,106.89119,5790.9822,5787.2855,5735.2602,335.35362,1.6966378
7739000.0,1618.0156,5763.4715,4007.4786,253.71315,106.89119,106.89119,106.89119,5785.2873,5752.5686,5752.5584,337.86863,1.6966378
7740000.0,1575.5601,5748.4656,4013.1729,254.07366,106.89119,106.89119,106.89119,5770.6184,5767.2378,5707.5406,344.07493,1.6966378
7741000.0,1635.8275,5776.296,3990.7518,252.65418,106.89119,106.89119,106.89119,5753.1293,5801.0468,5774.7118,337.57966,1.6966378
7742000.0,1535.5073,5766.2776,3997.7705,253.09854,106.89119,106.89119,106.89119,5759.4718,5765.7437,5773.6174,338.06554,1.6966378
7743000.0,1568.8891,5746.463,3935.2377,249.13959,106.89119,106.89119,106.89119,5741.7494,5762.1715,5735.468,350.70244,1.6966378
7744000.0,1586.6028,5750.8082,3952.1253,250.20874,106.89119,106.89119,106.89119,5799.8063,5799.0764,5653.542,349.84416,1.6966378
7745000.0,1584.938,5765.0865,3936.4629,249.21716,106.89119,106.89119,106.89119,5754.375,5836.5459,5704.3386,399.42362,1.6966378
7746000.0,1650.4488,5750.097,3914.1333,247.80347,106.89119,106.89119,106.89119,5773.8741,5791.8599,5684.5571,410.46545,1.6966378
7747000.0,1609.8295,5770.7918,4011.8615,253.99064,106.89119,106.89119,106.89119,5793.6733,5795.8515,5722.8508,383.4647,1.6966378
7748000.0,1642.7871,5754.3442,3880.9654,245.70361,106.89119,106.89119,106.89119,5782.6463,5779.316,5701.0704,346.33013,1.6966378
7749000.0,1593.5242,5765.9876,3855.7874,244.1096,106.89119,106.89119,106.89119,5766.3989,5787.9578,5743.606,340.95877,1.6966378
7750000.0,1677.5182,5784.7002,3875.6477,245.36695,106.89119,106.89119,106.89119,5837.1664,5784.6296,5732.3046,348.39116,1.6966378
7751000.0,1624.0609,5772.2427,4034.567,255.42812,106.89119,106.89119,106.89119,5774.6092,5772.3772,5769.7417,388.68911,1.6966378
7752000.0,1693.6884,5800.7886,3996.3781,253.01039,106.89119,106.89119,106.89119,5797.7728,5831.2966,5773.2964,399.98267,1.6966378
7753000.0,1574.1607,5758.5155,3923.4527,248.39349,106.89119,106.89119,106.89119,5822.6977,5747.8551,5704.9935,383.12958,1.6966378
7754000.0,1657.241,5770.9723,3821.3926,241.93207,106.89119,106.89119,106.89119,5788.2875,5783.6074,5741.0221,350.48177,1.6966378
7755000.0,1522.3218,5745.7196,3943.3109,249.65071,106.89119,106.89119,106.89119,5769.201,5733.532,5734.4257,340.99183,1.6966378
7756000.0,1721.209,5789.727,3955.7882,250.44065,106.89119,106.89119,106.89119,5829.2828,5831.6335,5708.2647,344.83234,1.6966378
7757000.0,1606.3984,5761.6651,4002.5238,253.39947,106.89119,106.89119,106.89119,5756.7915,5792.1867,5736.0171,366.05044,1.6966378
7758000.0,1555.1782,5742.0394,3905.2777,247.24283,106.89119,106.89119,106.89119,5797.1056,5769.8425,5659.1703,382.62676,1.6966378
7759000.0,1570.6545,5761.9675,3920.9413,248.23449,106.89119,106.89119,106.89119,5794.7601,5750.065,5741.0774,413.66294,1.6966378
7760000.0,1687.461,5768.4387,3915.1738,247.86935,106.89119,106.89119,106.89119,5781.4125,5815.4267,5708.4769,360.31189,1.6966378
7761000.0,1622.4276,5782.7477,3936.9637,249.24887,106.89119,106.89119,106.89119,5800.2587,5769.2841,5778.7003,380.64973,1.6966378
7762000.0,1625.971,5775.3518,3886.6786,246.06532,106.89119,106.89119,106.89119,5791.0665,5811.1363,5723.8527,381.86094,1.6966378
7763000.0,1615.6635,5767.2629,3896.8105,246.70677,106.89119,106.89119,106.89119,5771.7538,5756.4873,5773.5476,385.3696,1.6966378
7764000.0,1607.3857,5766.8977,3949.9095,250.06846,106.89119,106.89119,106.89119,5783.2978,5827.8662,5689.5291,413.87539,1.6966378
7765000.0,1609.2767,5771.1226,3942.8857,249.62379,106.89119,106.89119,106.89119,5741.7565,5877.1321,5694.4792,405.36488,1.6966378
7766000.0,1578.9246,5766.6128,3948.0972,249.95373,106.89119,106.89119,106.89119,5807.0196,5791.0627,5701.7561,370.68382,1.6966378
7767000.0,1500.3381,5724.6778,3925.1394,248.50027,106.89119,106.89119,106.89119,5729.7119,5781.987,5662.3345,377.93534,1.6966378
7768000.0,1629.4262,5768.67,3966.6039,251.12539,106.89119,106.89119,106.89119,5768.6894,5753.1013,5784.2193,369.99814,1.6966378
7769000.0,1598.9161,5758.8604,4000.7359,253.28628,106.89119,106.89119,106.89119,5741.9439,5805.8928,5728.7446,394.01931,1.6966378
7770000.0,1667.0289,5774.5511,3980.097,251.97963,106.89119,106.89119,106.89119,5824.982,5745.8305,5752.8408,428.0238,1.6966378
7771000.0,1695.1191,5790.5418,3921.1108,248.24522,106.89119,106.89119,106.89119,5783.4176,5802.7351,5785.4725,426.38776,1.6966378
7772000.0,1708.7681,5791.7817,3975.1209,251.6646,106.89119,106.89119,106.89119,5774.2093,5897.4464,5703.6895,365.02878,1.6966378
7773000.0,1628.8267,5781.8839,3945.3043,249.77691,106.89119,106.89119,106.89119,5799.3483,5828.9671,5717.3365,346.5136,1.6966378
7774000.0,1525.3627,5731.6712,3936.6295,249.22771,106.89119,106.89119,106.89119,5746.6277,5799.249,5649.1368,350.32733,1.6966378
7775000.0,1607.1874,5776.3112,4003.9102,253.48724,106.89119,106.89119,106.89119,5812.8117,5793.4724,5722.6494,394.9733,1.6966378
7776000.0,1532.9299,5737.1229,3905.0174,247.22635,106.89119,106.89119,106.89119,5730.3516,5760.7601,5720.257,385.0279,1.6966378
7777000.0,1640.5988,5767.9317,3872.2815,245.15384,106.89119,106.89119,106.89119,5792.7653,5828.6909,5682.3389,379.27149,1.6966378
7778000.0,1625.1379,5766.2712,3947.4114,249.91031,106.89119,106.89119,106.89119,5752.1091,5824.705,5721.9995,358.23731,1.6966378
7779000.0,1596.0783,5750.627,3946.082,249.82614,106.89119,106.89119,106.89119,5798.1295,5806.5077,5647.2437,370.27312,1.6966378
7780000.0,1540.573,5748.2314,3941.1703,249.51518,106.89119,106.89119,106.89119,5836.0337,5739.8363,5668.8242,360.80642,1.6966378
7781000.0,1579.7359,5736.351,3862.0004,244.50295,106.89119,106.89119,106.89119,5781.3065,5718.5886,5709.1579,385.21067,1.6966378
7782000.0,1625.0713,5756.7421,3919.3288,248.1324,106.89119,106.89119,106.89119,5820.1782,5764.9755,5685.0727,400.75381,1.6966378
7783000.0,1613.1016,5776.1926,3929.6985,248.78891,106.89119,106.89119,106.89119,5829.0196,5790.1678,5709.3905,405.5682,1.6966378
7784000.0,1627.4713,5778.0154,4017.6129,254.35476,106.89119,106.89119,106.89119,5763.307,5828.9527,5741.7866,361.80391,1.6966378
7785000.0,1583.4803,5781.1976,3970.0487,251.34347,106.89119,106.89119,106.89119,5815.601,5794.5664,5733.4253,360.91924,1.6966378
7786000.0,1616.368,5768.7166,3998.441,253.14099,106.89119,106.89119,106.89119,5867.9481,5785.8964,5652.3053,363.8753,1.6966378
7787000.0,1623.0012,5764.9172,3855.3782,244.0837,106.89119,106.89119,106.89119,5801.9921,5778.5197,5714.2399,391.75243,1.6966378
7788000.0,1612.1197,5767.7136,3932.6702,248.97704,106.89119,106.89119,106.89119,5777.8897,5815.8668,5709.3844,400.64531,1.6966378
7789000.0,1623.4405,5781.4245,3928.9061,248.73874,106.89119,106.89119,106.89119,5823.3076,5795.8941,5725.0719,401.27363,1.6966378
7790000.0,1611.4907,5757.5141,4014.6608,254.16786,106.89119,106.89119,106.89119,5801.0108,5792.9546,5678.577,362.44908,1.6966378
7791000.0,1513.2064,5749.7316,3950.8728,250.12945,106.89119,106.89119,106.89119,5768.001,5772.7922,5708.4015,357.65799,1.6966378
7792000.0,1620.5474,5759.0057,3987.5788,252.4533,106.89119,106.89119,106.89119,5760.12,5834.7398,5682.1572,355.89804,1.6966378
7793000.0,1590.0148,5741.0731,4017.1004,254.32231,106.89119,106.89119,106.89119,5794.4648,5771.4331,5657.3213,377.02336,1.6966378
7794000.0,1553.2964,5730.4396,3875.0053,245.32628,106.89119,106.89119,106.89119,5778.4,5744.2651,5668.6535,395.93685,1.6966378
7795000.0,1586.4985,5754.9749,3926.9237,248.61323,106.89119,106.89119,106.89119,5813.5065,5791.4349,5659.9833,397.2849,1.6966378
7796000.0,1538.952,5750.5832,4041.9798,255.89743,106.89119,106.89119,106.89119,5775.2652,5819.4999,5656.9845,329.98732,1.6966378
7797000.0,1663.0772,5776.9183,3885.3922,245.98388,106.89119,106.89119,106.89119,5739.4571,5856.8061,5734.4917,329.24749,1.6966378
7798000.0,1586.34,5745.0082,3964.6356,251.00077,106.89119,106.89119,106.89119,5771.9593,5831.5065,5631.5589,332.72219,1.6966378
7799000.0,1622.2341,5775.8476,3904.3535,247.18432,106.89119,106.89119,106.89119,5808.9574,5824.6997,5693.8857,361.38679,1.6966378
7800000.0,1581.2508,5749.9164,3901.8318,247.02466,106.89119,106.89119,106.89119,5758.7033,5782.7778,5708.2682,380.08632,1.6966378
7801000.0,1604.9055,5762.471,3930.6204,248.84727,106.89119,106.89119,106.89119,5807.1132,5771.6079,5708.692,358.47351,1.6966378
7802000.0,1666.2001,5753.0741,4003.5769,253.46614,106.89119,106.89119,106.89119,5806.147,5758.4719,5694.6035,347.08924,1.6966378
7803000.0,1705.0725,5778.0808,3925.7649,248.53987,106.89119,106.89119,106.89119,5798.9741,5781.1001,5754.1682,348.40792,1.6966378
7804000.0,1577.8259,5736.8155,3941.8667,249.55927,106.89119,106.89119,106.89119,5804.6711,5749.7578,5656.0176,355.16514,1.6966378
7805000.0,1683.7651,5779.9253,3987.0518,252.41994,106.89119,106.89119,106.89119,5819.3667,5813.0598,5707.3494,391.78137,1.6966378
7806000.0,1633.3485,5762.5384,3959.3049,250.66329,106.89119,106.89119,106.89119,5741.8517,5835.018,5710.7456,390.58636,1.6966378
7807000.0,1537.7093,5750.8073,3926.4706,248.58455,106.89119,106.89119,106.89119,5731.4704,5822.2587,5698.6928,366.08087,1.6966378
7808000.0,1722.6144,5769.6613,3898.3331,246.80317,106.89119,106.89119,106.89119,5797.9535,5814.7216,5696.3088,373.03368,1.6966378
7809000.0,1572.7528,5740.6132,3957.888,250.57358,106.89119,106.89119,106.89119,5776.2663,5775.2004,5670.3728,378.47854,1.6966378
7810000.0,1607.0081,5758.542,3950.8178,250.12597,106.89119,106.89119,106.89119,5833.0899,5786.9262,5655.61,391.15877,1.6966378
7811000.0,1615.3334,5759.5963,3923.6295,248.40467,106.89119,106.89119,106.89119,5832.4531,5740.1775,5706.1584,429.24101,1.6966378
7812000.0,1567.4191,5737.6119,3948.3075,249.96704,106.89119,106.89119,106.89119,5792.002,5754.3408,5666.493,421.20307,1.6966378
7813000.0,1569.237,5758.6329,3887.5685,246.12166,106.89119,106.89119,106.89119,5858.2785,5742.3225,5675.2976,375.78182,1.6966378
7814000.0,1542.9429,5747.836,3899.3173,246.86548,106.89119,106.89119,106.89119,5795.4155,5781.5657,5666.5268,371.03313,1.6966378
7815000.0,1640.722,5781.1959,3935.8704,249.17965,106.89119,106.89119,106.89119,5784.0373,5781.9219,5777.6286,391.0859,1.6966378
7816000.0,1600.0144,5768.136,3935.9413,249.18414,106.89119,106.89119,106.89119,5826.4762,5792.8476,5685.0841,382.67051,1.6966378
7817000.0,1651.3568,5792.9735,3937.7098,249.2961,106.89119,106.89119,106.89119,5782.516,5876.2628,5720.1416,411.79364,1.6966378
7818000.0,1689.901,5796.6357,3904.2967,247.18072,106.89119,106.89119,106.89119,5830.0971,5882.0585,5677.7515,416.20526,1.6966378
7819000.0,1577.803,5751.53,3930.6095,248.84658,106.89119,106.89119,106.89119,5780.9712,5768.0,5705.6189,379.67991,1.6966378
7820000.0,1627.9398,5765.6145,4050.1569,256.41512,106.89119,106.89119,106.89119,5801.5883,5776.2786,5718.9765,363.08002,1.6966378
7821000.0,1639.3405,5787.1809,3962.0761,250.83873,106.89119,106.89119,106.89119,5785.1675,5813.7366,5762.6386,357.11595,1.6966378
7822000.0,1616.0597,5754.7655,3909.1949,247.49082,106.89119,106.89119,106.89119,5800.5024,5793.9687,5669.8255,368.63359,1.6966378
7823000.0,1544.9276,5755.1705,3893.4307,246.4928,106.89119,106.89119,106.89119,5725.5224,5827.1521,5712.837,385.68747,1.6966378
7824000.0,1617.2007,5783.4778,3877.4241,245.47942,106.89119,106.89119,106.89119,5854.6464,5797.9672,5697.82,404.78463,1.6966378
7825000.0,1564.7901,5752.2678,3984.9384,252.28614,106.89119,106.89119,106.89119,5759.8917,5784.347,5712.5647,399.53539,1.6966378
7826000.0,1626.1094,5757.2281,3919.1657,248.12208,106.89119,106.89119,106.89119,5802.2325,5817.4044,5652.0474,379.58968,1.6966378
7827000.0,1649.8725,5762.4017,3879.7414,245.62612,106.89119,106.89119,106.89119,5787.8612,5805.0475,5694.2963,335.84979,1.6966378
7828000.0,1615.634,5781.4726,3975.6289,251.69676,106.89119,106.89119,106.89119,5783.9768,5833.3489,5727.0921,336.19516,1.6966378
7829000.0,1662.3814,5805.7559,3968.881,251.26955,106.89119,106.89119,106.89119,5775.1816,5851.4477,5790.6383,333.01171,1.6966378
7830000.0,1592.2953,5756.7297,3978.178,251.85814,106.89119,106.89119,106.89119,5716.1248,5816.0326,5738.0316,404.01009,1.6966378
7831000.0,1631.1057,5781.5248,3933.6956,249.04196,106.89119,106.89119,106.89119,5845.9625,5809.5885,5689.0234,422.93657,1.6966378
7832000.0,1661.9249,5788.7031,4016.6552,254.29413,106.89119,106.89119,106.89119,5751.9359,5844.0684,5770.105,427.14796,1.6966378
7833000.0,1619.6017,5771.1245,3967.345,251.1723,106.89119,106.89119,106.89119,5789.2177,5779.2843,5744.8716,357.83698,1.6966378
7834000.0,1473.5694,5744.6728,3922.361,248.32437,106.89119,106.89119,106.89119,5758.2332,5792.8549,5682.9303,372.37457,1.6966378
7835000.0,1565.6737,5737.8813,3871.5979,245.11056,106.89119,106.89119,106.89119,5763.3214,5746.445,5703.8775,365.73791,1.6966378
7836000.0,1599.1718,5760.1901,3953.1483,250.27351,106.89119,106.89119,106.89119,5788.1851,5775.1053,5717.2799,379.28967,1.6966378
7837000.0,1663.1623,5800.4436,3930.2158,248.82166,106.89119,106.89119,106.89119,5829.4886,5828.2578,5743.5843,423.31283,1.6966378
7838000.0,1666.5423,5773.1026,3944.4641,249.72371,106.89119,106.89119,106.89119,5729.3818,5819.1829,5770.7432,418.09206,1.6966378
7839000.0,1526.7352,5760.3774,3979.1802,251.92159,106.89119,106.89119,106.89119,5770.4007,5778.4518,5732.2795,415.94029,1.6966378
7840000.0,1608.225,5785.413,3973.4238,251.55715,106.89119,106.89119,106.89119,5801.0321,5819.979,5735.2277,364.83408,1.6966378
7841000.0,1582.0319,5748.8868,3933.1648,249.00836,106.89119,106.89119,106.89119,5749.8725,5798.4004,5698.3877,319.98719,1.6966378
7842000.0,1556.1766,5758.8362,4012.7738,254.0484,106.89119,106.89119,106.89119,5731.1802,5780.4348,5764.8935,334.78341,1.6966378
7843000.0,1573.1135,5734.279,3903.5389,247.13274,106.89119,106.89119,106.89119,5811.5263,5676.9038,5714.4069,345.05253,1.6966378
7844000.0,1577.2829,5761.8487,4002.2596,253.38274,106.89119,106.89119,106.89119,5767.9601,5764.2727,5753.3134,369.16084,1.6966378
7845000.0,1558.5681,5752.3231,4013.875,254.11811,106.89119,106.89119,106.89119,5821.2946,5755.9955,5679.6792,357.62243,1.6966378
7846000.0,1624.9709,5765.1677,3915.9346,247.91752,106.89119,106.89119,106.89119,5821.1135,5786.3997,5687.9898,360.59772,1.6966378
7847000.0,1643.4918,5771.47,3943.2856,249.6491,106.89119,106.89119,106.89119,5788.6002,5778.1011,5747.7088,318.06892,1.6966378
7848000.0,1569.6516,5753.3876,3951.0067,250.13792,106.89119,106.89119,106.89119,5798.7572,5759.6933,5701.7125,323.03966,1.6966378
7849000.0,1557.2357,5739.6874,3941.3107,249.52407,106.89119,106.89119,106.89119,5760.9835,5791.3164,5666.7623,317.91126,1.6966378
7850000.0,1570.6981,5762.9375,3900.8731,246.96397,106.89119,106.89119,106.89119,5777.2592,5811.4155,5700.1378,323.60741,1.6966378
7851000.0,1677.8785,5762.6887,3969.4408,251.30499,106.89119,106.89119,106.89119,5794.3711,5821.0343,5672.6609,320.91381,1.6966378
7852000.0,1547.0814,5753.4436,3884.51,245.92802,106.89119,106.89119,106.89119,5777.9728,5807.9082,5674.4499,323.30442,1.6966378
7853000.0,1616.2726,5776.175,3969.9448,251.3369,106.89119,106.89119,106.89119,5818.4636,5786.2692,5723.7922,319.54994,1.6966378
7854000.0,1610.1173,5751.0958,3933.9457,249.0578,106.89119,106.89119,106.89119,5750.7993,5780.7672,5721.721,316.90332,1.6966378
7855000.0,1674.1818,5779.844,3955.3933,250.41564,106.89119,106.89119,106.89119,5766.2971,5818.7069,5754.528,317.21367,1.6966378
7856000.0,1547.0755,5751.1506,3972.1308,251.47529,106.89119,106.89119,106.89119,5780.5985,5771.6404,5701.213,324.81532,1.6966378
7857000.0,1631.6866,5781.7383,3935.6069,249.16296,106.89119,106.89119,106.89119,5810.94,5796.6561,5737.6186,325.84427,1.6966378
7858000.0,1634.3027,5798.875,3922.9743,248.3632,106.89119,106.89119,106.89119,5814.43,5848.1742,5734.0207,327.51106,1.6966378
7859000.0,1584.435,5779.7355,3911.711,247.65012,106.89119,106.89119,106.89119,5824.1521,5776.1563,5738.8981,323.612,1.6966378
7860000.0,1631.7647,5802.5151,4020.4781,254.53616,106.89119,106.89119,106.89119,5829.2346,5810.4316,5767.8791,329.78257,1.6966378
7861000.0,1683.1693,5808.7225,3937.4418,249.27913,106.89119,106.89119,106.89119,5797.587,5896.5557,5732.0248,323.42579,1.6966378
7862000.0,1593.1532,5781.0636,4023.1495,254.70528,106.89119,106.89119,106.89119,5796.8536,5847.1818,5699.1553,323.35289,1.6966378
7863000.0,1624.9329,5768.3299,4000.1486,253.24909,106.89119,106.89119,106.89119,5769.6217,5812.565,5722.8029,306.70616,1.6966378
7864000.0,1571.0726,5762.2349,3981.9435,252.09653,106.89119,106.89119,106.89119,5816.7601,5751.2505,5718.694,314.47997,1.6966378
7865000.0,1575.2566,5756.6669,3984.2862,252.24485,106.89119,106.89119,106.89119,5738.2217,5825.827,5705.9519,392.35626,1.6966378
7866000.0,1594.5653,5763.655,4002.4079,253.39213,106.89119,106.89119,106.89119,5796.2499,5801.0555,5693.6595,397.15767,1.6966378
7867000.0,1605.3349,5777.4075,3952.3664,250.22401,106.89119,106.89119,106.89119,5825.8269,5842.4975,5663.898,424.53831,1.6966378
7868000.0,1632.0897,5760.3668,3976.6146,251.75916,106.89119,106.89119,106.89119,5799.4311,5812.8202,5668.849,363.16061,1.6966378
7869000.0,1577.938,5793.8959,3960.2861,250.7254,106.89119,106.89119,106.89119,5838.8259,5799.9375,5742.9243,374.03596,1.6966378
7870000.0,1513.4819,5749.6231,3964.6154,250.99949,106.89119,106.89119,106.89119,5770.8177,5804.8778,5673.1738,351.44535,1.6966378
7871000.0,1586.0849,5771.2048,3961.1729,250.78155,106.89119,106.89119,106.89119,5804.1248,5794.0659,5715.4238,358.37131,1.6966378
7872000.0,1594.5781,5761.0282,3983.3942,252.18838,106.89119,106.89119,106.89119,5815.8031,5795.8989,5671.3824,396.35902,1.6966378
7873000.0,1694.5835,5780.4319,3913.8232,247.78384,106.89119,106.89119,106.89119,5727.8355,5880.8809,5732.5794,392.52516,1.6966378
7874000.0,1605.8287,5748.0302,3973.897,251.58711,106.89119,106.89119,106.89119,5788.5466,5798.3582,5657.1857,415.66473,1.6966378
7875000.0,1612.1789,5744.6983,4037.1633,255.5925,106.89119,106.89119,106.89119,5763.4771,5772.2054,5698.4124,357.18792,1.6966378
7876000.0,1613.2597,5758.9342,3973.0887,251.53594,106.89119,106.89119,106.89119,5792.1385,5777.2862,5707.3778,345.97764,1.6966378
7877000.0,1569.0671,5739.4928,3948.8372,250.00058,106.89119,106.89119,106.89119,5807.1084,5753.9741,5657.3958,349.54271,1.6966378
7878000.0,1613.3494,5781.3543,3900.6716,246.95121,106.89119,106.89119,106.89119,5770.4995,5834.6123,5738.951,369.4653,1.6966378
7879000.0,1703.8069,5783.0852,3924.5034,248.46001,106.89119,106.89119,106.89119,5837.4958,5794.0979,5717.6617,372.88115,1.6966378
7880000.0,1522.7415,5758.471,3940.7657,249.48957,106.89119,106.89119,106.89119,5775.2874,5783.691,5716.4347,366.37753,1.6966378
7881000.0,1637.6515,5792.9101,4005.1704,253.56703,106.89119,106.89119,106.89119,5780.1533,5824.4226,5774.1545,383.45649,1.6966378
7882000.0,1605.2637,5781.894,3996.9665,253.04764,106.89119,106.89119,106.89119,5772.9484,5803.8372,5768.8964,368.89365,1.6966378
7883000.0,1544.9031,5746.6047,3910.8078,247.59294,106.89119,106.89119,106.89119,5747.2107,5759.6458,5732.9575,375.69886,1.6966378
7884000.0,1578.2339,5755.4631,3933.0307,248.99987,106.89119,106.89119,106.89119,5773.9915,5766.2834,5726.1144,379.38964,1.6966378
7885000.0,1604.4713,5776.1036,3927.0434,248.62081,106.89119,106.89119,106.89119,5814.4014,5795.4576,5718.4519,384.55536,1.6966378
7886000.0,1665.3165,5773.3422,3937.0709,249.25565,106.89119,106.89119,106.89119,5820.2383,5856.5858,5643.2026,423.95171,1.6966378
7887000.0,1574.5292,5756.2036,3981.9703,252.09823,106.89119,106.89119,106.89119,5798.5278,5798.672,5671.4109,425.79922,1.6966378
7888000.0,1591.961,5750.7456,3912.357,247.69102,106.89119,106.89119,106.89119,5760.7387,5820.2262,5671.2719,421.25551,1.6966378
7889000.0,1604.002,5771.664,3978.9301,251.90575,106.89119,106.89119,106.89119,5795.4173,5815.7872,5703.7877,380.33328,1.6966378
7890000.0,1599.9855,5780.2342,4000.1888,253.25164,106.89119,106.89119,106.89119,5795.1267,5825.4317,5720.1443,377.02965,1.6966378
7891000.0,1586.4508,5759.772,4033.7477,255.37625,106.89119,106.89119,106.89119,5800.6546,5788.7305,5689.931,381.03534,1.6966378
7892000.0,1631.9941,5780.2528,3910.6154,247.58076,106.89119,106.89119,106.89119,5812.5871,5841.1883,5686.9829,374.25321,1.6966378
7893000.0,1580.395,5766.5175,3893.4523,246.49416,106.89119,106.89119,106.89119,5789.1081,5788.5002,5721.9443,417.81161,1.6966378
7894000.0,1523.6469,5753.6278,3900.3375,246.93006,106.89119,106.89119,106.89119,5778.8184,5738.502,5743.5631,426.70841,1.6966378
7895000.0,1537.8022,5729.951,3970.4753,251.37048,106.89119,106.89119,106.89119,5741.5445,5773.8046,5674.504,431.09661,1.6966378
7896000.0,1529.6411,5759.5903,3820.6064,241.88229,106.89119,106.89119,106.89119,5817.5792,5776.8189,5684.3729,406.06366,1.6966378
7897000.0,1498.4555,5743.29,3962.6881,250.87747,106.89119,106.89119,106.89119,5779.1014,5737.6905,5713.078,361.43844,1.6966378
7898000.0,1646.402,5776.843,3959.9366,250.70328,106.89119,106.89119,106.89119,5795.7036,5771.0245,5763.8008,359.31281,1.6966378
7899000.0,1674.8005,5785.5203,3974.9357,251.65287,106.89119,106.89119,106.89119,5751.4106,5799.6086,5805.5416,353.26649,1.6966378
7900000.0,1611.581,5756.6834,3961.5176,250.80337,106.89119,106.89119,106.89119,5747.4736,5810.6168,5711.9598,376.52446,1.6966378
7901000.0,1592.4225,5740.6867,3944.5735,249.73064,106.89119,106.89119,106.89119,5754.3435,5797.5154,5670.2014,420.22531,1.6966378
7902000.0,1623.4964,5771.0513,3875.5813,245.36275,106.89119,106.89119,106.89119,5798.0842,5802.1864,5712.8834,403.66327,1.6966378
7903000.0,1622.2107,5774.3899,3914.0076,247.79552,106.89119,106.89119,106.89119,5843.1351,5792.4635,5687.5711,389.60065,1.6966378
7904000.0,1600.5354,5760.3566,3972.3843,251.49134,106.89119,106.89119,106.89119,5768.8436,5730.9195,5781.3067,343.22791,1.6966378
7905000.0,1539.4687,5750.4776,3945.3487,249.77972,106.89119,106.89119,106.89119,5763.1589,5799.0345,5689.2395,347.91315,1.6966378
7906000.0,1675.3372,5770.069,3938.3587,249.33718,106.89119,106.89119,106.89119,5831.3864,5780.5548,5698.2658,343.39338,1.6966378
7907000.0,1550.5487,5759.4821,4002.1629,253.37662,106.89119,106.89119,106.89119,5761.8008,5782.9633,5733.6822,363.31067,1.6966378
7908000.0,1587.0752,5748.0877,3928.2332,248.69614,106.89119,106.89119,106.89119,5774.7009,5787.3217,5682.2403,379.53636,1.6966378
7909000.0,1591.878,5766.4713,3895.5265,246.62548,106.89119,106.89119,106.89119,5810.9534,5757.4081,5731.0523,387.88811,1.6966378
7910000.0,1558.7769,5754.7607,3850.8428,243.79656,106.89119,106.89119,106.89119,5753.921,5782.3988,5727.9622,383.32105,1.6966378
7911000.0,1658.7012,5777.3093,3876.2421,245.40458,106.89119,106.89119,106.89119,5821.5646,5846.463,5663.9004,386.41747,1.6966378
7912000.0,1563.4975,5733.4484,3919.183,248.12317,106.89119,106.89119,106.89119,5797.4294,5716.1412,5686.7748,376.92133,1.6966378
7913000.0,1586.7478,5754.2013,3875.5339,245.35975,106.89119,106.89119,106.89119,5774.1356,5821.7261,5666.7423,376.26436,1.6966378
7914000.0,1556.5827,5740.8052,3886.7028,246.06685,106.89119,106.89119,106.89119,5719.761,5793.7026,5708.9521,395.34681,1.6966378
7915000.0,1620.5663,5731.8306,3897.4972,246.75024,106.89119,106.89119,106.89119,5745.0516,5764.5045,5685.9356,431.44712,1.6966378
7916000.0,1583.7554,5769.3653,4069.4515,257.63666,106.89119,106.89119,106.89119,5787.5827,5824.5761,5695.9373,423.57345,1.6966378
7917000.0,1604.6822,5771.3491,3938.9084,249.37198,106.89119,106.89119,106.89119,5758.7798,5837.9425,5717.325,423.17255,1.6966378
7918000.0,1575.4306,5784.3184,3899.7609,246.89356,106.89119,106.89119,106.89119,5822.6206,5863.0737,5667.2611,354.92249,1.6966378
7919000.0,1615.3605,5761.446,3921.6751,248.28094,106.89119,106.89119,106.89119,5804.6437,5801.2157,5678.4785,360.44875,1.6966378
7920000.0,1634.4967,5779.242,3894.3653,246.55196,106.89119,106.89119,106.89119,5777.6883,5806.8996,5753.138,363.97433,1.6966378
7921000.0,1556.1092,5780.1745,3920.7583,248.2229,106.89119,106.89119,106.89119,5818.3695,5813.8007,5708.3535,385.65276,1.6966378
7922000.0,1608.7046,5751.8365,3968.0617,251.21768,106.89119,106.89119,106.89119,5745.2449,5824.2109,5686.0537,427.20221,1.6966378
7923000.0,1519.9894,5754.6509,3992.0172,252.7343,106.89119,106.89119,106.89119,5748.8526,5811.0304,5704.0698,400.25413,1.6966378
7924000.0,1622.173,5761.0658,3970.1378,251.34912,106.89119,106.89119,106.89119,5796.5243,5799.9548,5686.7182,413.47312,1.6966378
7925000.0,1559.6258,5759.9626,4017.9712,254.37744,106.89119,106.89119,106.89119,5806.4001,5767.5045,5705.9833,364.05698,1.6966378
7926000.0,1557.7965,5737.9537,3915.8126,247.90979,106.89119,106.89119,106.89119,5761.6309,5737.7808,5714.4493,340.47141,1.6966378
7927000.0,1634.0961,5787.2626,3971.7984,251.45425,106.89119,106.89119,106.89119,5771.3858,5859.58,5730.8219,348.51275,1.6966378
7928000.0,1615.8809,5777.5575,3922.1746,248.31257,106.89119,106.89119,106.89119,5808.0447,5825.0956,5699.5321,348.10282,1.6966378
7929000.0,1641.2952,5760.5327,3960.6667,250.7495,106.89119,106.89119,106.89119,5785.8226,5831.6237,5664.1517,369.27741,1.6966378
7930000.0,1609.1517,5778.9362,3966.9917,251.14993,106.89119,106.89119,106.89119,5880.1832,5792.3524,5664.2731,364.80484,1.6966378
7931000.0,1541.6273,5769.1875,4009.8191,253.86134,106.89119,106.89119,106.89119,5746.4562,5829.6472,5731.4592,378.15633,1.6966378
7932000.0,1613.5835,5754.3255,3920.8449,248.22838,106.89119,106.89119,106.89119,5748.1906,5867.4447,5647.3413,330.19506,1.6966378
7933000.0,1638.6883,5781.5253,3936.9832,249.2501,106.89119,106.89119,106.89119,5803.0842,5841.1252,5700.3666,326.95573,1.6966378
7934000.0,1587.4344,5765.0537,3922.7766,248.35068,106.89119,106.89119,106.89119,5765.8175,5794.2351,5735.1086,327.92177,1.6966378
7935000.0,1623.8065,5752.8169,3982.2746,252.1175,106.89119,106.89119,106.89119,5799.4401,5789.2794,5669.7312,343.32249,1.6966378
7936000.0,1634.0426,5790.365,3921.8062,248.28924,106.89119,106.89119,106.89119,5784.543,5880.3785,5706.1734,365.4215,1.6966378
7937000.0,1602.6901,5771.306,3963.8799,250.95293,106.89119,106.89119,106.89119,5787.9361,5804.9765,5721.0055,362.96398,1.6966378
7938000.0,1572.3118,5764.0463,3936.7806,249.23727,106.89119,106.89119,106.89119,5825.6668,5808.8474,5657.6248,349.9527,1.6966378
7939000.0,1497.944,5744.5335,3950.8282,250.12663,106.89119,106.89119,106.89119,5752.766,5774.2053,5706.6291,364.11392,1.6966378
7940000.0,1611.0946,5771.4507,3949.0868,250.01638,106.89119,106.89119,106.89119,5762.9773,5862.718,5688.6569,376.92752,1.6966378
7941000.0,1614.8674,5767.3653,3910.0367,247.54412,106.89119,106.89119,106.89119,5867.2841,5760.9228,5673.8888,371.80545,1.6966378
7942000.0,1672.001,5770.4913,3993.9295,252.85536,106.89119,106.89119,106.89119,5785.7672,5788.4582,5737.2486,400.29367,1.6966378
7943000.0,1619.5852,5784.0088,3936.2803,249.2056,106.89119,106.89119,106.89119,5802.1288,5769.8491,5780.0486,420.49663,1.6966378
7944000.0,1597.3199,5774.8074,3931.8124,248.92274,106.89119,106.89119,106.89119,5846.3442,5806.607,5671.471,423.25821,1.6966378
7945000.0,1552.2762,5746.511,3942.5457,249.60226,106.89119,106.89119,106.89119,5819.1412,5756.3493,5664.0427,391.75483,1.6966378
7946000.0,1551.8813,5748.4498,4041.4047,255.86102,106.89119,106.89119,106.89119,5777.7997,5769.8212,5697.7284,315.48387,1.6966378
7947000.0,1686.8395,5778.86,3973.1949,251.54266,106.89119,106.89119,106.89119,5797.3637,5783.5684,5755.6478,308.20168,1.6966378
7948000.0,1568.1854,5746.0942,3950.6615,250.11607,106.89119,106.89119,106.89119,5758.1198,5789.9811,5690.1819,311.1655,1.6966378
7949000.0,1563.0841,5754.8559,3999.8235,253.22851,106.89119,106.89119,106.89119,5747.2731,5824.0587,5693.2358,343.94737,1.6966378
7950000.0,1582.0453,5756.1887,3971.982,251.46587,106.89119,106.89119,106.89119,5767.2534,5802.6559,5698.6566,342.70156,1.6966378
7951000.0,1485.9056,5735.2126,3920.3576,248.19753,106.89119,106.89119,106.89119,5754.5532,5782.0895,5668.9953,343.46985,1.6966378
7952000.0,1520.0967,5740.909,3907.1477,247.36122,106.89119,106.89119,106.89119,5727.921,5766.3215,5728.4844,341.22222,1.6966378
7953000.0,1570.8376,5772.0936,3887.7257,246.13161,106.89119,106.89119,106.89119,5773.5113,5810.9727,5731.7967,347.6595,1.6966378
7954000.0,1532.1086,5730.9321,3934.1617,249.07147,106.89119,106.89119,106.89119,5787.5868,5777.7956,5627.4139,346.80843,1.6966378
7955000.0,1540.3463,5757.9538,4050.9799,256.46722,106.89119,106.89119,106.89119,5830.5351,5770.1552,5673.1711,368.95727,1.6966378
7956000.0,1575.2739,5745.4998,3953.0985,250.27036,106.89119,106.89119,106.89119,5767.0687,5758.9223,5710.5082,399.54876,1.6966378
7957000.0,1582.1432,5757.425,3933.4736,249.02791,106.89119,106.89119,106.89119,5794.0514,5803.0279,5675.1957,401.77457,1.6966378
7958000.0,1690.3544,5790.8482,3969.991,251.33982,106.89119,106.89119,106.89119,5815.3058,5824.0321,5733.2067,331.50952,1.6966378
7959000.0,1613.4814,5790.9394,3908.268,247.43214,106.89119,106.89119,106.89119,5842.2962,5811.8751,5718.6468,329.81784,1.6966378
7960000.0,1595.9007,5765.9967,4025.6492,254.86353,106.89119,106.89119,106.89119,5792.951,5827.5395,5677.4997,331.77366,1.6966378
7961000.0,1523.8916,5724.3464,3893.0946,246.47152,106.89119,106.89119,106.89119,5760.1407,5733.3322,5679.5662,383.62119,1.6966378
7962000.0,1587.9504,5749.555,3976.0199,251.72151,106.89119,106.89119,106.89119,5749.5387,5815.1073,5684.019,426.95818,1.6966378
7963000.0,1664.7721,5772.6944,3932.0717,248.93915,106.89119,106.89119,106.89119,5828.9377,5840.4554,5648.6903,432.23701,1.6966378
7964000.0,1639.9597,5749.8058,3951.837,250.19049,106.89119,106.89119,106.89119,5782.8306,5796.5411,5670.0458,375.38058,1.6966378
7965000.0,1634.5335,5768.7744,4000.2106,253.25302,106.89119,106.89119,106.89119,5817.9706,5762.3545,5725.9979,375.92668,1.6966378
7966000.0,1608.9463,5770.4808,3904.4914,247.19305,106.89119,106.89119,106.89119,5796.2268,5767.5711,5747.6446,357.60191,1.6966378
7967000.0,1593.2917,5757.2481,3888.7055,246.19364,106.89119,106.89119,106.89119,5787.951,5803.576,5680.2174,377.1316,1.6966378
7968000.0,1529.2041,5753.5012,3952.9676,250.26207,106.89119,106.89119,106.89119,5826.9379,5752.717,5680.8488,395.35324,1.6966378
7969000.0,1635.7239,5762.8821,3892.9953,246.46523,106.89119,106.89119,106.89119,5800.1483,5790.9247,5697.5733,394.15458,1.6966378
7970000.0,1643.0729,5759.103,3980.3288,251.99431,106.89119,106.89119,106.89119,5785.9802,5812.0071,5679.3218,361.74519,1.6966378
7971000.0,1572.6956,5757.6009,3960.1993,250.71991,106.89119,106.89119,106.89119,5822.8086,5745.0858,5704.9083,359.07001,1.6966378
7972000.0,1651.8781,5762.8201,3926.5617,248.59031,106.89119,106.89119,106.89119,5825.964,5747.5656,5714.9309,360.18429,1.6966378
7973000.0,1545.3043,5770.521,3978.119,251.8544,106.89119,106.89119,106.89119,5822.4326,5783.734,5705.3965,387.5021,1.6966378
7974000.0,1624.1694,5765.2479,3972.831,251.51962,106.89119,106.89119,106.89119,5792.8276,5775.3881,5727.528,395.16895,1.6966378
7975000.0,1561.7454,5777.8547,4029.8794,255.13135,106.89119,106.89119,106.89119,5763.3609,5799.2559,5770.9472,376.56579,1.6966378
7976000.0,1562.7612,5780.0149,3976.4541,251.749,106.89119,106.89119,106.89119,5837.7281,5844.1924,5658.1241,384.53259,1.6966378
7977000.0,1541.5878,5743.4407,3922.8871,248.35768,106.89119,106.89119,106.89119,5706.0413,5785.3794,5738.9013,380.12272,1.6966378
7978000.0,1625.2158,5777.8676,3958.1648,250.5911,106.89119,106.89119,106.89119,5808.6057,5774.284,5750.7131,373.47995,1.6966378
7979000.0,1543.2835,5724.0395,3905.0113,247.22596,106.89119,106.89119,106.89119,5714.9409,5760.8176,5696.3601,422.71291,1.6966378
7980000.0,1500.0667,5732.3601,3998.273,253.13035,106.89119,106.89119,106.89119,5770.339,5767.6881,5659.0531,432.04866,1.6966378
7981000.0,1575.3167,5763.7419,3997.5474,253.08441,106.89119,106.89119,106.89119,5794.9392,5778.1325,5718.1539,403.94691,1.6966378
7982000.0,1577.2095,5755.6425,3984.8682,252.2817,106.89119,106.89119,106.89119,5829.2179,5760.8407,5676.8689,352.73247,1.6966378
7983000.0,1631.5313,5783.7748,3982.3413,252.12172,106.89119,106.89119,106.89119,5813.1738,5849.3578,5688.7929,343.64341,1.6966378
7984000.0,1621.5702,5762.9428,3997.0952,253.05579,106.89119,106.89119,106.89119,5812.85,5793.0505,5682.9278,345.87945,1.6966378
7985000.0,1565.5395,5757.5684,3951.2924,250.15601,106.89119,106.89119,106.89119,5818.7711,5764.9177,5689.0163,384.04211,1.6966378
7986000.0,1673.6856,5802.6243,3973.0108,251.531,106.89119,106.89119,106.89119,5796.5575,5822.2563,5789.0592,387.47597,1.6966378
7987000.0,1617.5854,5768.7429,3933.0779,249.00285,106.89119,106.89119,106.89119,5737.0683,5861.3426,5707.8178,370.25127,1.6966378
7988000.0,1616.1908,5747.9999,3871.0152,245.07367,106.89119,106.89119,106.89119,5747.9673,5819.4302,5676.6023,375.54997,1.6966378
7989000.0,1665.0744,5784.9278,3897.6732,246.76139,106.89119,106.89119,106.89119,5790.5814,5852.4556,5711.7463,377.02244,1.6966378
7990000.0,1546.1122,5741.1677,3937.8327,249.30388,106.89119,106.89119,106.89119,5795.9831,5777.0363,5650.4837,374.03505,1.6966378
7991000.0,1655.8818,5752.2969,3913.8027,247.78254,106.89119,106.89119,106.89119,5756.4019,5752.2464,5748.2425,403.91508,1.6966378
7992000.0,1599.6213,5770.7775,3919.0226,248.11302,106.89119,106.89119,106.89119,5768.7952,5871.9228,5671.6146,432.9771,1.6966378
7993000.0,1509.7427,5724.3219,3972.5232,251.50013,106.89119,106.89119,106.89119,5771.6123,5739.865,5661.4884,429.0317,1.6966378
7994000.0,1645.6164,5779.4045,3937.6387,249.2916,106.89119,106.89119,106.89119,5801.2848,5814.0119,5722.9167,438.62442,1.6966378
7995000.0,1571.9609,5754.6126,4007.9488,253.74292,106.89119,106.89119,106.89119,5794.3257,5779.2062,5690.3058,347.28755,1.6966378
7996000.0,1642.4159,5735.0834,3921.945,248.29803,106.89119,106.89119,106.89119,5742.5953,5763.2861,5699.3688,344.89155,1.6966378
7997000.0,1614.5462,5763.303,3900.4235,246.93551,106.89119,106.89119,106.89119,5814.99,5790.0049,5684.9141,342.86602,1.6966378
7998000.0,1621.3551,5774.2766,3955.5598,250.42619,106.89119,106.89119,106.89119,5804.0368,5779.7185,5739.0745,361.00989,1.6966378
7999000.0,1539.2806,5743.4867,3869.6875,244.98961,106.89119,106.89119,106.89119,5778.6804,5783.4932,5668.2865,375.54094,1.6966378
8000000.0,1709.9494,5783.3893,3940.4769,249.47129,106.89119,106.89119,106.89119,5814.9956,5772.0571,5763.1154,375.71876,1.6966378
8001000.0,1674.6311,5797.473,3971.6169,251.44276,106.89119,106.89119,106.89119,5787.3471,5858.9333,5746.1384,366.52381,1.6966378
8002000.0,1564.3944,5751.2573,3910.3344,247.56297,106.89119,106.89119,106.89119,5771.6928,5810.4273,5671.6518,384.93628,1.6966378
8003000.0,1692.3479,5803.2218,3926.6841,248.59806,106.89119,106.89119,106.89119,5834.0802,5812.3065,5763.2786,382.89339,1.6966378
8004000.0,1518.5604,5757.9022,4011.4052,253.96175,106.89119,106.89119,106.89119,5828.2572,5808.9836,5636.4657,387.86656,1.6966378
8005000.0,1608.2448,5786.62,3935.9982,249.18774,106.89119,106.89119,106.89119,5845.619,5794.9318,5719.3091,407.75197,1.6966378
8006000.0,1649.0017,5786.1205,3914.906,247.85239,106.89119,106.89119,106.89119,5852.7592,5802.4997,5703.1027,420.99533,1.6966378
8007000.0,1606.2495,5746.3519,3905.2865,247.24338,106.89119,106.89119,106.89119,5765.8878,5782.8676,5690.3004,422.33408,1.6966378
8008000.0,1713.2954,5794.1314,3956.1206,250.46169,106.89119,106.89119,106.89119,5820.206,5822.4662,5739.7221,433.67769,1.6966378
8009000.0,1578.6835,5752.6833,3830.6394,242.51748,106.89119,106.89119,106.89119,5762.1053,5802.3357,5693.6089,341.59105,1.6966378
8010000.0,1605.1293,5768.7356,3892.4454,246.43041,106.89119,106.89119,106.89119,5763.7944,5816.8026,5725.6098,340.7591,1.6966378
8011000.0,1584.1039,5778.2764,3947.8806,249.94001,106.89119,106.89119,106.89119,5790.3943,5872.7713,5671.6636,329.49268,1.6966378
8012000.0,1626.4207,5766.5269,3956.9593,250.51478,106.89119,106.89119,106.89119,5777.0368,5795.6008,5726.9431,340.86477,1.6966378
8013000.0,1604.3971,5763.0896,3863.7721,244.61511,106.89119,106.89119,106.89119,5779.1961,5779.341,5730.7318,355.37237,1.6966378
8014000.0,1578.9065,5737.091,3914.3583,247.81772,106.89119,106.89119,106.89119,5787.5099,5767.2038,5656.5594,361.45953,1.6966378
8015000.0,1562.3093,5768.084,3987.7896,252.46665,106.89119,106.89119,106.89119,5815.8204,5751.6923,5736.7392,353.99795,1.6966378
8016000.0,1537.0624,5748.5769,3933.9964,249.06101,106.89119,106.89119,106.89119,5762.762,5791.0621,5691.9064,342.35087,1.6966378
8017000.0,1638.0339,5749.5466,3889.1382,246.22103,106.89119,106.89119,106.89119,5770.2019,5792.3922,5686.0457,364.28587,1.6966378
8018000.0,1601.7971,5752.4543,3955.1426,250.39977,106.89119,106.89119,106.89119,5732.5048,5786.4842,5738.3739,372.02484,1.6966378
8019000.0,1668.2387,5769.1536,3982.5694,252.13616,106.89119,106.89119,106.89119,5801.5422,5845.8173,5660.1013,407.30067,1.6966378
8020000.0,1590.8113,5736.1452,3858.8099,244.30095,106.89119,106.89119,106.89119,5802.1065,5770.4672,5635.8619,421.0766,1.6966378
8021000.0,1646.2255,5782.8747,3882.7252,245.81503,106.89119,106.89119,106.89119,5817.5035,5818.9092,5712.2113,429.28474,1.6966378
8022000.0,1525.718,5774.8375,3960.5987,250.7452,106.89119,106.89119,106.89119,5802.2323,5844.0447,5678.2354,401.3046,1.6966378
8023000.0,1596.7071,5750.6142,3940.2845,249.45911,106.89119,106.89119,106.89119,5821.2228,5767.3142,5663.3055,333.38334,1.6966378
8024000.0,1639.3878,5773.3935,3972.7532,251.5147,106.89119,106.89119,106.89119,5763.3272,5849.2677,5707.5856,360.65367,1.6966378
8025000.0,1623.0794,5781.5575,3976.7229,251.76602,106.89119,106.89119,106.89119,5784.8355,5853.9461,5705.891,341.26741,1.6966378
8026000.0,1673.9046,5777.3937,3980.975,252.03522,106.89119,106.89119,106.89119,5789.2234,5875.7114,5667.2463,364.62838,1.6966378
8027000.0,1641.7195,5787.6571,4055.8171,256.77347,106.89119,106.89119,106.89119,5773.3561,5848.8548,5740.7605,377.23537,1.6966378
8028000.0,1601.7913,5747.7566,3952.1085,250.20768,106.89119,106.89119,106.89119,5753.5637,5798.0035,5691.7027,370.02408,1.6966378
8029000.0,1719.927,5793.1289,3961.1385,250.77937,106.89119,106.89119,106.89119,5805.0446,5817.73,5756.6122,341.03542,1.6966378
8030000.0,1543.0334,5751.498,3968.0725,251.21836,106.89119,106.89119,106.89119,5763.009,5838.1228,5653.3622,359.84987,1.6966378
8031000.0,1575.5,5767.9308,3962.4615,250.86313,106.89119,106.89119,106.89119,5751.7022,5807.6774,5744.4128,350.97255,1.6966378
8032000.0,1672.9489,5807.0353,3898.6071,246.82051,106.89119,106.89119,106.89119,5822.9902,5871.9409,5726.1748,345.01807,1.6966378
8033000.0,1642.4949,5788.0324,4004.2003,253.50561,106.89119,106.89119,106.89119,5781.5687,5822.7672,5759.7614,384.70129,1.6966378
8034000.0,1569.5584,5779.969,3938.9102,249.3721,106.89119,106.89119,106.89119,5873.9538,5834.9692,5630.9838,389.76749,1.6966378
8035000.0,1619.6446,5745.8114,3928.7434,248.72844,106.89119,106.89119,106.89119,5825.7074,5731.7243,5680.0024,389.66203,1.6966378
8036000.0,1641.9573,5771.3854,3884.9726,245.95731,106.89119,106.89119,106.89119,5816.2311,5806.9107,5691.0145,344.37004,1.6966378
8037000.0,1619.2137,5779.1329,3987.6661,252.45883,106.89119,106.89119,106.89119,5792.3619,5794.7192,5750.3176,333.46783,1.6966378
8038000.0,1518.5375,5708.4215,4023.2982,254.71469,106.89119,106.89119,106.89119,5679.6427,5759.4368,5686.1851,334.85563,1.6966378
8039000.0,1653.8261,5765.8458,3922.9333,248.3606,106.89119,106.89119,106.89119,5781.7406,5781.4035,5734.3934,371.70855,1.6966378
8040000.0,1636.499,5754.853,3904.5957,247.19965,106.89119,106.89119,106.89119,5814.5165,5759.3006,5690.7418,435.84317,1.6966378
8041000.0,1571.6613,5751.3025,3924.1234,248.43595,106.89119,106.89119,106.89119,5784.9596,5785.8192,5683.1287,429.91242,1.6966378
8042000.0,1642.085,5784.3901,3984.05,252.22989,106.89119,106.89119,106.89119,5780.9503,5837.2025,5735.0175,407.64647,1.6966378
8043000.0,1593.3626,5742.6134,3931.1241,248.87916,106.89119,106.89119,106.89119,5746.4492,5808.2599,5673.1311,354.5422,1.6966378
8044000.0,1528.0001,5757.4041,3910.6485,247.58285,106.89119,106.89119,106.89119,5720.4309,5841.1396,5710.6417,353.88406,1.6966378
8045000.0,1592.8113,5746.2946,3922.9392,248.36098,106.89119,106.89119,106.89119,5749.7777,5804.6512,5684.455,356.65529,1.6966378
8046000.0,1611.8027,5764.1977,4008.3611,253.76903,106.89119,106.89119,106.89119,5763.3623,5822.9331,5706.2977,359.52749,1.6966378
8047000.0,1590.1694,5750.583,3943.7054,249.67568,106.89119,106.89119,106.89119,5774.9221,5800.4767,5676.3502,383.26463,1.6966378
8048000.0,1610.7017,5784.4385,3913.6027,247.76988,106.89119,106.89119,106.89119,5818.495,5834.5383,5700.2822,384.15389,1.6966378
8049000.0,1551.7739,5754.6694,3892.0755,246.407,106.89119,106.89119,106.89119,5780.8763,5825.2246,5657.9073,361.85625,1.6966378
8050000.0,1545.982,5733.506,3929.8911,248.8011,106.89119,106.89119,106.89119,5752.6166,5787.5023,5660.3991,350.46375,1.6966378
8051000.0,1550.7989,5741.1977,3953.8461,250.31769,106.89119,106.89119,106.89119,5756.9909,5780.3344,5686.2677,350.41035,1.6966378
8052000.0,1633.7585,5744.4334,3874.3555,245.28515,106.89119,106.89119,106.89119,5742.7917,5821.1065,5669.4019,371.79778,1.6966378
8053000.0,1620.3888,5782.8892,4020.3429,254.52759,106.89119,106.89119,106.89119,5787.4629,5842.1374,5719.0672,430.3656,1.6966378
8054000.0,1591.9685,5744.9134,3962.3366,250.85522,106.89119,106.89119,106.89119,5748.4697,5783.9122,5702.3583,428.21483,1.6966378
8055000.0,1593.0288,5748.6223,3902.0692,247.03969,106.89119,106.89119,106.89119,5774.779,5824.625,5646.463,402.00446,1.6966378
8056000.0,1549.3399,5745.7818,3908.6022,247.4533,106.89119,106.89119,106.89119,5862.6165,5727.4699,5647.2589,348.04553,1.6966378
8057000.0,1622.8031,5770.0388,3978.7644,251.89526,106.89119,106.89119,106.89119,5824.2645,5789.9574,5695.8945,400.57591,1.6966378
8058000.0,1549.4415,5765.5166,3979.7012,251.95457,106.89119,106.89119,106.89119,5775.2253,5824.6668,5696.6577,390.99614,1.6966378
8059000.0,1640.1502,5776.8307,3998.2441,253.12852,106.89119,106.89119,106.89119,5804.1469,5871.3559,5654.9892,425.11542,1.6966378
8060000.0,1672.8762,5765.0319,3951.917,250.19556,106.89119,106.89119,106.89119,5792.5819,5814.1386,5688.3752,434.31884,1.6966378
8061000.0,1599.0388,5749.7256,3952.0175,250.20192,106.89119,106.89119,106.89119,5726.3978,5828.4878,5694.2911,439.30476,1.6966378
8062000.0,1603.8503,5766.3373,3934.3006,249.08026,106.89119,106.89119,106.89119,5808.3739,5809.724,5680.914,381.16171,1.6966378
8063000.0,1586.1858,5748.8162,3902.8821,247.09116,106.89119,106.89119,106.89119,5777.7232,5801.9779,5666.7475,382.49279,1.6966378
8064000.0,1552.0988,5765.1299,3958.0922,250.58651,106.89119,106.89119,106.89119,5854.8521,5769.9673,5670.5703,388.45539,1.6966378
8065000.0,1623.1171,5751.4702,3944.4939,249.7256,106.89119,106.89119,106.89119,5813.5106,5750.5146,5690.3856,407.63901,1.6966378
8066000.0,1678.7209,5754.4258,3896.2743,246.67282,106.89119,106.89119,106.89119,5780.041,5827.4167,5655.8197,436.59435,1.6966378
8067000.0,1530.269,5739.4816,3939.4749,249.40785,106.89119,106.89119,106.89119,5848.0211,5753.9128,5616.511,433.60757,1.6966378
8068000.0,1592.7181,5735.2014,3976.5543,251.75534,106.89119,106.89119,106.89119,5739.4091,5787.3098,5678.8852,375.53312,1.6966378
8069000.0,1585.3359,5744.5904,4003.0585,253.43332,106.89119,106.89119,106.89119,5787.0389,5760.7018,5686.0305,359.81637,1.6966378
8070000.0,1678.2044,5783.1412,4084.101,258.56411,106.89119,106.89119,106.89119,5799.3834,5781.7674,5768.2729,361.09607,1.6966378
8071000.0,1620.2652,5752.3748,3968.9332,251.27285,106.89119,106.89119,106.89119,5789.3066,5772.8756,5694.9423,372.55884,1.6966378
8072000.0,1654.5582,5768.7713,3938.527,249.34783,106.89119,106.89119,106.89119,5802.6737,5828.6102,5675.03,390.15438,1.6966378
8073000.0,1589.9796,5773.4512,3899.4837,246.87601,106.89119,106.89119,106.89119,5821.1095,5757.6304,5741.6136,399.46407,1.6966378
8074000.0,1549.8612,5756.9619,3932.7816,248.9841,106.89119,106.89119,106.89119,5795.3799,5779.6285,5695.8774,360.93076,1.6966378
8075000.0,1639.7863,5777.4768,3957.4135,250.54354,106.89119,106.89119,106.89119,5822.1381,5780.0895,5730.2028,372.1871,1.6966378
8076000.0,1580.2151,5754.7088,3974.0769,251.5985,106.89119,106.89119,106.89119,5781.4241,5791.239,5691.4634,375.62461,1.6966378
8077000.0,1540.3281,5747.5696,3887.4162,246.11202,106.89119,106.89119,106.89119,5770.8508,5774.5709,5697.2871,407.63631,1.6966378
8078000.0,1604.7038,5744.1278,3957.3128,250.53716,106.89119,106.89119,106.89119,5754.0319,5823.0007,5655.3507,428.20735,1.6966378
8079000.0,1604.766,5755.8451,3899.15,246.85488,106.89119,106.89119,106.89119,5804.1051,5777.5981,5685.8321,429.82552,1.6966378
8080000.0,1525.5648,5729.6681,4027.289,254.96735,106.89119,106.89119,106.89119,5751.8066,5775.6002,5661.5973,336.78765,1.6966378
8081000.0,1679.6391,5771.9356,3970.4228,251.36716,106.89119,106.89119,106.89119,5793.1714,5788.6413,5733.9941,344.19448,1.6966378
8082000.0,1601.1858,5741.908,3931.4181,248.89778,106.89119,106.89119,106.89119,5789.9458,5786.342,5649.4362,347.99495,1.6966378
8083000.0,1589.3538,5764.1837,3994.8814,252.91563,106.89119,106.89119,106.89119,5856.0028,5745.8298,5690.7187,370.83056,1.6966378
8084000.0,1614.5396,5761.4432,3944.4771,249.72454,106.89119,106.89119,106.89119,5759.0987,5783.3513,5741.8795,379.50591,1.6966378
8085000.0,1609.1587,5761.1421,3915.6016,247.89643,106.89119,106.89119,106.89119,5821.9916,5763.7339,5697.7007,372.94186,1.6966378
8086000.0,1533.0994,5737.3807,3896.2356,246.67037,106.89119,106.89119,106.89119,5774.4821,5778.5271,5659.133,384.88752,1.6966378
8087000.0,1565.7001,5735.0912,3935.338,249.14594,106.89119,106.89119,106.89119,5778.691,5727.3724,5699.2102,395.00931,1.6966378
8088000.0,1615.0801,5776.3959,3921.0146,248.23913,106.89119,106.89119,106.89119,5840.3206,5800.4781,5688.389,384.1112,1.6966378
8089000.0,1673.5061,5790.8225,3915.8697,247.9134,106.89119,106.89119,106.89119,5772.6652,5878.9945,5720.8079,431.9202,1.6966378
8090000.0,1572.7846,5753.628,3932.6819,248.97779,106.89119,106.89119,106.89119,5759.4594,5785.8629,5715.5616,433.61091,1.6966378
8091000.0,1518.02,5720.8547,3919.0548,248.11505,106.89119,106.89119,106.89119,5771.2559,5781.3758,5609.9323,422.0733,1.6966378
8092000.0,1586.28,5783.6783,3934.9562,249.12177,106.89119,106.89119,106.89119,5783.206,5844.5817,5723.247,359.97149,1.6966378
8093000.0,1647.9058,5767.3894,3936.2156,249.2015,106.89119,106.89119,106.89119,5800.1783,5860.1116,5641.8783,378.09528,1.6966378
8094000.0,1615.6349,5763.2149,3996.8952,253.04312,106.89119,106.89119,106.89119,5748.4396,5876.7394,5664.4656,390.51757,1.6966378
8095000.0,1586.0263,5757.9118,3981.3675,252.06007,106.89119,106.89119,106.89119,5821.7362,5832.4654,5619.5339,418.18339,1.6966378
8096000.0,1485.3353,5720.5025,3946.9839,249.88324,106.89119,106.89119,106.89119,5744.8161,5769.6363,5647.055,440.59248,1.6966378
8097000.0,1607.9532,5735.7253,4006.2579,253.63587,106.89119,106.89119,106.89119,5712.6184,5805.1511,5689.4063,435.8494,1.6966378
8098000.0,1636.4635,5740.8592,3897.3697,246.74217,106.89119,106.89119,106.89119,5819.5594,5747.2198,5655.7984,365.50216,1.6966378
8099000.0,1615.6566,5787.8397,3974.3928,251.6185,106.89119,106.89119,106.89119,5833.89,5832.7717,5696.8575,380.67913,1.6966378
8100000.0,1512.1608,5763.676,4016.9114,254.31035,106.89119,106.89119,106.89119,5770.8214,5866.524,5653.6826,358.54822,1.6966378
8101000.0,1564.264,5767.4318,3915.6576,247.89998,106.89119,106.89119,106.89119,5797.7697,5770.5547,5733.971,379.39072,1.6966378
8102000.0,1595.8248,5778.1373,3956.3025,250.4732,106.89119,106.89119,106.89119,5769.7865,5852.0649,5712.5605,401.14109,1.6966378
8103000.0,1478.3976,5753.4762,3998.0289,253.1149,106.89119,106.89119,106.89119,5749.0889,5854.8899,5656.4498,413.38157,1.6966378
8104000.0,1578.7173,5783.3025,3984.4776,252.25697,106.89119,106.89119,106.89119,5862.5238,5761.0057,5726.3779,367.01612,1.6966378
8105000.0,1490.7994,5728.5658,3904.4305,247.18919,106.89119,106.89119,106.89119,5807.6611,5697.4778,5680.5584,374.40684,1.6966378
8106000.0,1642.7957,5788.8688,3972.6967,251.51112,106.89119,106.89119,106.89119,5840.6316,5830.3748,5695.5999,374.58598,1.6966378
8107000.0,1571.3163,5768.1354,3934.3732,249.08486,106.89119,106.89119,106.89119,5807.5472,5805.3293,5691.5298,414.06196,1.6966378
8108000.0,1615.5827,5767.2511,3928.2112,248.69474,106.89119,106.89119,106.89119,5820.6393,5790.1773,5690.9368,432.67336,1.6966378
8109000.0,1578.8927,5730.7094,4021.4763,254.59935,106.89119,106.89119,106.89119,5758.3547,5817.2832,5616.4903,436.10491,1.6966378
8110000.0,1611.3911,5783.4412,4020.8519,254.55982,106.89119,106.89119,106.89119,5832.5684,5835.181,5682.574,372.08313,1.6966378
8111000.0,1480.3772,5719.9624,3929.9203,248.80295,106.89119,106.89119,106.89119,5761.7304,5747.0648,5651.092,371.70278,1.6966378
8112000.0,1615.3272,5771.5717,3934.5876,249.09844,106.89119,106.89119,106.89119,5798.9647,5825.7756,5689.9746,365.26691,1.6966378
8113000.0,1627.6652,5776.1636,3956.714,250.49925,106.89119,106.89119,106.89119,5891.8149,5757.9435,5678.7324,379.79876,1.6966378
8114000.0,1579.5033,5765.6352,3863.7996,244.61685,106.89119,106.89119,106.89119,5795.469,5806.4374,5694.9992,398.68065,1.6966378
8115000.0,1557.2653,5747.035,4030.5463,255.17357,106.89119,106.89119,106.89119,5782.9095,5787.4585,5670.737,411.60486,1.6966378
8116000.0,1591.4949,5790.1118,4017.3889,254.34058,106.89119,106.89119,106.89119,5821.6927,5841.3024,5707.3403,352.83457,1.6966378
8117000.0,1545.9978,5750.1271,3939.4459,249.40601,106.89119,106.89119,106.89119,5831.2139,5756.325,5662.8423,348.05232,1.6966378
8118000.0,1580.3278,5742.2654,3948.9996,250.01085,106.89119,106.89119,106.89119,5750.2358,5775.9481,5700.6123,343.43093,1.6966378
8119000.0,1598.6915,5766.0395,3954.4184,250.35392,106.89119,106.89119,106.89119,5809.4351,5791.4522,5697.2311,372.79351,1.6966378
8120000.0,1567.5821,5777.8302,3893.2585,246.48189,106.89119,106.89119,106.89119,5844.5183,5823.918,5665.0542,377.82601,1.6966378
8121000.0,1579.1999,5765.8292,3993.1821,252.80805,106.89119,106.89119,106.89119,5804.7358,5777.185,5715.5669,371.59648,1.6966378
8122000.0,1600.1709,5782.9914,3928.571,248.71752,106.89119,106.89119,106.89119,5798.5541,5818.1067,5732.3134,389.08268,1.6966378
8123000.0,1623.6322,5763.862,3918.6526,248.08959,106.89119,106.89119,106.89119,5846.2855,5765.5807,5679.7198,379.83122,1.6966378
8124000.0,1572.9077,5761.2557,4005.887,253.61239,106.89119,106.89119,106.89119,5836.685,5727.7523,5719.3298,386.18718,1.6966378
8125000.0,1604.3353,5780.1697,3937.7316,249.29748,106.89119,106.89119,106.89119,5900.1074,5795.0267,5645.375,433.42525,1.6966378
8126000.0,1570.3571,5761.81,3922.6762,248.34432,106.89119,106.89119,106.89119,5795.9848,5817.6584,5671.7866,443.36921,1.6966378
8127000.0,1602.0375,5765.4316,3985.3924,252.31488,106.89119,106.89119,106.89119,5838.0117,5815.1931,5643.0899,412.06348,1.6966378
8128000.0,1599.7352,5785.745,3884.9458,245.95561,106.89119,106.89119,106.89119,5849.6141,5802.949,5704.6718,351.4184,1.6966378
8129000.0,1667.2175,5772.0351,3997.4949,253.08109,106.89119,106.89119,106.89119,5823.6249,5822.315,5670.1654,349.37876,1.6966378
8130000.0,1632.3557,5787.3023,4028.108,255.01921,106.89119,106.89119,106.89119,5864.1165,5798.8939,5698.8964,354.14726,1.6966378
8131000.0,1552.1487,5776.7259,3903.8752,247.15404,106.89119,106.89119,106.89119,5857.0326,5782.6991,5690.4462,392.49715,1.6966378
8132000.0,1514.0144,5752.7923,3948.8717,250.00276,106.89119,106.89119,106.89119,5788.7455,5776.5993,5693.032,383.35588,1.6966378
8133000.0,1544.7828,5760.3424,3958.9812,250.64279,106.89119,106.89119,106.89119,5841.1061,5757.3321,5682.5889,372.70453,1.6966378
8134000.0,1628.5629,5789.9398,3970.6946,251.38437,106.89119,106.89119,106.89119,5839.4665,5837.8404,5692.5125,384.73218,1.6966378
8135000.0,1627.2909,5808.1436,4008.5722,253.78239,106.89119,106.89119,106.89119,5913.7356,5860.9966,5649.6987,390.25964,1.6966378
8136000.0,1625.0136,5768.4681,4022.7034,254.67704,106.89119,106.89119,106.89119,5794.2458,5829.4696,5681.6888,398.34193,1.6966378
8137000.0,1593.1654,5769.0581,3947.2596,249.9007,106.89119,106.89119,106.89119,5786.3182,5798.5453,5722.3109,436.40908,1.6966378
8138000.0,1620.761,5763.0561,3970.2631,251.35705,106.89119,106.89119,106.89119,5826.6354,5801.9225,5660.6103,434.65722,1.6966378
8139000.0,1591.1268,5760.8908,3929.0271,248.7464,106.89119,106.89119,106.89119,5835.3882,5776.1906,5671.0935,395.50814,1.6966378
8140000.0,1524.8849,5754.9206,3913.6455,247.77259,106.89119,106.89119,106.89119,5803.6574,5787.8658,5673.2384,356.31425,1.6966378
8141000.0,1554.4674,5753.2999,3982.2939,252.11872,106.89119,106.89119,106.89119,5749.5345,5833.0915,5677.2737,334.26247,1.6966378
8142000.0,1550.3229,5779.4684,3923.7608,248.41299,106.89119,106.89119,106.89119,5794.7051,5826.5669,5717.1332,342.28075,1.6966378
8143000.0,1608.3694,5786.5678,3991.4288,252.69705,106.89119,106.89119,106.89119,5796.5848,5820.2635,5742.8551,374.05044,1.6966378
8144000.0,1612.5959,5773.8807,3948.1756,249.95869,106.89119,106.89119,106.89119,5748.552,5815.8323,5757.2576,367.37208,1.6966378
8145000.0,1575.8923,5771.4608,3923.0667,248.36905,106.89119,106.89119,106.89119,5795.4107,5794.3115,5724.6601,345.8085,1.6966378
8146000.0,1569.4783,5760.5162,3929.3975,248.76985,106.89119,106.89119,106.89119,5777.1179,5794.0291,5710.4016,345.52418,1.6966378
8147000.0,1686.5184,5780.7765,3932.2952,248.95331,106.89119,106.89119,106.89119,5762.4962,5789.7072,5790.1261,351.03722,1.6966378
8148000.0,1614.7748,5791.8851,3882.6789,245.8121,106.89119,106.89119,106.89119,5766.7759,5777.3905,5831.4889,377.22853,1.6966378
8149000.0,1595.6112,5761.7997,3911.6405,247.64566,106.89119,106.89119,106.89119,5784.4811,5775.6641,5725.2538,386.05099,1.6966378
8150000.0,1539.7739,5747.8832,3966.7303,251.13338,106.89119,106.89119,106.89119,5721.2747,5816.4112,5705.9637,371.09228,1.6966378
8151000.0,1634.7619,5806.9474,3916.5094,247.9539,106.89119,106.89119,106.89119,5874.8539,5828.1005,5717.8877,377.98171,1.6966378
8152000.0,1554.2957,5757.1904,4016.6321,254.29267,106.89119,106.89119,106.89119,5836.5313,5741.6842,5693.3556,377.58794,1.6966378
8153000.0,1591.5196,5755.4061,3960.0518,250.71057,106.89119,106.89119,106.89119,5878.4292,5747.4954,5640.2936,389.73722,1.6966378
8154000.0,1614.7469,5772.2257,3926.8952,248.61143,106.89119,106.89119,106.89119,5772.7277,5884.0808,5659.8686,423.55615,1.6966378
8155000.0,1601.9057,5788.18,3974.7303,251.63986,106.89119,106.89119,106.89119,5867.001,5767.4606,5730.0785,433.86487,1.6966378
8156000.0,1562.4743,5772.9082,3867.6348,244.85966,106.89119,106.89119,106.89119,5799.479,5819.6422,5699.6033,444.52492,1.6966378
8157000.0,1580.53,5769.2018,3931.068,248.87561,106.89119,106.89119,106.89119,5774.7751,5836.7287,5696.1015,358.16629,1.6966378
8158000.0,1612.8131,5773.8011,3983.1331,252.17184,106.89119,106.89119,106.89119,5815.5326,5834.6678,5671.2027,373.60877,1.6966378
8159000.0,1570.7858,5753.2905,3856.0466,244.12601,106.89119,106.89119,106.89119,5792.2039,5838.2214,5629.4462,378.35428,1.6966378
8160000.0,1560.5237,5743.0052,3897.5867,246.75591,106.89119,106.89119,106.89119,5814.6161,5721.8547,5692.545,396.92773,1.6966378
8161000.0,1522.4885,5741.4572,3853.7359,243.97972,106.89119,106.89119,106.89119,5832.1724,5745.9339,5646.2654,398.37222,1.6966378
8162000.0,1572.5539,5761.3702,3949.8526,250.06486,106.89119,106.89119,106.89119,5767.2874,5786.6161,5730.2072,415.51494,1.6966378
8163000.0,1613.305,5782.3126,3925.2466,248.50706,106.89119,106.89119,106.89119,5814.531,5845.4183,5686.9885,369.19185,1.6966378
8164000.0,1640.851,5767.1853,3862.5263,244.53624,106.89119,106.89119,106.89119,5783.539,5810.6691,5707.3479,365.83079,1.6966378
8165000.0,1671.0454,5796.7814,3984.8401,252.27992,106.89119,106.89119,106.89119,5788.2732,5830.3076,5771.7636,380.77168,1.6966378
8166000.0,1549.993,5736.3455,3966.2358,251.10208,106.89119,106.89119,106.89119,5739.1537,5753.0693,5716.8133,416.15289,1.6966378
8167000.0,1514.2092,5760.3456,3921.4841,248.26885,106.89119,106.89119,106.89119,5740.0691,5805.9389,5735.0287,432.33333,1.6966378
8168000.0,1512.8824,5731.3787,3971.2541,251.41979,106.89119,106.89119,106.89119,5751.2629,5761.0055,5681.8676,437.00776,1.6966378
8169000.0,1511.267,5744.4235,3956.2573,250.47034,106.89119,106.89119,106.89119,5757.863,5791.8883,5683.5193,372.85685,1.6966378
8170000.0,1538.9316,5749.3291,3934.5384,249.09532,106.89119,106.89119,106.89119,5809.8172,5790.3099,5647.8601,381.29233,1.6966378
8171000.0,1637.6864,5751.5686,3918.3359,248.06954,106.89119,106.89119,106.89119,5759.3948,5804.1923,5691.1188,383.86148,1.6966378
8172000.0,1593.2231,5762.1495,3956.6546,250.49549,106.89119,106.89119,106.89119,5745.2108,5807.8038,5733.4339,418.19039,1.6966378
8173000.0,1592.1103,5767.0722,3969.5097,251.30935,106.89119,106.89119,106.89119,5809.9964,5802.1752,5689.0449,433.19737,1.6966378
8174000.0,1611.2809,5773.1239,4026.4838,254.91638,106.89119,106.89119,106.89119,5805.2344,5800.9133,5713.224,432.09712,1.6966378
8175000.0,1617.854,5758.3713,3922.9526,248.36182,106.89119,106.89119,106.89119,5799.2301,5744.9928,5730.891,384.86054,1.6966378
8176000.0,1616.6305,5765.0034,3934.2162,249.07492,106.89119,106.89119,106.89119,5826.6243,5802.6444,5665.7415,393.44236,1.6966378
8177000.0,1562.351,5777.6559,3939.6478,249.4188,106.89119,106.89119,106.89119,5779.7298,5856.7492,5696.4889,390.78743,1.6966378
8178000.0,1657.8641,5775.32,3930.4032,248.83352,106.89119,106.89119,106.89119,5835.2824,5821.9375,5668.7402,390.57123,1.6966378
8179000.0,1596.7212,5746.1261,3884.9135,245.95357,106.89119,106.89119,106.89119,5790.0923,5774.0489,5674.2369,431.42112,1.6966378
8180000.0,1624.9364,5781.493,3914.0889,247.80066,106.89119,106.89119,106.89119,5855.2835,5781.3848,5707.8105,433.83529,1.6966378
8181000.0,1536.7813,5748.8209,3963.9902,250.95991,106.89119,106.89119,106.89119,5732.1894,5837.4952,5676.7781,396.04257,1.6966378
8182000.0,1562.5881,5761.4706,3903.8058,247.14964,106.89119,106.89119,106.89119,5809.45,5810.8427,5664.1191,371.75771,1.6966378
8183000.0,1515.2417,5743.2509,3971.4706,251.43349,106.89119,106.89119,106.89119,5787.8074,5769.3954,5672.55,367.16979,1.6966378
8184000.0,1657.4733,5785.0106,3951.2172,250.15125,106.89119,106.89119,106.89119,5822.3868,5836.3257,5696.3195,370.09179,1.6966378
8185000.0,1645.1527,5788.2356,3946.9713,249.88245,106.89119,106.89119,106.89119,5872.5384,5813.4764,5678.692,427.52496,1.6966378
8186000.0,1562.1967,5754.0565,3909.3344,247.49966,106.89119,106.89119,106.89119,5764.3144,5783.8422,5714.0131,435.91843,1.6966378
8187000.0,1531.284,5757.0229,3981.2337,252.05159,106.89119,106.89119,106.89119,5766.1633,5774.5023,5730.4032,406.68157,1.6966378
8188000.0,1606.4362,5747.2615,3936.3558,249.21038,106.89119,106.89119,106.89119,5760.1033,5789.368,5692.3131,372.67886,1.6966378
8189000.0,1613.1939,5759.2737,3994.7484,252.90721,106.89119,106.89119,106.89119,5820.765,5743.2724,5713.7838,390.91928,1.6966378
8190000.0,1609.9377,5764.2383,4076.366,258.07441,106.89119,106.89119,106.89119,5804.7137,5803.6974,5684.3039,382.30701,1.6966378
8191000.0,1490.7896,5704.8539,3916.3796,247.94569,106.89119,106.89119,106.89119,5695.9148,5722.0394,5696.6075,412.9583,1.6966378
8192000.0,1635.5558,5750.2864,3904.2576,247.17824,106.89119,106.89119,106.89119,5792.9336,5746.2789,5711.6467,432.14312,1.6966378
8193000.0,1587.4951,5783.8038,3975.0324,251.65899,106.89119,106.89119,106.89119,5800.898,5834.143,5716.3704,436.64789,1.6966378
8194000.0,1618.0155,5754.2804,3913.1381,247.74047,106.89119,106.89119,106.89119,5805.4007,5771.4217,5686.0187,371.22146,1.6966378
8195000.0,1575.1157,5763.4929,3980.0595,251.97726,106.89119,106.89119,106.89119,5796.2364,5830.4142,5663.828,379.47878,1.6966378
8196000.0,1628.4149,5741.6277,3895.3608,246.61499,106.89119,106.89119,106.89119,5778.5056,5774.7314,5671.6461,373.64218,1.6966378
8197000.0,1556.1724,5743.3682,3919.6378,248.15196,106.89119,106.89119,106.89119,5763.0899,5759.0564,5707.9583,396.24807,1.6966378
8198000.0,1622.9511,5730.5483,4006.176,253.63069,106.89119,106.89119,106.89119,5743.6174,5737.5702,5710.4571,418.05805,1.6966378
8199000.0,1524.8066,5734.6517,4034.9209,255.45053,106.89119,106.89119,106.89119,5771.5064,5756.9514,5675.4974,425.55341,1.6966378
8200000.0,1565.4548,5710.8359,3934.3646,249.08432,106.89119,106.89119,106.89119,5780.7618,5670.2842,5681.4618,372.35958,1.6966378
8201000.0,1649.4722,5776.0445,3946.8738,249.87627,106.89119,106.89119,106.89119,5803.7005,5779.2195,5745.2134,379.56396,1.6966378
8202000.0,1618.0642,5797.8322,3850.9783,243.80513,106.89119,106.89119,106.89119,5810.6293,5791.9558,5790.9117,338.81789,1.6966378
8203000.0,1619.49,5737.9835,3969.3174,251.29717,106.89119,106.89119,106.89119,5766.9033,5775.6987,5671.3486,386.53868,1.6966378
8204000.0,1605.1785,5781.7424,3997.9388,253.10919,106.89119,106.89119,106.89119,5873.5129,5823.4669,5648.2474,403.20912,1.6966378
8205000.0,1584.8653,5763.5624,3959.1754,250.65509,106.89119,106.89119,106.89119,5735.9084,5786.0646,5768.7143,422.00383,1.6966378
8206000.0,1560.4848,5739.0534,3944.4745,249.72437,106.89119,106.89119,106.89119,5775.7584,5787.9764,5653.4255,366.84753,1.6966378
8207000.0,1552.4896,5740.4692,3884.6338,245.93587,106.89119,106.89119,106.89119,5769.7391,5803.0155,5648.653,380.91755,1.6966378
8208000.0,1599.7543,5758.2548,3933.2629,249.01457,106.89119,106.89119,106.89119,5834.0062,5749.8476,5690.9104,378.12455,1.6966378
8209000.0,1613.606,5742.7861,3891.8339,246.3917,106.89119,106.89119,106.89119,5788.3195,5751.2018,5688.8371,414.71029,1.6966378
8210000.0,1570.4828,5776.0933,3973.193,251.54254,106.89119,106.89119,106.89119,5814.4692,5829.2691,5684.5415,437.1659,1.6966378
8211000.0,1544.4794,5746.8939,3848.8386,243.66967,106.89119,106.89119,106.89119,5750.8607,5856.6032,5633.218,434.49737,1.6966378
8212000.0,1579.3766,5762.2313,3973.8203,251.58225,106.89119,106.89119,106.89119,5781.111,5832.8384,5672.7445,373.56169,1.6966378
8213000.0,1519.9201,5753.183,3940.2267,249.45544,106.89119,106.89119,106.89119,5780.7726,5773.5083,5705.2682,366.10942,1.6966378
8214000.0,1601.9911,5784.1704,3948.9596,250.00833,106.89119,106.89119,106.89119,5820.6845,5833.3483,5698.4785,359.09727,1.6966378
8215000.0,1526.7045,5730.3637,3962.9337,250.89303,106.89119,106.89119,106.89119,5699.4998,5806.8567,5684.7346,365.95649,1.6966378
8216000.0,1653.2374,5779.6333,3938.0099,249.3151,106.89119,106.89119,106.89119,5789.3432,5853.7652,5695.7916,406.50173,1.6966378
8217000.0,1586.7331,5766.9054,4014.6125,254.16481,106.89119,106.89119,106.89119,5775.4418,5811.7544,5713.52,393.45712,1.6966378
8218000.0,1584.9062,5760.316,3998.9678,253.17434,106.89119,106.89119,106.89119,5769.9335,5753.8716,5757.1429,368.04336,1.6966378
8219000.0,1587.9224,5748.6298,3919.629,248.15141,106.89119,106.89119,106.89119,5767.9392,5799.2648,5678.6853,385.35779,1.6966378
8220000.0,1581.6412,5756.7082,3903.5935,247.1362,106.89119,106.89119,106.89119,5755.8443,5806.0142,5708.266,367.27092,1.6966378
8221000.0,1509.6345,5768.1809,3982.7352,252.14665,106.89119,106.89119,106.89119,5726.8543,5813.1197,5764.5686,403.25196,1.6966378
8222000.0,1588.6239,5760.1887,3952.2912,250.21925,106.89119,106.89119,106.89119,5825.1825,5738.7268,5716.657,435.89613,1.6966378
8223000.0,1535.3864,5735.184,3888.9996,246.21226,106.89119,106.89119,106.89119,5747.0156,5780.8851,5677.6514,444.18835,1.6966378
8224000.0,1558.3015,5762.5058,3923.4374,248.39251,106.89119,106.89119,106.89119,5765.3029,5788.9759,5733.2387,387.97972,1.6966378
8225000.0,1525.7743,5752.9915,3922.4193,248.32806,106.89119,106.89119,106.89119,5743.0009,5791.3716,5724.6022,379.61657,1.6966378
8226000.0,1523.2883,5743.3204,3973.7712,251.57915,106.89119,106.89119,106.89119,5801.6751,5744.1707,5684.1153,369.53218,1.6966378
8227000.0,1582.511,5740.9299,3929.9964,248.80777,106.89119,106.89119,106.89119,5856.5765,5720.0837,5646.1294,380.09509,1.6966378
8228000.0,1652.9679,5763.2448,3972.3756,251.49079,106.89119,106.89119,106.89119,5805.4779,5789.7291,5694.5275,416.21237,1.6966378
8229000.0,1597.4099,5770.1228,3914.738,247.84176,106.89119,106.89119,106.89119,5762.3552,5772.0912,5775.922,409.35624,1.6966378
8230000.0,1510.963,5752.0084,3945.2826,249.77554,106.89119,106.89119,106.89119,5800.4364,5783.3937,5672.1951,370.82171,1.6966378
8231000.0,1588.8534,5746.8497,3859.6812,244.35611,106.89119,106.89119,106.89119,5778.7786,5825.0669,5636.7036,359.88972,1.6966378
8232000.0,1577.2251,5754.606,3967.0918,251.15627,106.89119,106.89119,106.89119,5798.3859,5787.183,5678.249,391.57736,1.6966378
8233000.0,1548.3816,5727.0776,3976.9832,251.78249,106.89119,106.89119,106.89119,5785.874,5756.084,5639.2747,390.51021,1.6966378
8234000.0,1600.6122,5762.827,3999.3157,253.19637,106.89119,106.89119,106.89119,5815.3737,5808.6222,5664.4851,442.79089,1.6966378
8235000.0,1641.5541,5759.4543,3952.0864,250.20628,106.89119,106.89119,106.89119,5767.262,5759.3085,5751.7924,432.09474,1.6966378
8236000.0,1648.2474,5780.8658,3975.6104,251.69558,106.89119,106.89119,106.89119,5796.6094,5805.4185,5740.5696,411.34399,1.6966378
8237000.0,1639.4352,5773.4052,3918.8035,248.09914,106.89119,106.89119,106.89119,5788.2354,5811.3386,5720.6417,349.97392,1.6966378
8238000.0,1492.5954,5736.6345,3963.4258,250.92418,106.89119,106.89119,106.89119,5773.2795,5796.9445,5639.6794,392.7393,1.6966378
8239000.0,1571.0654,5742.747,3953.1532,250.27382,106.89119,106.89119,106.89119,5759.5041,5788.5651,5680.1718,365.9615,1.6966378
8240000.0,1534.5353,5744.1514,3946.985,249.88331,106.89119,106.89119,106.89119,5777.124,5789.3776,5665.9524,418.60367,1.6966378
8241000.0,1521.5288,5744.6039,3957.409,250.54325,106.89119,106.89119,106.89119,5762.4623,5810.5287,5660.8207,428.50847,1.6966378
8242000.0,1571.2378,5763.5724,3921.4625,248.26749,106.89119,106.89119,106.89119,5824.472,5792.6883,5673.5568,434.66683,1.6966378
8243000.0,1647.0221,5747.8283,4009.1749,253.82055,106.89119,106.89119,106.89119,5760.0763,5815.8456,5667.563,376.72259,1.6966378
8244000.0,1583.5005,5768.8048,3995.8682,252.97811,106.89119,106.89119,106.89119,5786.8207,5791.712,5727.8817,382.84477,1.6966378
8245000.0,1553.422,5752.2497,3955.2226,250.40484,106.89119,106.89119,106.89119,5785.2285,5780.4747,5691.0459,384.79597,1.6966378
8246000.0,1531.3653,5726.9174,3954.0449,250.33027,106.89119,106.89119,106.89119,5731.7169,5738.0031,5711.032,403.47662,1.6966378
8247000.0,1526.8624,5736.3992,3867.2588,244.83585,106.89119,106.89119,106.89119,5785.5066,5771.8054,5651.8857,431.99763,1.6966378
8248000.0,1600.4668,5741.9041,3915.8737,247.91366,106.89119,106.89119,106.89119,5724.3943,5794.4324,5706.8856,428.22777,1.6966378
8249000.0,1561.163,5754.6523,3959.9308,250.70291,106.89119,106.89119,106.89119,5814.4803,5816.2709,5633.2056,370.57116,1.6966378
8250000.0,1660.8662,5785.857,3987.0169,252.41773,106.89119,106.89119,106.89119,5858.4519,5801.6285,5697.4907,385.9298,1.6966378
8251000.0,1542.3362,5745.9758,3993.1173,252.80394,106.89119,106.89119,106.89119,5712.4808,5752.1179,5773.3286,387.59456,1.6966378
8252000.0,1509.0218,5745.8415,3964.0707,250.96501,106.89119,106.89119,106.89119,5786.2828,5777.9127,5673.3289,398.14941,1.6966378
8253000.0,1644.4379,5764.8395,3961.9641,250.83164,106.89119,106.89119,106.89119,5765.3576,5848.5871,5680.5738,412.02403,1.6966378
8254000.0,1589.6571,5762.6744,3947.0245,249.88581,106.89119,106.89119,106.89119,5790.71,5778.0112,5719.3021,413.95591,1.6966378
8255000.0,1694.8085,5782.8888,3902.7593,247.08339,106.89119,106.89119,106.89119,5827.8439,5854.5133,5666.3092,380.18527,1.6966378
8256000.0,1618.5095,5784.6928,3962.986,250.89633,106.89119,106.89119,106.89119,5787.1872,5810.7595,5756.1317,382.85839,1.6966378
8257000.0,1562.9651,5722.4276,3877.9025,245.5097,106.89119,106.89119,106.89119,5725.2227,5776.9215,5665.1387,391.66614,1.6966378
8258000.0,1639.6166,5766.8691,3911.2601,247.62157,106.89119,106.89119,106.89119,5809.8668,5803.8327,5686.9077,400.8388,1.6966378
8259000.0,1594.0016,5761.3772,4036.7045,255.56344,106.89119,106.89119,106.89119,5787.9612,5808.057,5688.1135,429.80704,1.6966378
8260000.0,1611.0459,5764.625,3976.726,251.76621,106.89119,106.89119,106.89119,5722.5853,5825.7514,5745.5383,434.60945,1.6966378
8261000.0,1605.6044,5755.9344,3877.9437,245.51231,106.89119,106.89119,106.89119,5762.9536,5794.89,5709.9596,398.69121,1.6966378
8262000.0,1548.0212,5746.5959,3963.9091,250.95477,106.89119,106.89119,106.89119,5731.1996,5785.7242,5722.8639,398.41564,1.6966378
8263000.0,1527.9756,5755.9478,3920.032,248.17692,106.89119,106.89119,106.89119,5792.7642,5771.2874,5703.7918,370.47956,1.6966378
8264000.0,1623.157,5774.8322,3980.986,252.03591,106.89119,106.89119,106.89119,5797.3854,5743.749,5783.3622,375.67244,1.6966378
8265000.0,1542.6511,5739.6469,3983.0806,252.16852,106.89119,106.89119,106.89119,5749.8442,5758.7639,5710.3325,427.59783,1.6966378
8266000.0,1621.6606,5794.1063,4011.783,253.98567,106.89119,106.89119,106.89119,5806.0733,5878.5685,5697.677,428.55682,1.6966378
8267000.0,1601.5705,5798.1595,3927.2089,248.63129,106.89119,106.89119,106.89119,5790.7769,5876.2918,5727.4097,432.34446,1.6966378
8268000.0,1588.9631,5761.2098,3942.0403,249.57026,106.89119,106.89119,106.89119,5766.4171,5863.1014,5654.1108,355.74136,1.6966378
8269000.0,1620.9756,5733.2845,3945.3883,249.78223,106.89119,106.89119,106.89119,5712.7573,5793.4399,5693.6562,364.02818,1.6966378
8270000.0,1577.8016,5748.6241,4016.3075,254.27211,106.89119,106.89119,106.89119,5752.3042,5820.0558,5673.5124,366.19602,1.6966378
8271000.0,1597.947,5741.577,3997.6747,253.09247,106.89119,106.89119,106.89119,5772.3601,5742.6493,5709.7217,402.09778,1.6966378
8272000.0,1566.6249,5755.2438,3925.8231,248.54355,106.89119,106.89119,106.89119,5752.4414,5783.2028,5730.0872,408.74037,1.6966378
8273000.0,1662.8591,5771.1461,3946.0097,249.82156,106.89119,106.89119,106.89119,5774.3421,5825.7253,5713.371,389.60635,1.6966378
8274000.0,1613.7247,5771.111,3923.7679,248.41344,106.89119,106.89119,106.89119,5754.4679,5822.4486,5736.4163,362.81138,1.6966378
8275000.0,1545.3323,5753.4114,3899.2242,246.85958,106.89119,106.89119,106.89119,5743.772,5793.2889,5723.1733,372.7651,1.6966378
8276000.0,1542.8276,5750.6127,3964.9641,251.02157,106.89119,106.89119,106.89119,5775.8453,5795.84,5680.1528,385.31962,1.6966378
8277000.0,1574.3802,5770.1561,4030.1947,255.15131,106.89119,106.89119,106.89119,5840.2262,5799.658,5670.5843,416.65813,1.6966378
8278000.0,1553.8871,5767.3745,3941.1075,249.51121,106.89119,106.89119,106.89119,5833.3058,5788.3622,5680.4555,429.63589,1.6966378
8279000.0,1533.3604,5739.7319,3972.775,251.51607,106.89119,106.89119,106.89119,5764.7173,5752.1183,5702.3601,430.6983,1.6966378
8280000.0,1608.4161,5765.8646,3997.5186,253.08259,106.89119,106.89119,106.89119,5778.0912,5794.1159,5725.3866,365.85329,1.6966378
8281000.0,1623.044,5765.2093,3947.4983,249.91581,106.89119,106.89119,106.89119,5744.1865,5881.1763,5670.2652,382.65705,1.6966378
8282000.0,1568.6613,5726.0177,4040.1949,255.78443,106.89119,106.89119,106.89119,5746.4751,5763.5714,5668.0065,381.53515,1.6966378
8283000.0,1635.8424,5778.1703,4003.934,253.48875,106.89119,106.89119,106.89119,5846.2912,5803.4274,5684.7923,411.63261,1.6966378
8284000.0,1521.9493,5723.0782,3935.073,249.12916,106.89119,106.89119,106.89119,5696.1333,5773.1186,5699.9826,434.66288,1.6966378
8285000.0,1496.7192,5709.6623,3960.9873,250.7698,106.89119,106.89119,106.89119,5731.8143,5688.7601,5708.4124,424.78772,1.6966378
8286000.0,1531.4363,5734.1203,3959.9918,250.70677,106.89119,106.89119,106.89119,5774.5578,5720.1479,5707.6551,360.78695,1.6966378
8287000.0,1622.0832,5758.8213,3926.1055,248.56143,106.89119,106.89119,106.89119,5769.5527,5798.4991,5708.4121,340.60359,1.6966378
8288000.0,1545.8148,5720.2293,3924.6029,248.46631,106.89119,106.89119,106.89119,5771.9059,5800.6393,5588.1426,339.74876,1.6966378
8289000.0,1526.6422,5733.2205,3919.9732,248.1732,106.89119,106.89119,106.89119,5739.1783,5794.0691,5666.4142,341.35882,1.6966378
8290000.0,1607.1248,5774.072,3911.2145,247.61868,106.89119,106.89119,106.89119,5802.6288,5781.8408,5737.7466,335.84763,1.6966378
8291000.0,1524.4797,5765.2204,3909.441,247.50641,106.89119,106.89119,106.89119,5847.4841,5786.538,5661.6391,339.21987,1.6966378
8292000.0,1595.3561,5748.9713,3977.0429,251.78628,106.89119,106.89119,106.89119,5770.4364,5817.4639,5659.0136,340.37551,1.6966378
8293000.0,1644.2153,5770.3497,4009.1191,253.81702,106.89119,106.89119,106.89119,5760.6234,5844.1459,5706.2799,336.69317,1.6966378
8294000.0,1608.67,5760.8982,4019.6699,254.48499,106.89119,106.89119,106.89119,5763.7152,5799.406,5719.5733,343.06788,1.6966378
8295000.0,1625.0952,5759.1106,3992.0223,252.73462,106.89119,106.89119,106.89119,5804.3921,5798.7442,5674.1955,306.40454,1.6966378
8296000.0,1577.6061,5773.0262,3909.306,247.49786,106.89119,106.89119,106.89119,5792.2217,5806.6609,5720.196,319.48748,1.6966378
8297000.0,1550.52,5759.5928,3933.4578,249.02691,106.89119,106.89119,106.89119,5789.3299,5788.6776,5700.771,317.38871,1.6966378
8298000.0,1550.9781,5751.1124,3938.2767,249.33199,106.89119,106.89119,106.89119,5780.1042,5753.2623,5719.9706,309.15241,1.6966378
8299000.0,1585.8488,5749.2013,4002.1113,253.37335,106.89119,106.89119,106.89119,5765.382,5784.7229,5697.4991,308.75262,1.6966378
8300000.0,1578.3613,5767.5611,4010.7917,253.92291,106.89119,106.89119,106.89119,5786.0619,5766.9058,5749.7157,311.72101,1.6966378
8301000.0,1546.5297,5714.1309,3954.383,250.35168,106.89119,106.89119,106.89119,5721.9735,5753.5989,5666.8204,311.08786,1.6966378
8302000.0,1532.1815,5716.2266,3948.7749,249.99663,106.89119,106.89119,106.89119,5742.6245,5715.15,5690.9052,316.16302,1.6966378
8303000.0,1556.3279,5748.1798,3889.482,246.2428,106.89119,106.89119,106.89119,5760.2615,5782.3535,5701.9244,321.83042,1.6966378
8304000.0,1521.3923,5738.3898,3994.7911,252.90992,106.89119,106.89119,106.89119,5726.7161,5809.5911,5678.8621,351.34929,1.6966378
8305000.0,1578.3942,5759.5681,3910.7607,247.58996,106.89119,106.89119,106.89119,5779.5669,5776.7847,5722.3528,350.70162,1.6966378
8306000.0,1574.2061,5765.0349,3979.5806,251.94694,106.89119,106.89119,106.89119,5807.6245,5787.4447,5700.0355,388.12483,1.6966378
8307000.0,1567.9417,5775.0824,3954.9072,250.38486,106.89119,106.89119,106.89119,5782.4933,5835.3657,5707.3881,384.86417,1.6966378
8308000.0,1644.7191,5786.8498,3956.2087,250.46726,106.89119,106.89119,106.89119,5788.8036,5835.829,5735.9169,369.28973,1.6966378
8309000.0,1627.0669,5741.3269,3905.6583,247.26692,106.89119,106.89119,106.89119,5800.6621,5717.1108,5706.2078,358.51398,1.6966378
8310000.0,1667.6267,5764.3604,3995.0826,252.92837,106.89119,106.89119,106.89119,5751.2775,5800.9332,5740.8706,387.60128,1.6966378
8311000.0,1545.0223,5733.2121,3961.8621,250.82518,106.89119,106.89119,106.89119,5759.5277,5764.4672,5675.6414,387.2613,1.6966378
8312000.0,1556.8114,5756.5425,3940.6278,249.48084,106.89119,106.89119,106.89119,5772.5103,5797.5102,5699.607,439.61885,1.6966378
8313000.0,1590.9954,5747.5376,3885.1893,245.97103,106.89119,106.89119,106.89119,5778.4004,5767.899,5696.3134,440.61634,1.6966378
8314000.0,1508.9055,5722.3746,3921.4962,248.26962,106.89119,106.89119,106.89119,5738.2373,5712.867,5716.0194,419.63205,1.6966378
8315000.0,1576.593,5764.3367,3927.4135,248.64424,106.89119,106.89119,106.89119,5798.3996,5791.7904,5702.8202,376.3782,1.6966378
8316000.0,1522.5067,5729.4695,3880.65,245.68365,106.89119,106.89119,106.89119,5768.7829,5733.8151,5685.8107,362.35217,1.6966378
8317000.0,1551.0028,5723.5597,3991.013,252.67072,106.89119,106.89119,106.89119,5768.0939,5707.0673,5695.5178,357.14211,1.6966378
8318000.0,1582.6995,5731.315,3885.2594,245.97547,106.89119,106.89119,106.89119,5749.2235,5781.6854,5663.0361,395.11073,1.6966378
8319000.0,1603.405,5754.3004,3942.1328,249.57612,106.89119,106.89119,106.89119,5783.7649,5762.4647,5716.6716,403.42196,1.6966378
8320000.0,1593.8967,5771.1814,3923.1557,248.37468,106.89119,106.89119,106.89119,5797.0051,5807.1069,5709.4323,384.00407,1.6966378
8321000.0,1612.5586,5737.7359,3995.2667,252.94002,106.89119,106.89119,106.89119,5774.6014,5800.9619,5637.6445,388.02575,1.6966378
8322000.0,1632.8189,5745.8222,3878.7726,245.56479,106.89119,106.89119,106.89119,5789.4157,5720.9316,5727.1194,384.75253,1.6966378
8323000.0,1589.016,5771.6933,3964.0986,250.96677,106.89119,106.89119,106.89119,5759.1284,5809.8829,5746.0688,382.20081,1.6966378
8324000.0,1637.7656,5778.6717,4052.6786,256.57477,106.89119,106.89119,106.89119,5803.7458,5760.7604,5771.5089,423.72155,1.6966378
8325000.0,1591.8913,5758.1963,3977.7258,251.82951,106.89119,106.89119,106.89119,5829.2006,5778.1217,5667.2667,432.95473,1.6966378
8326000.0,1542.8741,5745.266,3948.5684,249.98356,106.89119,106.89119,106.89119,5755.262,5790.6307,5689.9053,437.29794,1.6966378
8327000.0,1629.6298,5756.5154,3929.9717,248.8062,106.89119,106.89119,106.89119,5742.6727,5760.4523,5766.421,333.68407,1.6966378
8328000.0,1579.8605,5771.4888,3911.3861,247.62955,106.89119,106.89119,106.89119,5816.8367,5795.9333,5701.6963,342.76619,1.6966378
8329000.0,1617.2158,5769.2899,3962.4472,250.86222,106.89119,106.89119,106.89119,5809.6389,5797.6307,5700.6001,343.16962,1.6966378
8330000.0,1577.9367,5781.1941,3985.7752,252.33912,106.89119,106.89119,106.89119,5810.113,5774.5923,5758.8769,363.47513,1.6966378
8331000.0,1580.865,5754.4769,3922.48,248.3319,106.89119,106.89119,106.89119,5784.2599,5765.1161,5714.0547,368.16194,1.6966378
8332000.0,1587.5081,5766.6734,3926.7774,248.60397,106.89119,106.89119,106.89119,5805.1033,5780.696,5714.2207,351.88098,1.6966378
8333000.0,1514.9183,5724.099,3907.9527,247.41218,106.89119,106.89119,106.89119,5739.723,5714.8522,5717.7217,373.7668,1.6966378
8334000.0,1634.3826,5758.6523,3963.4568,250.92614,106.89119,106.89119,106.89119,5822.7804,5787.757,5665.4194,377.312,1.6966378
8335000.0,1578.3102,5762.8562,3951.4966,250.16894,106.89119,106.89119,106.89119,5853.0852,5769.4656,5666.0179,378.9017,1.6966378
8336000.0,1647.5459,5756.5853,3956.0701,250.45849,106.89119,106.89119,106.89119,5787.4562,5795.888,5686.4117,379.50117,1.6966378
8337000.0,1592.0467,5730.0026,3927.0336,248.62019,106.89119,106.89119,106.89119,5770.3726,5698.8312,5720.8038,368.18356,1.6966378
8338000.0,1617.9545,5774.9584,4016.163,254.26297,106.89119,106.89119,106.89119,5806.8841,5808.7674,5709.2236,393.0589,1.6966378
8339000.0,1610.7941,5769.7681,3934.9772,249.1231,106.89119,106.89119,106.89119,5807.2473,5729.5327,5772.5244,386.13645,1.6966378
8340000.0,1548.8623,5741.7515,3977.9577,251.84419,106.89119,106.89119,106.89119,5799.1424,5740.6326,5685.4795,395.27528,1.6966378
8341000.0,1556.2628,5753.2201,3910.402,247.56725,106.89119,106.89119,106.89119,5816.8698,5767.2757,5675.5147,426.77269,1.6966378
8342000.0,1576.8436,5764.5396,3966.9687,251.14848,106.89119,106.89119,106.89119,5803.1655,5782.7161,5707.7371,427.40794,1.6966378
8343000.0,1550.6526,5729.4599,3966.7893,251.13712,106.89119,106.89119,106.89119,5773.16,5697.152,5718.0677,379.88924,1.6966378
8344000.0,1511.5388,5736.8694,3932.7753,248.9837,106.89119,106.89119,106.89119,5770.8008,5783.5611,5656.2463,381.14421,1.6966378
8345000.0,1600.7651,5783.0939,3927.193,248.63028,106.89119,106.89119,106.89119,5834.632,5775.9961,5738.6538,381.54852,1.6966378
8346000.0,1597.337,5751.248,3960.7245,250.75316,106.89119,106.89119,106.89119,5751.3808,5792.212,5710.1512,385.31795,1.6966378
8347000.0,1677.8584,5764.9792,3984.2338,252.24153,106.89119,106.89119,106.89119,5790.6954,5750.6974,5753.5449,425.25164,1.6966378
8348000.0,1492.5859,5721.7078,3969.4548,251.30588,106.89119,106.89119,106.89119,5766.3073,5731.3095,5667.5065,429.86876,1.6966378
8349000.0,1556.2179,5757.1448,3925.0829,248.49669,106.89119,106.89119,106.89119,5772.1135,5715.2794,5784.0416,428.19496,1.6966378
8350000.0,1545.3359,5753.4542,3973.8433,251.58371,106.89119,106.89119,106.89119,5754.9438,5816.5316,5688.8872,353.9798,1.6966378
8351000.0,1586.8758,5773.7317,4023.5945,254.73346,106.89119,106.89119,106.89119,5820.6401,5741.6105,5758.9446,365.98414,1.6966378
8352000.0,1543.4265,5743.8575,3906.8679,247.3435,106.89119,106.89119,106.89119,5769.9458,5748.9553,5712.6714,368.50058,1.6966378
8353000.0,1598.5637,5736.5715,3945.1041,249.76423,106.89119,106.89119,106.89119,5727.7673,5776.8764,5705.0708,367.98426,1.6966378
8354000.0,1519.9251,5724.1415,4028.8957,255.06907,106.89119,106.89119,106.89119,5745.3002,5763.9537,5663.1708,358.09135,1.6966378
8355000.0,1573.0167,5781.5247,4010.7416,253.91974,106.89119,106.89119,106.89119,5771.3859,5815.6081,5757.5801,365.7786,1.6966378
8356000.0,1570.868,5777.4503,3930.3567,248.83057,106.89119,106.89119,106.89119,5784.622,5782.8949,5764.8339,372.69519,1.6966378
8357000.0,1559.2595,5746.7833,3947.0946,249.89025,106.89119,106.89119,106.89119,5786.2914,5764.3823,5689.6762,375.36392,1.6966378
8358000.0,1627.5482,5770.8112,3975.547,251.69157,106.89119,106.89119,106.89119,5752.9787,5817.8755,5741.5796,418.96826,1.6966378
8359000.0,1535.0388,5732.9305,3936.8077,249.23899,106.89119,106.89119,106.89119,5774.1348,5722.7104,5701.9463,429.57936,1.6966378
8360000.0,1586.5635,5801.3099,3987.1568,252.42659,106.89119,106.89119,106.89119,5789.5861,5887.5495,5726.7941,428.32422,1.6966378
8361000.0,1597.4969,5745.3743,3934.7039,249.1058,106.89119,106.89119,106.89119,5735.1332,5795.0709,5705.9188,357.58858,1.6966378
8362000.0,1572.7553,5751.1538,3898.208,246.79524,106.89119,106.89119,106.89119,5795.9179,5780.264,5677.2794,360.34762,1.6966378
8363000.0,1586.9628,5781.9759,3938.5399,249.34866,106.89119,106.89119,106.89119,5817.4355,5792.8664,5735.6258,365.29288,1.6966378
8364000.0,1616.6467,5758.4661,3953.0542,250.26755,106.89119,106.89119,106.89119,5792.8319,5780.4442,5702.1221,389.79645,1.6966378
8365000.0,1553.308,5729.4306,3900.4236,246.93552,106.89119,106.89119,106.89119,5766.9169,5770.2241,5651.1508,429.48366,1.6966378
8366000.0,1637.5043,5769.5474,3959.2214,250.658,106.89119,106.89119,106.89119,5807.9456,5782.2113,5718.4854,436.84249,1.6966378
8367000.0,1518.7893,5739.8541,3907.7214,247.39754,106.89119,106.89119,106.89119,5796.5041,5727.4861,5695.5721,383.99297,1.6966378
8368000.0,1487.5687,5754.0228,3845.004,243.42691,106.89119,106.89119,106.89119,5767.2163,5830.1308,5664.7213,359.41234,1.6966378
8369000.0,1586.9031,5778.0606,3929.5724,248.78092,106.89119,106.89119,106.89119,5789.819,5807.274,5737.0888,352.29433,1.6966378
8370000.0,1670.6005,5773.5754,3973.7888,251.58026,106.89119,106.89119,106.89119,5802.9622,5799.3441,5718.4199,389.48864,1.6966378
8371000.0,1593.3933,5781.3762,3973.0105,251.53098,106.89119,106.89119,106.89119,5839.0279,5824.073,5681.0278,432.04209,1.6966378
8372000.0,1620.2312,5774.7151,3970.0635,251.34441,106.89119,106.89119,106.89119,5783.0348,5846.6956,5694.4149,426.50704,1.6966378
8373000.0,1577.6955,5760.567,3905.0081,247.22576,106.89119,106.89119,106.89119,5777.2416,5826.4954,5677.9641,387.12605,1.6966378
8374000.0,1502.5906,5727.2362,3850.3549,243.76567,106.89119,106.89119,106.89119,5747.2385,5733.5253,5700.9448,373.50231,1.6966378
8375000.0,1567.4492,5764.6016,4011.8389,253.98921,106.89119,106.89119,106.89119,5792.3063,5825.6349,5675.8636,375.67184,1.6966378
8376000.0,1509.1171,5748.0343,3953.8351,250.31699,106.89119,106.89119,106.89119,5795.2122,5741.9153,5706.9752,375.12651,1.6966378
8377000.0,1564.1928,5749.7596,3867.2639,244.83618,106.89119,106.89119,106.89119,5747.9483,5784.4947,5716.8357,427.20411,1.6966378
8378000.0,1638.4348,5781.1986,3952.8415,250.25408,106.89119,106.89119,106.89119,5809.1634,5825.7163,5708.7163,428.87778,1.6966378
8379000.0,1471.3254,5734.7166,3858.2355,244.26459,106.89119,106.89119,106.89119,5755.2909,5806.0499,5642.8089,403.32386,1.6966378
8380000.0,1592.1473,5740.3587,3986.7841,252.40299,106.89119,106.89119,106.89119,5782.5221,5810.7435,5627.8107,386.4702,1.6966378
8381000.0,1635.8614,5778.4129,3969.3973,251.30223,106.89119,106.89119,106.89119,5733.2954,5884.724,5717.2192,378.85636,1.6966378
8382000.0,1551.5625,5728.1807,4023.5722,254.73204,106.89119,106.89119,106.89119,5777.6958,5731.3772,5675.469,366.18567,1.6966378
8383000.0,1565.1359,5738.2278,3885.3881,245.98362,106.89119,106.89119,106.89119,5756.9297,5730.0491,5727.7046,401.1715,1.6966378
8384000.0,1612.6267,5759.338,3932.8378,248.98766,106.89119,106.89119,106.89119,5799.6718,5778.3388,5700.0036,413.22982,1.6966378
8385000.0,1498.0823,5722.0591,3997.9909,253.11249,106.89119,106.89119,106.89119,5785.3148,5764.8159,5616.0467,408.99453,1.6966378
8386000.0,1642.8881,5763.0101,3910.8349,247.59465,106.89119,106.89119,106.89119,5807.4484,5824.5409,5657.0411,349.39526,1.6966378
8387000.0,1634.9408,5772.2259,3913.9102,247.78935,106.89119,106.89119,106.89119,5814.2348,5815.8748,5686.5683,363.09982,1.6966378
8388000.0,1538.8413,5742.0409,3940.1864,249.45289,106.89119,106.89119,106.89119,5744.9979,5771.4017,5709.723,373.4874,1.6966378
8389000.0,1595.1162,5750.4144,3982.6358,252.14036,106.89119,106.89119,106.89119,5793.8784,5716.1515,5741.2133,396.47813,1.6966378
8390000.0,1600.5865,5754.325,3952.4364,250.22844,106.89119,106.89119,106.89119,5807.3333,5766.1988,5689.4428,418.21831,1.6966378
8391000.0,1569.1348,5751.7465,3979.575,251.94658,106.89119,106.89119,106.89119,5826.07,5745.5621,5683.6075,408.33396,1.6966378
8392000.0,1606.5295,5783.9931,4029.5294,255.10919,106.89119,106.89119,106.89119,5850.514,5731.4605,5770.0046,367.07278,1.6966378
8393000.0,1506.5405,5736.4132,3970.9295,251.39924,106.89119,106.89119,106.89119,5723.6716,5773.3612,5712.2069,382.532,1.6966378
8394000.0,1572.3608,5762.5905,3985.1158,252.29737,106.89119,106.89119,106.89119,5817.266,5774.3524,5696.1531,378.0484,1.6966378
8395000.0,1599.2082,5761.2718,3964.5996,250.99849,106.89119,106.89119,106.89119,5710.0564,5787.3231,5786.4358,409.84262,1.6966378
8396000.0,1578.2693,5730.9204,3921.7438,248.28529,106.89119,106.89119,106.89119,5716.4471,5784.1215,5692.1925,436.2537,1.6966378
8397000.0,1584.2767,5750.4669,3975.7769,251.70613,106.89119,106.89119,106.89119,5723.3337,5782.6488,5745.4182,441.57918,1.6966378
8398000.0,1547.1214,5760.2838,3994.0661,252.86401,106.89119,106.89119,106.89119,5758.6798,5747.3802,5774.7914,384.76965,1.6966378
8399000.0,1545.7841,5762.2791,3984.9861,252.28916,106.89119,106.89119,106.89119,5783.0655,5781.2538,5722.5179,380.42384,1.6966378
8400000.0,1567.8573,5753.7836,3960.7274,250.75334,106.89119,106.89119,106.89119,5812.7771,5748.3675,5700.2063,372.60811,1.6966378
8401000.0,1490.5609,5723.5082,4006.2431,253.63494,106.89119,106.89119,106.89119,5739.7615,5761.2203,5669.5429,381.64348,1.6966378
8402000.0,1533.3395,5754.557,3969.285,251.29512,106.89119,106.89119,106.89119,5800.6645,5746.3556,5716.6509,432.58882,1.6966378
8403000.0,1581.104,5774.0762,3923.4942,248.39611,106.89119,106.89119,106.89119,5792.0435,5788.5308,5741.6544,434.31718,1.6966378
8404000.0,1583.6853,5766.3983,3980.9668,252.0347,106.89119,106.89119,106.89119,5839.1684,5776.9335,5683.0931,395.86336,1.6966378
8405000.0,1538.4888,5755.0862,4009.761,253.85766,106.89119,106.89119,106.89119,5732.7397,5822.5316,5709.9872,353.22667,1.6966378
8406000.0,1515.0857,5732.5917,3967.745,251.19763,106.89119,106.89119,106.89119,5755.2885,5718.18,5724.3064,359.09961,1.6966378
8407000.0,1506.0638,5749.4556,3921.3635,248.26122,106.89119,106.89119,106.89119,5781.0386,5736.3261,5731.0021,359.96461,1.6966378
8408000.0,1616.4022,5780.5883,4030.5469,255.17361,106.89119,106.89119,106.89119,5830.5489,5815.8252,5695.3909,396.15726,1.6966378
8409000.0,1588.7451,5757.0237,3934.2977,249.08008,106.89119,106.89119,106.89119,5763.4122,5800.5415,5707.1174,399.82077,1.6966378
8410000.0,1555.9346,5719.8668,3940.1617,249.45133,106.89119,106.89119,106.89119,5734.6159,5727.3994,5697.5851,377.79806,1.6966378
8411000.0,1528.5363,5748.1704,3929.1054,248.75136,106.89119,106.89119,106.89119,5784.1646,5707.0499,5753.2966,376.57073,1.6966378
8412000.0,1578.6606,5731.6853,4017.4318,254.3433,106.89119,106.89119,106.89119,5802.9042,5665.0386,5727.113,367.91544,1.6966378
8413000.0,1659.0249,5762.0849,3932.9404,248.99415,106.89119,106.89119,106.89119,5824.3802,5793.1406,5668.734,378.5072,1.6966378
8414000.0,1546.1754,5737.1579,3969.9251,251.33565,106.89119,106.89119,106.89119,5788.9301,5756.2735,5666.2702,428.37784,1.6966378
8415000.0,1618.2865,5744.6782,3985.7257,252.33598,106.89119,106.89119,106.89119,5772.2593,5793.4823,5668.2931,429.07721,1.6966378
8416000.0,1531.259,5732.9635,3938.1181,249.32195,106.89119,106.89119,106.89119,5775.7816,5763.9889,5659.12,403.55256,1.6966378
8417000.0,1635.355,5758.9266,3920.6125,248.21367,106.89119,106.89119,106.89119,5785.2727,5758.807,5732.7002,367.03392,1.6966378
8418000.0,1612.4834,5785.6124,3967.0869,251.15596,106.89119,106.89119,106.89119,5785.6079,5864.14,5707.0892,364.2332,1.6966378
8419000.0,1599.7723,5753.6089,3937.1964,249.2636,106.89119,106.89119,106.89119,5840.1362,5759.0326,5661.6581,349.56741,1.6966378
8420000.0,1632.5026,5767.4796,3886.0092,246.02294,106.89119,106.89119,106.89119,5802.3218,5774.6598,5725.4573,424.06268,1.6966378
8421000.0,1533.3766,5770.2889,3930.1031,248.81452,106.89119,106.89119,106.89119,5771.5711,5780.7035,5758.592,432.38479,1.6966378
8422000.0,1568.9461,5760.407,3974.6653,251.63575,106.89119,106.89119,106.89119,5798.7156,5719.1661,5763.3394,431.49741,1.6966378
8423000.0,1551.2837,5766.2667,3970.7497,251.38785,106.89119,106.89119,106.89119,5765.4848,5791.7952,5741.5202,374.81973,1.6966378
8424000.0,1595.2475,5785.4522,3957.0656,250.52152,106.89119,106.89119,106.89119,5805.6124,5771.474,5779.2702,376.98473,1.6966378
8425000.0,1548.2951,5779.5244,3922.9553,248.36199,106.89119,106.89119,106.89119,5801.7039,5801.0985,5735.7709,383.42925,1.6966378
8426000.0,1567.405,5765.7374,3926.3141,248.57464,106.89119,106.89119,106.89119,5817.142,5773.0546,5707.0155,405.88559,1.6966378
8427000.0,1504.621,5757.047,3899.4773,246.87561,106.89119,106.89119,106.89119,5792.788,5811.4947,5666.8583,434.97403,1.6966378
8428000.0,1544.8043,5769.4012,3894.9467,246.58877,106.89119,106.89119,106.89119,5796.7178,5756.6804,5754.8053,427.24972,1.6966378
8429000.0,1599.2872,5765.1119,3986.6477,252.39435,106.89119,106.89119,106.89119,5795.5929,5755.8295,5743.9134,388.402,1.6966378
8430000.0,1516.0606,5729.6216,3902.309,247.05488,106.89119,106.89119,106.89119,5708.398,5755.2057,5725.2611,385.7396,1.6966378
8431000.0,1590.6658,5761.5468,4022.7235,254.67831,106.89119,106.89119,106.89119,5756.0831,5801.2444,5727.3129,383.91449,1.6966378
8432000.0,1588.2343,5787.1637,3907.5213,247.38487,106.89119,106.89119,106.89119,5801.7133,5815.5773,5744.2006,382.67131,1.6966378
8433000.0,1574.7591,5767.2471,4006.0895,253.62521,106.89119,106.89119,106.89119,5743.0059,5814.8776,5743.858,432.65321,1.6966378
8434000.0,1591.7802,5786.9317,3941.2009,249.51712,106.89119,106.89119,106.89119,5841.6469,5792.85,5726.2983,432.20624,1.6966378
8435000.0,1596.5291,5795.858,3953.2525,250.2801,106.89119,106.89119,106.89119,5790.648,5802.1685,5794.7573,410.57554,1.6966378
8436000.0,1547.8112,5766.7775,3987.2921,252.43515,106.89119,106.89119,106.89119,5810.2714,5760.3976,5729.6635,348.24879,1.6966378
8437000.0,1546.4968,5755.2037,3964.6292,251.00037,106.89119,106.89119,106.89119,5734.2829,5789.7809,5741.5473,362.3657,1.6966378
8438000.0,1584.3847,5745.8101,3954.5051,250.35941,106.89119,106.89119,106.89119,5739.1913,5802.7047,5695.5344,362.10005,1.6966378
8439000.0,1591.4158,5758.0835,3939.5831,249.4147,106.89119,106.89119,106.89119,5760.995,5792.7556,5720.4999,382.32967,1.6966378
8440000.0,1566.4112,5755.5701,3993.051,252.79975,106.89119,106.89119,106.89119,5780.6293,5782.1594,5703.9215,396.66038,1.6966378
8441000.0,1516.3301,5748.9671,3984.2904,252.24511,106.89119,106.89119,106.89119,5808.2396,5776.0086,5662.6531,372.88147,1.6966378
8442000.0,1568.1654,5756.5256,3913.3603,247.75453,106.89119,106.89119,106.89119,5793.9961,5818.3928,5657.1878,382.67695,1.6966378
8443000.0,1598.1177,5772.0198,3988.0118,252.48072,106.89119,106.89119,106.89119,5788.7548,5824.5373,5702.7673,375.91388,1.6966378
8444000.0,1467.9027,5702.2534,3882.8247,245.82133,106.89119,106.89119,106.89119,5742.07,5738.4411,5626.2491,376.11381,1.6966378
8445000.0,1642.1786,5794.6055,3967.3553,251.17296,106.89119,106.89119,106.89119,5818.6495,5820.5715,5744.5954,416.85691,1.6966378
8446000.0,1517.5827,5748.8618,3983.0455,252.1663,106.89119,106.89119,106.89119,5760.976,5774.3147,5711.2947,434.96529,1.6966378
8447000.0,1519.8132,5764.041,3948.2288,249.96206,106.89119,106.89119,106.89119,5818.5963,5774.7062,5698.8205,435.84223,1.6966378
8448000.0,1565.5342,5758.2923,3829.7136,242.45887,106.89119,106.89119,106.89119,5797.2589,5724.333,5753.285,372.83064,1.6966378
8449000.0,1580.753,5768.388,4008.1863,253.75796,106.89119,106.89119,106.89119,5779.8986,5825.7188,5699.5466,380.29728,1.6966378
8450000.0,1578.7677,5773.6068,4015.4745,254.21938,106.89119,106.89119,106.89119,5830.4491,5793.2177,5697.1535,369.36264,1.6966378
8451000.0,1566.7669,5762.7825,3982.1736,252.1111,106.89119,106.89119,106.89119,5813.5215,5777.7846,5697.0415,385.02232,1.6966378
8452000.0,1560.0951,5743.2713,4007.7443,253.72998,106.89119,106.89119,106.89119,5743.1672,5810.3878,5676.259,434.57902,1.6966378
8453000.0,1543.4096,5747.9796,3956.6781,250.49698,106.89119,106.89119,106.89119,5775.7165,5785.4639,5682.7585,436.06028,1.6966378
8454000.0,1544.6184,5758.078,3894.7344,246.57533,106.89119,106.89119,106.89119,5795.4051,5759.1771,5719.6518,386.62878,1.6966378
8455000.0,1541.2919,5760.5569,3873.6912,245.24309,106.89119,106.89119,106.89119,5765.2821,5768.9747,5747.414,353.5145,1.6966378
8456000.0,1564.3724,5756.365,3982.074,252.10479,106.89119,106.89119,106.89119,5763.1127,5780.4237,5725.5585,358.43005,1.6966378
8457000.0,1526.3529,5762.9701,3867.2288,244.83395,106.89119,106.89119,106.89119,5781.492,5774.9808,5732.4373,360.91946,1.6966378
8458000.0,1623.2505,5758.9628,4014.3046,254.14531,106.89119,106.89119,106.89119,5773.0623,5787.057,5716.7692,397.28709,1.6966378
8459000.0,1626.0629,5781.0664,3969.4087,251.30296,106.89119,106.89119,106.89119,5827.0013,5777.535,5738.663,399.49321,1.6966378
8460000.0,1561.3871,5763.5793,4041.5043,255.86732,106.89119,106.89119,106.89119,5836.9689,5744.2842,5709.4847,376.32553,1.6966378
8461000.0,1632.0366,5808.7703,3948.9534,250.00793,106.89119,106.89119,106.89119,5826.4974,5808.124,5791.6896,384.07934,1.6966378
8462000.0,1582.7933,5757.1263,3889.3989,246.23754,106.89119,106.89119,106.89119,5781.8575,5767.3374,5722.1839,377.99432,1.6966378
8463000.0,1569.9469,5747.5788,3960.9443,250.76708,106.89119,106.89119,106.89119,5720.5826,5775.9757,5746.1781,390.67631,1.6966378
8464000.0,1565.6941,5772.053,3985.8806,252.34579,106.89119,106.89119,106.89119,5808.8791,5789.1921,5718.0877,436.16225,1.6966378
8465000.0,1564.5701,5775.2711,3963.2867,250.91537,106.89119,106.89119,106.89119,5828.4144,5789.243,5708.1558,438.08486,1.6966378
8466000.0,1551.7817,5768.0968,3925.4208,248.51808,106.89119,106.89119,106.89119,5810.041,5789.3222,5704.9272,381.79197,1.6966378
8467000.0,1591.4931,5775.303,3956.1434,250.46313,106.89119,106.89119,106.89119,5810.9442,5770.6977,5744.2671,338.19318,1.6966378
8468000.0,1570.5755,5749.8205,3954.9996,250.39072,106.89119,106.89119,106.89119,5772.3796,5738.4743,5738.6075,332.0636,1.6966378
8469000.0,1554.1725,5774.4697,3989.5055,252.57528,106.89119,106.89119,106.89119,5803.2284,5803.3919,5716.7889,351.78014,1.6966378
8470000.0,1598.2548,5770.9856,3964.7301,251.00676,106.89119,106.89119,106.89119,5778.1628,5832.0557,5702.7382,365.08211,1.6966378
8471000.0,1623.9414,5772.3229,3952.6399,250.24133,106.89119,106.89119,106.89119,5806.8823,5755.4399,5754.6466,360.20984,1.6966378
8472000.0,1550.8385,5737.9336,3952.6147,250.23973,106.89119,106.89119,106.89119,5740.8902,5741.5996,5731.311,363.63655,1.6966378
8473000.0,1604.6068,5768.359,3980.2352,251.98838,106.89119,106.89119,106.89119,5815.6633,5762.4936,5726.9202,362.15545,1.6966378
8474000.0,1600.4888,5779.9169,3945.3169,249.7777,106.89119,106.89119,106.89119,5778.5129,5814.5632,5746.6748,386.06928,1.6966378
8475000.0,1605.4651,5763.2744,3905.2103,247.23856,106.89119,106.89119,106.89119,5786.4989,5794.6925,5708.6318,387.39684,1.6966378
8476000.0,1545.1294,5748.9744,3940.6772,249.48397,106.89119,106.89119,106.89119,5800.1724,5789.7086,5657.0421,423.88288,1.6966378
8477000.0,1562.2625,5759.3795,3900.5488,246.94344,106.89119,106.89119,106.89119,5814.3049,5753.5457,5710.2878,419.62506,1.6966378
8478000.0,1552.213,5767.4841,4060.2147,257.05188,106.89119,106.89119,106.89119,5760.0467,5726.3391,5816.0663,424.68635,1.6966378
8479000.0,1599.7983,5779.647,3899.418,246.87185,106.89119,106.89119,106.89119,5833.4943,5803.4093,5702.0373,357.42001,1.6966378
8480000.0,1496.5904,5757.1735,3927.6986,248.66229,106.89119,106.89119,106.89119,5804.4525,5739.2303,5727.8378,338.50678,1.6966378
8481000.0,1569.0371,5781.4987,3926.7902,248.60478,106.89119,106.89119,106.89119,5757.0556,5860.468,5726.9725,330.27306,1.6966378
8482000.0,1504.5973,5740.3125,3928.5761,248.71785,106.89119,106.89119,106.89119,5766.2578,5793.9436,5660.7361,333.94156,1.6966378
8483000.0,1501.6244,5749.9025,3993.5046,252.82847,106.89119,106.89119,106.89119,5760.0497,5794.4513,5695.2065,355.70131,1.6966378
8484000.0,1575.016,5809.5409,3955.3979,250.41593,106.89119,106.89119,106.89119,5844.1904,5806.3672,5778.0651,360.37767,1.6966378
8485000.0,1540.2474,5772.4544,3893.97,246.52694,106.89119,106.89119,106.89119,5785.882,5792.4297,5739.0515,356.93302,1.6966378
8486000.0,1567.5823,5754.2249,3941.4328,249.5318,106.89119,106.89119,106.89119,5805.6777,5727.476,5729.5209,345.67234,1.6966378
8487000.0,1482.1995,5755.8282,4026.299,254.90467,106.89119,106.89119,106.89119,5793.5439,5807.8513,5666.0895,340.84493,1.6966378
8488000.0,1528.3716,5767.94,3951.7633,250.18582,106.89119,106.89119,106.89119,5790.6243,5737.3412,5775.8544,344.98971,1.6966378
8489000.0,1575.2877,5738.8998,3940.2662,249.45794,106.89119,106.89119,106.89119,5784.7647,5733.7653,5698.1693,364.72777,1.6966378
8490000.0,1518.2293,5747.9743,3933.8894,249.05423,106.89119,106.89119,106.89119,5851.5413,5688.411,5703.9708,390.88452,1.6966378
8491000.0,1562.8865,5768.0167,3944.0083,249.69486,106.89119,106.89119,106.89119,5843.2818,5780.8068,5679.9615,387.46499,1.6966378
8492000.0,1537.2023,5766.5005,3954.5623,250.36303,106.89119,106.89119,106.89119,5800.8579,5774.277,5724.3667,367.08644,1.6966378
8493000.0,1461.0323,5730.7541,3992.4947,252.76453,106.89119,106.89119,106.89119,5758.1178,5761.3373,5672.8073,364.79817,1.6966378
8494000.0,1532.0417,5751.7435,4005.5041,253.58815,106.89119,106.89119,106.89119,5781.733,5785.705,5687.7927,358.97537,1.6966378
8495000.0,1466.9558,5757.2043,3963.3785,250.92118,106.89119,106.89119,106.89119,5731.1084,5743.0238,5797.4808,359.98462,1.6966378
8496000.0,1530.9098,5754.4974,3908.5618,247.45074,106.89119,106.89119,106.89119,5774.2655,5738.3591,5750.8677,356.5829,1.6966378
8497000.0,1553.9162,5746.6393,3960.1117,250.71436,106.89119,106.89119,106.89119,5771.3449,5749.0889,5719.484,378.4356,1.6966378
8498000.0,1572.2059,5763.9995,3993.0839,252.80183,106.89119,106.89119,106.89119,5783.0945,5748.2026,5760.7013,423.81852,1.6966378
8499000.0,1539.7818,5759.1316,3931.5487,248.90604,106.89119,106.89119,106.89119,5775.9703,5759.6434,5741.781,429.7809,1.6966378
8500000.0,1535.4985,5756.3271,3992.1956,252.74559,106.89119,106.89119,106.89119,5847.4607,5703.5384,5717.9822,357.6486,1.6966378
8501000.0,1650.755,5788.3513,3933.9636,249.05893,106.89119,106.89119,106.89119,5846.2263,5753.8716,5764.956,364.88842,1.6966378
8502000.0,1536.9661,5780.4438,3979.7509,251.95772,106.89119,106.89119,106.89119,5778.8069,5837.9074,5724.617,373.05307,1.6966378
8503000.0,1530.508,5748.4731,3984.1992,252.23934,106.89119,106.89119,106.89119,5768.4072,5762.4572,5714.5549,390.0349,1.6966378
8504000.0,1533.2902,5751.0144,4063.9706,257.28966,106.89119,106.89119,106.89119,5814.8348,5759.2636,5678.9447,429.88,1.6966378
8505000.0,1606.6335,5774.3092,3982.7586,252.14814,106.89119,106.89119,106.89119,5802.6928,5761.4931,5758.7417,433.77113,1.6966378
8506000.0,1555.1616,5764.8621,3920.4913,248.206,106.89119,106.89119,106.89119,5787.5772,5783.2179,5723.7912,429.77449,1.6966378
8507000.0,1571.9779,5772.1982,3896.0185,246.65663,106.89119,106.89119,106.89119,5802.5202,5787.7695,5726.305,369.91489,1.6966378
8508000.0,1656.7491,5808.0263,3961.8848,250.82662,106.89119,106.89119,106.89119,5829.8416,5887.1468,5707.0905,330.57612,1.6966378
8509000.0,1576.886,5783.7917,3869.1734,244.95707,106.89119,106.89119,106.89119,5812.0183,5809.4336,5729.9231,334.73271,1.6966378
8510000.0,1588.3252,5786.9258,3994.6566,252.9014,106.89119,106.89119,106.89119,5816.3357,5836.3888,5708.0529,366.24431,1.6966378
8511000.0,1527.8337,5762.4235,3964.9633,251.02152,106.89119,106.89119,106.89119,5777.2028,5835.2856,5674.782,431.56923,1.6966378
8512000.0,1586.7702,5794.4398,3930.9536,248.86837,106.89119,106.89119,106.89119,5876.0104,5776.7238,5730.585,435.96203,1.6966378
8513000.0,1459.7114,5744.5927,3934.9056,249.11856,106.89119,106.89119,106.89119,5777.0847,5772.201,5684.4922,407.39499,1.6966378
8514000.0,1545.6902,5777.514,3893.3676,246.4888,106.89119,106.89119,106.89119,5826.786,5792.92,5712.836,370.53726,1.6966378
8515000.0,1520.0305,5743.1821,3950.3314,250.09517,106.89119,106.89119,106.89119,5778.7401,5710.8453,5739.9608,385.04034,1.6966378
8516000.0,1586.453,5790.2376,3925.0651,248.49557,106.89119,106.89119,106.89119,5788.5891,5868.336,5713.7877,382.08233,1.6966378
8517000.0,1452.7954,5748.3054,3924.0426,248.43083,106.89119,106.89119,106.89119,5779.0251,5774.0847,5691.8065,409.21617,1.6966378
8518000.0,1584.9704,5758.5188,3915.4685,247.88801,106.89119,106.89119,106.89119,5793.1173,5736.6285,5745.8106,437.02874,1.6966378
8519000.0,1568.8104,5767.3385,3916.3422,247.94332,106.89119,106.89119,106.89119,5764.4101,5793.7682,5743.8371,439.91797,1.6966378
8520000.0,1640.9961,5787.0665,3945.2909,249.77606,106.89119,106.89119,106.89119,5810.5791,5808.4833,5742.137,377.94785,1.6966378
8521000.0,1597.0078,5797.3715,3941.4526,249.53306,106.89119,106.89119,106.89119,5831.9698,5825.9453,5734.1995,357.29937,1.6966378
8522000.0,1621.7398,5786.4723,3976.0569,251.72386,106.89119,106.89119,106.89119,5791.3213,5802.3371,5765.7584,390.79267,1.6966378
8523000.0,1494.1149,5741.4399,3953.2532,250.28015,106.89119,106.89119,106.89119,5769.7114,5734.8523,5719.756,399.48687,1.6966378
8524000.0,1528.6822,5765.901,3896.8196,246.70735,106.89119,106.89119,106.89119,5781.5869,5774.7964,5741.3198,431.47325,1.6966378
8525000.0,1439.1343,5711.8661,3997.8179,253.10154,106.89119,106.89119,106.89119,5736.3419,5706.8416,5692.4148,431.21316,1.6966378
8526000.0,1588.5056,5782.5845,3998.9149,253.17099,106.89119,106.89119,106.89119,5763.8223,5840.3438,5743.5875,386.22548,1.6966378
8527000.0,1546.6952,5762.9302,3895.7063,246.63686,106.89119,106.89119,106.89119,5777.9804,5812.8723,5697.9379,366.33502,1.6966378
8528000.0,1557.2279,5759.5967,3989.5112,252.57564,106.89119,106.89119,106.89119,5772.9564,5759.2007,5746.6329,382.97111,1.6966378
8529000.0,1537.1914,5752.5393,3887.3513,246.10791,106.89119,106.89119,106.89119,5773.2394,5774.4332,5709.9452,387.31028,1.6966378
8530000.0,1507.3179,5761.0247,3989.2016,252.55604,106.89119,106.89119,106.89119,5783.8179,5786.3196,5712.9367,437.91711,1.6966378
8531000.0,1574.2351,5795.9728,3912.6871,247.71192,106.89119,106.89119,106.89119,5832.2915,5777.1806,5778.4463,432.34914,1.6966378
8532000.0,1527.5202,5776.1891,3933.0441,249.00071,106.89119,106.89119,106.89119,5798.3249,5820.8307,5709.4118,407.24596,1.6966378
8533000.0,1515.4779,5766.781,3973.2861,251.54843,106.89119,106.89119,106.89119,5748.8927,5803.7366,5747.7136,388.12829,1.6966378
8534000.0,1480.2353,5758.3081,3938.8971,249.37127,106.89119,106.89119,106.89119,5783.0179,5804.5175,5687.3889,385.90136,1.6966378
8535000.0,1510.8311,5739.7564,3917.5658,248.02078,106.89119,106.89119,106.89119,5754.8998,5781.4778,5682.8917,387.56452,1.6966378
8536000.0,1560.4876,5782.7836,3926.6466,248.59569,106.89119,106.89119,106.89119,5772.7665,5841.9831,5733.6011,418.69376,1.6966378
8537000.0,1599.4733,5772.5025,3998.0138,253.11394,106.89119,106.89119,106.89119,5869.2248,5758.0862,5690.1966,440.78193,1.6966378
8538000.0,1459.477,5757.04,3915.2006,247.87105,106.89119,106.89119,106.89119,5815.6437,5780.9722,5674.504,441.53315,1.6966378
8539000.0,1517.1758,5768.2131,3986.1245,252.36123,106.89119,106.89119,106.89119,5796.077,5798.8726,5709.6896,348.91636,1.6966378
8540000.0,1538.2092,5765.7129,3968.0931,251.21967,106.89119,106.89119,106.89119,5832.5289,5759.3337,5705.2761,342.5679,1.6966378
8541000.0,1519.528,5757.8247,3922.4773,248.33173,106.89119,106.89119,106.89119,5837.7157,5690.7166,5745.0417,342.56546,1.6966378
8542000.0,1640.9428,5783.6121,3965.6755,251.06661,106.89119,106.89119,106.89119,5793.1372,5794.7785,5762.9207,367.48463,1.6966378
8543000.0,1553.2919,5762.1847,3998.8545,253.16716,106.89119,106.89119,106.89119,5802.0449,5793.611,5690.8981,373.60346,1.6966378
8544000.0,1590.9422,5760.3201,4003.0733,253.43426,106.89119,106.89119,106.89119,5767.1878,5779.7759,5733.9965,365.07109,1.6966378
8545000.0,1592.8508,5777.9916,3970.7837,251.39001,106.89119,106.89119,106.89119,5806.2362,5788.9939,5738.7448,349.77678,1.6966378
8546000.0,1602.612,5778.4244,3958.8938,250.63726,106.89119,106.89119,106.89119,5822.3727,5816.8294,5696.0712,368.62114,1.6966378
8547000.0,1526.077,5772.8,3930.3701,248.83142,106.89119,106.89119,106.89119,5767.6174,5819.2116,5731.5709,379.03031,1.6966378
8548000.0,1550.0161,5761.3945,3937.3785,249.27513,106.89119,106.89119,106.89119,5754.0,5827.5869,5702.5964,426.72792,1.6966378
8549000.0,1577.3752,5767.199,3871.2243,245.08691,106.89119,106.89119,106.89119,5790.4215,5794.5064,5716.669,439.26421,1.6966378
8550000.0,1497.6704,5754.9639,3990.9919,252.66939,106.89119,106.89119,106.89119,5760.4761,5808.5387,5695.8769,434.76547,1.6966378
8551000.0,1566.7678,5766.1246,3965.1322,251.03221,106.89119,106.89119,106.89119,5785.0543,5807.1483,5706.1712,334.7488,1.6966378
8552000.0,1452.9015,5747.6847,3963.7443,250.94434,106.89119,106.89119,106.89119,5799.8878,5749.641,5693.5253,332.7942,1.6966378
8553000.0,1469.6143,5761.1261,3969.4799,251.30746,106.89119,106.89119,106.89119,5791.2853,5834.3284,5657.7646,330.95181,1.6966378
8554000.0,1562.0421,5757.6908,3992.9264,252.79186,106.89119,106.89119,106.89119,5765.7257,5799.1182,5708.2286,366.55879,1.6966378
8555000.0,1514.631,5759.6191,3915.3719,247.88189,106.89119,106.89119,106.89119,5705.2813,5779.4806,5794.0954,353.58542,1.6966378
8556000.0,1448.0657,5736.7729,3898.3211,246.8024,106.89119,106.89119,106.89119,5747.6038,5799.0636,5663.6511,374.21413,1.6966378
8557000.0,1562.2326,5744.3295,4044.3015,256.04441,106.89119,106.89119,106.89119,5732.973,5840.2787,5659.7367,375.7944,1.6966378
8558000.0,1491.5248,5737.9197,3961.2661,250.78745,106.89119,106.89119,106.89119,5762.6561,5731.7586,5719.3444,374.43483,1.6966378
8559000.0,1564.8737,5750.5076,3904.2798,247.17965,106.89119,106.89119,106.89119,5767.1601,5784.9765,5699.3861,404.74816,1.6966378
8560000.0,1526.555,5749.7289,3930.3581,248.83066,106.89119,106.89119,106.89119,5774.4112,5782.5548,5692.2206,399.90184,1.6966378
8561000.0,1496.3098,5746.3963,3923.5998,248.4028,106.89119,106.89119,106.89119,5759.817,5754.1966,5725.1754,382.52029,1.6966378
8562000.0,1566.9923,5759.4857,3937.6953,249.29518,106.89119,106.89119,106.89119,5792.003,5739.0622,5747.3919,365.9478,1.6966378
8563000.0,1490.6812,5732.5482,3887.7554,246.13349,106.89119,106.89119,106.89119,5728.5518,5737.3277,5731.7649,366.20486,1.6966378
8564000.0,1511.8691,5779.8551,3915.9298,247.91721,106.89119,106.89119,106.89119,5802.4281,5797.7852,5739.352,391.11875,1.6966378
8565000.0,1611.4529,5769.0598,3957.2327,250.53209,106.89119,106.89119,106.89119,5802.2068,5801.5426,5703.43,430.53523,1.6966378
8566000.0,1503.5398,5754.3682,3947.5569,249.91952,106.89119,106.89119,106.89119,5774.8748,5793.2992,5694.9308,436.15367,1.6966378
8567000.0,1482.1159,5732.4402,3947.5289,249.91775,106.89119,106.89119,106.89119,5777.3636,5730.6087,5689.3484,397.20911,1.6966378
8568000.0,1599.9022,5796.2153,3986.0571,252.35697,106.89119,106.89119,106.89119,5832.2267,5798.5359,5757.8833,386.60071,1.6966378
8569000.0,1522.2815,5774.7732,3897.2508,246.73464,106.89119,106.89119,106.89119,5800.6219,5823.0912,5700.6067,368.8315,1.6966378
8570000.0,1624.0554,5788.3613,3951.3993,250.16278,106.89119,106.89119,106.89119,5871.0907,5803.1496,5690.8437,374.46424,1.6966378
8571000.0,1569.6765,5731.9727,3912.3784,247.69237,106.89119,106.89119,106.89119,5801.7651,5719.7997,5674.3533,415.88756,1.6966378
8572000.0,1573.1784,5740.2632,3972.7172,251.51242,106.89119,106.89119,106.89119,5763.4098,5749.9836,5707.3963,420.10419,1.6966378
8573000.0,1497.5184,5745.9658,3961.281,250.78839,106.89119,106.89119,106.89119,5780.2078,5723.5026,5734.187,355.18567,1.6966378
8574000.0,1571.0744,5746.0514,3893.0705,246.46999,106.89119,106.89119,106.89119,5760.6667,5772.3338,5705.1539,352.21924,1.6966378
8575000.0,1528.771,5742.8434,3922.1244,248.30939,106.89119,106.89119,106.89119,5815.7131,5756.891,5655.9262,373.98446,1.6966378
8576000.0,1534.4877,5754.7907,3940.18,249.45249,106.89119,106.89119,106.89119,5788.5926,5787.5428,5688.2366,394.31989,1.6966378
8577000.0,1555.2306,5768.8835,3904.75,247.20942,106.89119,106.89119,106.89119,5754.0142,5754.6117,5798.0245,430.41402,1.6966378
8578000.0,1507.4768,5743.6133,3904.7794,247.21128,106.89119,106.89119,106.89119,5781.799,5777.6199,5671.421,431.32061,1.6966378
8579000.0,1539.708,5763.0137,3866.2039,244.76907,106.89119,106.89119,106.89119,5819.8586,5763.7348,5705.4475,391.65772,1.6966378
8580000.0,1545.8078,5754.6017,3927.6756,248.66084,106.89119,106.89119,106.89119,5785.4019,5776.0776,5702.3257,371.00458,1.6966378
8581000.0,1553.4936,5758.9459,3956.3675,250.47732,106.89119,106.89119,106.89119,5793.1072,5757.9345,5725.7959,371.22236,1.6966378
8582000.0,1505.2764,5755.1099,3908.5851,247.45222,106.89119,106.89119,106.89119,5822.653,5745.0667,5697.61,367.93907,1.6966378
8583000.0,1606.9027,5772.9993,3921.9178,248.29631,106.89119,106.89119,106.89119,5826.1113,5774.3616,5718.525,410.42926,1.6966378
8584000.0,1493.0586,5747.3601,3950.5141,250.10674,106.89119,106.89119,106.89119,5741.6476,5752.8157,5747.6171,408.9792,1.6966378
8585000.0,1564.7018,5772.3526,4017.0081,254.31647,106.89119,106.89119,106.89119,5846.7561,5788.6461,5681.6557,365.15718,1.6966378
8586000.0,1567.5339,5763.4128,4053.4298,256.62232,106.89119,106.89119,106.89119,5773.9041,5788.1359,5728.1984,343.26533,1.6966378
8587000.0,1524.8605,5747.8362,3970.5233,251.37352,106.89119,106.89119,106.89119,5802.1237,5714.9851,5726.3997,345.66134,1.6966378
8588000.0,1569.199,5758.1669,3873.8512,245.25322,106.89119,106.89119,106.89119,5812.5794,5759.7656,5702.1556,359.47071,1.6966378
8589000.0,1573.1541,5768.9962,4035.1636,255.46589,106.89119,106.89119,106.89119,5798.4195,5767.5529,5741.0161,380.08966,1.6966378
8590000.0,1546.9514,5756.5024,3951.3045,250.15678,106.89119,106.89119,106.89119,5760.3415,5756.6252,5752.5406,385.3469,1.6966378
8591000.0,1503.0194,5756.7818,3949.4689,250.04057,106.89119,106.89119,106.89119,5769.4581,5743.2086,5757.6786,337.94568,1.6966378
8592000.0,1601.9354,5784.9008,3922.0468,248.30448,106.89119,106.89119,106.89119,5812.8387,5802.9502,5738.9135,337.96109,1.6966378
8593000.0,1612.2612,5749.2707,3896.5633,246.69112,106.89119,106.89119,106.89119,5759.976,5766.9665,5720.8695,337.00141,1.6966378
8594000.0,1468.9295,5730.2834,3914.6666,247.83724,106.89119,106.89119,106.89119,5714.5407,5789.6076,5686.7018,356.26199,1.6966378
8595000.0,1620.6048,5801.8019,3948.1147,249.95484,106.89119,106.89119,106.89119,5811.7739,5815.5294,5778.1024,365.43103,1.6966378
8596000.0,1571.0546,5770.428,3907.8021,247.40265,106.89119,106.89119,106.89119,5775.9712,5801.339,5733.9737,359.77632,1.6966378
8597000.0,1551.0952,5752.6232,3971.2749,251.4211,106.89119,106.89119,106.89119,5809.5802,5724.5786,5723.7108,361.56167,1.6966378
8598000.0,1606.7925,5762.8463,3844.7288,243.40948,106.89119,106.89119,106.89119,5796.3642,5776.0963,5716.0785,363.81511,1.6966378
8599000.0,1503.002,5747.6524,3896.4989,246.68704,106.89119,106.89119,106.89119,5769.7314,5778.8257,5694.4002,365.26435,1.6966378
8600000.0,1575.2682,5772.81,3955.5978,250.42859,106.89119,106.89119,106.89119,5752.563,5780.2179,5785.6491,405.57408,1.6966378
8601000.0,1554.045,5749.1276,3917.454,248.01371,106.89119,106.89119,106.89119,5767.6245,5721.0471,5758.7113,398.96114,1.6966378
8602000.0,1501.6748,5737.1645,3936.3605,249.21068,106.89119,106.89119,106.89119,5763.2887,5738.1195,5710.0852,358.32243,1.6966378
8603000.0,1542.1753,5739.0185,3929.5826,248.78157,106.89119,106.89119,106.89119,5750.5841,5715.1591,5751.3123,324.43826,1.6966378
8604000.0,1562.0174,5741.1637,4005.5695,253.59229,106.89119,106.89119,106.89119,5747.5574,5768.2148,5707.7189,327.78254,1.6966378
8605000.0,1521.5995,5749.723,4007.0669,253.68709,106.89119,106.89119,106.89119,5804.3461,5739.8711,5704.9518,342.67878,1.6966378
8606000.0,1528.4495,5757.3002,3873.7668,245.24788,106.89119,106.89119,106.89119,5768.8456,5810.8799,5692.175,353.9734,1.6966378
8607000.0,1604.473,5766.586,3999.7557,253.22422,106.89119,106.89119,106.89119,5792.8496,5795.536,5711.3723,348.62722,1.6966378
8608000.0,1488.8353,5742.7088,3995.9131,252.98095,106.89119,106.89119,106.89119,5787.4769,5724.6646,5715.985,348.27518,1.6966378
8609000.0,1534.8136,5758.1114,3935.3637,249.14757,106.89119,106.89119,106.89119,5805.1513,5731.7939,5737.3889,343.78355,1.6966378
8610000.0,1497.7843,5740.7848,3974.0595,251.5974,106.89119,106.89119,106.89119,5772.4557,5754.516,5695.3826,349.30423,1.6966378
8611000.0,1591.842,5770.3276,4001.8305,253.35558,106.89119,106.89119,106.89119,5825.6739,5776.52,5708.7888,377.06645,1.6966378
8612000.0,1561.0305,5767.9507,3924.9854,248.49052,106.89119,106.89119,106.89119,5766.3149,5779.7468,5757.7905,388.4784,1.6966378
8613000.0,1492.783,5712.058,3878.3653,245.539,106.89119,106.89119,106.89119,5726.3162,5726.8003,5683.0576,367.51688,1.6966378
8614000.0,1580.5493,5770.3222,3909.3413,247.50009,106.89119,106.89119,106.89119,5806.0195,5790.5995,5714.3476,382.32355,1.6966378
8615000.0,1556.3171,5781.3063,3936.0839,249.19317,106.89119,106.89119,106.89119,5777.2877,5841.7864,5724.8448,357.38547,1.6966378
8616000.0,1548.8823,5798.2093,3970.6999,251.3847,106.89119,106.89119,106.89119,5771.2691,5833.6201,5789.7386,386.9655,1.6966378
8617000.0,1517.8642,5750.809,3903.4337,247.12609,106.89119,106.89119,106.89119,5800.4126,5721.9422,5730.0723,430.58173,1.6966378
8618000.0,1515.3939,5749.6657,3956.5946,250.4917,106.89119,106.89119,106.89119,5782.9181,5740.5245,5725.5544,432.89883,1.6966378
8619000.0,1523.3203,5770.062,4006.5469,253.65417,106.89119,106.89119,106.89119,5841.4464,5808.251,5660.4885,400.2823,1.6966378
8620000.0,1597.0966,5770.3551,3906.4504,247.31707,106.89119,106.89119,106.89119,5813.6972,5799.3424,5698.0257,360.26541,1.6966378
8621000.0,1492.7323,5738.3892,3962.1087,250.84079,106.89119,106.89119,106.89119,5711.5034,5763.3887,5740.2756,359.74032,1.6966378
8622000.0,1528.0104,5736.3911,3913.5579,247.76705,106.89119,106.89119,106.89119,5744.9439,5748.8796,5715.3497,363.00826,1.6966378
8623000.0,1456.371,5727.3899,3935.455,249.15335,106.89119,106.89119,106.89119,5689.6974,5783.141,5709.3314,397.52573,1.6966378
8624000.0,1493.5603,5743.3221,3900.7741,246.95771,106.89119,106.89119,106.89119,5738.6175,5828.4086,5662.9402,403.71035,1.6966378
8625000.0,1577.1737,5762.0957,3975.9208,251.71524,106.89119,106.89119,106.89119,5770.321,5829.3629,5686.6033,372.78599,1.6966378
8626000.0,1455.6513,5714.1497,3899.2133,246.85889,106.89119,106.89119,106.89119,5756.577,5710.0067,5675.8655,382.01747,1.6966378
8627000.0,1509.4645,5760.5953,3999.7962,253.22678,106.89119,106.89119,106.89119,5801.3518,5800.5695,5679.8645,386.86632,1.6966378
8628000.0,1560.9043,5759.4816,3959.254,250.66006,106.89119,106.89119,106.89119,5790.6022,5712.6234,5775.2193,386.00304,1.6966378
8629000.0,1562.5301,5753.0636,3973.2067,251.5434,106.89119,106.89119,106.89119,5741.9675,5773.0706,5744.1527,438.33015,1.6966378
8630000.0,1454.5352,5741.3971,3923.0943,248.37079,106.89119,106.89119,106.89119,5791.7061,5753.1695,5679.3157,431.92567,1.6966378
8631000.0,1520.5638,5758.9201,3963.1898,250.90924,106.89119,106.89119,106.89119,5736.8134,5750.0604,5789.8865,401.91412,1.6966378
8632000.0,1593.0145,5805.0117,3992.9266,252.79187,106.89119,106.89119,106.89119,5855.4592,5820.5745,5739.0012,367.69402,1.6966378
8633000.0,1518.7477,5761.443,3891.3414,246.36052,106.89119,106.89119,106.89119,5780.6683,5805.8471,5697.8137,370.58983,1.6966378
8634000.0,1537.5587,5770.6135,3968.9338,251.27289,106.89119,106.89119,106.89119,5812.1225,5781.1313,5718.5868,375.32522,1.6966378
8635000.0,1609.265,5780.2393,3912.805,247.71938,106.89119,106.89119,106.89119,5810.7347,5789.045,5740.9381,407.25873,1.6966378
8636000.0,1580.8739,5790.1432,3951.424,250.16435,106.89119,106.89119,106.89119,5798.2684,5762.1687,5809.9925,412.65585,1.6966378
8637000.0,1562.7256,5770.9004,4001.4858,253.33376,106.89119,106.89119,106.89119,5761.6269,5806.6913,5744.3828,380.7113,1.6966378
8638000.0,1561.1419,5766.1673,3955.3277,250.41149,106.89119,106.89119,106.89119,5825.3628,5705.0792,5768.0599,369.35319,1.6966378
8639000.0,1553.3134,5754.1364,3920.2575,248.19119,106.89119,106.89119,106.89119,5809.4966,5736.9746,5715.938,364.99582,1.6966378
8640000.0,1526.6061,5738.772,3985.0724,252.29463,106.89119,106.89119,106.89119,5788.8392,5756.0756,5671.401,379.68544,1.6966378
8641000.0,1569.0774,5759.3508,3955.8732,250.44602,106.89119,106.89119,106.89119,5810.7429,5754.8159,5712.4935,410.27005,1.6966378
8642000.0,1572.231,5773.635,3867.0196,244.82071,106.89119,106.89119,106.89119,5835.347,5739.6892,5745.8689,410.16628,1.6966378
8643000.0,1600.7043,5768.3599,3932.1794,248.94597,106.89119,106.89119,106.89119,5771.9976,5783.3661,5749.7161,375.77652,1.6966378
8644000.0,1560.2603,5769.1589,3970.0644,251.34447,106.89119,106.89119,106.89119,5748.5007,5843.4057,5715.5703,381.67034,1.6966378
8645000.0,1564.5734,5786.6968,3966.9678,251.14842,106.89119,106.89119,106.89119,5846.484,5824.6894,5688.9171,380.21176,1.6966378
8646000.0,1656.8084,5782.6627,3914.2438,247.81047,106.89119,106.89119,106.89119,5793.5458,5796.4241,5758.0182,391.01033,1.6966378
8647000.0,1492.2851,5734.5388,3893.7882,246.51543,106.89119,106.89119,106.89119,5733.9447,5767.941,5701.7308,437.92572,1.6966378
8648000.0,1525.5644,5764.0926,3996.782,253.03596,106.89119,106.89119,106.89119,5781.4609,5793.0123,5717.8047,439.53513,1.6966378
8649000.0,1486.812,5749.2481,3940.8503,249.49492,106.89119,106.89119,106.89119,5811.2483,5768.1911,5668.3048,398.5592,1.6966378
8650000.0,1636.1578,5764.3954,3945.2799,249.77537,106.89119,106.89119,106.89119,5806.031,5770.9714,5716.1838,359.24606,1.6966378
8651000.0,1673.99,5783.1768,3904.0891,247.16758,106.89119,106.89119,106.89119,5793.7055,5816.267,5739.5579,357.37142,1.6966378
8652000.0,1488.2814,5740.3897,3970.0644,251.34447,106.89119,106.89119,106.89119,5786.8258,5758.1482,5676.1951,363.52332,1.6966378
8653000.0,1534.7885,5774.4595,3832.0947,242.60962,106.89119,106.89119,106.89119,5826.0265,5819.9084,5677.4437,402.98861,1.6966378
8654000.0,1551.937,5760.3143,3925.2912,248.50988,106.89119,106.89119,106.89119,5807.5785,5813.9871,5659.3772,405.66531,1.6966378
8655000.0,1612.7726,5770.9522,4008.2771,253.76371,106.89119,106.89119,106.89119,5809.879,5839.0668,5663.9108,361.46556,1.6966378
8656000.0,1527.8708,5739.8037,3949.3632,250.03387,106.89119,106.89119,106.89119,5790.5445,5723.5887,5705.2778,351.27901,1.6966378
8657000.0,1577.5876,5795.1417,3971.7342,251.45018,106.89119,106.89119,106.89119,5817.3859,5796.6687,5771.3706,327.65825,1.6966378
8658000.0,1551.8758,5771.6626,3985.9809,252.35214,106.89119,106.89119,106.89119,5759.3373,5810.9052,5744.7453,330.68568,1.6966378
8659000.0,1586.91,5762.3495,3973.7471,251.57762,106.89119,106.89119,106.89119,5804.17,5758.603,5724.2756,363.03422,1.6966378
8660000.0,1653.0752,5800.2437,3968.6085,251.2523,106.89119,106.89119,106.89119,5841.1325,5777.5513,5782.0471,363.24251,1.6966378
8661000.0,1579.1117,5769.9881,3936.9601,249.24864,106.89119,106.89119,106.89119,5836.1946,5758.77,5714.9996,345.84587,1.6966378
8662000.0,1539.9731,5740.7323,3932.0477,248.93763,106.89119,106.89119,106.89119,5794.1329,5714.7026,5713.3614,376.30204,1.6966378
8663000.0,1554.819,5769.2324,3940.9715,249.5026,106.89119,106.89119,106.89119,5797.073,5760.0994,5750.5248,361.27916,1.6966378
8664000.0,1567.4049,5758.4589,4008.7793,253.79551,106.89119,106.89119,106.89119,5778.0826,5766.7212,5730.5729,361.48304,1.6966378
8665000.0,1485.7854,5728.169,4057.3311,256.86932,106.89119,106.89119,106.89119,5740.5107,5737.7061,5706.2903,369.65418,1.6966378
8666000.0,1595.3011,5775.0746,3939.6453,249.41864,106.89119,106.89119,106.89119,5834.2302,5780.693,5710.3007,407.96466,1.6966378
8667000.0,1577.1258,5768.9502,3894.2715,246.54603,106.89119,106.89119,106.89119,5776.6931,5845.0935,5685.0641,411.56042,1.6966378
8668000.0,1603.6619,5773.4881,3985.9847,252.35238,106.89119,106.89119,106.89119,5817.9614,5756.6458,5745.857,362.94301,1.6966378
8669000.0,1555.469,5768.2922,3977.5739,251.81989,106.89119,106.89119,106.89119,5796.0187,5794.7488,5714.109,357.34903,1.6966378
8670000.0,1556.4509,5767.2314,3974.1738,251.60463,106.89119,106.89119,106.89119,5802.1944,5727.207,5772.2927,372.54445,1.6966378
8671000.0,1603.2783,5776.2934,3921.006,248.23858,106.89119,106.89119,106.89119,5832.9996,5783.3299,5712.5508,362.23893,1.6966378
8672000.0,1564.5024,5756.1073,3940.0241,249.44262,106.89119,106.89119,106.89119,5792.0075,5760.5734,5715.741,399.93608,1.6966378
8673000.0,1497.5791,5719.3941,3913.3246,247.75228,106.89119,106.89119,106.89119,5754.1498,5710.4511,5693.5815,391.2867,1.6966378
8674000.0,1518.93,5765.7161,3917.8838,248.04092,106.89119,106.89119,106.89119,5784.8733,5767.3912,5744.8837,398.70094,1.6966378
8675000.0,1546.7893,5773.8642,3939.6758,249.42056,106.89119,106.89119,106.89119,5790.0255,5757.3575,5774.2095,360.72475,1.6966378
8676000.0,1493.0758,5750.9299,3961.2161,250.78428,106.89119,106.89119,106.89119,5772.4885,5756.3777,5723.9237,354.18155,1.6966378
8677000.0,1579.6679,5756.1431,3856.297,244.14186,106.89119,106.89119,106.89119,5827.0818,5752.5563,5688.7912,354.79376,1.6966378
8678000.0,1585.4366,5785.8887,3942.225,249.58196,106.89119,106.89119,106.89119,5821.6943,5773.0282,5762.9437,359.21036,1.6966378
8679000.0,1528.2912,5739.2928,3973.5946,251.56796,106.89119,106.89119,106.89119,5775.2875,5745.0589,5697.5321,393.01058,1.6966378
8680000.0,1487.1851,5754.7539,3963.221,250.91121,106.89119,106.89119,106.89119,5739.8311,5803.96,5720.4706,391.29406,1.6966378
8681000.0,1422.5013,5747.7991,3896.586,246.69255,106.89119,106.89119,106.89119,5762.9018,5796.2846,5684.2111,391.13609,1.6966378
8682000.0,1638.575,5787.9893,3894.6147,246.56775,106.89119,106.89119,106.89119,5805.6709,5787.3552,5770.9418,355.71248,1.6966378
8683000.0,1548.2223,5759.1374,3994.1275,252.8679,106.89119,106.89119,106.89119,5780.0031,5756.0886,5741.3205,342.7385,1.6966378
8684000.0,1592.4547,5768.2323,3939.078,249.38272,106.89119,106.89119,106.89119,5791.575,5798.8164,5714.3055,350.76733,1.6966378
8685000.0,1512.4511,5754.9735,3888.6094,246.18756,106.89119,106.89119,106.89119,5803.5221,5783.2573,5678.141,358.05791,1.6966378
8686000.0,1486.1106,5745.364,3958.2298,250.59522,106.89119,106.89119,106.89119,5784.3117,5743.0501,5708.7302,387.88215,1.6966378
8687000.0,1506.5807,5744.1755,3941.7434,249.55147,106.89119,106.89119,106.89119,5752.1493,5810.7536,5669.6235,397.86668,1.6966378
8688000.0,1524.3317,5763.7205,3965.8359,251.07676,106.89119,106.89119,106.89119,5797.3182,5734.5064,5759.3368,397.47109,1.6966378
8689000.0,1551.8376,5761.8029,3968.0615,251.21766,106.89119,106.89119,106.89119,5774.3195,5805.3241,5705.7652,329.65544,1.6966378
8690000.0,1481.7993,5737.0887,3942.1566,249.57763,106.89119,106.89119,106.89119,5768.8466,5727.1963,5715.2231,325.75036,1.6966378
8691000.0,1589.9195,5774.9129,3966.7125,251.13226,106.89119,106.89119,106.89119,5817.107,5741.2686,5766.3631,332.12732,1.6966378
8692000.0,1538.9216,5718.5022,3943.9263,249.68967,106.89119,106.89119,106.89119,5773.6301,5677.9921,5703.8845,342.76426,1.6966378
8693000.0,1565.0468,5786.9966,3919.2835,248.12953,106.89119,106.89119,106.89119,5804.4104,5833.883,5722.6963,354.53804,1.6966378
8694000.0,1501.9915,5753.5338,3861.6792,244.48261,106.89119,106.89119,106.89119,5739.7226,5782.8888,5737.9899,366.15636,1.6966378
8695000.0,1583.3784,5788.4335,3936.8796,249.24354,106.89119,106.89119,106.89119,5765.4793,5837.9024,5761.9186,347.05678,1.6966378
8696000.0,1458.4329,5735.7405,3923.2092,248.37807,106.89119,106.89119,106.89119,5724.9831,5749.7432,5732.4953,345.74069,1.6966378
8697000.0,1515.3079,5758.681,3960.2819,250.72514,106.89119,106.89119,106.89119,5796.7923,5761.5668,5717.6837,342.43518,1.6966378
8698000.0,1572.4535,5757.4813,3954.9626,250.38837,106.89119,106.89119,106.89119,5756.6222,5805.6003,5710.2213,338.50126,1.6966378
8699000.0,1519.9692,5747.4446,3970.3382,251.3618,106.89119,106.89119,106.89119,5760.135,5786.3435,5695.8554,433.36583,1.6966378
8700000.0,1481.3503,5735.5428,3970.9543,251.40081,106.89119,106.89119,106.89119,5748.9628,5741.8938,5715.7717,430.86279,1.6966378
8701000.0,1509.3026,5734.963,3938.0987,249.32072,106.89119,106.89119,106.89119,5773.6934,5722.3481,5708.8476,360.77675,1.6966378
8702000.0,1518.8556,5782.7751,3916.092,247.92748,106.89119,106.89119,106.89119,5797.7977,5755.6416,5794.8858,368.63608,1.6966378
8703000.0,1465.5788,5728.0127,3968.2259,251.22807,106.89119,106.89119,106.89119,5730.5939,5749.5413,5703.903,382.39324,1.6966378
8704000.0,1555.6444,5764.4667,3852.6245,243.90936,106.89119,106.89119,106.89119,5769.2928,5763.471,5760.6363,386.7088,1.6966378
8705000.0,1561.1207,5791.1606,3953.2287,250.2786,106.89119,106.89119,106.89119,5860.0076,5808.294,5705.1802,412.10347,1.6966378
8706000.0,1486.0714,5741.9903,3962.3351,250.85513,106.89119,106.89119,106.89119,5756.7325,5704.2147,5765.0237,435.86648,1.6966378
8707000.0,1508.6074,5734.0745,3965.6376,251.06421,106.89119,106.89119,106.89119,5750.3251,5707.4397,5744.4587,434.70519,1.6966378
8708000.0,1480.1841,5754.3033,3990.6622,252.64852,106.89119,106.89119,106.89119,5766.1394,5787.7505,5709.0201,361.74492,1.6966378
8709000.0,1503.424,5730.997,3961.4803,250.80101,106.89119,106.89119,106.89119,5749.4075,5746.624,5696.9595,378.60316,1.6966378
8710000.0,1578.1228,5771.6599,3987.7068,252.4614,106.89119,106.89119,106.89119,5783.4709,5778.3042,5753.2047,374.05072,1.6966378
8711000.0,1528.1657,5761.8009,4024.2992,254.77807,106.89119,106.89119,106.89119,5822.8614,5720.5277,5742.0137,395.72141,1.6966378
8712000.0,1578.9394,5753.7952,3929.9011,248.80173,106.89119,106.89119,106.89119,5767.2005,5802.3311,5691.8541,389.76913,1.6966378
8713000.0,1561.1654,5743.2639,3942.5322,249.6014,106.89119,106.89119,106.89119,5773.9779,5742.4683,5713.3456,382.83394,1.6966378
8714000.0,1597.1989,5787.1001,3895.7789,246.64146,106.89119,106.89119,106.89119,5779.0548,5798.7392,5783.5062,353.90252,1.6966378
8715000.0,1488.8736,5753.8634,3948.0452,249.95044,106.89119,106.89119,106.89119,5817.7305,5758.916,5684.9435,354.97775,1.6966378
8716000.0,1491.7198,5753.9433,3903.5554,247.13379,106.89119,106.89119,106.89119,5806.6774,5730.5778,5724.5748,375.30362,1.6966378
8717000.0,1571.793,5752.2574,3950.4904,250.10524,106.89119,106.89119,106.89119,5767.1394,5787.7862,5701.8467,414.02261,1.6966378
8718000.0,1586.7093,5765.5736,3889.2422,246.22762,106.89119,106.89119,106.89119,5772.9084,5761.0817,5762.7306,437.42935,1.6966378
8719000.0,1474.5615,5740.5332,3890.3892,246.30024,106.89119,106.89119,106.89119,5790.98,5736.9082,5693.7115,437.13056,1.6966378
8720000.0,1529.7822,5752.5266,3948.3641,249.97062,106.89119,106.89119,106.89119,5850.8191,5714.6185,5692.1423,381.40207,1.6966378
8721000.0,1601.2108,5782.1652,3945.4665,249.78717,106.89119,106.89119,106.89119,5810.5767,5777.9762,5757.9428,389.74267,1.6966378
8722000.0,1533.687,5738.201,3953.8978,250.32096,106.89119,106.89119,106.89119,5775.0009,5737.4488,5702.1532,382.37473,1.6966378
8723000.0,1515.3906,5776.8258,4004.4687,253.5226,106.89119,106.89119,106.89119,5846.5801,5761.8341,5722.0631,395.53461,1.6966378
8724000.0,1550.734,5760.3749,3895.2341,246.60697,106.89119,106.89119,106.89119,5775.5811,5747.7632,5757.7803,434.36578,1.6966378
8725000.0,1520.9251,5755.4191,4003.5264,253.46294,106.89119,106.89119,106.89119,5869.7285,5758.2258,5638.3031,433.68612,1.6966378
8726000.0,1509.8195,5774.8459,3917.4125,248.01108,106.89119,106.89119,106.89119,5809.6702,5805.3125,5709.555,388.2563,1.6966378
8727000.0,1513.2991,5743.0757,3924.9472,248.4881,106.89119,106.89119,106.89119,5757.8759,5794.2262,5677.1249,362.78525,1.6966378
8728000.0,1487.7066,5753.7919,3875.6039,245.36418,106.89119,106.89119,106.89119,5801.7939,5758.112,5701.4698,360.65537,1.6966378
8729000.0,1608.1091,5760.9294,3931.3236,248.89179,106.89119,106.89119,106.89119,5806.4307,5767.6304,5708.7272,373.16583,1.6966378
8730000.0,1585.9032,5809.087,3981.8167,252.0885,106.89119,106.89119,106.89119,5872.8307,5812.8743,5741.5559,406.19799,1.6966378
8731000.0,1539.2505,5762.6459,3951.0421,250.14017,106.89119,106.89119,106.89119,5785.4819,5771.7086,5730.7473,421.37275,1.6966378
8732000.0,1508.6917,5740.2118,3985.9007,252.34706,106.89119,106.89119,106.89119,5794.419,5769.5043,5656.7122,354.91052,1.6966378
8733000.0,1555.5114,5766.2636,3928.0895,248.68704,106.89119,106.89119,106.89119,5824.6802,5793.7088,5680.4019,327.09649,1.6966378
8734000.0,1500.4614,5733.0603,3905.3215,247.2456,106.89119,106.89119,106.89119,5825.2634,5757.8979,5616.0195,329.15688,1.6966378
8735000.0,1567.7951,5759.2479,3998.9755,253.17483,106.89119,106.89119,106.89119,5806.3863,5804.7006,5666.6569,328.5301,1.6966378
8736000.0,1492.8179,5752.2718,4004.9912,253.55568,106.89119,106.89119,106.89119,5813.0995,5760.6219,5683.094,337.31157,1.6966378
8737000.0,1431.9996,5731.2164,3903.3662,247.12181,106.89119,106.89119,106.89119,5747.7561,5723.5892,5722.3038,371.64962,1.6966378
8738000.0,1616.6152,5755.6261,4027.6372,254.9894,106.89119,106.89119,106.89119,5818.4868,5768.102,5680.2896,383.95497,1.6966378
8739000.0,1526.7672,5743.1548,3913.0948,247.73773,106.89119,106.89119,106.89119,5722.7394,5764.2433,5742.4816,385.55019,1.6966378
8740000.0,1537.2114,5758.9888,3951.969,250.19885,106.89119,106.89119,106.89119,5799.7364,5774.581,5702.6489,435.85712,1.6966378
8741000.0,1530.2981,5757.1522,3886.9932,246.08524,106.89119,106.89119,106.89119,5803.8765,5779.8342,5687.746,427.92334,1.6966378
8742000.0,1448.0735,5736.0787,3981.6356,252.07704,106.89119,106.89119,106.89119,5715.6135,5809.4601,5683.1624,408.05689,1.6966378
8743000.0,1524.8709,5748.8458,3910.0731,247.54642,106.89119,106.89119,106.89119,5814.202,5780.9204,5651.415,369.37806,1.6966378
8744000.0,1510.9781,5742.5894,3923.461,248.39401,106.89119,106.89119,106.89119,5750.1127,5781.0455,5696.61,345.34411,1.6966378
8745000.0,1558.637,5769.1127,3957.325,250.53794,106.89119,106.89119,106.89119,5834.5837,5749.2477,5723.5068,353.9889,1.6966378
8746000.0,1538.0974,5759.8428,3907.4483,247.38025,106.89119,106.89119,106.89119,5743.7161,5788.8821,5746.9302,386.04969,1.6966378
8747000.0,1580.9843,5747.3618,4022.4245,254.65938,106.89119,106.89119,106.89119,5727.7804,5811.8249,5702.4801,382.78923,1.6966378
8748000.0,1515.9872,5774.3507,3996.208,252.99962,106.89119,106.89119,106.89119,5800.5165,5772.5739,5749.9616,351.17709,1.6966378
8749000.0,1570.3186,5776.361,3901.8397,247.02516,106.89119,106.89119,106.89119,5846.0253,5765.8001,5717.2576,370.63787,1.6966378
8750000.0,1588.0657,5751.4203,3942.4103,249.59369,106.89119,106.89119,106.89119,5752.9434,5764.7446,5736.5729,386.07772,1.6966378
8751000.0,1597.9475,5758.4326,3959.2338,250.65879,106.89119,106.89119,106.89119,5852.1018,5717.6537,5705.5424,391.00355,1.6966378
8752000.0,1529.5314,5746.2061,3930.3062,248.82738,106.89119,106.89119,106.89119,5768.4911,5763.6915,5706.4357,414.12306,1.6966378
8753000.0,1511.6949,5753.5358,3901.9607,247.03283,106.89119,106.89119,106.89119,5766.0645,5748.9057,5745.6372,422.69537,1.6966378
8754000.0,1527.3905,5744.0249,4003.9219,253.48798,106.89119,106.89119,106.89119,5746.1686,5809.5172,5676.3888,387.23819,1.6966378
8755000.0,1516.3382,5745.6309,3996.4359,253.01405,106.89119,106.89119,106.89119,5793.4559,5804.804,5638.6329,371.2872,1.6966378
8756000.0,1474.7791,5758.8495,3993.8459,252.85007,106.89119,106.89119,106.89119,5776.3611,5767.8556,5732.3317,349.79008,1.6966378
8757000.0,1522.3596,5728.1413,3958.8098,250.63194,106.89119,106.89119,106.89119,5751.7562,5743.7614,5688.9062,362.16816,1.6966378
8758000.0,1499.9466,5735.431,3945.008,249.75815,106.89119,106.89119,106.89119,5758.4647,5795.3734,5652.4548,389.76569,1.6966378
8759000.0,1468.0989,5735.3511,3964.0163,250.96156,106.89119,106.89119,106.89119,5779.5929,5740.4755,5685.985,394.41192,1.6966378
8760000.0,1549.2927,5778.8177,4014.0763,254.13085,106.89119,106.89119,106.89119,5761.1543,5793.7291,5781.5697,366.52172,1.6966378
8761000.0,1498.226,5743.1793,4002.8248,253.41853,106.89119,106.89119,106.89119,5813.358,5768.3333,5647.8466,374.90487,1.6966378
8762000.0,1521.6107,5737.275,3947.3627,249.90722,106.89119,106.89119,106.89119,5805.2808,5730.2588,5676.2855,381.82599,1.6966378
8763000.0,1503.3855,5741.3713,3881.3473,245.72779,106.89119,106.89119,106.89119,5818.6746,5711.2725,5694.1668,402.22258,1.6966378
8764000.0,1491.4412,5773.7671,3870.4964,245.04082,106.89119,106.89119,106.89119,5772.1705,5833.6188,5715.512,421.93728,1.6966378
8765000.0,1492.3612,5731.9379,3946.8632,249.8756,106.89119,106.89119,106.89119,5780.3724,5754.7666,5660.6745,404.28849,1.6966378
8766000.0,1472.049,5754.258,3952.6312,250.24077,106.89119,106.89119,106.89119,5763.4805,5748.7255,5750.5681,384.58974,1.6966378
8767000.0,1566.2431,5764.5327,3943.878,249.68661,106.89119,106.89119,106.89119,5774.193,5788.3794,5731.0256,390.35016,1.6966378
8768000.0,1514.2632,5755.2722,3903.5235,247.13177,106.89119,106.89119,106.89119,5778.0987,5808.2574,5679.4606,390.40148,1.6966378
8769000.0,1541.3404,5752.2016,3988.364,252.50301,106.89119,106.89119,106.89119,5759.6941,5786.9774,5709.9332,402.79827,1.6966378
8770000.0,1502.1625,5756.3508,3954.8041,250.37834,106.89119,106.89119,106.89119,5779.5864,5721.4746,5767.9914,435.10933,1.6966378
8771000.0,1545.5525,5785.0033,3904.9029,247.2191,106.89119,106.89119,106.89119,5804.4466,5789.5279,5761.0355,440.16554,1.6966378
8772000.0,1505.5915,5759.8497,3983.1145,252.17067,106.89119,106.89119,106.89119,5758.2735,5802.0403,5719.2352,377.57882,1.6966378
8773000.0,1520.1746,5789.7848,3971.1583,251.41372,106.89119,106.89119,106.89119,5805.4455,5841.25,5722.6588,350.75571,1.6966378
8774000.0,1600.5087,5794.3592,3952.2341,250.21563,106.89119,106.89119,106.89119,5822.1932,5790.1671,5770.7173,358.24795,1.6966378
8775000.0,1577.5151,5790.444,3923.3066,248.38423,106.89119,106.89119,106.89119,5852.9128,5727.0407,5791.3786,369.46108,1.6966378
8776000.0,1542.7105,5760.8243,3891.5231,246.37202,106.89119,106.89119,106.89119,5810.4866,5727.7738,5744.2126,393.34218,1.6966378
8777000.0,1489.007,5743.3614,3918.2542,248.06437,106.89119,106.89119,106.89119,5741.0229,5768.3766,5720.6848,394.84579,1.6966378
8778000.0,1502.3059,5731.5782,3895.2703,246.60926,106.89119,106.89119,106.89119,5725.1008,5771.69,5697.9439,341.41868,1.6966378
8779000.0,1565.4301,5756.49,3954.9069,250.38485,106.89119,106.89119,106.89119,5739.0846,5776.1388,5754.2464,352.24648,1.6966378
8780000.0,1568.2717,5775.0085,3909.5318,247.51215,106.89119,106.89119,106.89119,5769.4435,5765.7753,5789.8068,348.5399,1.6966378
8781000.0,1490.2328,5742.5335,3972.1274,251.47508,106.89119,106.89119,106.89119,5827.6716,5697.6261,5702.3027,387.19997,1.6966378
8782000.0,1584.6816,5765.3526,3963.2694,250.91428,106.89119,106.89119,106.89119,5799.539,5721.5589,5774.9598,390.46427,1.6966378
8783000.0,1525.0376,5769.1241,3920.49,248.20592,106.89119,106.89119,106.89119,5820.9569,5727.1916,5759.2239,371.40627,1.6966378
8784000.0,1578.8848,5782.279,3977.6288,251.82337,106.89119,106.89119,106.89119,5761.3905,5779.077,5806.3696,362.02806,1.6966378
8785000.0,1588.4462,5769.6665,3950.8556,250.12836,106.89119,106.89119,106.89119,5752.5065,5777.1976,5779.2955,359.64759,1.6966378
8786000.0,1553.5506,5732.8984,3983.9458,252.2233,106.89119,106.89119,106.89119,5750.751,5738.5065,5709.4378,380.19794,1.6966378
8787000.0,1513.3559,5755.1125,3954.8443,250.38088,106.89119,106.89119,106.89119,5744.5458,5770.6131,5750.1785,429.49301,1.6966378
8788000.0,1598.6973,5779.7304,4058.5,256.94332,106.89119,106.89119,106.89119,5808.6894,5753.2045,5777.2973,433.93472,1.6966378
8789000.0,1502.7801,5754.6175,4011.6519,253.97737,106.89119,106.89119,106.89119,5741.6152,5794.8042,5727.4331,422.4646,1.6966378
8790000.0,1512.3483,5733.0758,3950.8512,250.12808,106.89119,106.89119,106.89119,5741.3233,5757.9879,5699.9162,345.88001,1.6966378
8791000.0,1520.0014,5741.6079,3975.0191,251.65815,106.89119,106.89119,106.89119,5775.4908,5752.9048,5696.4281,350.3618,1.6966378
8792000.0,1537.9754,5751.6573,3994.131,252.86812,106.89119,106.89119,106.89119,5744.8753,5772.7731,5737.3234,359.5322,1.6966378
8793000.0,1511.6407,5755.64,3974.5951,251.6313,106.89119,106.89119,106.89119,5746.5168,5821.167,5699.2363,394.61536,1.6966378
8794000.0,1559.0083,5757.67,3932.9338,248.99373,106.89119,106.89119,106.89119,5729.3168,5826.9422,5716.751,405.86235,1.6966378
8795000.0,1536.7792,5766.0489,3935.9656,249.18567,106.89119,106.89119,106.89119,5739.8834,5839.2117,5719.0516,382.05164,1.6966378
8796000.0,1518.079,5760.4189,3923.7952,248.41517,106.89119,106.89119,106.89119,5765.0303,5815.4066,5700.8198,375.79323,1.6966378
8797000.0,1494.1822,5757.7077,3958.2925,250.59919,106.89119,106.89119,106.89119,5742.9414,5812.92,5717.2616,353.36637,1.6966378
8798000.0,1523.8138,5765.5707,3914.9288,247.85383,106.89119,106.89119,106.89119,5798.0585,5730.712,5767.9416,355.79167,1.6966378
8799000.0,1564.433,5771.1555,3957.0236,250.51885,106.89119,106.89119,106.89119,5791.7386,5766.0422,5755.6856,387.16149,1.6966378
8800000.0,1527.2899,5749.7142,3914.0662,247.79923,106.89119,106.89119,106.89119,5758.082,5701.4072,5789.6533,394.28625,1.6966378
8801000.0,1451.7034,5744.9047,3947.6677,249.92653,106.89119,106.89119,106.89119,5762.8909,5686.608,5785.2152,363.01092,1.6966378
8802000.0,1420.0657,5723.0953,3930.1581,248.818,106.89119,106.89119,106.89119,5662.6657,5782.0492,5724.5708,361.25667,1.6966378
8803000.0,1536.7368,5768.6737,3949.788,250.06077,106.89119,106.89119,106.89119,5768.5661,5784.5007,5752.9541,354.39486,1.6966378
8804000.0,1548.016,5770.314,3888.4905,246.18003,106.89119,106.89119,106.89119,5797.0259,5742.2135,5771.7027,371.72514,1.6966378
8805000.0,1485.4795,5734.2626,3938.818,249.36626,106.89119,106.89119,106.89119,5670.9474,5732.8221,5799.0184,399.03783,1.6966378
8806000.0,1539.2366,5745.0517,3975.52,251.68986,106.89119,106.89119,106.89119,5716.7933,5795.3507,5723.0112,422.81714,1.6966378
8807000.0,1537.5167,5755.3551,3991.9464,252.72982,106.89119,106.89119,106.89119,5764.0025,5781.9983,5720.0644,374.1696,1.6966378
8808000.0,1557.8573,5745.1551,3927.78,248.66744,106.89119,106.89119,106.89119,5753.5541,5736.9323,5744.979,382.1978,1.6966378
8809000.0,1585.1838,5765.846,3913.1964,247.74416,106.89119,106.89119,106.89119,5742.9218,5791.2305,5763.3856,382.72102,1.6966378
8810000.0,1507.1897,5719.8036,4005.7455,253.60344,106.89119,106.89119,106.89119,5741.2612,5710.9892,5707.1605,405.65775,1.6966378
8811000.0,1580.1411,5745.7055,3963.6483,250.93827,106.89119,106.89119,106.89119,5760.2128,5684.4312,5792.4725,431.71127,1.6966378
8812000.0,1517.4882,5752.6813,4004.0605,253.49676,106.89119,106.89119,106.89119,5791.0814,5778.8651,5688.0975,421.78824,1.6966378
8813000.0,1514.6992,5760.036,3924.0367,248.43046,106.89119,106.89119,106.89119,5773.7633,5781.596,5724.7487,364.63666,1.6966378
8814000.0,1534.9671,5760.7076,3937.8732,249.30645,106.89119,106.89119,106.89119,5759.7865,5780.3069,5742.0292,374.88173,1.6966378
8815000.0,1514.165,5762.8041,3984.7396,252.27355,106.89119,106.89119,106.89119,5700.8305,5824.2695,5763.3124,389.20698,1.6966378
8816000.0,1517.2084,5753.9508,3918.946,248.10817,106.89119,106.89119,106.89119,5765.3195,5745.2516,5751.2812,392.63326,1.6966378
8817000.0,1484.1704,5754.6157,4029.2597,255.09211,106.89119,106.89119,106.89119,5745.2215,5748.0668,5770.5587,429.42595,1.6966378
8818000.0,1623.3775,5774.7614,3950.7736,250.12317,106.89119,106.89119,106.89119,5815.0718,5755.1225,5754.0901,424.58991,1.6966378
8819000.0,1471.3047,5770.2858,3964.3213,250.98087,106.89119,106.89119,106.89119,5799.1781,5777.341,5734.3382,377.6533,1.6966378
8820000.0,1598.2446,5797.5864,3901.0735,246.97666,106.89119,106.89119,106.89119,5795.5008,5827.3097,5769.9486,365.29615,1.6966378
8821000.0,1505.9619,5753.296,3988.6833,252.52323,106.89119,106.89119,106.89119,5776.3418,5756.0845,5727.4617,364.35272,1.6966378
8822000.0,1552.7205,5768.9191,3913.74,247.77857,106.89119,106.89119,106.89119,5813.5324,5690.7418,5802.4831,379.6173,1.6966378
8823000.0,1541.2259,5770.0603,3965.0758,251.02864,106.89119,106.89119,106.89119,5810.9743,5749.51,5749.6966,406.72224,1.6966378
8824000.0,1557.1615,5752.7189,3976.976,251.78204,106.89119,106.89119,106.89119,5754.0243,5769.1739,5734.9585,392.98725,1.6966378
8825000.0,1498.1653,5749.5628,3986.4763,252.3835,106.89119,106.89119,106.89119,5782.9182,5749.3504,5716.4198,345.30566,1.6966378
8826000.0,1504.4716,5756.6074,3943.5416,249.66531,106.89119,106.89119,106.89119,5844.4866,5716.6494,5708.6864,365.48491,1.6966378
8827000.0,1609.5852,5751.029,3993.598,252.83438,106.89119,106.89119,106.89119,5806.7973,5731.3863,5714.9036,369.10885,1.6966378
8828000.0,1569.5828,5765.4199,3890.3874,246.30012,106.89119,106.89119,106.89119,5784.1825,5741.6163,5770.461,398.96929,1.6966378
8829000.0,1480.2695,5746.6851,3953.7173,250.30954,106.89119,106.89119,106.89119,5792.6279,5708.4346,5738.9929,425.14668,1.6966378
8830000.0,1610.899,5770.7513,3993.2435,252.81193,106.89119,106.89119,106.89119,5828.3292,5763.8625,5720.0622,429.49876,1.6966378
8831000.0,1562.6072,5771.0971,3959.1298,250.6522,106.89119,106.89119,106.89119,5784.8102,5804.5599,5723.9211,346.02255,1.6966378
8832000.0,1559.7053,5782.0242,4021.0733,254.57384,106.89119,106.89119,106.89119,5780.1706,5842.1633,5723.7388,337.3017,1.6966378
8833000.0,1585.1027,5780.028,3891.7392,246.38571,106.89119,106.89119,106.89119,5802.5764,5814.7728,5722.7346,335.74555,1.6966378
8834000.0,1520.6363,5742.9784,3986.4499,252.38183,106.89119,106.89119,106.89119,5756.0879,5749.1941,5723.6532,361.15798,1.6966378
8835000.0,1548.5641,5752.3227,4026.0745,254.89046,106.89119,106.89119,106.89119,5715.9795,5840.7364,5700.2521,366.44881,1.6966378
8836000.0,1544.8178,5756.7363,3911.9689,247.66644,106.89119,106.89119,106.89119,5762.6967,5732.7919,5774.7202,349.09812,1.6966378
8837000.0,1534.9841,5751.4768,3989.4563,252.57217,106.89119,106.89119,106.89119,5750.529,5772.6613,5731.2401,345.13678,1.6966378
8838000.0,1532.0086,5745.5282,3954.5348,250.36129,106.89119,106.89119,106.89119,5752.6264,5778.9939,5704.9644,346.66735,1.6966378
8839000.0,1571.576,5778.9015,3986.1526,252.36301,106.89119,106.89119,106.89119,5757.7852,5796.7424,5782.1768,351.94149,1.6966378
8840000.0,1570.7601,5776.4545,3956.7555,250.50188,106.89119,106.89119,106.89119,5828.547,5812.0171,5688.7994,378.63302,1.6966378
8841000.0,1527.6766,5749.2234,3929.5747,248.78107,106.89119,106.89119,106.89119,5748.4478,5786.2945,5712.9277,379.1087,1.6966378
8842000.0,1556.1335,5747.7801,3936.6149,249.22678,106.89119,106.89119,106.89119,5751.53,5777.9086,5713.9017,348.10512,1.6966378
8843000.0,1566.9327,5760.6744,3896.9562,246.716,106.89119,106.89119,106.89119,5763.0443,5806.1558,5712.8231,365.24872,1.6966378
8844000.0,1553.7933,5744.2608,4038.5156,255.67811,106.89119,106.89119,106.89119,5791.1606,5720.3008,5721.321,368.59374,1.6966378
8845000.0,1629.3285,5793.6211,3970.3384,251.36182,106.89119,106.89119,106.89119,5827.5893,5763.0576,5790.2165,401.06573,1.6966378
8846000.0,1449.122,5733.7876,3951.0126,250.1383,106.89119,106.89119,106.89119,5747.0823,5754.5738,5699.7069,418.1925,1.6966378
8847000.0,1539.4552,5743.5327,3995.5417,252.95743,106.89119,106.89119,106.89119,5731.6197,5772.1818,5726.7967,420.77586,1.6966378
8848000.0,1584.4195,5770.9217,3907.6489,247.39295,106.89119,106.89119,106.89119,5790.8972,5798.4922,5723.3757,342.73475,1.6966378
8849000.0,1544.1707,5766.8463,3911.0155,247.60609,106.89119,106.89119,106.89119,5776.4707,5770.9378,5753.1302,366.26432,1.6966378
8850000.0,1624.6788,5768.5879,3979.6919,251.95399,106.89119,106.89119,106.89119,5816.5009,5763.9101,5725.3528,375.56551,1.6966378
8851000.0,1503.9874,5756.5512,3927.5483,248.65278,106.89119,106.89119,106.89119,5800.3105,5760.2156,5709.1275,396.86058,1.6966378
8852000.0,1484.0398,5730.8846,3930.8693,248.86303,106.89119,106.89119,106.89119,5697.4466,5757.8023,5737.4048,413.80823,1.6966378
8853000.0,1524.2924,5726.4876,3854.635,244.03664,106.89119,106.89119,106.89119,5793.2925,5703.8362,5682.334,433.88103,1.6966378
8854000.0,1591.3879,5780.3676,3957.5503,250.5522,106.89119,106.89119,106.89119,5770.5113,5756.7359,5813.8557,349.6485,1.6966378
8855000.0,1447.3477,5726.7845,3970.0071,251.34084,106.89119,106.89119,106.89119,5759.5535,5759.3547,5661.4453,352.87659,1.6966378
8856000.0,1513.909,5733.5684,3927.4968,248.64952,106.89119,106.89119,106.89119,5711.0827,5742.6711,5746.9513,365.64679,1.6966378
8857000.0,1557.9682,5771.5516,4021.5981,254.60706,106.89119,106.89119,106.89119,5773.0389,5735.0365,5806.5794,373.84266,1.6966378
8858000.0,1554.2632,5770.0515,3961.8013,250.82133,106.89119,106.89119,106.89119,5796.2499,5759.0717,5754.833,419.26559,1.6966378
8859000.0,1540.5899,5743.4921,3926.3751,248.5785,106.89119,106.89119,106.89119,5756.9946,5774.06,5699.4217,420.50339,1.6966378
8860000.0,1515.7312,5742.6529,4018.6009,254.41731,106.89119,106.89119,106.89119,5754.9921,5725.2552,5747.7115,373.4488,1.6966378
8861000.0,1538.8742,5741.3577,3896.8098,246.70672,106.89119,106.89119,106.89119,5739.6074,5806.3339,5678.1319,376.73973,1.6966378
8862000.0,1591.987,5756.3924,3910.2189,247.55566,106.89119,106.89119,106.89119,5771.9264,5792.8402,5704.4104,373.03084,1.6966378
8863000.0,1501.6008,5755.0938,3919.3794,248.1356,106.89119,106.89119,106.89119,5806.3705,5784.7212,5674.1897,394.44886,1.6966378
8864000.0,1555.6448,5757.1852,3904.8242,247.21412,106.89119,106.89119,106.89119,5812.9322,5748.1849,5710.4385,416.20044,1.6966378
8865000.0,1487.0241,5732.8694,3957.2145,250.53094,106.89119,106.89119,106.89119,5782.4873,5688.9331,5727.1877,417.43127,1.6966378
8866000.0,1525.6689,5743.9382,3955.3392,250.41222,106.89119,106.89119,106.89119,5798.2638,5739.2079,5694.3431,361.37431,1.6966378
8867000.0,1487.6201,5752.3249,3944.8497,249.74813,106.89119,106.89119,106.89119,5781.3114,5764.3938,5711.2695,352.09402,1.6966378
8868000.0,1569.461,5782.8502,3934.4013,249.08664,106.89119,106.89119,106.89119,5789.8442,5769.7304,5788.976,351.27278,1.6966378
8869000.0,1496.3308,5737.0905,3969.5431,251.31146,106.89119,106.89119,106.89119,5772.1734,5803.7789,5635.3193,368.72977,1.6966378
8870000.0,1446.8634,5750.5144,3975.3655,251.68008,106.89119,106.89119,106.89119,5754.6056,5769.2283,5727.7094,369.17188,1.6966378
8871000.0,1530.1384,5755.5699,3948.4872,249.97841,106.89119,106.89119,106.89119,5711.8577,5824.8308,5730.0211,353.59039,1.6966378
8872000.0,1512.2338,5742.3944,3989.9153,252.60123,106.89119,106.89119,106.89119,5698.0224,5810.4402,5718.7207,362.5965,1.6966378
8873000.0,1542.7145,5752.3509,3939.3537,249.40017,106.89119,106.89119,106.89119,5716.1553,5831.8384,5709.059,365.18396,1.6966378
8874000.0,1536.3076,5770.3378,3991.485,252.7006,106.89119,106.89119,106.89119,5751.0916,5858.0493,5701.8725,361.05336,1.6966378
8875000.0,1463.2917,5742.7575,3981.062,252.04072,106.89119,106.89119,106.89119,5764.8498,5733.4426,5729.9802,389.99259,1.6966378
8876000.0,1613.588,5773.5393,4006.8655,253.67434,106.89119,106.89119,106.89119,5821.7842,5756.8349,5741.9989,402.01163,1.6966378
8877000.0,1478.1478,5753.6392,4056.3475,256.80704,106.89119,106.89119,106.89119,5742.5532,5767.3854,5750.9791,371.12445,1.6966378
8878000.0,1642.4367,5804.1892,3999.7419,253.22335,106.89119,106.89119,106.89119,5799.003,5835.8622,5777.7025,351.85644,1.6966378
8879000.0,1586.9806,5781.9072,3931.3979,248.8965,106.89119,106.89119,106.89119,5832.5996,5747.5385,5765.5834,354.05095,1.6966378
8880000.0,1484.531,5749.3258,3954.357,250.35003,106.89119,106.89119,106.89119,5775.9889,5786.7817,5685.2069,361.20238,1.6966378
8881000.0,1596.09,5789.7292,3940.2202,249.45503,106.89119,106.89119,106.89119,5871.4229,5762.7517,5735.013,389.8249,1.6966378
8882000.0,1605.0338,5796.8286,3940.8931,249.49763,106.89119,106.89119,106.89119,5821.3729,5837.078,5732.0349,392.95191,1.6966378
8883000.0,1549.5998,5763.382,3935.8495,249.17833,106.89119,106.89119,106.89119,5766.4293,5796.3895,5727.3273,364.63009,1.6966378
8884000.0,1438.9512,5719.5283,3938.0823,249.31968,106.89119,106.89119,106.89119,5725.8262,5737.4348,5695.324,352.03252,1.6966378
8885000.0,1524.9105,5763.0787,3969.1875,251.28895,106.89119,106.89119,106.89119,5795.6769,5760.5205,5733.0388,345.35033,1.6966378
8886000.0,1533.061,5755.0231,3943.7355,249.67758,106.89119,106.89119,106.89119,5786.9657,5771.919,5706.1847,375.38119,1.6966378
8887000.0,1529.0788,5760.9902,3923.514,248.39737,106.89119,106.89119,106.89119,5749.9575,5804.9173,5728.0957,390.90046,1.6966378
8888000.0,1561.1338,5762.7841,3927.9786,248.68002,106.89119,106.89119,106.89119,5749.4647,5767.9818,5770.9059,400.51037,1.6966378
8889000.0,1505.3326,5741.9434,3904.8035,247.2128,106.89119,106.89119,106.89119,5740.6849,5765.9634,5719.1819,361.50326,1.6966378
8890000.0,1508.7814,5790.0998,3933.6205,249.03721,106.89119,106.89119,106.89119,5817.4293,5796.1836,5756.6866,362.2842,1.6966378
8891000.0,1542.3772,5770.2812,3921.8214,248.29021,106.89119,106.89119,106.89119,5788.0897,5767.5593,5755.1945,366.44851,1.6966378
8892000.0,1527.4014,5738.507,3927.2217,248.6321,106.89119,106.89119,106.89119,5695.2249,5788.444,5731.8522,398.66389,1.6966378
8893000.0,1583.2934,5767.1771,3977.3984,251.80878,106.89119,106.89119,106.89119,5740.6711,5773.3251,5787.5351,408.84081,1.6966378
8894000.0,1557.3713,5770.1737,3932.1446,248.94377,106.89119,106.89119,106.89119,5823.4676,5768.2191,5718.8344,440.29828,1.6966378
8895000.0,1548.5982,5762.7626,3858.7067,244.29442,106.89119,106.89119,106.89119,5757.1146,5797.9376,5733.2357,368.5338,1.6966378
8896000.0,1554.042,5777.349,3960.3677,250.73057,106.89119,106.89119,106.89119,5807.888,5773.9198,5750.2392,364.14786,1.6966378
8897000.0,1500.4078,5745.8517,3868.1679,244.89341,106.89119,106.89119,106.89119,5743.6365,5752.9439,5740.9747,365.14073,1.6966378
8898000.0,1516.3181,5746.3171,4005.2712,253.57341,106.89119,106.89119,106.89119,5758.7105,5796.7586,5683.4822,385.8227,1.6966378
8899000.0,1509.0446,5767.4903,3956.6892,250.49768,106.89119,106.89119,106.89119,5783.4968,5776.7787,5742.1954,403.59919,1.6966378
8900000.0,1574.514,5772.3109,3936.1339,249.19633,106.89119,106.89119,106.89119,5727.2948,5793.8451,5795.7928,399.34206,1.6966378
8901000.0,1494.4538,5749.1561,3929.845,248.79818,106.89119,106.89119,106.89119,5741.8498,5721.8887,5783.7298,368.89514,1.6966378
8902000.0,1508.3316,5763.7409,3930.5917,248.84546,106.89119,106.89119,106.89119,5815.7849,5722.9466,5752.4912,386.53409,1.6966378
8903000.0,1557.8746,5753.8184,3960.119,250.71482,106.89119,106.89119,106.89119,5818.3111,5759.3068,5683.8373,369.52678,1.6966378
8904000.0,1561.9159,5745.6909,3970.7823,251.38992,106.89119,106.89119,106.89119,5738.666,5795.1451,5703.2615,400.7752,1.6966378
8905000.0,1449.8348,5758.5472,3941.9612,249.56526,106.89119,106.89119,106.89119,5792.6238,5755.7568,5727.2611,416.43989,1.6966378
8906000.0,1512.9283,5787.0074,4031.312,255.22205,106.89119,106.89119,106.89119,5805.1605,5821.4187,5734.4431,420.51101,1.6966378
8907000.0,1482.1939,5755.5202,3868.3947,244.90776,106.89119,106.89119,106.89119,5814.2911,5755.5283,5696.7413,330.17219,1.6966378
8908000.0,1495.1648,5748.1625,3975.065,251.66105,106.89119,106.89119,106.89119,5789.4562,5760.8454,5694.1858,338.29352,1.6966378
8909000.0,1515.8268,5753.0299,3938.2326,249.3292,106.89119,106.89119,106.89119,5807.5581,5697.2804,5754.2512,325.10369,1.6966378
8910000.0,1526.1424,5763.0689,3922.4541,248.33026,106.89119,106.89119,106.89119,5815.8126,5784.9634,5688.4307,368.31305,1.6966378
8911000.0,1507.407,5780.2,3949.0481,250.01393,106.89119,106.89119,106.89119,5791.2186,5771.8507,5777.5309,373.04958,1.6966378
8912000.0,1449.171,5744.6787,3844.7942,243.41362,106.89119,106.89119,106.89119,5735.5817,5801.001,5697.4534,349.58608,1.6966378
8913000.0,1551.6574,5757.1533,3976.7184,251.76573,106.89119,106.89119,106.89119,5808.6786,5806.005,5656.7763,339.56293,1.6966378
8914000.0,1504.6937,5753.7166,4039.3731,255.7324,106.89119,106.89119,106.89119,5808.2324,5747.5915,5705.326,338.5845,1.6966378
8915000.0,1566.8228,5743.0231,3910.8853,247.59784,106.89119,106.89119,106.89119,5791.9956,5749.4696,5687.6039,348.51185,1.6966378
8916000.0,1442.2309,5722.8349,3990.3671,252.62983,106.89119,106.89119,106.89119,5751.8719,5736.0398,5680.593,367.13983,1.6966378
8917000.0,1573.887,5769.1402,3928.3439,248.70315,106.89119,106.89119,106.89119,5754.045,5828.139,5725.2366,356.30758,1.6966378
8918000.0,1522.2077,5723.1454,4035.01,255.45617,106.89119,106.89119,106.89119,5759.8129,5706.9539,5702.6695,372.48063,1.6966378
8919000.0,1541.0712,5740.0272,3908.2289,247.42967,106.89119,106.89119,106.89119,5737.9776,5757.5253,5724.5789,370.33756,1.6966378
8920000.0,1476.2322,5742.6474,3969.21,251.29038,106.89119,106.89119,106.89119,5770.5189,5745.555,5711.8685,371.45392,1.6966378
8921000.0,1580.083,5766.0259,3989.9963,252.60636,106.89119,106.89119,106.89119,5794.8247,5803.2482,5700.0047,411.61315,1.6966378
8922000.0,1579.0831,5775.0241,3907.7616,247.40008,106.89119,106.89119,106.89119,5790.4049,5790.7125,5743.9548,381.08144,1.6966378
8923000.0,1497.1879,5758.0467,3969.0087,251.27763,106.89119,106.89119,106.89119,5778.2021,5754.256,5741.6821,362.48138,1.6966378
8924000.0,1536.1846,5762.3177,3953.9831,250.32636,106.89119,106.89119,106.89119,5736.3776,5783.1972,5767.3782,385.68015,1.6966378
8925000.0,1618.991,5773.8685,4037.7527,255.62981,106.89119,106.89119,106.89119,5767.8814,5783.2454,5770.4788,371.29848,1.6966378
8926000.0,1553.1687,5766.3961,3861.1891,244.45158,106.89119,106.89119,106.89119,5800.2065,5769.3675,5729.6143,386.43902,1.6966378
8927000.0,1521.717,5752.3951,3986.6722,252.39591,106.89119,106.89119,106.89119,5768.564,5720.1283,5768.4931,424.62908,1.6966378
8928000.0,1516.5121,5717.4997,3965.977,251.0857,106.89119,106.89119,106.89119,5673.4466,5721.7575,5757.2949,432.90536,1.6966378
8929000.0,1525.3697,5759.082,3998.7963,253.16348,106.89119,106.89119,106.89119,5776.1023,5758.0318,5743.1119,436.48244,1.6966378
8930000.0,1600.6812,5755.7813,3919.676,248.15438,106.89119,106.89119,106.89119,5777.2512,5789.8358,5700.257,361.3186,1.6966378
8931000.0,1605.5839,5770.9131,3901.5958,247.00973,106.89119,106.89119,106.89119,5779.1472,5802.6722,5730.9198,362.55981,1.6966378
8932000.0,1487.4237,5721.348,3958.6549,250.62214,106.89119,106.89119,106.89119,5733.4814,5703.8996,5726.6632,365.22456,1.6966378
8933000.0,1534.7118,5751.4948,4009.173,253.82043,106.89119,106.89119,106.89119,5776.5282,5748.9166,5729.0397,392.51989,1.6966378
8934000.0,1575.2551,5754.7625,3989.1301,252.55152,106.89119,106.89119,106.89119,5834.5514,5723.1781,5706.5578,437.16825,1.6966378
8935000.0,1441.8833,5710.6553,3917.4159,248.01129,106.89119,106.89119,106.89119,5819.1362,5675.7331,5637.0966,430.75505,1.6966378
8936000.0,1606.964,5798.8726,3903.9348,247.15781,106.89119,106.89119,106.89119,5871.0158,5768.2972,5757.3048,355.71083,1.6966378
8937000.0,1494.1773,5749.9013,3922.283,248.31943,106.89119,106.89119,106.89119,5764.01,5753.0756,5732.6183,339.52746,1.6966378
8938000.0,1501.6541,5738.508,3998.4499,253.14155,106.89119,106.89119,106.89119,5826.5372,5726.6888,5662.298,347.37774,1.6966378
8939000.0,1493.2068,5755.9601,4030.141,255.14791,106.89119,106.89119,106.89119,5770.982,5792.434,5704.4644,372.99522,1.6966378
8940000.0,1574.0843,5777.6901,4010.6503,253.91396,106.89119,106.89119,106.89119,5793.8836,5816.4751,5722.7115,378.39554,1.6966378
8941000.0,1483.0315,5736.192,3933.3525,249.02024,106.89119,106.89119,106.89119,5797.2671,5746.4827,5664.8263,361.3839,1.6966378
8942000.0,1488.717,5755.712,3895.5733,246.62844,106.89119,106.89119,106.89119,5784.4182,5747.4115,5735.3063,335.04262,1.6966378
8943000.0,1503.7558,5739.2853,3947.9892,249.94689,106.89119,106.89119,106.89119,5775.8827,5749.1573,5692.8159,329.43104,1.6966378
8944000.0,1482.1104,5746.2124,3899.6093,246.88396,106.89119,106.89119,106.89119,5734.4843,5767.6024,5736.5506,337.17861,1.6966378
8945000.0,1527.3234,5738.234,3944.7601,249.74245,106.89119,106.89119,106.89119,5717.5803,5787.4843,5709.6376,366.00602,1.6966378
8946000.0,1581.5762,5744.9402,3856.0655,244.1272,106.89119,106.89119,106.89119,5776.9996,5744.709,5713.1119,365.94508,1.6966378
8947000.0,1573.2553,5786.8808,3903.5393,247.13277,106.89119,106.89119,106.89119,5825.9439,5768.0453,5766.6531,348.82481,1.6966378
8948000.0,1603.6397,5774.746,3985.9871,252.35253,106.89119,106.89119,106.89119,5864.9424,5767.6942,5691.6012,358.5023,1.6966378
8949000.0,1543.5296,5766.6263,3940.804,249.49199,106.89119,106.89119,106.89119,5824.7618,5743.4163,5731.7009,356.94157,1.6966378
8950000.0,1506.8715,5742.3628,3997.5602,253.08522,106.89119,106.89119,106.89119,5784.1862,5773.201,5669.7012,374.05961,1.6966378
8951000.0,1541.5673,5733.388,3926.7945,248.60505,106.89119,106.89119,106.89119,5751.3379,5726.6778,5722.1484,398.88975,1.6966378
8952000.0,1576.9244,5778.0149,3934.0182,249.06239,106.89119,106.89119,106.89119,5848.2652,5764.0584,5721.7211,400.03038,1.6966378
8953000.0,1583.9773,5748.6612,3977.7502,251.83106,106.89119,106.89119,106.89119,5809.9819,5748.0389,5687.9629,351.9231,1.6966378
8954000.0,1614.9018,5767.0406,3915.5882,247.89559,106.89119,106.89119,106.89119,5802.7192,5712.1865,5786.2163,357.04642,1.6966378
8955000.0,1496.2886,5743.6252,3944.3184,249.71449,106.89119,106.89119,106.89119,5806.4785,5726.4457,5697.9514,353.07534,1.6966378
8956000.0,1561.5832,5740.0731,4018.8691,254.43429,106.89119,106.89119,106.89119,5801.9896,5710.1922,5708.0376,379.42475,1.6966378
8957000.0,1549.696,5744.8267,3935.4875,249.15541,106.89119,106.89119,106.89119,5788.4743,5727.454,5718.5518,394.90059,1.6966378
8958000.0,1545.4165,5745.1267,3914.3274,247.81576,106.89119,106.89119,106.89119,5776.1427,5785.4504,5673.7871,393.81967,1.6966378
8959000.0,1577.9541,5766.5487,3941.265,249.52118,106.89119,106.89119,106.89119,5847.8185,5789.7535,5662.0742,348.64001,1.6966378
8960000.0,1496.8213,5750.349,4012.2679,254.01637,106.89119,106.89119,106.89119,5789.5198,5791.0918,5670.4354,361.01513,1.6966378
8961000.0,1482.2468,5744.134,3999.7373,253.22306,106.89119,106.89119,106.89119,5791.0448,5762.098,5679.2592,353.7504,1.6966378
8962000.0,1580.9247,5767.2736,3921.864,248.2929,106.89119,106.89119,106.89119,5757.1613,5826.5564,5718.103,396.59546,1.6966378
8963000.0,1524.816,5757.732,3983.4108,252.18943,106.89119,106.89119,106.89119,5801.3773,5777.5287,5694.29,403.81766,1.6966378
8964000.0,1521.6257,5755.5923,3905.0129,247.22606,106.89119,106.89119,106.89119,5807.4871,5729.7364,5729.5535,374.24705,1.6966378
8965000.0,1500.3207,5715.9889,3898.9021,246.83919,106.89119,106.89119,106.89119,5767.2199,5705.2893,5675.4573,375.43712,1.6966378
8966000.0,1617.5169,5782.7628,3898.5481,246.81678,106.89119,106.89119,106.89119,5814.948,5807.1565,5726.1838,388.11956,1.6966378
8967000.0,1521.361,5742.8069,4011.6671,253.97833,106.89119,106.89119,106.89119,5759.3007,5732.3307,5736.7893,390.04115,1.6966378
8968000.0,1535.2828,5757.9652,3966.4766,251.11732,106.89119,106.89119,106.89119,5750.0026,5792.7771,5731.1159,424.87705,1.6966378
8969000.0,1565.3226,5766.0702,3975.9619,251.71784,106.89119,106.89119,106.89119,5788.8605,5741.8826,5767.4676,417.03562,1.6966378
8970000.0,1517.2416,5760.0585,3965.6156,251.06281,106.89119,106.89119,106.89119,5803.2751,5813.7531,5663.1473,416.75213,1.6966378
8971000.0,1566.1625,5769.5947,3930.1204,248.81562,106.89119,106.89119,106.89119,5801.5022,5771.4122,5735.8697,363.36965,1.6966378
8972000.0,1494.1016,5745.2455,3917.5962,248.02271,106.89119,106.89119,106.89119,5776.3867,5754.6813,5704.6686,374.664,1.6966378
8973000.0,1518.9123,5761.7979,3990.4317,252.63392,106.89119,106.89119,106.89119,5750.8173,5736.3536,5798.2228,358.80631,1.6966378
8974000.0,1563.6391,5762.7741,3932.1718,248.94549,106.89119,106.89119,106.89119,5748.9642,5796.5622,5742.796,394.90773,1.6966378
8975000.0,1466.5058,5717.6625,3940.4405,249.46898,106.89119,106.89119,106.89119,5677.0796,5757.7971,5718.1108,431.22455,1.6966378
8976000.0,1540.8132,5733.6661,3977.3434,251.8053,106.89119,106.89119,106.89119,5800.4647,5764.9377,5635.596,426.01573,1.6966378
8977000.0,1540.309,5760.8175,4035.0468,255.4585,106.89119,106.89119,106.89119,5787.8422,5800.2184,5694.392,366.08859,1.6966378
8978000.0,1528.0233,5771.0125,3977.4631,251.81288,106.89119,106.89119,106.89119,5781.5585,5798.2204,5733.2585,371.5462,1.6966378
8979000.0,1493.6986,5757.4283,3959.2512,250.65988,106.89119,106.89119,106.89119,5782.879,5826.5631,5662.8427,354.74722,1.6966378
8980000.0,1525.9137,5723.8548,3970.0072,251.34085,106.89119,106.89119,106.89119,5704.3445,5717.8339,5749.3861,379.77466,1.6966378
8981000.0,1545.0903,5777.7005,3945.8822,249.8135,106.89119,106.89119,106.89119,5773.0169,5733.47,5826.6147,404.87373,1.6966378
8982000.0,1514.0896,5762.7198,3943.2583,249.64737,106.89119,106.89119,106.89119,5834.7941,5744.5713,5708.7941,419.59265,1.6966378
8983000.0,1544.4407,5753.9095,3938.7449,249.36163,106.89119,106.89119,106.89119,5815.9122,5741.0413,5704.7749,340.78248,1.6966378
8984000.0,1550.0525,5774.4425,3943.3183,249.65118,106.89119,106.89119,106.89119,5847.2071,5770.0869,5706.0335,353.0859,1.6966378
8985000.0,1563.2021,5756.8539,3898.0958,246.78814,106.89119,106.89119,106.89119,5750.4261,5767.5539,5752.5817,352.10594,1.6966378
8986000.0,1574.4517,5776.7795,3891.9823,246.40109,106.89119,106.89119,106.89119,5826.3686,5768.9705,5734.9994,385.83202,1.6966378
8987000.0,1531.0205,5745.617,3920.8847,248.23091,106.89119,106.89119,106.89119,5808.9631,5728.8637,5699.0243,387.34763,1.6966378
8988000.0,1549.5198,5760.193,3965.6848,251.06719,106.89119,106.89119,106.89119,5747.502,5832.9995,5700.0774,383.2166,1.6966378
8989000.0,1586.9945,5756.1377,3916.8305,247.97423,106.89119,106.89119,106.89119,5783.8015,5769.3084,5715.3031,342.88355,1.6966378
8990000.0,1500.7999,5762.8582,3979.7603,251.95832,106.89119,106.89119,106.89119,5826.2272,5729.89,5732.4573,353.62202,1.6966378
8991000.0,1494.0143,5750.5565,4059.2076,256.98812,106.89119,106.89119,106.89119,5780.5327,5820.0293,5651.1075,355.64144,1.6966378
8992000.0,1501.4551,5785.8303,3982.1362,252.10873,106.89119,106.89119,106.89119,5817.4923,5793.2092,5746.7892,391.1619,1.6966378
8993000.0,1565.0937,5753.6371,3899.2011,246.85812,106.89119,106.89119,106.89119,5767.5251,5810.4541,5682.9321,403.2047,1.6966378
8994000.0,1528.7061,5730.0778,3985.9833,252.35229,106.89119,106.89119,106.89119,5766.8458,5729.2124,5694.1752,379.53499,1.6966378
8995000.0,1483.531,5726.6676,3906.3738,247.31222,106.89119,106.89119,106.89119,5723.7599,5744.132,5712.1109,380.83732,1.6966378
8996000.0,1549.8441,5746.3256,3981.8178,252.08857,106.89119,106.89119,106.89119,5744.0789,5785.5219,5709.3761,367.20425,1.6966378
8997000.0,1510.7185,5744.8241,4000.7843,253.28934,106.89119,106.89119,106.89119,5799.4006,5739.1048,5695.967,372.01199,1.6966378
8998000.0,1528.5008,5772.6476,3864.9327,244.68859,106.89119,106.89119,106.89119,5808.9092,5776.8828,5732.1506,424.00819,1.6966378
8999000.0,1540.7922,5771.0148,3976.2485,251.73598,106.89119,106.89119,106.89119,5855.8361,5762.8807,5694.3277,444.02993,1.6966378
9000000.0,1498.4601,5730.7649,3919.6751,248.15433,106.89119,106.89119,106.89119,5763.025,5705.5506,5723.7189,439.44064,1.6966378
9001000.0,1540.394,5769.9888,3860.8443,244.42975,106.89119,106.89119,106.89119,5795.0505,5803.1447,5711.7713,375.62079,1.6966378
9002000.0,1525.3893,5785.7008,3977.4368,251.81121,106.89119,106.89119,106.89119,5850.593,5806.8118,5699.6977,393.77134,1.6966378
9003000.0,1610.4428,5751.2982,3944.0219,249.69572,106.89119,106.89119,106.89119,5784.8615,5788.576,5680.4571,384.76252,1.6966378
9004000.0,1552.7231,5780.9533,3943.2881,249.64926,106.89119,106.89119,106.89119,5826.6593,5814.6183,5701.5824,400.31372,1.6966378
9005000.0,1543.3562,5771.0082,3897.6874,246.76229,106.89119,106.89119,106.89119,5811.1373,5736.0085,5765.8788,421.70828,1.6966378
9006000.0,1464.7504,5742.1991,3939.9428,249.43747,106.89119,106.89119,106.89119,5809.6282,5691.9463,5725.0228,430.49328,1.6966378
9007000.0,1568.7716,5757.2427,3907.2408,247.36711,106.89119,106.89119,106.89119,5801.3223,5744.2401,5726.1657,360.63125,1.6966378
9008000.0,1599.9363,5790.1344,3954.6304,250.36734,106.89119,106.89119,106.89119,5783.564,5830.362,5756.4772,336.13871,1.6966378
9009000.0,1508.5901,5725.8429,3928.0848,248.68675,106.89119,106.89119,106.89119,5753.9638,5755.3676,5668.1973,341.72407,1.6966378
9010000.0,1581.8413,5778.6646,3948.3295,249.96844,106.89119,106.89119,106.89119,5777.3815,5823.904,5734.7082,367.50452,1.6966378
9011000.0,1511.5284,5763.8092,3927.0298,248.61995,106.89119,106.89119,106.89119,5782.4491,5777.0504,5731.9282,383.01718,1.6966378
9012000.0,1503.0128,5732.866,4007.7772,253.73206,106.89119,106.89119,106.89119,5690.7859,5785.9147,5721.8975,370.84815,1.6966378
9013000.0,1532.9373,5744.7499,3957.0499,250.52052,106.89119,106.89119,106.89119,5785.7156,5764.6512,5683.8828,355.43149,1.6966378
9014000.0,1552.4515,5773.2444,3993.7042,252.8411,106.89119,106.89119,106.89119,5779.3645,5801.4407,5738.9281,375.90981,1.6966378
9015000.0,1612.2131,5769.9085,3924.9927,248.49098,106.89119,106.89119,106.89119,5774.7353,5774.6468,5760.3436,369.26544,1.6966378
9016000.0,1471.2753,5724.9878,3903.0642,247.10269,106.89119,106.89119,106.89119,5756.3693,5751.2157,5667.3784,397.62815,1.6966378
9017000.0,1553.8375,5761.3375,3907.7038,247.39642,106.89119,106.89119,106.89119,5853.0941,5730.6053,5700.3129,423.71071,1.6966378
9018000.0,1513.7272,5748.2134,3991.3374,252.69126,106.89119,106.89119,106.89119,5827.3515,5801.2218,5616.067,426.67344,1.6966378
9019000.0,1575.2052,5775.628,3978.0166,251.84792,106.89119,106.89119,106.89119,5823.2838,5748.9245,5754.6755,372.54801,1.6966378
9020000.0,1478.0876,5757.5148,3962.5953,250.8716,106.89119,106.89119,106.89119,5757.5986,5799.1529,5715.7928,378.7788,1.6966378
9021000.0,1576.2652,5750.4952,4002.131,253.3746,106.89119,106.89119,106.89119,5775.9103,5732.2885,5743.2868,387.43593,1.6966378
9022000.0,1520.2551,5759.6015,3963.3846,250.92157,106.89119,106.89119,106.89119,5748.2194,5797.6511,5732.934,385.90219,1.6966378
9023000.0,1516.1037,5758.0947,3925.3959,248.51651,106.89119,106.89119,106.89119,5800.448,5782.5333,5691.3029,418.27786,1.6966378
9024000.0,1483.0587,5747.3644,3944.8806,249.75009,106.89119,106.89119,106.89119,5772.4739,5790.8142,5678.8052,417.05153,1.6966378
9025000.0,1554.423,5755.5356,3879.0278,245.58095,106.89119,106.89119,106.89119,5775.2929,5777.9369,5713.377,378.94088,1.6966378
9026000.0,1574.1106,5753.1108,3897.1116,246.72583,106.89119,106.89119,106.89119,5805.6226,5781.701,5672.0087,380.28666,1.6966378
9027000.0,1441.1483,5746.0622,3893.7524,246.51316,106.89119,106.89119,106.89119,5703.3613,5831.5092,5703.3161,383.40762,1.6966378
9028000.0,1544.2832,5770.4545,3932.6328,248.97468,106.89119,106.89119,106.89119,5810.7858,5806.6333,5693.9444,376.32015,1.6966378
9029000.0,1511.9775,5732.9616,3908.4882,247.44608,106.89119,106.89119,106.89119,5781.9244,5764.2614,5652.699,434.25116,1.6966378
9030000.0,1515.7213,5752.0637,3907.1577,247.36185,106.89119,106.89119,106.89119,5787.0876,5786.0098,5683.0935,433.6536,1.6966378
9031000.0,1553.1162,5760.9191,3905.5913,247.26268,106.89119,106.89119,106.89119,5774.8387,5793.7253,5714.1932,404.69698,1.6966378
9032000.0,1554.3098,5745.1712,4008.4888,253.77712,106.89119,106.89119,106.89119,5754.1132,5750.123,5731.2776,376.84383,1.6966378
9033000.0,1506.7005,5767.5521,3981.3939,252.06174,106.89119,106.89119,106.89119,5804.5287,5804.3457,5693.7819,372.59854,1.6966378
9034000.0,1480.3007,5726.4591,3928.5816,248.71819,106.89119,106.89119,106.89119,5783.3334,5742.8,5653.2439,371.73364,1.6966378
9035000.0,1557.9939,5783.6997,3896.875,246.71085,106.89119,106.89119,106.89119,5848.6933,5781.2061,5721.1997,402.66075,1.6966378
9036000.0,1493.2757,5747.9784,3887.4838,246.1163,106.89119,106.89119,106.89119,5756.2611,5752.7541,5734.9201,408.03757,1.6966378
9037000.0,1546.248,5754.4384,3915.9755,247.9201,106.89119,106.89119,106.89119,5833.1293,5750.8585,5679.3273,385.8635,1.6966378
9038000.0,1507.5789,5760.6967,4026.5996,254.9237,106.89119,106.89119,106.89119,5810.4355,5777.0562,5694.5982,373.37628,1.6966378
9039000.0,1505.206,5752.0005,3941.0685,249.50874,106.89119,106.89119,106.89119,5764.7812,5809.0848,5682.1354,384.82845,1.6966378
9040000.0,1535.6449,5746.1593,3939.6236,249.41726,106.89119,106.89119,106.89119,5751.5472,5768.6214,5718.3094,387.41139,1.6966378
9041000.0,1496.1375,5759.4835,3959.3709,250.66746,106.89119,106.89119,106.89119,5782.0341,5811.946,5684.4706,405.47591,1.6966378
9042000.0,1608.8627,5785.9955,3932.9185,248.99276,106.89119,106.89119,106.89119,5821.6117,5783.2078,5753.1669,414.2734,1.6966378
9043000.0,1540.3076,5765.5959,3933.9663,249.0591,106.89119,106.89119,106.89119,5799.8497,5746.3202,5750.6179,431.30922,1.6966378
9044000.0,1521.9489,5748.1601,3991.165,252.68034,106.89119,106.89119,106.89119,5795.936,5738.865,5709.6792,360.25996,1.6966378
9045000.0,1557.0391,5754.8839,3878.1108,245.52289,106.89119,106.89119,106.89119,5789.9573,5727.1184,5747.5759,370.41973,1.6966378
9046000.0,1562.7159,5746.866,3904.4915,247.19305,106.89119,106.89119,106.89119,5790.9877,5750.2809,5699.3294,376.53233,1.6966378
9047000.0,1531.7639,5754.9951,4010.0082,253.87331,106.89119,106.89119,106.89119,5750.9085,5779.371,5734.7058,387.51435,1.6966378
9048000.0,1544.6426,5773.2643,3953.533,250.29787,106.89119,106.89119,106.89119,5824.8691,5781.0104,5713.9132,420.90967,1.6966378
9049000.0,1520.6644,5757.0113,3970.0164,251.34143,106.89119,106.89119,106.89119,5752.0826,5726.2924,5792.6588,426.49277,1.6966378
9050000.0,1523.1836,5748.6192,3922.6661,248.34369,106.89119,106.89119,106.89119,5764.2439,5802.4838,5679.1297,392.35095,1.6966378
9051000.0,1548.4819,5780.9661,3957.0068,250.51779,106.89119,106.89119,106.89119,5789.0102,5778.2902,5775.598,364.63976,1.6966378
9052000.0,1538.6197,5739.8207,4032.4885,255.29653,106.89119,106.89119,106.89119,5730.7389,5841.0662,5647.6571,367.63623,1.6966378
9053000.0,1573.6549,5767.4734,3955.5685,250.42673,106.89119,106.89119,106.89119,5752.0036,5755.8492,5794.5674,374.20285,1.6966378
9054000.0,1558.4876,5757.5715,3960.5835,250.74424,106.89119,106.89119,106.89119,5814.2883,5724.5004,5733.9259,417.31531,1.6966378
9055000.0,1478.1335,5732.4317,3950.1847,250.08588,106.89119,106.89119,106.89119,5751.7534,5730.701,5714.8405,425.74105,1.6966378
9056000.0,1532.795,5733.4319,3931.2571,248.88758,106.89119,106.89119,106.89119,5717.3015,5776.478,5706.5163,400.44281,1.6966378
9057000.0,1507.5905,5720.6315,3832.5734,242.63992,106.89119,106.89119,106.89119,5758.955,5761.6242,5641.3152,380.07481,1.6966378
9058000.0,1472.4958,5737.8591,3966.4086,251.11302,106.89119,106.89119,106.89119,5753.477,5799.3531,5660.7472,372.14668,1.6966378
9059000.0,1585.8923,5751.5004,3950.9708,250.13565,106.89119,106.89119,106.89119,5776.3182,5735.0275,5743.1554,373.93158,1.6966378
9060000.0,1520.549,5745.5625,3913.3082,247.75124,106.89119,106.89119,106.89119,5737.7071,5773.1524,5725.8278,409.52889,1.6966378
9061000.0,1517.8739,5741.051,3928.1779,248.69264,106.89119,106.89119,106.89119,5790.9605,5731.4235,5700.7691,417.50371,1.6966378
9062000.0,1618.7757,5765.7452,3907.0944,247.35784,106.89119,106.89119,106.89119,5765.9601,5789.8128,5741.4626,419.87477,1.6966378
9063000.0,1490.7313,5722.2713,3966.4067,251.1129,106.89119,106.89119,106.89119,5814.4578,5719.6496,5632.7063,341.02635,1.6966378
9064000.0,1555.3912,5758.8085,3958.6003,250.61868,106.89119,106.89119,106.89119,5800.1214,5756.9143,5719.3898,352.54525,1.6966378
9065000.0,1537.0745,5738.5558,3970.5606,251.37588,106.89119,106.89119,106.89119,5769.2971,5761.9179,5684.4523,348.92432,1.6966378
9066000.0,1501.3498,5758.7718,4034.7484,255.4396,106.89119,106.89119,106.89119,5736.5408,5780.9555,5758.819,377.44046,1.6966378
9067000.0,1532.7828,5738.2829,3939.2802,249.39552,106.89119,106.89119,106.89119,5797.7225,5734.6576,5682.4686,418.37336,1.6966378
9068000.0,1486.2519,5747.6949,3853.8864,243.98925,106.89119,106.89119,106.89119,5821.3367,5697.3233,5724.4248,381.53364,1.6966378
9069000.0,1571.5436,5747.4763,4025.6579,254.86409,106.89119,106.89119,106.89119,5752.8613,5720.282,5769.2856,344.97229,1.6966378
9070000.0,1577.3829,5751.3766,3958.5625,250.61628,106.89119,106.89119,106.89119,5771.4345,5728.8893,5753.8061,348.09633,1.6966378
9071000.0,1558.4432,5734.9351,3888.867,246.20387,106.89119,106.89119,106.89119,5778.366,5710.8549,5715.5845,361.26674,1.6966378
9072000.0,1586.1588,5740.8042,4006.729,253.6657,106.89119,106.89119,106.89119,5756.0973,5714.7024,5751.6129,396.10174,1.6966378
9073000.0,1482.6883,5718.8474,3922.9815,248.36365,106.89119,106.89119,106.89119,5726.7302,5737.2954,5692.5166,393.61882,1.6966378
9074000.0,1508.5906,5734.7809,3970.9951,251.40339,106.89119,106.89119,106.89119,5749.958,5739.4993,5714.8853,376.47151,1.6966378
9075000.0,1569.4925,5756.9401,3916.5933,247.95922,106.89119,106.89119,106.89119,5789.7643,5775.9059,5705.15,346.6303,1.6966378
9076000.0,1514.7111,5737.8501,3976.1084,251.72711,106.89119,106.89119,106.89119,5777.8565,5775.309,5660.3847,365.94694,1.6966378
9077000.0,1538.5187,5732.3197,3893.3378,246.48691,106.89119,106.89119,106.89119,5809.5534,5701.2882,5686.1174,363.15974,1.6966378
9078000.0,1541.2492,5743.9453,3927.6718,248.66059,106.89119,106.89119,106.89119,5796.8146,5728.8279,5706.1933,413.82315,1.6966378
9079000.0,1458.7143,5743.246,3979.3505,251.93237,106.89119,106.89119,106.89119,5765.5959,5797.7499,5666.3922,407.91096,1.6966378
9080000.0,1540.5909,5783.8046,4026.149,254.89518,106.89119,106.89119,106.89119,5804.0119,5757.6581,5789.7436,389.25651,1.6966378
9081000.0,1529.1306,5761.383,3893.8904,246.5219,106.89119,106.89119,106.89119,5841.4703,5756.6277,5686.0509,384.45516,1.6966378
9082000.0,1491.3644,5729.9319,4025.4323,254.84981,106.89119,106.89119,106.89119,5788.1205,5699.9873,5701.6877,379.34714,1.6966378
9083000.0,1608.7746,5782.5954,3927.1174,248.6255,106.89119,106.89119,106.89119,5807.4094,5764.8143,5775.5626,373.00053,1.6966378
9084000.0,1502.866,5719.1398,3928.1135,248.68856,106.89119,106.89119,106.89119,5730.8738,5692.0103,5734.5354,406.50397,1.6966378
9085000.0,1556.6931,5770.6047,3960.9389,250.76674,106.89119,106.89119,106.89119,5811.2341,5811.6578,5688.9222,418.49828,1.6966378
9086000.0,1437.2712,5734.1387,3957.6065,250.55576,106.89119,106.89119,106.89119,5734.6381,5682.9238,5784.8541,421.74727,1.6966378
9087000.0,1577.3029,5766.9479,3928.6735,248.72402,106.89119,106.89119,106.89119,5796.838,5731.9373,5772.0685,357.3377,1.6966378
9088000.0,1451.4153,5719.045,3989.6532,252.58464,106.89119,106.89119,106.89119,5703.6833,5722.922,5730.5297,357.63016,1.6966378
9089000.0,1502.5409,5721.3925,3999.4246,253.20326,106.89119,106.89119,106.89119,5687.8139,5781.5526,5694.8109,332.43272,1.6966378
9090000.0,1518.9812,5752.7884,3937.4264,249.27816,106.89119,106.89119,106.89119,5795.4374,5725.3816,5737.5463,383.34848,1.6966378
9091000.0,1524.2948,5745.3885,3945.9517,249.81789,106.89119,106.89119,106.89119,5821.6927,5697.619,5716.8539,408.38236,1.6966378
9092000.0,1505.1542,5747.5683,3919.1532,248.12129,106.89119,106.89119,106.89119,5757.1519,5758.538,5727.0149,406.96522,1.6966378
9093000.0,1459.8085,5758.2138,3962.9804,250.89598,106.89119,106.89119,106.89119,5781.8448,5763.5197,5729.2768,365.31882,1.6966378
9094000.0,1458.2218,5735.6311,3924.5216,248.46116,106.89119,106.89119,106.89119,5722.1193,5756.8935,5727.8805,367.4227,1.6966378
9095000.0,1537.3148,5753.1628,3988.3711,252.50346,106.89119,106.89119,106.89119,5792.3895,5793.4467,5673.6521,364.01065,1.6966378
9096000.0,1499.8573,5755.5034,3963.2218,250.91127,106.89119,106.89119,106.89119,5759.3388,5809.9666,5697.2047,372.57043,1.6966378
9097000.0,1501.5622,5759.1717,4001.7533,253.35069,106.89119,106.89119,106.89119,5762.2011,5813.6377,5701.6763,402.95033,1.6966378
9098000.0,1539.2954,5755.0034,3914.1721,247.80593,106.89119,106.89119,106.89119,5770.2028,5737.5547,5757.2527,402.3405,1.6966378
9099000.0,1521.9271,5738.4314,3978.7431,251.89392,106.89119,106.89119,106.89119,5769.5141,5751.7394,5694.0406,372.7423,1.6966378
9100000.0,1456.9769,5727.341,3930.8123,248.85942,106.89119,106.89119,106.89119,5749.6069,5709.2544,5723.1616,386.80819,1.6966378
9101000.0,1541.9081,5748.1904,3976.3416,251.74188,106.89119,106.89119,106.89119,5774.7367,5740.4153,5729.4191,391.47162,1.6966378
9102000.0,1547.6096,5771.7543,3978.7188,251.89238,106.89119,106.89119,106.89119,5795.2639,5786.4619,5733.5371,397.31495,1.6966378
9103000.0,1577.432,5778.9819,3932.6746,248.97732,106.89119,106.89119,106.89119,5835.8472,5791.1638,5709.9346,433.12404,1.6966378
9104000.0,1486.181,5737.1466,3916.0755,247.92643,106.89119,106.89119,106.89119,5740.4438,5821.3686,5649.6274,431.99869,1.6966378
9105000.0,1571.8018,5760.7894,4014.182,254.13755,106.89119,106.89119,106.89119,5775.5187,5806.0318,5700.8177,397.0062,1.6966378
9106000.0,1564.1872,5782.6152,3919.7798,248.16096,106.89119,106.89119,106.89119,5811.8736,5837.5187,5698.4534,384.26096,1.6966378
9107000.0,1568.4639,5766.7727,3924.8967,248.48491,106.89119,106.89119,106.89119,5791.9837,5791.7649,5716.5694,372.96277,1.6966378
9108000.0,1477.0972,5753.1181,3981.2328,252.05154,106.89119,106.89119,106.89119,5766.7817,5766.4992,5726.0735,390.70114,1.6966378
9109000.0,1526.1636,5760.0358,3889.9645,246.27335,106.89119,106.89119,106.89119,5768.0066,5814.6319,5697.469,410.607,1.6966378
9110000.0,1540.8922,5746.2003,3945.1155,249.76495,106.89119,106.89119,106.89119,5739.1219,5774.7111,5724.7679,418.20861,1.6966378
9111000.0,1494.6318,5745.9846,3917.8664,248.03982,106.89119,106.89119,106.89119,5750.8943,5727.8124,5759.247,411.75642,1.6966378
9112000.0,1563.5527,5766.7928,3965.4965,251.05527,106.89119,106.89119,106.89119,5809.4303,5743.7564,5747.1917,373.39682,1.6966378
9113000.0,1493.1072,5724.3468,3891.6567,246.38048,106.89119,106.89119,106.89119,5684.0272,5782.1633,5706.85,381.56536,1.6966378
9114000.0,1562.1558,5789.8416,4078.8928,258.23438,106.89119,106.89119,106.89119,5775.3291,5856.0431,5738.1526,377.33686,1.6966378
9115000.0,1629.3778,5764.4253,3935.8485,249.17826,106.89119,106.89119,106.89119,5778.9605,5802.6393,5711.6761,409.84103,1.6966378
9116000.0,1531.3116,5755.4092,3916.0429,247.92437,106.89119,106.89119,106.89119,5744.6842,5784.2672,5737.2762,421.69893,1.6966378
9117000.0,1499.2776,5756.6753,3898.707,246.82683,106.89119,106.89119,106.89119,5776.4084,5794.4079,5699.2095,423.37242,1.6966378
9118000.0,1544.8342,5759.2267,3937.7001,249.29549,106.89119,106.89119,106.89119,5800.1333,5781.6127,5695.9341,361.01828,1.6966378
9119000.0,1554.2571,5770.2114,4007.114,253.69007,106.89119,106.89119,106.89119,5739.9861,5814.1268,5756.5214,364.83389,1.6966378
9120000.0,1557.0148,5770.1213,3976.1786,251.73155,106.89119,106.89119,106.89119,5785.2472,5770.9987,5754.118,357.94226,1.6966378
9121000.0,1585.0644,5776.0849,3848.7517,243.66417,106.89119,106.89119,106.89119,5825.1028,5770.0424,5733.1095,389.71347,1.6966378
9122000.0,1535.7831,5745.9082,3958.5346,250.61452,106.89119,106.89119,106.89119,5758.1634,5810.6244,5668.9367,403.02295,1.6966378
9123000.0,1545.1127,5742.1683,3925.4819,248.52195,106.89119,106.89119,106.89119,5728.3537,5736.1673,5761.984,382.16238,1.6966378
9124000.0,1471.6842,5746.8975,3950.2651,250.09098,106.89119,106.89119,106.89119,5736.0204,5829.1532,5675.5188,384.20556,1.6966378
9125000.0,1569.6446,5752.2044,3972.731,251.51329,106.89119,106.89119,106.89119,5750.169,5787.455,5718.9891,370.41356,1.6966378
9126000.0,1553.3334,5751.4577,3903.5989,247.13654,106.89119,106.89119,106.89119,5741.5748,5769.7849,5743.0135,367.12963,1.6966378
9127000.0,1593.0865,5780.2393,4019.8992,254.4995,106.89119,106.89119,106.89119,5811.7803,5776.4648,5752.4728,399.69446,1.6966378
9128000.0,1622.9207,5780.834,3902.7934,247.08555,106.89119,106.89119,106.89119,5849.8185,5762.6119,5730.0715,421.65536,1.6966378
9129000.0,1655.6531,5787.0292,3994.4244,252.8867,106.89119,106.89119,106.89119,5795.6034,5839.8635,5725.6209,417.9392,1.6966378
9130000.0,1482.615,5721.0632,3957.1484,250.52675,106.89119,106.89119,106.89119,5732.8017,5692.1488,5738.239,343.68127,1.6966378
9131000.0,1547.3029,5764.3676,3944.4807,249.72477,106.89119,106.89119,106.89119,5716.1672,5802.5687,5774.3669,348.55527,1.6966378
9132000.0,1622.9889,5785.4218,4003.8707,253.48474,106.89119,106.89119,106.89119,5785.7593,5822.46,5748.0462,345.39041,1.6966378
9133000.0,1542.6195,5749.7413,3950.0069,250.07463,106.89119,106.89119,106.89119,5756.0061,5764.0076,5729.2102,383.20943,1.6966378
9134000.0,1566.0365,5768.7422,3923.9737,248.42647,106.89119,106.89119,106.89119,5760.2718,5817.9748,5727.9798,391.08295,1.6966378
9135000.0,1504.5749,5755.7131,3909.2582,247.49483,106.89119,106.89119,106.89119,5765.4486,5769.7717,5731.9191,373.06373,1.6966378
9136000.0,1493.2853,5737.9408,3979.8302,251.96274,106.89119,106.89119,106.89119,5745.0777,5791.8414,5676.9032,381.40397,1.6966378
9137000.0,1461.3922,5734.5147,3916.6843,247.96498,106.89119,106.89119,106.89119,5716.3543,5759.7372,5727.4525,383.80677,1.6966378
9138000.0,1467.5955,5735.889,3935.1648,249.13498,106.89119,106.89119,106.89119,5749.6734,5776.3827,5681.611,382.28032,1.6966378
9139000.0,1557.2637,5767.473,3972.51,251.4993,106.89119,106.89119,106.89119,5748.0944,5821.4701,5732.8545,420.07204,1.6966378
9140000.0,1493.5294,5741.3097,3928.6194,248.72059,106.89119,106.89119,106.89119,5704.1393,5787.4386,5732.3512,439.37367,1.6966378
9141000.0,1627.0714,5756.5034,3867.5118,244.85187,106.89119,106.89119,106.89119,5749.3746,5796.2155,5723.92,432.5276,1.6966378
9142000.0,1523.1089,5734.5884,3934.86,249.11568,106.89119,106.89119,106.89119,5711.1657,5787.7459,5704.8535,358.20721,1.6966378
9143000.0,1585.6079,5751.5493,3921.2448,248.2537,106.89119,106.89119,106.89119,5783.2672,5716.7119,5754.6687,356.81178,1.6966378
9144000.0,1539.9238,5762.6321,3951.5253,250.17076,106.89119,106.89119,106.89119,5756.6194,5806.0617,5725.2154,367.81673,1.6966378
9145000.0,1503.1803,5738.1616,3955.6684,250.43306,106.89119,106.89119,106.89119,5690.5196,5787.6222,5736.343,413.35264,1.6966378
9146000.0,1546.3862,5744.6378,3856.1537,244.13279,106.89119,106.89119,106.89119,5725.3313,5737.7706,5770.8117,435.00918,1.6966378
9147000.0,1565.5995,5773.3198,3951.5775,250.17406,106.89119,106.89119,106.89119,5738.3555,5810.2896,5771.3142,440.38785,1.6966378
9148000.0,1439.419,5710.1074,3968.3313,251.23475,106.89119,106.89119,106.89119,5707.3356,5775.4749,5647.5116,392.57833,1.6966378
9149000.0,1561.4132,5761.0894,3932.2252,248.94887,106.89119,106.89119,106.89119,5775.5811,5794.7948,5712.8924,362.50746,1.6966378
9150000.0,1477.8531,5733.9359,3952.6932,250.2447,106.89119,106.89119,106.89119,5765.2893,5698.6949,5737.8234,376.87928,1.6966378
9151000.0,1475.4369,5744.9351,3940.4644,249.4705,106.89119,106.89119,106.89119,5749.6652,5765.6887,5719.4513,380.21708,1.6966378
9152000.0,1609.09,5759.392,3935.0027,249.12471,106.89119,106.89119,106.89119,5779.9271,5795.3443,5702.9046,408.68707,1.6966378
9153000.0,1563.4785,5761.0627,3962.706,250.87861,106.89119,106.89119,106.89119,5769.5097,5806.3372,5707.3411,401.64093,1.6966378
9154000.0,1496.7273,5742.4735,3903.8425,247.15196,106.89119,106.89119,106.89119,5770.9671,5744.2373,5712.2162,369.0532,1.6966378
9155000.0,1631.0453,5782.4286,3923.9492,248.42492,106.89119,106.89119,106.89119,5817.7622,5797.8567,5731.6668,360.50797,1.6966378
9156000.0,1589.9496,5770.6405,3971.2165,251.4174,106.89119,106.89119,106.89119,5801.3031,5766.262,5744.3563,351.58783,1.6966378
9157000.0,1535.927,5763.7419,3993.3863,252.82098,106.89119,106.89119,106.89119,5837.136,5738.0948,5715.9948,355.61004,1.6966378
9158000.0,1585.5271,5769.7294,4045.23,256.10319,106.89119,106.89119,106.89119,5784.4115,5781.3424,5743.4344,413.95406,1.6966378
9159000.0,1404.261,5715.1508,3958.0853,250.58607,106.89119,106.89119,106.89119,5700.3919,5759.2525,5685.808,387.46353,1.6966378
9160000.0,1468.88,5747.5927,4001.584,253.33997,106.89119,106.89119,106.89119,5793.0579,5762.6705,5687.0497,369.58376,1.6966378
9161000.0,1496.7378,5731.5595,3918.2605,248.06477,106.89119,106.89119,106.89119,5782.8445,5748.1145,5663.7195,378.00933,1.6966378
9162000.0,1543.8408,5748.6516,3943.2996,249.64999,106.89119,106.89119,106.89119,5768.6074,5741.0237,5736.3236,377.30191,1.6966378
9163000.0,1507.7352,5765.9199,4016.5502,254.28748,106.89119,106.89119,106.89119,5783.1909,5706.7327,5807.836,365.48901,1.6966378
9164000.0,1533.2664,5760.2165,3915.5472,247.89299,106.89119,106.89119,106.89119,5771.2607,5787.1204,5722.2685,418.01482,1.6966378
9165000.0,1508.1121,5768.3279,3903.4456,247.12684,106.89119,106.89119,106.89119,5772.1362,5802.6068,5730.2406,416.97738,1.6966378
9166000.0,1460.7563,5736.3469,3923.8638,248.41951,106.89119,106.89119,106.89119,5738.1714,5776.2352,5694.6341,394.36482,1.6966378
9167000.0,1499.5641,5732.7863,4016.8733,254.30793,106.89119,106.89119,106.89119,5745.4408,5759.3382,5693.58,371.26783,1.6966378
9168000.0,1499.7981,5733.0089,3966.3758,251.11094,106.89119,106.89119,106.89119,5749.6913,5743.6196,5705.7157,377.54744,1.6966378
9169000.0,1575.8479,5800.4872,3875.3978,245.35113,106.89119,106.89119,106.89119,5827.7206,5830.5213,5743.2198,371.81791,1.6966378
9170000.0,1486.2111,5749.7741,4004.5269,253.52628,106.89119,106.89119,106.89119,5717.6416,5762.3021,5769.3787,421.24388,1.6966378
9171000.0,1520.4885,5743.5156,3987.3306,252.43759,106.89119,106.89119,106.89119,5762.6704,5787.5529,5680.3235,418.47588,1.6966378
9172000.0,1524.2193,5739.6873,3930.6321,248.84801,106.89119,106.89119,106.89119,5717.3575,5737.1761,5764.5282,391.20075,1.6966378
9173000.0,1515.7705,5731.9355,3921.2003,248.25089,106.89119,106.89119,106.89119,5777.1012,5701.2665,5717.4387,342.30392,1.6966378
9174000.0,1521.9586,5744.1379,3915.3384,247.87977,106.89119,106.89119,106.89119,5764.7967,5775.5216,5692.0954,343.38796,1.6966378
9175000.0,1500.442,5749.1006,3938.2142,249.32803,106.89119,106.89119,106.89119,5771.3096,5756.0866,5719.9056,347.86326,1.6966378
9176000.0,1531.7404,5740.9434,3915.2829,247.87625,106.89119,106.89119,106.89119,5746.734,5733.2243,5742.8719,384.68713,1.6966378
9177000.0,1404.643,5724.7507,3929.0941,248.75064,106.89119,106.89119,106.89119,5748.1564,5726.0094,5700.0863,365.39991,1.6966378
9178000.0,1482.4744,5734.4966,3880.6932,245.68638,106.89119,106.89119,106.89119,5700.4896,5754.4193,5748.5808,348.19245,1.6966378
9179000.0,1471.4425,5724.2516,3927.6044,248.65633,106.89119,106.89119,106.89119,5674.7918,5788.9299,5709.0332,347.42105,1.6966378
9180000.0,1543.0882,5758.2101,3948.1669,249.95814,106.89119,106.89119,106.89119,5758.0927,5818.4504,5698.0872,347.30266,1.6966378
9181000.0,1541.1356,5750.7854,3970.8433,251.39378,106.89119,106.89119,106.89119,5747.0909,5774.9921,5730.2731,363.68416,1.6966378
9182000.0,1541.6643,5762.8256,3931.5922,248.9088,106.89119,106.89119,106.89119,5769.5661,5790.2119,5728.6988,386.65753,1.6966378
9183000.0,1537.9501,5757.7777,4026.7527,254.9334,106.89119,106.89119,106.89119,5781.1431,5751.8291,5740.361,386.41985,1.6966378
9184000.0,1571.5606,5766.1004,3945.717,249.80304,106.89119,106.89119,106.89119,5759.0392,5788.727,5750.535,351.98664,1.6966378
9185000.0,1585.711,5765.227,3968.2418,251.22908,106.89119,106.89119,106.89119,5758.7262,5801.0664,5735.8882,360.07004,1.6966378
9186000.0,1498.6462,5758.8335,4007.8339,253.73565,106.89119,106.89119,106.89119,5738.2157,5843.6868,5694.598,360.92242,1.6966378
9187000.0,1520.0395,5751.9375,3935.8439,249.17797,106.89119,106.89119,106.89119,5758.315,5792.2575,5705.24,386.68755,1.6966378
9188000.0,1573.1128,5755.5614,3949.8533,250.0649,106.89119,106.89119,106.89119,5808.1092,5722.1626,5736.4124,412.78501,1.6966378
9189000.0,1524.6822,5757.9963,3888.5466,246.18358,106.89119,106.89119,106.89119,5755.2001,5794.5117,5724.2772,411.42957,1.6966378
9190000.0,1547.7475,5773.588,3972.51,251.4993,106.89119,106.89119,106.89119,5763.842,5775.9713,5780.9506,333.37563,1.6966378
9191000.0,1529.7103,5726.0886,3914.9359,247.85429,106.89119,106.89119,106.89119,5746.8957,5686.1159,5745.2542,334.06052,1.6966378
9192000.0,1531.687,5756.7612,3990.0458,252.60949,106.89119,106.89119,106.89119,5769.9049,5770.2282,5730.1506,329.90441,1.6966378
9193000.0,1523.8622,5760.4618,3955.6345,250.43091,106.89119,106.89119,106.89119,5747.3029,5816.0908,5717.9917,365.97006,1.6966378
9194000.0,1486.9917,5729.3246,3949.6164,250.04991,106.89119,106.89119,106.89119,5747.6488,5739.4202,5700.9048,357.56894,1.6966378
9195000.0,1541.0628,5722.0742,3963.2012,250.90996,106.89119,106.89119,106.89119,5745.4666,5715.2381,5705.518,354.13081,1.6966378
9196000.0,1532.0947,5744.5809,3972.9095,251.52459,106.89119,106.89119,106.89119,5722.3777,5753.9275,5757.4376,376.74833,1.6966378
9197000.0,1483.2206,5706.1467,3910.1826,247.55335,106.89119,106.89119,106.89119,5729.0819,5676.1066,5713.2517,382.70952,1.6966378
9198000.0,1599.5791,5751.6417,3853.5568,243.96838,106.89119,106.89119,106.89119,5785.9914,5727.5028,5741.4309,387.17067,1.6966378
9199000.0,1525.4362,5751.6858,3926.083,248.56001,106.89119,106.89119,106.89119,5747.6126,5709.919,5797.5258,431.13429,1.6966378
9200000.0,1538.8906,5747.5932,3962.3827,250.85814,106.89119,106.89119,106.89119,5771.5688,5763.191,5708.0199,433.97674,1.6966378
9201000.0,1561.4507,5769.2848,3929.9236,248.80315,106.89119,106.89119,106.89119,5786.1569,5779.7355,5741.962,390.84356,1.6966378
9202000.0,1505.5844,5764.1364,4000.0839,253.245,106.89119,106.89119,106.89119,5768.0812,5795.2326,5729.0954,381.2228,1.6966378
9203000.0,1507.2487,5732.2933,3963.8216,250.94924,106.89119,106.89119,106.89119,5743.2963,5751.3011,5702.2825,380.41214,1.6966378
9204000.0,1508.7432,5737.062,3946.8148,249.87254,106.89119,106.89119,106.89119,5792.7356,5733.7407,5684.7098,385.18994,1.6966378
9205000.0,1555.3772,5774.5522,3965.8958,251.08055,106.89119,106.89119,106.89119,5824.7938,5770.7006,5728.1622,339.1584,1.6966378
9206000.0,1472.455,5748.6227,3964.0611,250.9644,106.89119,106.89119,106.89119,5757.0572,5769.9612,5718.8496,346.94478,1.6966378
9207000.0,1474.989,5732.2207,3976.5176,251.75302,106.89119,106.89119,106.89119,5771.9454,5762.599,5662.1177,342.86422,1.6966378
9208000.0,1500.5054,5732.2261,3926.1183,248.56224,106.89119,106.89119,106.89119,5797.9732,5700.5296,5698.1755,341.13908,1.6966378
9209000.0,1481.0646,5729.2028,3900.0214,246.91005,106.89119,106.89119,106.89119,5812.3054,5722.2563,5653.0468,348.25665,1.6966378
9210000.0,1544.7482,5736.0581,4018.1209,254.38692,106.89119,106.89119,106.89119,5777.4309,5741.8317,5688.9117,349.15297,1.6966378
9211000.0,1551.8509,5769.3373,3985.755,252.33784,106.89119,106.89119,106.89119,5799.4008,5773.9969,5734.6143,335.14665,1.6966378
9212000.0,1493.653,5727.0532,3979.12,251.91777,106.89119,106.89119,106.89119,5747.5663,5769.2901,5664.3033,346.24144,1.6966378
9213000.0,1540.5072,5776.1283,3882.3941,245.79407,106.89119,106.89119,106.89119,5796.7045,5735.7591,5795.9213,376.4086,1.6966378
9214000.0,1568.0947,5767.365,3915.3205,247.87864,106.89119,106.89119,106.89119,5762.1487,5787.7592,5752.187,365.91879,1.6966378
9215000.0,1526.7562,5746.2074,3927.7787,248.66736,106.89119,106.89119,106.89119,5722.0531,5746.0723,5770.4969,321.93242,1.6966378
9216000.0,1490.9513,5763.8199,3991.9116,252.72761,106.89119,106.89119,106.89119,5759.0948,5786.7604,5745.6045,334.1568,1.6966378
9217000.0,1477.2951,5748.9055,3937.3638,249.27419,106.89119,106.89119,106.89119,5796.5581,5727.3056,5722.8528,331.62833,1.6966378
9218000.0,1511.9256,5746.0256,4006.4206,253.64618,106.89119,106.89119,106.89119,5716.1579,5736.4748,5785.444,357.48683,1.6966378
9219000.0,1556.3475,5765.0633,3960.8503,250.76112,106.89119,106.89119,106.89119,5791.8214,5759.0552,5744.3132,374.81782,1.6966378
9220000.0,1496.8221,5743.5764,3932.9435,248.99435,106.89119,106.89119,106.89119,5778.403,5752.8149,5699.5114,370.48353,1.6966378
9221000.0,1544.7019,5756.316,3919.2628,248.12822,106.89119,106.89119,106.89119,5721.7032,5779.6002,5767.6445,362.23743,1.6966378
9222000.0,1436.0815,5714.8212,3944.3844,249.71867,106.89119,106.89119,106.89119,5761.4052,5705.647,5677.4114,369.82637,1.6966378
9223000.0,1530.2677,5749.2249,3992.7959,252.7836,106.89119,106.89119,106.89119,5761.0536,5764.0452,5722.576,376.83657,1.6966378
9224000.0,1551.4666,5758.1077,3984.6149,252.26566,106.89119,106.89119,106.89119,5759.7924,5760.5214,5754.0092,345.98262,1.6966378
9225000.0,1536.5296,5738.1944,3940.3644,249.46416,106.89119,106.89119,106.89119,5756.5543,5784.4055,5673.6235,366.01732,1.6966378
9226000.0,1479.0752,5746.5435,3935.2916,249.14301,106.89119,106.89119,106.89119,5771.5073,5716.3213,5751.8018,369.36619,1.6966378
9227000.0,1429.4744,5736.8234,3950.6611,250.11605,106.89119,106.89119,106.89119,5773.2102,5757.6073,5679.6526,371.18758,1.6966378
9228000.0,1540.8479,5747.4036,3944.9569,249.75491,106.89119,106.89119,106.89119,5784.7425,5756.8403,5700.6281,344.80757,1.6966378
9229000.0,1534.7895,5764.194,3894.7767,246.57801,106.89119,106.89119,106.89119,5757.4113,5817.272,5717.8988,336.76658,1.6966378
9230000.0,1546.3586,5766.3597,3990.144,252.6157,106.89119,106.89119,106.89119,5811.1038,5775.3727,5712.6026,333.88649,1.6966378
9231000.0,1620.6518,5771.8612,3932.9623,248.99554,106.89119,106.89119,106.89119,5772.4937,5782.7469,5760.3431,330.2637,1.6966378
9232000.0,1512.1657,5740.278,3930.5346,248.84184,106.89119,106.89119,106.89119,5722.4915,5754.5042,5743.8383,341.47474,1.6966378
9233000.0,1483.0668,5743.7499,3943.8702,249.68611,106.89119,106.89119,106.89119,5798.9237,5746.7331,5685.5929,332.39434,1.6966378
9234000.0,1438.7137,5734.1666,4015.8097,254.2406,106.89119,106.89119,106.89119,5732.9428,5743.488,5726.0689,347.63999,1.6966378
9235000.0,1511.1779,5748.0527,3922.5208,248.33448,106.89119,106.89119,106.89119,5724.75,5776.5887,5742.8195,339.5177,1.6966378
9236000.0,1494.6502,5760.0519,3920.0254,248.1765,106.89119,106.89119,106.89119,5768.219,5778.2715,5733.665,341.58173,1.6966378
9237000.0,1514.8363,5744.6569,3953.2449,250.27963,106.89119,106.89119,106.89119,5811.4273,5705.7844,5716.759,381.29387,1.6966378
9238000.0,1535.2138,5760.6764,3978.1013,251.85329,106.89119,106.89119,106.89119,5720.0904,5778.9584,5782.9804,374.28745,1.6966378
9239000.0,1465.1177,5717.7071,3895.3003,246.61116,106.89119,106.89119,106.89119,5738.7571,5683.9573,5730.407,378.32264,1.6966378
9240000.0,1556.2659,5764.5093,3916.973,247.98326,106.89119,106.89119,106.89119,5784.9259,5751.7765,5756.8255,364.20692,1.6966378
9241000.0,1531.4383,5750.2631,3942.1858,249.57947,106.89119,106.89119,106.89119,5795.4794,5757.4113,5697.8988,356.32469,1.6966378
9242000.0,1481.0101,5743.6457,3932.5163,248.9673,106.89119,106.89119,106.89119,5797.4587,5722.1424,5711.336,358.41723,1.6966378
9243000.0,1458.7675,5716.4392,3918.8379,248.10132,106.89119,106.89119,106.89119,5753.5257,5715.603,5680.1891,366.64126,1.6966378
9244000.0,1563.815,5781.9916,3953.5784,250.30074,106.89119,106.89119,106.89119,5814.6818,5797.0995,5734.1935,409.53892,1.6966378
9245000.0,1510.9415,5741.4196,3949.2269,250.02525,106.89119,106.89119,106.89119,5747.9959,5773.6403,5702.6227,404.51974,1.6966378
9246000.0,1500.4413,5755.4919,3920.9445,248.23469,106.89119,106.89119,106.89119,5776.8395,5789.7028,5699.9333,426.44653,1.6966378
9247000.0,1531.2243,5749.4197,4044.107,256.0321,106.89119,106.89119,106.89119,5749.2142,5799.1575,5699.8874,351.11011,1.6966378
9248000.0,1635.2456,5766.0947,3930.7792,248.85732,106.89119,106.89119,106.89119,5771.5561,5792.3354,5734.3926,348.8417,1.6966378
9249000.0,1485.3467,5754.7041,3960.5782,250.7439,106.89119,106.89119,106.89119,5779.6682,5758.2182,5726.2258,342.69053,1.6966378
9250000.0,1504.7363,5733.0986,3968.9174,251.27185,106.89119,106.89119,106.89119,5698.5204,5751.9151,5748.8601,349.48742,1.6966378
9251000.0,1550.3574,5760.9297,3945.2323,249.77235,106.89119,106.89119,106.89119,5749.6312,5782.2287,5750.9292,341.36381,1.6966378
9252000.0,1642.0671,5776.3906,3972.2983,251.48589,106.89119,106.89119,106.89119,5803.1117,5794.0374,5732.0227,341.32461,1.6966378
9253000.0,1570.0029,5773.56,3996.4617,253.01568,106.89119,106.89119,106.89119,5788.8671,5839.8086,5692.0044,347.10262,1.6966378
9254000.0,1523.1975,5761.7624,3904.8524,247.2159,106.89119,106.89119,106.89119,5760.6048,5758.423,5766.2593,330.70202,1.6966378
9255000.0,1524.0473,5781.5765,3985.5303,252.32362,106.89119,106.89119,106.89119,5789.1,5739.1173,5816.5123,329.51045,1.6966378
9256000.0,1599.5083,5757.5334,4054.8047,256.70937,106.89119,106.89119,106.89119,5744.5786,5781.9531,5746.0683,336.69107,1.6966378
9257000.0,1558.4679,5751.3853,3979.6151,251.94912,106.89119,106.89119,106.89119,5814.9869,5704.771,5734.3979,334.66308,1.6966378
9258000.0,1546.7092,5735.7587,3922.0623,248.30546,106.89119,106.89119,106.89119,5760.7632,5719.8552,5726.6577,358.23669,1.6966378
9259000.0,1591.5516,5788.5755,3987.6214,252.456,106.89119,106.89119,106.89119,5844.1855,5796.0934,5725.4474,352.22465,1.6966378
9260000.0,1558.2688,5762.3006,3928.5385,248.71546,106.89119,106.89119,106.89119,5741.0429,5800.265,5745.5938,354.38325,1.6966378
9261000.0,1580.5558,5788.8178,3862.1691,244.51362,106.89119,106.89119,106.89119,5799.0122,5760.9799,5806.4613,347.02617,1.6966378
9262000.0,1490.5846,5749.4621,3920.1285,248.18303,106.89119,106.89119,106.89119,5758.8526,5787.1332,5702.4003,345.96338,1.6966378
9263000.0,1439.5936,5724.2069,3997.1608,253.05994,106.89119,106.89119,106.89119,5705.0506,5771.7513,5695.8189,356.30098,1.6966378
9264000.0,1544.3681,5783.3289,3972.9158,251.52499,106.89119,106.89119,106.89119,5816.3467,5804.0486,5729.5915,388.34934,1.6966378
9265000.0,1532.5302,5765.9654,3921.6006,248.27623,106.89119,106.89119,106.89119,5736.4381,5845.541,5715.9171,409.42152,1.6966378
9266000.0,1510.8588,5740.7412,4032.1226,255.27337,106.89119,106.89119,106.89119,5717.0117,5799.1198,5706.0921,406.22051,1.6966378
9267000.0,1529.3356,5761.5264,3904.0048,247.16224,106.89119,106.89119,106.89119,5771.8242,5786.9716,5725.7834,357.83824,1.6966378
9268000.0,1519.0663,5730.6078,3972.1782,251.47829,106.89119,106.89119,106.89119,5767.8261,5754.5849,5669.4125,371.45685,1.6966378
9269000.0,1573.6966,5776.516,3888.1068,246.15574,106.89119,106.89119,106.89119,5747.3182,5787.7385,5794.4913,373.79046,1.6966378
9270000.0,1496.7591,5727.683,3933.9053,249.05524,106.89119,106.89119,106.89119,5759.3835,5719.3308,5704.3346,373.59304,1.6966378
9271000.0,1561.3259,5747.456,3933.0161,248.99894,106.89119,106.89119,106.89119,5731.8462,5775.7728,5734.7489,402.5926,1.6966378
9272000.0,1563.5097,5755.3163,3906.6657,247.3307,106.89119,106.89119,106.89119,5756.9623,5805.3131,5703.6735,410.11385,1.6966378
9273000.0,1555.3766,5739.4154,3958.5187,250.61351,106.89119,106.89119,106.89119,5788.5392,5779.9596,5649.7474,407.66233,1.6966378
9274000.0,1562.6554,5748.6843,3899.7036,246.88993,106.89119,106.89119,106.89119,5729.7923,5769.4961,5746.7645,382.38534,1.6966378
9275000.0,1489.9765,5787.407,4043.5777,255.99859,106.89119,106.89119,106.89119,5824.7076,5783.1839,5754.3295,364.29288,1.6966378
9276000.0,1466.0431,5756.9477,3980.6217,252.01285,106.89119,106.89119,106.89119,5711.2048,5810.8161,5748.8221,350.26343,1.6966378
9277000.0,1531.5675,5763.6532,3954.0088,250.32799,106.89119,106.89119,106.89119,5778.127,5770.5858,5742.2468,356.395,1.6966378
9278000.0,1452.0072,5737.2529,3978.7788,251.89617,106.89119,106.89119,106.89119,5762.7941,5776.4021,5672.5624,393.26776,1.6966378
9279000.0,1550.2075,5742.7585,3928.0145,248.68229,106.89119,106.89119,106.89119,5752.9723,5767.1639,5708.1392,416.36242,1.6966378
9280000.0,1550.2433,5761.3581,4000.5503,253.27453,106.89119,106.89119,106.89119,5756.8713,5790.8835,5736.3195,414.77333,1.6966378
9281000.0,1529.8603,5753.3935,3978.5848,251.88389,106.89119,106.89119,106.89119,5774.3407,5761.2181,5724.6219,383.93539,1.6966378
9282000.0,1496.4879,5746.9675,4002.7085,253.41116,106.89119,106.89119,106.89119,5769.748,5760.0328,5711.1217,331.94638,1.6966378
9283000.0,1600.3181,5767.7904,3997.9321,253.10877,106.89119,106.89119,106.89119,5794.8045,5784.1606,5724.4061,345.27576,1.6966378
9284000.0,1543.9396,5745.7946,3913.5615,247.76728,106.89119,106.89119,106.89119,5750.8432,5778.1993,5708.3412,319.17325,1.6966378
9285000.0,1510.0403,5750.6472,4031.5011,255.23402,106.89119,106.89119,106.89119,5809.5038,5742.2657,5700.1719,350.43933,1.6966378
9286000.0,1454.9513,5725.0728,3907.6576,247.3935,106.89119,106.89119,106.89119,5745.9283,5740.4876,5688.8025,344.45703,1.6966378
9287000.0,1494.7415,5727.3458,3939.6094,249.41636,106.89119,106.89119,106.89119,5719.9119,5767.0384,5695.0871,342.64393,1.6966378
9288000.0,1512.4766,5727.606,3962.1607,250.84409,106.89119,106.89119,106.89119,5761.6849,5699.4789,5721.6542,341.85182,1.6966378
9289000.0,1508.6521,5728.5733,4006.3587,253.64225,106.89119,106.89119,106.89119,5756.3918,5769.3137,5660.0143,343.81701,1.6966378
9290000.0,1586.6052,5793.061,3982.3535,252.12249,106.89119,106.89119,106.89119,5831.9964,5809.2343,5737.9524,320.75875,1.6966378
9291000.0,1452.7569,5718.0877,3991.7903,252.71993,106.89119,106.89119,106.89119,5772.6604,5695.3016,5686.3012,329.82797,1.6966378
9292000.0,1498.5275,5738.5705,3872.3808,245.16012,106.89119,106.89119,106.89119,5727.4837,5766.2686,5721.9592,357.64758,1.6966378
9293000.0,1561.2771,5753.9621,3941.2933,249.52297,106.89119,106.89119,106.89119,5847.4311,5721.8014,5692.6537,344.30368,1.6966378
9294000.0,1421.5006,5708.6664,3956.146,250.4633,106.89119,106.89119,106.89119,5731.2434,5673.0609,5721.6948,343.23206,1.6966378
9295000.0,1529.9819,5727.7565,3919.2079,248.12475,106.89119,106.89119,106.89119,5741.8811,5766.8752,5674.5132,353.69243,1.6966378
9296000.0,1541.7214,5748.5886,3924.0622,248.43207,106.89119,106.89119,106.89119,5793.1374,5785.9498,5666.6785,347.46329,1.6966378
9297000.0,1562.2161,5768.6451,3948.2142,249.96113,106.89119,106.89119,106.89119,5808.8472,5705.3852,5791.7029,341.99144,1.6966378
9298000.0,1518.0709,5756.7996,3951.2894,250.15583,106.89119,106.89119,106.89119,5733.9525,5769.7516,5766.6947,364.2327,1.6966378
9299000.0,1449.6175,5724.359,3938.6587,249.35617,106.89119,106.89119,106.89119,5760.2009,5666.7907,5746.0855,377.83757,1.6966378
9300000.0,1520.2002,5739.462,3989.5737,252.5796,106.89119,106.89119,106.89119,5753.3523,5754.3243,5710.7093,376.55573,1.6966378
9301000.0,1533.8004,5743.222,3965.0705,251.0283,106.89119,106.89119,106.89119,5787.8824,5766.198,5675.5857,375.18196,1.6966378
9302000.0,1517.0247,5727.3387,4007.4292,253.71003,106.89119,106.89119,106.89119,5735.6048,5750.6914,5695.7199,379.43234,1.6966378
9303000.0,1503.6653,5742.4642,3987.7301,252.46288,106.89119,106.89119,106.89119,5694.2938,5803.6318,5729.4669,371.50643,1.6966378
9304000.0,1489.0061,5746.5155,4015.3231,254.20979,106.89119,106.89119,106.89119,5760.4647,5778.5387,5700.5432,368.69836,1.6966378
9305000.0,1567.8389,5757.6358,3968.2814,251.23159,106.89119,106.89119,106.89119,5784.3418,5804.2641,5684.3015,406.71883,1.6966378
9306000.0,1478.9715,5745.0923,3912.5461,247.70299,106.89119,106.89119,106.89119,5753.2765,5771.8266,5710.1737,428.75947,1.6966378
9307000.0,1553.5711,5768.4365,3944.02,249.6956,106.89119,106.89119,106.89119,5806.1595,5761.612,5737.538,430.59283,1.6966378
9308000.0,1598.6521,5760.2277,3966.7327,251.13354,106.89119,106.89119,106.89119,5768.5224,5801.8844,5710.2762,423.33479,1.6966378
9309000.0,1473.8001,5725.5131,4043.1906,255.97408,106.89119,106.89119,106.89119,5713.1645,5769.8987,5693.4761,319.60549,1.6966378
9310000.0,1591.4971,5768.6021,4000.019,253.24089,106.89119,106.89119,106.89119,5772.3097,5781.6108,5751.8858,319.31548,1.6966378
9311000.0,1584.6126,5769.7875,3926.8513,248.60865,106.89119,106.89119,106.89119,5775.1217,5764.9781,5769.2626,316.40081,1.6966378
9312000.0,1634.4565,5799.979,4020.8526,254.55986,106.89119,106.89119,106.89119,5903.6617,5762.5271,5733.7482,341.2325,1.6966378
9313000.0,1633.0971,5782.5249,3884.519,245.9286,106.89119,106.89119,106.89119,5812.5191,5765.4586,5769.5971,349.5118,1.6966378
9314000.0,1528.9879,5747.8735,3998.3898,253.13775,106.89119,106.89119,106.89119,5730.6412,5801.4508,5711.5284,348.09809,1.6966378
9315000.0,1554.8394,5732.4424,3965.0288,251.02567,106.89119,106.89119,106.89119,5786.1362,5751.408,5659.7832,351.87144,1.6966378
9316000.0,1497.5661,5755.3658,3985.1827,252.30161,106.89119,106.89119,106.89119,5772.5647,5719.1723,5774.3605,378.34935,1.6966378
9317000.0,1493.5716,5760.5457,3978.2468,251.8625,106.89119,106.89119,106.89119,5795.4346,5715.6937,5770.5087,379.23661,1.6966378
9318000.0,1519.9821,5729.7516,3885.7118,246.00411,106.89119,106.89119,106.89119,5809.2309,5688.6577,5691.3662,391.74572,1.6966378
9319000.0,1488.2133,5737.1447,3917.0913,247.99075,106.89119,106.89119,106.89119,5785.6406,5764.6122,5661.1814,412.76676,1.6966378
9320000.0,1564.1917,5774.895,3983.9341,252.22256,106.89119,106.89119,106.89119,5812.0925,5742.4573,5770.1351,430.06411,1.6966378
9321000.0,1509.0936,5759.5059,3948.3033,249.96677,106.89119,106.89119,106.89119,5822.7636,5737.5774,5718.1767,433.81997,1.6966378
9322000.0,1562.8289,5781.3207,3953.1857,250.27588,106.89119,106.89119,106.89119,5846.9749,5751.1044,5745.8828,407.02475,1.6966378
9323000.0,1490.9105,5758.4324,3939.1432,249.38685,106.89119,106.89119,106.89119,5778.3024,5753.5379,5743.457,339.19407,1.6966378
9324000.0,1556.0011,5754.2861,3880.3559,245.66503,106.89119,106.89119,106.89119,5801.4701,5734.1716,5727.2166,344.54902,1.6966378
9325000.0,1508.4918,5736.1974,3943.4603,249.66017,106.89119,106.89119,106.89119,5748.6654,5687.9789,5771.948,342.39401,1.6966378
9326000.0,1514.3977,5753.3506,3962.936,250.89317,106.89119,106.89119,106.89119,5785.4733,5756.0571,5718.5214,368.49921,1.6966378
9327000.0,1525.9564,5763.2486,3968.1004,251.22013,106.89119,106.89119,106.89119,5760.7923,5741.1919,5787.7615,379.70587,1.6966378
9328000.0,1570.2371,5742.6269,3893.9982,246.52873,106.89119,106.89119,106.89119,5730.5556,5773.3897,5723.9354,393.42702,1.6966378
9329000.0,1480.7849,5735.0018,4006.0026,253.61971,106.89119,106.89119,106.89119,5716.4946,5773.8517,5714.659,376.61656,1.6966378
9330000.0,1476.9981,5736.2088,3983.7885,252.21334,106.89119,106.89119,106.89119,5797.8445,5707.5363,5703.2456,378.59767,1.6966378
9331000.0,1493.4322,5741.8774,3964.704,251.0051,106.89119,106.89119,106.89119,5750.9706,5761.6088,5713.0527,387.01958,1.6966378
9332000.0,1565.1021,5769.1229,3983.8474,252.21707,106.89119,106.89119,106.89119,5848.5839,5651.3553,5807.4294,394.72504,1.6966378
9333000.0,1624.0139,5800.8648,3915.193,247.87057,106.89119,106.89119,106.89119,5828.9659,5743.7614,5829.8671,410.43972,1.6966378
9334000.0,1520.754,5748.6449,3986.0392,252.35583,106.89119,106.89119,106.89119,5797.6243,5718.0663,5730.244,429.56015,1.6966378
9335000.0,1488.2167,5725.7817,3917.1855,247.99671,106.89119,106.89119,106.89119,5745.0733,5713.6157,5718.656,439.07144,1.6966378
9336000.0,1588.0146,5739.2672,3873.7711,245.24815,106.89119,106.89119,106.89119,5770.4705,5685.967,5761.3642,434.30482,1.6966378
9337000.0,1499.0898,5738.2137,3946.1255,249.8289,106.89119,106.89119,106.89119,5789.8604,5723.5194,5701.2612,348.55205,1.6966378
9338000.0,1527.4338,5737.4103,3869.959,245.00681,106.89119,106.89119,106.89119,5763.4289,5721.2996,5727.5023,358.33845,1.6966378
9339000.0,1526.0792,5746.2023,3928.2399,248.69656,106.89119,106.89119,106.89119,5793.4314,5687.851,5757.3246,372.96956,1.6966378
9340000.0,1540.8708,5761.4035,4012.0868,254.0049,106.89119,106.89119,106.89119,5770.1183,5803.6254,5710.4667,367.13976,1.6966378
9341000.0,1447.9311,5714.9984,3927.4622,248.64732,106.89119,106.89119,106.89119,5716.9688,5767.2742,5660.7522,418.91878,1.6966378
9342000.0,1570.3886,5773.3415,3916.7451,247.96883,106.89119,106.89119,106.89119,5767.2576,5789.8206,5762.9462,425.55957,1.6966378
9343000.0,1506.3828,5729.5943,3886.392,246.04717,106.89119,106.89119,106.89119,5725.3645,5701.3059,5762.1125,426.99314,1.6966378
9344000.0,1414.3577,5715.2819,3935.6287,249.16434,106.89119,106.89119,106.89119,5773.5277,5700.1121,5672.2058,362.64438,1.6966378
9345000.0,1510.4517,5751.8212,3898.6229,246.82151,106.89119,106.89119,106.89119,5751.2293,5775.2675,5728.9668,318.98923,1.6966378
9346000.0,1433.3604,5733.1871,3916.3685,247.94498,106.89119,106.89119,106.89119,5754.4087,5757.8793,5687.2734,329.07171,1.6966378
9347000.0,1559.498,5746.7368,3981.1192,252.04434,106.89119,106.89119,106.89119,5768.0353,5707.3727,5764.8023,328.80293,1.6966378
9348000.0,1551.6942,5760.0011,3984.1664,252.23726,106.89119,106.89119,106.89119,5763.5197,5745.8473,5770.6363,348.02258,1.6966378
9349000.0,1436.3737,5709.623,3878.7019,245.56031,106.89119,106.89119,106.89119,5740.78,5690.2206,5697.8684,353.14626,1.6966378
9350000.0,1469.7476,5721.3413,3960.5653,250.74308,106.89119,106.89119,106.89119,5763.3919,5726.0411,5674.5908,340.59926,1.6966378
9351000.0,1568.8399,5759.0342,3955.4756,250.42085,106.89119,106.89119,106.89119,5801.0271,5750.9779,5725.0975,349.83088,1.6966378
9352000.0,1444.5583,5734.1244,3930.1105,248.81499,106.89119,106.89119,106.89119,5734.5963,5711.7214,5756.0556,333.62919,1.6966378
9353000.0,1572.3836,5772.6427,3996.7374,253.03313,106.89119,106.89119,106.89119,5735.2385,5773.0079,5809.6818,319.82218,1.6966378
9354000.0,1502.9993,5728.7663,3870.155,245.01921,106.89119,106.89119,106.89119,5767.8846,5680.7623,5737.652,346.88062,1.6966378
9355000.0,1443.9667,5731.0356,3984.2332,252.24149,106.89119,106.89119,106.89119,5699.9865,5756.2652,5736.855,354.86693,1.6966378
9356000.0,1504.0931,5751.4624,3948.4854,249.9783,106.89119,106.89119,106.89119,5722.5781,5748.6606,5783.1485,351.82004,1.6966378
9357000.0,1442.6896,5721.0397,3970.0356,251.34264,106.89119,106.89119,106.89119,5739.7389,5667.9893,5755.3908,315.12721,1.6966378
9358000.0,1534.2925,5743.3906,3909.5212,247.51148,106.89119,106.89119,106.89119,5766.3523,5709.9998,5753.8198,322.75617,1.6966378
9359000.0,1480.9273,5727.4689,3884.155,245.90555,106.89119,106.89119,106.89119,5787.3195,5704.1842,5690.9031,341.38999,1.6966378
9360000.0,1530.0922,5737.1549,3907.8847,247.40788,106.89119,106.89119,106.89119,5733.803,5769.6556,5708.0061,328.81212,1.6966378
9361000.0,1582.8841,5763.3871,3931.1457,248.88053,106.89119,106.89119,106.89119,5805.0276,5796.4014,5688.7321,338.52365,1.6966378
9362000.0,1482.7724,5745.9917,3933.3008,249.01697,106.89119,106.89119,106.89119,5731.8836,5741.4837,5764.6077,369.26553,1.6966378
9363000.0,1578.1098,5762.8197,3944.1506,249.70387,106.89119,106.89119,106.89119,5772.4427,5736.4122,5779.6042,360.39676,1.6966378
9364000.0,1459.9892,5747.6321,3976.2625,251.73687,106.89119,106.89119,106.89119,5783.8762,5730.0032,5729.0168,384.37956,1.6966378
9365000.0,1470.6189,5730.7869,4025.6284,254.86222,106.89119,106.89119,106.89119,5702.278,5784.6623,5705.4205,379.32752,1.6966378
9366000.0,1520.3846,5729.0663,3926.9984,248.61796,106.89119,106.89119,106.89119,5718.1823,5809.5748,5659.4419,364.74744,1.6966378
9367000.0,1523.3107,5732.2904,3921.0594,248.24196,106.89119,106.89119,106.89119,5713.8009,5781.9327,5701.1376,392.19333,1.6966378
9368000.0,1486.2824,5742.9169,3915.8318,247.91101,106.89119,106.89119,106.89119,5714.609,5765.8992,5748.2425,385.3417,1.6966378
9369000.0,1505.3176,5738.3964,3941.0975,249.51057,106.89119,106.89119,106.89119,5759.2403,5779.9632,5675.9856,390.87042,1.6966378
9370000.0,1501.4347,5748.8589,4003.8681,253.48458,106.89119,106.89119,106.89119,5831.6751,5741.9893,5672.9122,343.80246,1.6966378
9371000.0,1523.5985,5766.5912,3994.9322,252.91885,106.89119,106.89119,106.89119,5796.5982,5804.5877,5698.5876,338.61323,1.6966378
9372000.0,1552.8532,5759.7965,4021.4656,254.59867,106.89119,106.89119,106.89119,5799.8404,5779.4333,5700.1157,321.10821,1.6966378
9373000.0,1541.4026,5758.0786,3922.2716,248.31871,106.89119,106.89119,106.89119,5785.0664,5725.8997,5763.2696,334.667,1.6966378
9374000.0,1518.0824,5744.0514,3917.7732,248.03392,106.89119,106.89119,106.89119,5786.0629,5746.6045,5699.4866,353.37629,1.6966378
9375000.0,1493.9381,5742.0831,3961.1213,250.77828,106.89119,106.89119,106.89119,5765.2728,5755.3999,5705.5767,381.24853,1.6966378
9376000.0,1542.7649,5724.1813,3921.9501,248.29836,106.89119,106.89119,106.89119,5769.4971,5679.3123,5723.7344,360.94075,1.6966378
9377000.0,1492.8703,5747.7325,3989.0934,252.54919,106.89119,106.89119,106.89119,5829.5545,5732.3278,5681.3153,359.46697,1.6966378
9378000.0,1461.1141,5743.0536,4072.7745,257.84703,106.89119,106.89119,106.89119,5851.6573,5710.4461,5667.0573,372.22162,1.6966378
9379000.0,1518.5035,5691.4336,3914.0725,247.79962,106.89119,106.89119,106.89119,5746.6127,5664.5177,5663.1704,372.54297,1.6966378
9380000.0,1588.0897,5759.5571,3967.0189,251.15166,106.89119,106.89119,106.89119,5800.1516,5778.1923,5700.3273,386.26491,1.6966378
9381000.0,1530.2889,5759.9838,3977.356,251.8061,106.89119,106.89119,106.89119,5780.7526,5772.9649,5726.2339,426.14215,1.6966378
9382000.0,1496.9276,5736.7214,3879.6003,245.61719,106.89119,106.89119,106.89119,5773.275,5748.1873,5688.7019,431.28611,1.6966378
9383000.0,1494.3993,5741.4861,3984.4631,252.25605,106.89119,106.89119,106.89119,5742.1784,5760.8718,5721.4082,418.47801,1.6966378
9384000.0,1650.6827,5785.2146,3882.431,245.7964,106.89119,106.89119,106.89119,5820.7091,5780.2076,5754.7271,365.97708,1.6966378
9385000.0,1522.1013,5745.733,3928.1332,248.68981,106.89119,106.89119,106.89119,5782.078,5738.5479,5716.5731,337.57154,1.6966378
9386000.0,1559.0093,5757.7775,3932.4518,248.96321,106.89119,106.89119,106.89119,5780.3152,5727.5546,5765.4628,330.07127,1.6966378
9387000.0,1520.1196,5746.4574,3921.9347,248.29738,106.89119,106.89119,106.89119,5771.5668,5749.9263,5717.8791,344.12273,1.6966378
9388000.0,1490.0678,5717.7141,3929.1942,248.75698,106.89119,106.89119,106.89119,5743.2479,5727.1703,5682.7241,347.71815,1.6966378
9389000.0,1470.3403,5742.3426,3932.6225,248.97402,106.89119,106.89119,106.89119,5763.1818,5718.8338,5745.0122,348.73369,1.6966378
9390000.0,1466.2615,5717.9124,3979.6272,251.94989,106.89119,106.89119,106.89119,5770.5143,5655.2687,5727.9541,338.62645,1.6966378
9391000.0,1476.6147,5769.3526,3934.8607,249.11572,106.89119,106.89119,106.89119,5827.7953,5747.9717,5732.2908,350.14153,1.6966378
9392000.0,1525.3283,5779.8845,3938.3784,249.33843,106.89119,106.89119,106.89119,5818.8715,5744.7994,5775.9826,348.94251,1.6966378
9393000.0,1479.7432,5750.3301,4041.6612,255.87725,106.89119,106.89119,106.89119,5725.5133,5806.089,5719.3878,348.56602,1.6966378
9394000.0,1491.5376,5720.867,3954.509,250.35966,106.89119,106.89119,106.89119,5743.9764,5713.7554,5704.8692,373.60264,1.6966378
9395000.0,1524.3206,5737.9039,3943.1446,249.64018,106.89119,106.89119,106.89119,5762.6374,5729.8444,5721.2301,383.8557,1.6966378
9396000.0,1587.0096,5747.5601,3901.404,246.99759,106.89119,106.89119,106.89119,5794.613,5765.494,5682.5733,387.94039,1.6966378
9397000.0,1439.8497,5727.5944,3923.6262,248.40447,106.89119,106.89119,106.89119,5772.305,5715.7322,5694.7461,363.23716,1.6966378
9398000.0,1509.7286,5757.0544,4075.2673,258.00485,106.89119,106.89119,106.89119,5768.3556,5766.6118,5736.1956,330.02809,1.6966378
9399000.0,1533.8505,5774.9066,3986.1389,252.36214,106.89119,106.89119,106.89119,5823.3094,5798.7017,5702.7088,340.80811,1.6966378
9400000.0,1481.5088,5741.8682,3997.1662,253.06028,106.89119,106.89119,106.89119,5794.6785,5778.8536,5652.0725,339.597,1.6966378
9401000.0,1583.9886,5775.7566,3917.9736,248.04661,106.89119,106.89119,106.89119,5819.7887,5756.3155,5751.1655,380.49333,1.6966378
9402000.0,1567.3878,5773.5706,4026.3797,254.90978,106.89119,106.89119,106.89119,5791.8391,5764.569,5764.3038,377.35627,1.6966378
9403000.0,1505.0124,5755.1983,3906.3233,247.30902,106.89119,106.89119,106.89119,5828.7348,5740.6234,5696.2366,385.17709,1.6966378
9404000.0,1565.3924,5753.4332,3892.284,246.42019,106.89119,106.89119,106.89119,5798.8083,5739.2534,5722.2378,355.85126,1.6966378
9405000.0,1530.4716,5755.371,3977.3302,251.80446,106.89119,106.89119,106.89119,5826.9399,5741.3256,5697.8474,358.83168,1.6966378
9406000.0,1499.2074,5747.9644,3987.1417,252.42563,106.89119,106.89119,106.89119,5774.4883,5779.9767,5689.4282,337.37248,1.6966378
9407000.0,1511.6815,5738.1827,3898.9369,246.84139,106.89119,106.89119,106.89119,5766.8339,5771.5599,5676.1544,349.1957,1.6966378
9408000.0,1458.8842,5735.9127,3883.8693,245.88746,106.89119,106.89119,106.89119,5795.0099,5652.2622,5760.466,373.58707,1.6966378
9409000.0,1476.9847,5718.0333,3940.6751,249.48383,106.89119,106.89119,106.89119,5790.52,5681.3808,5682.1991,374.26824,1.6966378
9410000.0,1493.2332,5735.6032,3955.4232,250.41753,106.89119,106.89119,106.89119,5765.3667,5714.6989,5726.7439,386.34763,1.6966378
9411000.0,1506.0036,5729.9773,3958.435,250.60821,106.89119,106.89119,106.89119,5750.3753,5735.8793,5703.6773,345.65517,1.6966378
9412000.0,1485.6646,5734.0876,4009.8719,253.86468,106.89119,106.89119,106.89119,5751.5034,5744.9636,5705.7957,342.00963,1.6966378
9413000.0,1466.7598,5745.2842,3972.3797,251.49105,106.89119,106.89119,106.89119,5782.0868,5722.8649,5730.9011,347.3827,1.6966378
9414000.0,1544.908,5736.6712,3933.5883,249.03517,106.89119,106.89119,106.89119,5761.9161,5733.7238,5714.3736,373.33766,1.6966378
9415000.0,1548.661,5746.2121,3919.7372,248.15826,106.89119,106.89119,106.89119,5748.8665,5735.824,5753.9458,392.43082,1.6966378
9416000.0,1542.6463,5762.9084,4009.9937,253.87239,106.89119,106.89119,106.89119,5779.5028,5721.1296,5788.0928,389.54556,1.6966378
9417000.0,1463.2944,5742.4773,3899.5825,246.88227,106.89119,106.89119,106.89119,5771.0758,5739.6235,5716.7327,391.22445,1.6966378
9418000.0,1553.2814,5760.2547,3962.7207,250.87954,106.89119,106.89119,106.89119,5787.7285,5776.5568,5716.4786,307.16721,1.6966378
9419000.0,1446.121,5703.1876,3957.2233,250.5315,106.89119,106.89119,106.89119,5735.2718,5735.2209,5639.0701,331.74376,1.6966378
9420000.0,1474.5185,5731.271,3933.941,249.0575,106.89119,106.89119,106.89119,5781.7036,5750.3902,5661.7193,334.04711,1.6966378
9421000.0,1557.8196,5746.4261,3879.3911,245.60395,106.89119,106.89119,106.89119,5775.7322,5725.3132,5738.2329,334.54936,1.6966378
9422000.0,1527.7333,5753.4096,4004.4621,253.52218,106.89119,106.89119,106.89119,5846.6884,5717.4037,5696.1367,337.46915,1.6966378
9423000.0,1523.3621,5737.5529,3984.9054,252.28405,106.89119,106.89119,106.89119,5785.6464,5707.6632,5719.3492,344.28232,1.6966378
9424000.0,1521.5548,5747.5879,4018.6677,254.42154,106.89119,106.89119,106.89119,5790.1885,5765.1999,5687.3755,359.27819,1.6966378
9425000.0,1529.1563,5707.5496,3926.0398,248.55727,106.89119,106.89119,106.89119,5765.7787,5661.6215,5695.2487,372.03912,1.6966378
9426000.0,1593.68,5768.0298,3919.866,248.16641,106.89119,106.89119,106.89119,5798.4491,5754.81,5750.8303,369.38519,1.6966378
9427000.0,1448.8161,5723.1523,3927.6231,248.65751,106.89119,106.89119,106.89119,5753.885,5694.3962,5721.1756,373.14059,1.6966378
9428000.0,1487.9058,5719.9333,3931.4151,248.89758,106.89119,106.89119,106.89119,5772.886,5680.893,5706.021,438.43552,1.6966378
9429000.0,1505.0023,5747.532,3867.4743,244.84949,106.89119,106.89119,106.89119,5759.45,5744.1693,5738.9767,439.99202,1.6966378
9430000.0,1499.411,5741.5177,3933.2149,249.01153,106.89119,106.89119,106.89119,5804.3421,5772.5456,5647.6654,438.38428,1.6966378
9431000.0,1461.7495,5735.7299,3932.6001,248.9726,106.89119,106.89119,106.89119,5818.5873,5732.058,5656.5445,405.76359,1.6966378
9432000.0,1512.75,5741.9289,3909.4095,247.50441,106.89119,106.89119,106.89119,5845.5183,5692.4789,5687.7895,360.41626,1.6966378
9433000.0,1444.9268,5721.3403,3995.5501,252.95796,106.89119,106.89119,106.89119,5773.3344,5722.0913,5668.5953,359.67679,1.6966378
9434000.0,1607.7325,5736.8722,3893.8739,246.52085,106.89119,106.89119,106.89119,5843.4745,5694.8765,5672.2655,364.03005,1.6966378
9435000.0,1557.5062,5745.2689,3984.5403,252.26093,106.89119,106.89119,106.89119,5790.9055,5770.7841,5674.1172,405.98865,1.6966378
9436000.0,1482.1926,5732.2038,4005.83,253.60878,106.89119,106.89119,106.89119,5751.6059,5732.5046,5712.5009,418.10099,1.6966378
9437000.0,1481.1866,5725.6536,4005.2401,253.57144,106.89119,106.89119,106.89119,5745.048,5747.8434,5684.0694,416.05399,1.6966378
9438000.0,1508.9968,5728.689,3980.4061,251.9992,106.89119,106.89119,106.89119,5727.2452,5737.5304,5721.2916,403.37593,1.6966378
9439000.0,1500.4478,5754.2165,3854.0704,244.0009,106.89119,106.89119,106.89119,5772.4379,5695.5766,5794.635,329.75698,1.6966378
9440000.0,1434.4874,5719.1093,4040.5732,255.80837,106.89119,106.89119,106.89119,5726.7662,5769.1269,5661.4347,317.96459,1.6966378
9441000.0,1530.5239,5770.229,3978.7643,251.89526,106.89119,106.89119,106.89119,5787.3103,5769.9368,5753.44,316.20892,1.6966378
9442000.0,1539.0514,5767.9383,3943.5105,249.66334,106.89119,106.89119,106.89119,5834.2725,5731.6143,5737.928,345.16131,1.6966378
9443000.0,1514.0191,5735.6189,3961.5974,250.80842,106.89119,106.89119,106.89119,5744.4027,5724.1624,5738.2915,347.83342,1.6966378
9444000.0,1498.2986,5759.7834,3887.4473,246.11399,106.89119,106.89119,106.89119,5776.8504,5760.2472,5742.2526,343.94843,1.6966378
9445000.0,1480.4776,5737.7364,3918.4311,248.07557,106.89119,106.89119,106.89119,5787.8111,5681.8357,5743.5625,337.94536,1.6966378
9446000.0,1535.5796,5744.3036,3991.5479,252.70459,106.89119,106.89119,106.89119,5768.8897,5767.3213,5696.6998,330.82411,1.6966378
9447000.0,1432.3616,5719.4049,3979.7693,251.95888,106.89119,106.89119,106.89119,5733.4487,5734.8653,5689.9007,340.40167,1.6966378
9448000.0,1566.1077,5745.2622,3937.5307,249.28476,106.89119,106.89119,106.89119,5803.257,5688.8618,5743.6678,344.42794,1.6966378
9449000.0,1547.5544,5739.5146,3929.9493,248.80478,106.89119,106.89119,106.89119,5773.8946,5736.6135,5708.0358,348.99598,1.6966378
9450000.0,1485.669,5725.2619,3998.8411,253.16632,106.89119,106.89119,106.89119,5842.0209,5664.217,5669.5479,350.3448,1.6966378
9451000.0,1472.8438,5742.1795,3905.905,247.28254,106.89119,106.89119,106.89119,5786.3284,5730.5364,5709.6736,322.70447,1.6966378
9452000.0,1530.3569,5754.8846,3915.3406,247.87991,106.89119,106.89119,106.89119,5765.1636,5740.5804,5758.9098,341.78018,1.6966378
9453000.0,1609.3841,5762.1693,3980.6616,252.01538,106.89119,106.89119,106.89119,5805.5106,5763.3552,5717.6421,327.20753,1.6966378
9454000.0,1503.4703,5745.4684,3955.119,250.39828,106.89119,106.89119,106.89119,5759.1603,5766.0922,5711.1527,335.99236,1.6966378
9455000.0,1521.565,5747.6362,3961.4142,250.79682,106.89119,106.89119,106.89119,5805.6328,5755.1167,5682.1591,367.45167,1.6966378
9456000.0,1518.1798,5744.6195,3967.6778,251.19338,106.89119,106.89119,106.89119,5799.3943,5728.6372,5705.8271,364.9147,1.6966378
9457000.0,1509.9757,5733.7272,3881.4112,245.73184,106.89119,106.89119,106.89119,5739.6951,5728.2301,5733.2564,355.52903,1.6966378
9458000.0,1410.1442,5726.874,4030.9561,255.19952,106.89119,106.89119,106.89119,5735.7069,5767.5351,5677.38,352.17317,1.6966378
9459000.0,1521.193,5727.302,3949.9668,250.07209,106.89119,106.89119,106.89119,5691.0388,5785.8634,5705.0039,364.27829,1.6966378
9460000.0,1501.3406,5730.7599,3891.9675,246.40016,106.89119,106.89119,106.89119,5747.187,5719.8814,5725.2111,367.4155,1.6966378
9461000.0,1551.4655,5742.6987,4020.0281,254.50766,106.89119,106.89119,106.89119,5778.1803,5681.4098,5768.5059,387.57753,1.6966378
9462000.0,1521.4157,5734.324,4036.0103,255.5195,106.89119,106.89119,106.89119,5713.194,5826.3271,5663.4507,418.86472,1.6966378
9463000.0,1481.3441,5753.4865,3898.1696,246.79281,106.89119,106.89119,106.89119,5754.1561,5703.7701,5802.5334,416.57626,1.6966378
9464000.0,1521.0139,5731.4711,3899.7228,246.89115,106.89119,106.89119,106.89119,5730.0149,5761.9842,5702.4143,410.93976,1.6966378
9465000.0,1522.547,5764.8434,4008.9033,253.80335,106.89119,106.89119,106.89119,5733.9376,5818.1252,5742.4675,374.11194,1.6966378
9466000.0,1502.0954,5728.1629,3932.9063,248.99199,106.89119,106.89119,106.89119,5733.0804,5733.5466,5717.8616,374.71821,1.6966378
9467000.0,1492.4081,5740.6648,3899.988,246.90793,106.89119,106.89119,106.89119,5774.5499,5731.1135,5716.331,324.97143,1.6966378
9468000.0,1489.4203,5739.4697,3932.4549,248.96341,106.89119,106.89119,106.89119,5739.9108,5790.3216,5688.1766,329.0971,1.6966378
9469000.0,1487.8161,5744.1679,3958.799,250.63125,106.89119,106.89119,106.89119,5792.9369,5735.5261,5704.0406,355.57835,1.6966378
9470000.0,1508.3482,5756.8894,3927.8538,248.67212,106.89119,106.89119,106.89119,5798.9452,5720.6823,5751.0407,359.40607,1.6966378
9471000.0,1510.7964,5727.877,3956.8446,250.50752,106.89119,106.89119,106.89119,5741.7425,5682.9462,5758.9423,346.31085,1.6966378
9472000.0,1462.7662,5726.8443,3935.8685,249.17953,106.89119,106.89119,106.89119,5698.7017,5769.7464,5712.0847,343.79282,1.6966378
9473000.0,1446.7877,5679.3865,3926.8083,248.60593,106.89119,106.89119,106.89119,5764.5501,5663.794,5609.8155,352.47491,1.6966378
9474000.0,1424.9937,5733.8453,3951.9742,250.19918,106.89119,106.89119,106.89119,5772.6225,5728.9591,5699.9545,345.41915,1.6966378
9475000.0,1557.8795,5756.3353,3947.6949,249.92826,106.89119,106.89119,106.89119,5814.5039,5768.3913,5686.1107,365.32705,1.6966378
9476000.0,1560.779,5743.9683,3918.725,248.09418,106.89119,106.89119,106.89119,5789.6064,5737.6155,5704.6831,379.98771,1.6966378
9477000.0,1463.1268,5744.8904,3941.9822,249.56658,106.89119,106.89119,106.89119,5812.3772,5732.7616,5689.5325,383.21129,1.6966378
9478000.0,1520.9363,5741.4168,3935.009,249.12511,106.89119,106.89119,106.89119,5725.891,5795.312,5703.0472,365.70848,1.6966378
9479000.0,1558.5001,5737.2707,3937.9725,249.31273,106.89119,106.89119,106.89119,5751.2851,5774.6806,5685.8465,326.25432,1.6966378
9480000.0,1527.7029,5735.4169,3990.9241,252.66509,106.89119,106.89119,106.89119,5772.2188,5698.2329,5735.799,330.24816,1.6966378
9481000.0,1455.7945,5706.5906,3881.5025,245.73762,106.89119,106.89119,106.89119,5728.4439,5746.7842,5644.5437,321.63698,1.6966378
9482000.0,1554.9295,5755.6317,3876.3501,245.41142,106.89119,106.89119,106.89119,5771.2776,5732.4411,5763.1765,366.04727,1.6966378
9483000.0,1500.6619,5737.6028,3949.3509,250.0331,106.89119,106.89119,106.89119,5765.6337,5752.7289,5694.4457,372.83534,1.6966378
9484000.0,1526.7247,5721.0117,3910.2697,247.55887,106.89119,106.89119,106.89119,5767.5781,5735.3507,5660.1062,369.03335,1.6966378
9485000.0,1484.9894,5747.8211,3988.2808,252.49774,106.89119,106.89119,106.89119,5818.4801,5700.2413,5724.7421,338.60634,1.6966378
9486000.0,1491.3814,5754.4717,3901.5533,247.00704,106.89119,106.89119,106.89119,5804.5822,5750.3166,5708.5164,322.26896,1.6966378
9487000.0,1585.6382,5753.5667,3872.5227,245.16911,106.89119,106.89119,106.89119,5818.0415,5715.5487,5727.1098,333.08067,1.6966378
9488000.0,1580.8609,5751.9716,3979.0199,251.91144,106.89119,106.89119,106.89119,5831.1295,5726.5135,5698.2718,334.0564,1.6966378
9489000.0,1456.2872,5738.5338,4072.346,257.81991,106.89119,106.89119,106.89119,5761.3185,5749.0791,5705.2039,355.37428,1.6966378
9490000.0,1569.7037,5740.1172,3948.7402,249.99443,106.89119,106.89119,106.89119,5701.3185,5826.0136,5693.0194,360.37478,1.6966378
9491000.0,1532.4913,5760.8592,3907.313,247.37168,106.89119,106.89119,106.89119,5817.9548,5753.8155,5710.8073,342.81186,1.6966378
9492000.0,1483.8167,5738.0799,4037.3177,255.60227,106.89119,106.89119,106.89119,5753.9731,5751.4615,5708.8052,334.30653,1.6966378
9493000.0,1435.857,5699.3938,3917.9377,248.04433,106.89119,106.89119,106.89119,5681.8388,5740.8544,5675.4883,340.7679,1.6966378
9494000.0,1479.4595,5733.8764,3916.9204,247.97993,106.89119,106.89119,106.89119,5785.6632,5706.7358,5709.2303,332.96864,1.6966378
9495000.0,1498.5438,5750.7227,3899.8362,246.89832,106.89119,106.89119,106.89119,5784.7975,5739.2933,5728.0774,370.19932,1.6966378
9496000.0,1504.2953,5761.0452,3971.043,251.40642,106.89119,106.89119,106.89119,5802.9245,5765.2875,5714.9236,373.78468,1.6966378
9497000.0,1517.677,5740.3017,3941.9465,249.56433,106.89119,106.89119,106.89119,5819.8136,5725.2065,5675.885,363.67761,1.6966378
9498000.0,1576.0869,5770.4209,3903.5798,247.13534,106.89119,106.89119,106.89119,5845.6711,5774.8533,5690.7384,352.20948,1.6966378
9499000.0,1452.2606,5724.6907,3943.0333,249.63313,106.89119,106.89119,106.89119,5727.8119,5735.337,5710.9231,360.61539,1.6966378
9500000.0,1498.1657,5741.3321,3969.4256,251.30403,106.89119,106.89119,106.89119,5804.9903,5724.3905,5694.6157,362.28472,1.6966378
9501000.0,1526.3201,5729.5643,3928.7793,248.73071,106.89119,106.89119,106.89119,5726.8433,5725.6362,5736.2135,383.08748,1.6966378
9502000.0,1507.7979,5737.8098,3952.0258,250.20245,106.89119,106.89119,106.89119,5782.1072,5711.4205,5719.9017,410.12033,1.6966378
9503000.0,1546.4864,5751.1953,3897.7829,246.76833,106.89119,106.89119,106.89119,5772.0408,5757.5401,5724.0049,409.86911,1.6966378
9504000.0,1459.4895,5748.5145,3872.9139,245.19387,106.89119,106.89119,106.89119,5749.0396,5731.164,5765.3398,408.52702,1.6966378
9505000.0,1589.511,5760.6972,3903.9914,247.16139,106.89119,106.89119,106.89119,5779.2822,5835.0895,5667.7198,360.9876,1.6966378
9506000.0,1484.3659,5732.9087,3970.5985,251.37828,106.89119,106.89119,106.89119,5704.5814,5773.3729,5720.7718,345.25714,1.6966378
9507000.0,1502.4925,5725.7038,3982.5913,252.13754,106.89119,106.89119,106.89119,5717.118,5726.0929,5733.9004,350.39702,1.6966378
9508000.0,1481.0222,5742.0328,3957.7879,250.56725,106.89119,106.89119,106.89119,5751.9313,5748.9884,5725.1789,352.11359,1.6966378
9509000.0,1556.6578,5760.4854,3935.3536,249.14693,106.89119,106.89119,106.89119,5780.1409,5796.6477,5704.6676,384.0278,1.6966378
9510000.0,1524.9202,5739.2714,3903.8601,247.15308,106.89119,106.89119,106.89119,5766.3885,5723.1237,5728.3019,377.73812,1.6966378
9511000.0,1530.2345,5755.322,3935.0643,249.12862,106.89119,106.89119,106.89119,5845.5352,5737.9914,5682.4396,379.22305,1.6966378
9512000.0,1512.1246,5748.707,3972.7042,251.51159,106.89119,106.89119,106.89119,5823.7223,5715.0006,5707.3982,335.17262,1.6966378
9513000.0,1555.2974,5764.25,4007.544,253.7173,106.89119,106.89119,106.89119,5771.2445,5792.9748,5728.5307,322.21374,1.6966378
9514000.0,1509.4872,5725.0354,3978.1772,251.85809,106.89119,106.89119,106.89119,5721.5315,5721.8769,5731.6979,309.0308,1.6966378
9515000.0,1500.5629,5724.6688,3938.4984,249.34603,106.89119,106.89119,106.89119,5702.0423,5727.5573,5744.4068,345.52588,1.6966378
9516000.0,1526.5579,5755.2101,3958.1624,250.59095,106.89119,106.89119,106.89119,5795.2104,5757.9397,5712.4802,354.73259,1.6966378
9517000.0,1523.693,5753.8778,3962.5949,250.87157,106.89119,106.89119,106.89119,5799.8318,5741.3557,5720.4458,355.65695,1.6966378
9518000.0,1535.6206,5762.3958,3950.0385,250.07663,106.89119,106.89119,106.89119,5790.65,5757.6028,5738.9346,336.52191,1.6966378
9519000.0,1505.4673,5746.4161,4003.6,253.46761,106.89119,106.89119,106.89119,5811.9323,5720.862,5706.4541,348.65927,1.6966378
9520000.0,1536.1114,5713.8834,3915.478,247.88861,106.89119,106.89119,106.89119,5775.007,5650.467,5716.1762,351.95057,1.6966378
9521000.0,1506.4781,5744.7631,3909.0277,247.48024,106.89119,106.89119,106.89119,5738.3254,5751.6195,5744.3445,356.19027,1.6966378
9522000.0,1553.9397,5740.546,3886.9782,246.08428,106.89119,106.89119,106.89119,5742.9629,5738.0618,5740.6132,392.60339,1.6966378
9523000.0,1576.3566,5777.4625,4013.2942,254.08134,106.89119,106.89119,106.89119,5816.2861,5737.3525,5778.749,402.78112,1.6966378
9524000.0,1536.3826,5757.6267,3946.2076,249.83409,106.89119,106.89119,106.89119,5779.6129,5771.0101,5722.257,397.0036,1.6966378
9525000.0,1563.1461,5749.8636,3957.6687,250.5597,106.89119,106.89119,106.89119,5780.3893,5760.785,5708.4166,358.89329,1.6966378
9526000.0,1528.8561,5723.4709,3938.9638,249.37549,106.89119,106.89119,106.89119,5730.9426,5672.4467,5767.0234,330.02659,1.6966378
9527000.0,1514.9849,5746.0736,3901.2873,246.99019,106.89119,106.89119,106.89119,5754.1746,5747.4708,5736.5754,328.58847,1.6966378
9528000.0,1514.3801,5738.0584,4009.1809,253.82093,106.89119,106.89119,106.89119,5772.4,5730.5356,5711.2396,338.42558,1.6966378
9529000.0,1608.1651,5764.6817,4006.4541,253.6483,106.89119,106.89119,106.89119,5755.3902,5771.068,5767.5869,421.24847,1.6966378
9530000.0,1521.7784,5754.8607,4021.237,254.5842,106.89119,106.89119,106.89119,5794.4745,5724.2527,5745.8549,412.48544,1.6966378
9531000.0,1502.4536,5763.6786,3862.7109,244.54793,106.89119,106.89119,106.89119,5670.5454,5784.7157,5835.7747,387.72384,1.6966378
9532000.0,1494.0769,5740.1242,4010.2176,253.88656,106.89119,106.89119,106.89119,5761.3795,5729.5094,5729.4837,373.94195,1.6966378
9533000.0,1485.2548,5735.2368,3920.3449,248.19673,106.89119,106.89119,106.89119,5711.1879,5783.5856,5710.9368,373.08658,1.6966378
9534000.0,1525.8148,5751.2285,3929.4352,248.77224,106.89119,106.89119,106.89119,5793.1618,5724.8926,5735.631,372.18354,1.6966378
9535000.0,1495.2653,5746.2658,3943.5337,249.66481,106.89119,106.89119,106.89119,5786.4673,5732.6168,5719.7133,393.98286,1.6966378
9536000.0,1522.1658,5758.458,4047.299,256.23418,106.89119,106.89119,106.89119,5786.6657,5760.1239,5728.5845,414.11852,1.6966378
9537000.0,1565.7361,5759.4669,3947.2596,249.9007,106.89119,106.89119,106.89119,5782.2476,5759.2386,5736.9145,418.24695,1.6966378
9538000.0,1606.4812,5777.6546,3947.8387,249.93736,106.89119,106.89119,106.89119,5832.2145,5710.7832,5789.9661,412.54785,1.6966378
9539000.0,1527.2315,5742.7338,4025.8096,254.87369,106.89119,106.89119,106.89119,5797.3723,5720.0436,5710.7853,360.7456,1.6966378
9540000.0,1537.5554,5748.7198,4025.895,254.8791,106.89119,106.89119,106.89119,5828.975,5703.6457,5713.5387,369.48311,1.6966378
9541000.0,1552.2019,5739.3018,3958.2135,250.59419,106.89119,106.89119,106.89119,5776.2169,5744.2026,5697.486,360.42763,1.6966378
9542000.0,1555.7406,5744.0844,3902.3142,247.05521,106.89119,106.89119,106.89119,5791.3017,5749.1791,5691.7725,326.462,1.6966378
9543000.0,1517.8214,5752.8487,3920.4069,248.20065,106.89119,106.89119,106.89119,5753.4576,5763.3564,5741.7322,342.81656,1.6966378
9544000.0,1597.0924,5768.3387,4055.6978,256.76591,106.89119,106.89119,106.89119,5833.0718,5748.1507,5723.7936,342.82435,1.6966378
9545000.0,1395.6068,5726.3786,3928.3599,248.70416,106.89119,106.89119,106.89119,5751.9115,5719.9543,5707.2701,336.10706,1.6966378
9546000.0,1582.2343,5774.6438,4003.9211,253.48794,106.89119,106.89119,106.89119,5773.9885,5770.6724,5779.2705,345.33681,1.6966378
9547000.0,1531.7441,5734.409,4056.9571,256.84564,106.89119,106.89119,106.89119,5764.8144,5701.8333,5736.5793,337.41083,1.6966378
9548000.0,1524.6359,5724.4525,3877.2217,245.46661,106.89119,106.89119,106.89119,5742.634,5714.0593,5716.6643,340.60043,1.6966378
9549000.0,1518.2034,5734.826,3924.2837,248.4461,106.89119,106.89119,106.89119,5751.69,5721.9506,5730.8375,409.83839,1.6966378
9550000.0,1495.4828,5699.845,3879.7282,245.62529,106.89119,106.89119,106.89119,5762.2617,5710.1957,5627.0778,408.59445,1.6966378
9551000.0,1489.8931,5733.5517,3961.723,250.81637,106.89119,106.89119,106.89119,5736.9634,5797.0274,5666.6642,377.68069,1.6966378
9552000.0,1560.299,5767.0821,4019.1237,254.45041,106.89119,106.89119,106.89119,5830.1146,5799.2269,5671.905,354.78912,1.6966378
9553000.0,1513.5685,5720.6328,3946.4668,249.85051,106.89119,106.89119,106.89119,5747.7782,5761.995,5652.1251,347.89166,1.6966378
9554000.0,1506.1684,5747.0291,3979.9873,251.97268,106.89119,106.89119,106.89119,5721.1592,5741.6019,5778.3264,354.74171,1.6966378
9555000.0,1516.6268,5723.0128,3958.5834,250.61761,106.89119,106.89119,106.89119,5756.6406,5714.1808,5698.2171,375.09403,1.6966378
9556000.0,1460.1357,5748.9,4025.3249,254.843,106.89119,106.89119,106.89119,5786.4412,5752.7902,5707.4688,348.65983,1.6966378
9557000.0,1447.7949,5701.4514,3873.5723,245.23556,106.89119,106.89119,106.89119,5695.6296,5691.7607,5716.964,364.40994,1.6966378
9558000.0,1558.5449,5751.4677,3948.4408,249.97548,106.89119,106.89119,106.89119,5799.0511,5764.2817,5691.0702,362.48262,1.6966378
9559000.0,1517.5891,5738.8771,3922.996,248.36457,106.89119,106.89119,106.89119,5759.5365,5700.4402,5756.6545,363.24464,1.6966378
9560000.0,1518.5277,5742.2441,3938.3325,249.33552,106.89119,106.89119,106.89119,5764.0474,5740.9349,5721.7501,365.30898,1.6966378
9561000.0,1463.0413,5737.3951,3970.2299,251.35494,106.89119,106.89119,106.89119,5746.5751,5779.2082,5686.4021,346.63758,1.6966378
9562000.0,1571.5188,5735.3205,4051.7372,256.51517,106.89119,106.89119,106.89119,5746.1165,5733.791,5726.054,357.38487,1.6966378
9563000.0,1464.4602,5723.6918,3943.1779,249.64229,106.89119,106.89119,106.89119,5782.8196,5667.8283,5720.4275,345.30372,1.6966378
9564000.0,1567.4734,5769.3772,3980.0145,251.97441,106.89119,106.89119,106.89119,5818.5351,5705.5472,5784.0494,375.94453,1.6966378
9565000.0,1497.3112,5722.14,3890.6168,246.31465,106.89119,106.89119,106.89119,5770.2257,5741.3661,5654.8283,381.17721,1.6966378
9566000.0,1456.8528,5737.524,3926.2043,248.56769,106.89119,106.89119,106.89119,5779.6892,5720.2598,5712.623,365.8435,1.6966378
9567000.0,1473.4933,5739.7638,3931.6564,248.91286,106.89119,106.89119,106.89119,5792.8959,5727.9093,5698.4863,381.33207,1.6966378
9568000.0,1465.442,5743.6668,3905.1891,247.23722,106.89119,106.89119,106.89119,5758.6492,5732.7713,5739.5799,381.14427,1.6966378
9569000.0,1472.1886,5741.8871,3882.7411,245.81604,106.89119,106.89119,106.89119,5779.9426,5709.8768,5735.8417,376.46553,1.6966378
9570000.0,1506.8615,5744.5676,4019.1293,254.45077,106.89119,106.89119,106.89119,5797.0833,5696.0159,5740.6038,425.70275,1.6966378
9571000.0,1512.9792,5749.5464,3990.1178,252.61405,106.89119,106.89119,106.89119,5802.7783,5778.3729,5667.4881,415.01221,1.6966378
9572000.0,1445.8774,5721.1014,3974.0745,251.59835,106.89119,106.89119,106.89119,5812.7757,5711.5625,5638.9659,381.39433,1.6966378
9573000.0,1416.2213,5715.8892,3941.0302,249.50631,106.89119,106.89119,106.89119,5734.1063,5776.7848,5636.7763,356.85433,1.6966378
9574000.0,1463.718,5729.3769,3879.4218,245.60589,106.89119,106.89119,106.89119,5728.728,5742.3999,5717.0027,356.43789,1.6966378
9575000.0,1492.9423,5739.4007,3822.7445,242.01765,106.89119,106.89119,106.89119,5819.2329,5734.911,5664.0582,354.06269,1.6966378
9576000.0,1544.8333,5754.3551,3958.9482,250.6407,106.89119,106.89119,106.89119,5811.2024,5751.2787,5700.5842,403.8032,1.6966378
9577000.0,1469.9087,5752.0926,3954.6617,250.36933,106.89119,106.89119,106.89119,5748.8937,5745.8343,5761.5498,405.83809,1.6966378
9578000.0,1448.1443,5706.6569,3888.0401,246.15152,106.89119,106.89119,106.89119,5730.0819,5698.4859,5691.4029,378.08481,1.6966378
9579000.0,1580.2709,5757.8289,3973.786,251.58008,106.89119,106.89119,106.89119,5781.8769,5782.2196,5709.3902,356.03522,1.6966378
9580000.0,1487.8022,5732.3328,3891.2571,246.35518,106.89119,106.89119,106.89119,5793.9182,5720.0284,5683.0519,349.30407,1.6966378
9581000.0,1485.2297,5756.2798,3951.6425,250.17818,106.89119,106.89119,106.89119,5793.6981,5739.4012,5735.7401,347.88828,1.6966378
9582000.0,1518.8387,5720.5876,4012.3979,254.0246,106.89119,106.89119,106.89119,5777.8479,5697.4234,5686.4916,347.74673,1.6966378
9583000.0,1516.4791,5745.9545,3899.3187,246.86556,106.89119,106.89119,106.89119,5775.7017,5709.2751,5752.8866,361.55937,1.6966378
9584000.0,1590.1939,5769.4559,3909.6431,247.5192,106.89119,106.89119,106.89119,5790.2148,5769.078,5749.0747,362.12147,1.6966378
9585000.0,1523.9829,5728.6192,3939.65,249.41893,106.89119,106.89119,106.89119,5768.4963,5708.4898,5708.8715,380.16372,1.6966378
9586000.0,1607.044,5761.8823,3960.696,250.75136,106.89119,106.89119,106.89119,5797.235,5748.5001,5739.9118,405.94499,1.6966378
9587000.0,1476.8623,5706.9509,3908.4238,247.44201,106.89119,106.89119,106.89119,5743.1293,5733.4415,5644.2818,423.55321,1.6966378
9588000.0,1504.7607,5712.3662,3861.9104,244.49725,106.89119,106.89119,106.89119,5679.1071,5735.7437,5722.2477,421.26825,1.6966378
9589000.0,1553.6325,5732.9855,3973.0406,251.53289,106.89119,106.89119,106.89119,5772.7764,5719.0928,5707.0872,373.15281,1.6966378
9590000.0,1488.1682,5735.5278,3922.8159,248.35317,106.89119,106.89119,106.89119,5792.8554,5700.3035,5713.4244,367.99246,1.6966378
9591000.0,1482.2041,5749.3445,4010.9305,253.9317,106.89119,106.89119,106.89119,5788.1446,5736.9465,5722.9425,375.7338,1.6966378
9592000.0,1540.323,5744.6274,3919.1525,248.12124,106.89119,106.89119,106.89119,5794.5566,5773.0245,5666.3011,386.98871,1.6966378
9593000.0,1564.5103,5757.6071,4009.2744,253.82685,106.89119,106.89119,106.89119,5788.5402,5747.7637,5736.5174,412.4632,1.6966378
9594000.0,1525.7496,5732.3196,3938.8431,249.36785,106.89119,106.89119,106.89119,5772.2849,5728.5666,5696.1071,411.78401,1.6966378
9595000.0,1488.1941,5737.6916,4064.057,257.29513,106.89119,106.89119,106.89119,5730.3821,5740.468,5742.2248,380.83621,1.6966378
9596000.0,1448.9143,5727.4719,3980.4061,251.9992,106.89119,106.89119,106.89119,5766.3199,5727.7064,5688.3894,373.94764,1.6966378
9597000.0,1534.4097,5774.2744,3956.3592,250.47679,106.89119,106.89119,106.89119,5809.9494,5790.0459,5722.8278,380.10263,1.6966378
9598000.0,1506.3194,5744.371,4016.2375,254.26768,106.89119,106.89119,106.89119,5747.456,5745.6604,5739.9966,380.96852,1.6966378
9599000.0,1485.2719,5734.234,3994.7085,252.90469,106.89119,106.89119,106.89119,5753.3473,5760.6174,5688.7373,414.04971,1.6966378
9600000.0,1468.1552,5725.3778,3954.5745,250.3638,106.89119,106.89119,106.89119,5809.4164,5695.0183,5671.6987,418.44865,1.6966378
9601000.0,1480.3271,5718.3259,3999.8181,253.22817,106.89119,106.89119,106.89119,5764.8697,5712.0707,5678.0372,371.73662,1.6966378
9602000.0,1530.1092,5738.8355,3961.9326,250.82964,106.89119,106.89119,106.89119,5782.281,5741.6837,5692.5418,387.32464,1.6966378
9603000.0,1516.0568,5745.7297,3959.3483,250.66603,106.89119,106.89119,106.89119,5768.4542,5693.3659,5775.369,363.49422,1.6966378
9604000.0,1532.2495,5736.3485,3927.6472,248.65904,106.89119,106.89119,106.89119,5766.1023,5698.1766,5744.7667,391.84121,1.6966378
9605000.0,1435.0941,5702.5192,3920.6018,248.21299,106.89119,106.89119,106.89119,5751.4869,5706.0339,5650.0369,426.09925,1.6966378
9606000.0,1522.8829,5705.3028,3964.291,250.97895,106.89119,106.89119,106.89119,5755.4209,5692.4879,5667.9996,427.99646,1.6966378
9607000.0,1463.2794,5720.7004,3935.8581,249.17887,106.89119,106.89119,106.89119,5769.698,5718.6928,5673.7104,369.22445,1.6966378
9608000.0,1526.9366,5712.9098,4030.165,255.14943,106.89119,106.89119,106.89119,5748.2347,5742.9706,5647.5243,319.03499,1.6966378
9609000.0,1473.2095,5716.2218,3877.486,245.48333,106.89119,106.89119,106.89119,5794.3487,5711.0852,5643.2316,317.28608,1.6966378
9610000.0,1518.1346,5750.0358,3957.1629,250.52767,106.89119,106.89119,106.89119,5695.8811,5804.8428,5749.3833,319.33295,1.6966378
9611000.0,1506.6256,5722.466,3928.2348,248.69624,106.89119,106.89119,106.89119,5710.7819,5722.8426,5733.7735,321.47184,1.6966378
9612000.0,1512.9043,5736.7483,3912.5812,247.70521,106.89119,106.89119,106.89119,5759.9516,5758.4871,5691.8062,366.4476,1.6966378
9613000.0,1484.4655,5726.1006,3902.967,247.09653,106.89119,106.89119,106.89119,5767.9366,5705.2438,5705.1213,362.70532,1.6966378
9614000.0,1534.0878,5764.2768,3923.1969,248.37729,106.89119,106.89119,106.89119,5757.0007,5773.9066,5761.9231,370.1273,1.6966378
9615000.0,1480.3507,5715.7009,3985.4691,252.31974,106.89119,106.89119,106.89119,5780.4667,5672.8273,5693.8087,404.63812,1.6966378
9616000.0,1501.2768,5723.4998,3936.5322,249.22155,106.89119,106.89119,106.89119,5703.4215,5722.332,5744.7458,419.12907,1.6966378
9617000.0,1569.6543,5715.6737,3930.6652,248.85011,106.89119,106.89119,106.89119,5758.919,5654.5198,5733.5823,395.97753,1.6966378
9618000.0,1495.3147,5746.7293,3907.049,247.35497,106.89119,106.89119,106.89119,5767.9031,5776.5908,5695.694,368.79701,1.6966378
9619000.0,1497.0514,5730.885,3915.3833,247.88261,106.89119,106.89119,106.89119,5830.0622,5667.6876,5694.9051,372.54048,1.6966378
9620000.0,1519.773,5731.9661,3911.0567,247.6087,106.89119,106.89119,106.89119,5799.2235,5710.4099,5686.2648,357.34974,1.6966378
9621000.0,1471.8573,5726.1122,4002.9246,253.42485,106.89119,106.89119,106.89119,5808.3733,5664.9042,5705.059,394.18173,1.6966378
9622000.0,1432.4181,5733.5961,4017.6271,254.35566,106.89119,106.89119,106.89119,5750.4395,5744.101,5706.2479,409.63224,1.6966378
9623000.0,1545.2273,5742.3665,3951.9141,250.19537,106.89119,106.89119,106.89119,5812.6807,5677.1728,5737.2461,389.29994,1.6966378
9624000.0,1503.9297,5756.1692,3998.7995,253.16368,106.89119,106.89119,106.89119,5813.5311,5730.7194,5724.257,387.86369,1.6966378
9625000.0,1453.6697,5719.7779,3958.3211,250.601,106.89119,106.89119,106.89119,5742.8265,5697.1526,5719.3545,379.54201,1.6966378
9626000.0,1548.2267,5736.0267,3910.4809,247.57224,106.89119,106.89119,106.89119,5798.4591,5707.2716,5702.3495,381.10642,1.6966378
9627000.0,1522.039,5739.8206,3916.8838,247.97761,106.89119,106.89119,106.89119,5802.9873,5742.6886,5673.7859,420.72481,1.6966378
9628000.0,1487.7511,5741.0703,3903.9941,247.16156,106.89119,106.89119,106.89119,5843.2664,5678.0244,5701.92,439.21056,1.6966378
9629000.0,1568.6355,5746.6618,3931.0443,248.87411,106.89119,106.89119,106.89119,5818.1342,5753.3771,5668.474,419.19701,1.6966378
9630000.0,1586.1025,5768.678,3992.1386,252.74198,106.89119,106.89119,106.89119,5854.7632,5715.9371,5735.3335,354.40321,1.6966378
9631000.0,1461.4647,5715.629,3916.4024,247.94713,106.89119,106.89119,106.89119,5779.0327,5657.8991,5709.9553,348.35062,1.6966378
9632000.0,1445.5087,5717.4991,3944.7994,249.74494,106.89119,106.89119,106.89119,5775.5121,5680.6199,5696.3652,341.66088,1.6966378
9633000.0,1542.4094,5753.1167,3931.1096,248.87824,106.89119,106.89119,106.89119,5818.6654,5748.1879,5692.4968,372.04785,1.6966378
9634000.0,1525.5688,5750.8114,3920.0798,248.17994,106.89119,106.89119,106.89119,5836.6788,5720.6169,5695.1384,381.0128,1.6966378
9635000.0,1531.2632,5739.1226,3963.9499,250.95736,106.89119,106.89119,106.89119,5795.7955,5707.0288,5714.5434,368.84445,1.6966378
9636000.0,1460.5279,5730.8924,3936.763,249.23616,106.89119,106.89119,106.89119,5811.6884,5742.9246,5638.064,367.38502,1.6966378
9637000.0,1459.6244,5737.4012,3997.2289,253.06425,106.89119,106.89119,106.89119,5801.1594,5738.1249,5672.9194,384.27047,1.6966378
9638000.0,1441.5531,5701.5332,3998.685,253.15643,106.89119,106.89119,106.89119,5727.1978,5747.0941,5630.3078,387.62933,1.6966378
9639000.0,1458.8913,5727.5426,4017.8014,254.36669,106.89119,106.89119,106.89119,5767.2415,5732.7777,5682.6084,406.30946,1.6966378
9640000.0,1535.9126,5745.6361,3918.7933,248.0985,106.89119,106.89119,106.89119,5793.8384,5772.4607,5670.6092,422.72405,1.6966378
9641000.0,1570.9805,5762.7201,3878.7177,245.56132,106.89119,106.89119,106.89119,5767.6054,5747.3198,5773.235,419.81868,1.6966378
9642000.0,1548.2618,5768.0681,3884.2076,245.90888,106.89119,106.89119,106.89119,5772.0176,5759.7532,5772.4335,343.66698,1.6966378
9643000.0,1478.2152,5745.9844,3978.7714,251.8957,106.89119,106.89119,106.89119,5785.0548,5744.6159,5708.2826,346.09574,1.6966378
9644000.0,1523.8307,5733.5324,3967.6021,251.18858,106.89119,106.89119,106.89119,5761.7249,5789.6981,5649.1742,344.24168,1.6966378
9645000.0,1515.3573,5746.2001,3961.0081,250.77112,106.89119,106.89119,106.89119,5769.6032,5837.569,5631.428,340.24103,1.6966378
9646000.0,1610.2764,5760.284,4007.6632,253.72484,106.89119,106.89119,106.89119,5813.1201,5739.4323,5728.2995,332.76992,1.6966378
9647000.0,1523.1695,5760.0714,3919.5308,248.14519,106.89119,106.89119,106.89119,5840.0673,5713.7698,5726.3771,363.32472,1.6966378
9648000.0,1547.4016,5770.2956,3987.8348,252.46951,106.89119,106.89119,106.89119,5809.6936,5762.809,5738.3842,374.27623,1.6966378
9649000.0,1534.8468,5736.0087,4007.3705,253.70631,106.89119,106.89119,106.89119,5779.2315,5718.0602,5710.7345,377.47678,1.6966378
9650000.0,1524.64,5762.3108,3980.6115,252.01221,106.89119,106.89119,106.89119,5763.4497,5804.91,5718.5726,423.29192,1.6966378
9651000.0,1585.5517,5762.395,3910.2457,247.55735,106.89119,106.89119,106.89119,5811.8311,5755.5701,5719.7839,425.52502,1.6966378
9652000.0,1449.5758,5734.1208,3937.4782,249.28144,106.89119,106.89119,106.89119,5796.3811,5759.3792,5646.602,404.44599,1.6966378
9653000.0,1487.269,5731.9135,3946.7825,249.87049,106.89119,106.89119,106.89119,5782.1995,5759.0601,5654.4808,360.61123,1.6966378
9654000.0,1435.5624,5748.801,3961.0953,250.77663,106.89119,106.89119,106.89119,5776.037,5733.8634,5736.5026,358.86283,1.6966378
9655000.0,1426.5644,5728.7204,3951.3496,250.15964,106.89119,106.89119,106.89119,5740.713,5764.6133,5680.8349,366.26244,1.6966378
9656000.0,1470.5203,5726.5379,3960.5521,250.74225,106.89119,106.89119,106.89119,5727.678,5743.5335,5708.4022,392.28341,1.6966378
9657000.0,1480.4333,5704.0671,3892.8976,246.45904,106.89119,106.89119,106.89119,5759.6679,5719.6826,5632.8509,378.51883,1.6966378
9658000.0,1415.9936,5704.7639,3953.8716,250.3193,106.89119,106.89119,106.89119,5744.0265,5668.2661,5701.999,377.01475,1.6966378
9659000.0,1511.2132,5731.6676,3950.7234,250.11999,106.89119,106.89119,106.89119,5762.7243,5742.9439,5689.3346,357.05694,1.6966378
9660000.0,1517.6335,5745.2502,4031.2647,255.21905,106.89119,106.89119,106.89119,5813.3792,5731.1462,5691.2251,374.92407,1.6966378
9661000.0,1523.4129,5724.9489,3961.2173,250.78436,106.89119,106.89119,106.89119,5749.9482,5719.7302,5705.1683,373.63868,1.6966378
9662000.0,1490.4949,5726.4792,3971.7649,251.45213,106.89119,106.89119,106.89119,5779.9285,5767.5615,5631.9475,390.60399,1.6966378
9663000.0,1522.4482,5747.9747,3922.9776,248.3634,106.89119,106.89119,106.89119,5817.19,5710.7689,5715.9654,410.04709,1.6966378
9664000.0,1417.8023,5719.5009,3949.4626,250.04017,106.89119,106.89119,106.89119,5783.076,5728.4445,5646.9821,420.66896,1.6966378
9665000.0,1498.763,5725.3155,3928.828,248.73379,106.89119,106.89119,106.89119,5747.6417,5725.749,5702.5559,367.45299,1.6966378
9666000.0,1471.8985,5732.9173,3932.5886,248.97188,106.89119,106.89119,106.89119,5778.9489,5708.1286,5711.6745,373.46223,1.6966378
9667000.0,1462.2941,5708.6868,3961.569,250.80663,106.89119,106.89119,106.89119,5776.266,5690.3882,5659.4062,374.15085,1.6966378
9668000.0,1491.4356,5759.5138,3897.731,246.76505,106.89119,106.89119,106.89119,5758.6472,5785.2533,5734.641,378.92882,1.6966378
9669000.0,1486.8464,5730.9685,3897.3699,246.74218,106.89119,106.89119,106.89119,5737.2969,5781.3358,5674.2727,421.30792,1.6966378
9670000.0,1515.6347,5745.4867,3926.1863,248.56655,106.89119,106.89119,106.89119,5788.0526,5704.3662,5744.0413,419.30469,1.6966378
9671000.0,1441.4437,5717.8319,3972.7115,251.51206,106.89119,106.89119,106.89119,5803.6719,5665.3021,5684.5218,362.01463,1.6966378
9672000.0,1435.8655,5743.8639,3922.2901,248.31988,106.89119,106.89119,106.89119,5788.7193,5736.2125,5706.6601,379.40347,1.6966378
9673000.0,1500.0269,5731.0872,3981.7618,252.08503,106.89119,106.89119,106.89119,5791.1666,5724.0827,5678.0123,381.56576,1.6966378
9674000.0,1464.7032,5710.5478,3870.4393,245.03721,106.89119,106.89119,106.89119,5751.6064,5679.1526,5700.8844,387.86865,1.6966378
9675000.0,1393.2271,5714.3414,3954.5175,250.3602,106.89119,106.89119,106.89119,5758.124,5723.1239,5661.7763,406.51186,1.6966378
9676000.0,1498.186,5719.2914,3910.0795,247.54683,106.89119,106.89119,106.89119,5808.4889,5658.5274,5690.8579,423.62531,1.6966378
9677000.0,1505.7218,5760.5128,3955.5457,250.42529,106.89119,106.89119,106.89119,5786.5062,5766.8013,5728.231,374.37813,1.6966378
9678000.0,1589.2108,5762.6376,3973.2409,251.54557,106.89119,106.89119,106.89119,5812.1973,5717.4229,5758.2926,389.07375,1.6966378
9679000.0,1504.0689,5759.3164,3901.5072,247.00412,106.89119,106.89119,106.89119,5788.3026,5735.4578,5754.1888,383.23473,1.6966378
9680000.0,1544.5415,5738.4557,4037.4726,255.61208,106.89119,106.89119,106.89119,5782.006,5699.4367,5733.9245,382.42661,1.6966378
9681000.0,1545.2323,5745.5886,3971.4127,251.42983,106.89119,106.89119,106.89119,5776.3681,5731.956,5728.4416,421.39734,1.6966378
9682000.0,1522.3168,5755.6883,3953.2614,250.28067,106.89119,106.89119,106.89119,5816.0989,5742.174,5708.792,431.15498,1.6966378
9683000.0,1457.7456,5703.1623,4041.0545,255.83885,106.89119,106.89119,106.89119,5695.2699,5714.5308,5699.6863,402.33734,1.6966378
9684000.0,1468.4056,5724.9556,3902.0982,247.04153,106.89119,106.89119,106.89119,5744.7013,5780.7611,5649.4044,377.90216,1.6966378
9685000.0,1447.7053,5737.4156,3934.7923,249.11139,106.89119,106.89119,106.89119,5743.9024,5740.3275,5728.0169,375.38408,1.6966378
9686000.0,1590.0431,5746.5889,3965.0626,251.0278,106.89119,106.89119,106.89119,5768.1094,5752.7148,5718.9426,373.61318,1.6966378
9687000.0,1527.1305,5729.3378,3978.7236,251.89268,106.89119,106.89119,106.89119,5789.5121,5717.6129,5680.8885,428.93047,1.6966378
9688000.0,1513.9843,5723.175,3849.2992,243.69883,106.89119,106.89119,106.89119,5735.834,5721.3296,5712.3612,435.25448,1.6966378
9689000.0,1490.3936,5716.7901,3921.1345,248.24672,106.89119,106.89119,106.89119,5752.2862,5653.8622,5744.2219,428.00639,1.6966378
9690000.0,1623.3653,5758.9233,3876.6419,245.4299,106.89119,106.89119,106.89119,5829.2441,5701.9839,5745.5419,361.25458,1.6966378
9691000.0,1464.7955,5752.2395,3864.4592,244.65861,106.89119,106.89119,106.89119,5746.7782,5772.1607,5737.7795,388.48209,1.6966378
9692000.0,1524.8275,5730.1842,3986.6787,252.39632,106.89119,106.89119,106.89119,5764.324,5755.1254,5671.1032,383.57599,1.6966378
9693000.0,1508.0305,5757.7384,3915.2859,247.87645,106.89119,106.89119,106.89119,5806.1993,5740.1462,5726.8696,402.28212,1.6966378
9694000.0,1544.703,5758.2145,3941.6423,249.54507,106.89119,106.89119,106.89119,5824.8232,5773.8383,5675.9819,421.9646,1.6966378
9695000.0,1522.199,5758.6483,4004.1191,253.50047,106.89119,106.89119,106.89119,5746.3727,5739.675,5789.8973,424.49266,1.6966378
9696000.0,1424.1369,5717.9545,3899.9986,246.90861,106.89119,106.89119,106.89119,5736.5036,5758.3663,5658.9935,374.22642,1.6966378
9697000.0,1460.3946,5718.9282,3904.657,247.20353,106.89119,106.89119,106.89119,5766.6891,5727.853,5662.2424,344.58587,1.6966378
9698000.0,1484.8796,5754.2665,4027.4073,254.97484,106.89119,106.89119,106.89119,5758.533,5736.5958,5767.6708,337.73537,1.6966378
9699000.0,1501.7817,5755.6845,3881.8752,245.76122,106.89119,106.89119,106.89119,5762.4727,5762.3512,5742.2298,358.56324,1.6966378
9700000.0,1532.9525,5743.3747,3952.3216,250.22117,106.89119,106.89119,106.89119,5811.0691,5712.4034,5706.6515,394.7693,1.6966378
9701000.0,1442.4612,5724.7002,3853.9821,243.99531,106.89119,106.89119,106.89119,5759.2531,5733.6191,5681.2285,409.1437,1.6966378
9702000.0,1522.2251,5746.3795,3948.306,249.96694,106.89119,106.89119,106.89119,5811.3284,5747.826,5679.9841,355.06784,1.6966378
9703000.0,1422.9867,5715.6496,3967.803,251.2013,106.89119,106.89119,106.89119,5740.1162,5720.6492,5686.1833,357.87334,1.6966378
9704000.0,1488.7991,5750.86,4002.3317,253.38731,106.89119,106.89119,106.89119,5795.6419,5772.0693,5684.8687,355.92177,1.6966378
9705000.0,1527.9905,5754.3774,3972.2153,251.48064,106.89119,106.89119,106.89119,5815.5892,5760.6689,5686.8741,380.11107,1.6966378
9706000.0,1551.4251,5739.7386,3959.7395,250.6908,106.89119,106.89119,106.89119,5771.1149,5749.5516,5698.5494,401.993,1.6966378
9707000.0,1506.0184,5734.9678,4024.0465,254.76207,106.89119,106.89119,106.89119,5759.2722,5743.4101,5702.221,403.57278,1.6966378
9708000.0,1519.6998,5732.8003,4003.0766,253.43447,106.89119,106.89119,106.89119,5753.1914,5765.9634,5679.2461,345.64635,1.6966378
9709000.0,1503.3986,5755.6593,3922.1363,248.31015,106.89119,106.89119,106.89119,5799.7635,5794.7457,5672.4688,358.18882,1.6966378
9710000.0,1481.3936,5761.538,3967.2956,251.16917,106.89119,106.89119,106.89119,5774.2946,5794.0981,5716.2212,360.70747,1.6966378
9711000.0,1481.937,5730.9224,3886.9215,246.0807,106.89119,106.89119,106.89119,5714.7077,5747.5904,5730.4691,385.79894,1.6966378
9712000.0,1519.3086,5738.4846,4036.2282,255.53329,106.89119,106.89119,106.89119,5762.1572,5722.5746,5730.722,396.9502,1.6966378
9713000.0,1412.7616,5726.6152,3869.6533,244.98745,106.89119,106.89119,106.89119,5734.9725,5754.2538,5690.6194,392.43125,1.6966378
9714000.0,1480.3561,5733.5545,3894.2189,246.54269,106.89119,106.89119,106.89119,5726.4112,5791.0105,5683.2419,371.85231,1.6966378
9715000.0,1489.7097,5722.6278,3968.0744,251.21848,106.89119,106.89119,106.89119,5795.3275,5695.8149,5676.7411,369.18793,1.6966378
9716000.0,1419.7333,5710.6463,3956.5021,250.48584,106.89119,106.89119,106.89119,5773.949,5744.5202,5613.4698,381.50174,1.6966378
9717000.0,1400.0201,5724.5372,3936.1037,249.19442,106.89119,106.89119,106.89119,5767.7459,5737.8823,5667.9832,405.27542,1.6966378
9718000.0,1606.7568,5756.2613,3939.6205,249.41707,106.89119,106.89119,106.89119,5752.0688,5761.4496,5755.2653,414.44266,1.6966378
9719000.0,1559.659,5768.1054,3955.3294,250.41159,106.89119,106.89119,106.89119,5797.4235,5790.6403,5716.2523,418.42161,1.6966378
9720000.0,1498.2901,5747.6768,3933.1846,249.00961,106.89119,106.89119,106.89119,5758.761,5746.5454,5737.7238,352.90952,1.6966378
9721000.0,1490.9984,5725.3859,3976.1746,251.7313,106.89119,106.89119,106.89119,5727.6203,5757.1158,5691.4217,349.5112,1.6966378
9722000.0,1464.8407,5734.0172,3890.8909,246.332,106.89119,106.89119,106.89119,5792.2611,5750.2154,5659.5752,359.68609,1.6966378
9723000.0,1535.8813,5736.34,3857.6232,244.22583,106.89119,106.89119,106.89119,5788.7215,5728.8183,5691.4801,385.09958,1.6966378
9724000.0,1613.4816,5781.3354,3989.7873,252.59312,106.89119,106.89119,106.89119,5794.1957,5778.1044,5771.706,402.42364,1.6966378
9725000.0,1506.9287,5747.3632,4016.1879,254.26454,106.89119,106.89119,106.89119,5757.7882,5717.1598,5767.1414,392.7921,1.6966378
9726000.0,1615.8595,5774.9417,3970.1462,251.34965,106.89119,106.89119,106.89119,5756.3721,5805.7844,5762.6687,359.6667,1.6966378
9727000.0,1579.5956,5770.4855,3923.1509,248.37438,106.89119,106.89119,106.89119,5836.5045,5753.5611,5721.3907,362.35902,1.6966378
9728000.0,1491.3564,5755.3033,3969.0569,251.28068,106.89119,106.89119,106.89119,5836.4496,5734.652,5694.8085,360.3768,1.6966378
9729000.0,1520.812,5732.8283,3975.362,251.67986,106.89119,106.89119,106.89119,5797.1654,5738.7003,5662.6193,406.10131,1.6966378
9730000.0,1463.6554,5703.0628,3957.756,250.56523,106.89119,106.89119,106.89119,5730.0412,5687.1169,5692.0305,428.29989,1.6966378
9731000.0,1546.5912,5762.1808,3961.7797,250.81996,106.89119,106.89119,106.89119,5829.4345,5753.9569,5703.1511,418.62268,1.6966378
9732000.0,1507.7846,5746.645,3959.1377,250.6527,106.89119,106.89119,106.89119,5730.8611,5789.4223,5719.6515,380.41938,1.6966378
9733000.0,1458.1094,5729.83,3968.6346,251.25395,106.89119,106.89119,106.89119,5821.757,5708.8757,5658.8575,387.65687,1.6966378
9734000.0,1495.5877,5714.9706,3907.4607,247.38103,106.89119,106.89119,106.89119,5796.9289,5667.4462,5680.5366,374.51657,1.6966378
9735000.0,1553.24,5729.7388,3904.9169,247.21999,106.89119,106.89119,106.89119,5756.2477,5744.5755,5688.3933,386.5089,1.6966378
9736000.0,1462.2028,5729.593,3973.7671,251.57888,106.89119,106.89119,106.89119,5749.2992,5770.8198,5668.66,413.01058,1.6966378
9737000.0,1491.9462,5727.7315,3908.3056,247.43452,106.89119,106.89119,106.89119,5765.6335,5788.4389,5629.1223,421.52489,1.6966378
9738000.0,1479.4854,5725.5741,4006.6308,253.65949,106.89119,106.89119,106.89119,5826.9554,5674.9768,5674.7901,364.16886,1.6966378
9739000.0,1521.4876,5746.585,3963.6966,250.94132,106.89119,106.89119,106.89119,5820.7961,5721.0276,5697.9312,341.97714,1.6966378
9740000.0,1511.7628,5757.7193,3956.6484,250.4951,106.89119,106.89119,106.89119,5818.1453,5699.2662,5755.7463,340.60395,1.6966378
9741000.0,1495.999,5730.1984,3918.3897,248.07295,106.89119,106.89119,106.89119,5819.1631,5685.2794,5686.1526,358.3147,1.6966378
9742000.0,1458.3205,5735.5656,3898.2985,246.80097,106.89119,106.89119,106.89119,5763.5246,5736.3195,5706.8527,379.23824,1.6966378
9743000.0,1599.6308,5743.6086,3928.1674,248.69197,106.89119,106.89119,106.89119,5795.7602,5783.4071,5651.6583,376.57252,1.6966378
9744000.0,1435.6154,5718.3828,4037.5514,255.61707,106.89119,106.89119,106.89119,5761.4615,5703.7794,5689.9074,365.44859,1.6966378
9745000.0,1420.7127,5713.6239,3978.761,251.89505,106.89119,106.89119,106.89119,5777.7314,5660.0941,5703.0463,362.61537,1.6966378
9746000.0,1511.447,5715.6589,3976.0998,251.72657,106.89119,106.89119,106.89119,5752.6468,5738.2245,5656.1055,332.08902,1.6966378
9747000.0,1475.0918,5747.2747,3979.6201,251.94944,106.89119,106.89119,106.89119,5798.1964,5736.9474,5706.6803,384.69735,1.6966378
9748000.0,1425.9785,5703.4004,3905.7224,247.27098,106.89119,106.89119,106.89119,5749.9013,5730.7377,5629.5621,425.73665,1.6966378
9749000.0,1543.3077,5749.8217,3872.48,245.16641,106.89119,106.89119,106.89119,5745.7461,5806.1913,5697.5277,416.25198,1.6966378
9750000.0,1446.89,5712.6113,3957.8013,250.56809,106.89119,106.89119,106.89119,5740.3886,5726.9387,5670.5066,360.75734,1.6966378
9751000.0,1489.9054,5720.207,3899.5933,246.88295,106.89119,106.89119,106.89119,5790.0871,5761.1668,5609.3672,351.84152,1.6966378
9752000.0,1606.097,5750.0963,3920.872,248.2301,106.89119,106.89119,106.89119,5787.0287,5733.4298,5729.8303,359.73139,1.6966378
9753000.0,1521.0128,5748.5719,3946.543,249.85533,106.89119,106.89119,106.89119,5810.0287,5703.2428,5732.4443,373.81008,1.6966378
9754000.0,1446.405,5702.4871,3979.9885,251.97276,106.89119,106.89119,106.89119,5733.6488,5723.0621,5650.7503,396.90585,1.6966378
9755000.0,1537.869,5723.2172,3933.4648,249.02735,106.89119,106.89119,106.89119,5700.7428,5749.5752,5719.3335,400.26096,1.6966378
9756000.0,1472.0678,5733.4681,3929.8507,248.79854,106.89119,106.89119,106.89119,5791.541,5757.8585,5651.0048,355.3648,1.6966378
9757000.0,1551.3078,5747.6135,3922.0445,248.30433,106.89119,106.89119,106.89119,5788.4151,5776.1173,5678.3081,350.86061,1.6966378
9758000.0,1517.381,5761.8856,3955.3992,250.41601,106.89119,106.89119,106.89119,5782.2716,5748.6891,5754.6962,352.07328,1.6966378
9759000.0,1525.0933,5754.8033,3927.4591,248.64713,106.89119,106.89119,106.89119,5754.6531,5808.4193,5701.3376,371.31448,1.6966378
9760000.0,1521.025,5754.4511,3978.6903,251.89058,106.89119,106.89119,106.89119,5772.8621,5759.6094,5730.8816,404.30286,1.6966378
9761000.0,1490.2434,5734.0575,3862.3751,244.52667,106.89119,106.89119,106.89119,5772.9926,5770.2582,5658.9218,406.72957,1.6966378
9762000.0,1546.78,5747.5523,3910.034,247.54395,106.89119,106.89119,106.89119,5771.0918,5755.4227,5716.1424,365.74947,1.6966378
9763000.0,1549.6848,5734.6625,3851.3337,243.82764,106.89119,106.89119,106.89119,5727.8452,5711.6387,5764.5036,383.88724,1.6966378
9764000.0,1512.1898,5746.7811,3923.5964,248.40258,106.89119,106.89119,106.89119,5747.1164,5749.8502,5743.3766,368.63131,1.6966378
9765000.0,1459.7909,5738.0386,4014.8843,254.18201,106.89119,106.89119,106.89119,5771.1565,5752.1711,5690.7882,401.29205,1.6966378
9766000.0,1583.7126,5759.9477,3940.9086,249.49862,106.89119,106.89119,106.89119,5805.8775,5768.6702,5705.2955,422.08184,1.6966378
9767000.0,1482.8479,5729.344,3968.1669,251.22434,106.89119,106.89119,106.89119,5743.2897,5751.8711,5692.8712,428.07134,1.6966378
9768000.0,1454.1746,5701.1387,3966.7453,251.13434,106.89119,106.89119,106.89119,5687.7992,5774.8681,5640.7488,376.98218,1.6966378
9769000.0,1467.3644,5732.6399,3938.4332,249.3419,106.89119,106.89119,106.89119,5774.2827,5766.1369,5657.4999,359.74543,1.6966378
9770000.0,1521.878,5742.5107,3993.0534,252.7999,106.89119,106.89119,106.89119,5794.1216,5732.659,5700.7513,365.11804,1.6966378
9771000.0,1524.5253,5752.7788,3952.2081,250.21399,106.89119,106.89119,106.89119,5780.8005,5766.4335,5711.1025,380.74154,1.6966378
9772000.0,1478.8309,5715.9714,3922.9564,248.36207,106.89119,106.89119,106.89119,5739.4771,5732.8359,5675.6011,403.77083,1.6966378
9773000.0,1486.8321,5741.092,4004.8158,253.54457,106.89119,106.89119,106.89119,5764.8835,5760.0479,5698.3447,407.45493,1.6966378
9774000.0,1514.1819,5736.957,3941.9913,249.56716,106.89119,106.89119,106.89119,5806.081,5703.5346,5701.2553,379.2947,1.6966378
9775000.0,1469.6632,5730.9579,3985.1956,252.30243,106.89119,106.89119,106.89119,5787.8455,5680.4996,5724.5285,379.17377,1.6966378
9776000.0,1493.6684,5720.8152,3900.7588,246.95673,106.89119,106.89119,106.89119,5807.8454,5694.3869,5660.2131,361.76157,1.6966378
9777000.0,1482.0386,5733.871,3984.8984,252.28361,106.89119,106.89119,106.89119,5764.3215,5748.8612,5688.4304,385.91337,1.6966378
9778000.0,1506.4992,5739.1537,3890.8139,246.32712,106.89119,106.89119,106.89119,5812.1499,5669.9081,5735.4031,433.08208,1.6966378
9779000.0,1533.5258,5750.2958,3922.9237,248.35999,106.89119,106.89119,106.89119,5787.6622,5752.3799,5710.8452,439.31796,1.6966378
9780000.0,1476.1316,5725.8954,3922.6682,248.34382,106.89119,106.89119,106.89119,5763.0996,5746.8403,5667.7464,388.85208,1.6966378
9781000.0,1495.2587,5761.1504,3954.7619,250.37567,106.89119,106.89119,106.89119,5750.9377,5772.864,5759.6496,356.67584,1.6966378
9782000.0,1488.7662,5724.1674,3919.4929,248.14279,106.89119,106.89119,106.89119,5745.068,5708.7279,5718.7063,352.96787,1.6966378
9783000.0,1486.2921,5721.2212,3944.3999,249.71965,106.89119,106.89119,106.89119,5742.3788,5686.5987,5734.6863,359.45863,1.6966378
9784000.0,1500.8687,5741.205,3937.5777,249.28774,106.89119,106.89119,106.89119,5784.9637,5733.3532,5705.298,392.9648,1.6966378
9785000.0,1433.6047,5727.1153,4002.4916,253.39743,106.89119,106.89119,106.89119,5790.6104,5708.9122,5681.8234,393.23504,1.6966378
9786000.0,1478.4645,5715.7574,3921.9459,248.29809,106.89119,106.89119,106.89119,5715.0803,5762.9854,5669.2065,370.49965,1.6966378
9787000.0,1487.7242,5723.257,4002.4813,253.39678,106.89119,106.89119,106.89119,5747.8502,5745.9105,5676.0103,373.93785,1.6966378
9788000.0,1516.9213,5734.8026,3920.8008,248.2256,106.89119,106.89119,106.89119,5814.7326,5776.3656,5613.3097,384.89087,1.6966378
9789000.0,1425.5891,5714.4917,3970.6738,251.38305,106.89119,106.89119,106.89119,5751.0618,5702.4174,5689.9957,384.13458,1.6966378
9790000.0,1451.5095,5731.8267,3943.2538,249.64709,106.89119,106.89119,106.89119,5775.7981,5709.9808,5709.7012,426.49347,1.6966378
9791000.0,1432.5484,5709.5244,4011.9553,253.99658,106.89119,106.89119,106.89119,5742.6935,5709.6493,5676.2304,433.82454,1.6966378
9792000.0,1496.7382,5760.6189,3885.5013,245.99078,106.89119,106.89119,106.89119,5804.5661,5737.8925,5739.3982,412.54472,1.6966378
9793000.0,1427.4924,5693.9185,3966.4559,251.11601,106.89119,106.89119,106.89119,5753.031,5670.3065,5658.4181,385.97073,1.6966378
9794000.0,1490.8989,5732.4186,3927.8518,248.67199,106.89119,106.89119,106.89119,5751.9239,5708.254,5737.078,385.62013,1.6966378
9795000.0,1418.8754,5711.815,3993.8147,252.8481,106.89119,106.89119,106.89119,5813.7154,5666.794,5654.9355,392.61991,1.6966378
9796000.0,1478.8941,5717.4709,3872.2465,245.15162,106.89119,106.89119,106.89119,5754.105,5725.3895,5672.9182,435.71073,1.6966378
9797000.0,1518.1382,5732.8121,3912.1528,247.67809,106.89119,106.89119,106.89119,5784.7465,5768.5054,5645.1843,435.64815,1.6966378
9798000.0,1498.565,5712.8694,3964.5634,250.9962,106.89119,106.89119,106.89119,5781.5965,5675.4635,5681.5481,412.15047,1.6966378
9799000.0,1526.056,5729.2162,4020.5527,254.54087,106.89119,106.89119,106.89119,5806.512,5704.5263,5676.6102,370.28544,1.6966378
9800000.0,1386.453,5718.2225,3975.8358,251.70986,106.89119,106.89119,106.89119,5784.3095,5766.028,5604.3299,368.57641,1.6966378
9801000.0,1482.7505,5734.5848,3949.8569,250.06513,106.89119,106.89119,106.89119,5780.42,5757.2138,5666.1206,366.04763,1.6966378
9802000.0,1441.1876,5694.2716,3999.4845,253.20705,106.89119,106.89119,106.89119,5740.0687,5712.8708,5629.8754,412.94969,1.6966378
9803000.0,1451.351,5728.1069,3995.8751,252.97854,106.89119,106.89119,106.89119,5788.6469,5710.5843,5685.0893,410.31284,1.6966378
9804000.0,1523.8486,5741.7521,3958.676,250.62347,106.89119,106.89119,106.89119,5777.5104,5741.5953,5706.1506,393.81998,1.6966378
9805000.0,1511.6973,5748.6393,3945.9111,249.81533,106.89119,106.89119,106.89119,5818.1755,5709.4817,5718.2606,354.54587,1.6966378
9806000.0,1459.5505,5749.6059,4036.1765,255.53002,106.89119,106.89119,106.89119,5807.4262,5755.8723,5685.5191,343.27072,1.6966378
9807000.0,1558.6071,5770.753,3928.4734,248.71134,106.89119,106.89119,106.89119,5773.3193,5820.3003,5718.6393,352.90255,1.6966378
9808000.0,1478.7527,5732.6793,3984.2361,252.24168,106.89119,106.89119,106.89119,5787.4007,5720.727,5689.9102,388.78161,1.6966378
9809000.0,1476.8035,5747.0022,3963.111,250.90425,106.89119,106.89119,106.89119,5789.6847,5736.3531,5714.9687,386.67422,1.6966378
9810000.0,1519.7533,5759.225,3926.7372,248.60143,106.89119,106.89119,106.89119,5769.6458,5819.7381,5688.2913,371.55483,1.6966378
9811000.0,1525.6021,5728.1883,3893.3881,246.4901,106.89119,106.89119,106.89119,5743.4868,5738.273,5702.805,354.87373,1.6966378
9812000.0,1555.3074,5743.2131,3995.5301,252.9567,106.89119,106.89119,106.89119,5803.6504,5768.4557,5657.5332,380.12548,1.6966378
9813000.0,1561.8319,5770.993,3956.628,250.49381,106.89119,106.89119,106.89119,5802.0293,5800.0613,5710.8883,380.31844,1.6966378
9814000.0,1555.6126,5764.1533,3916.3047,247.94095,106.89119,106.89119,106.89119,5789.0425,5740.4911,5762.9261,409.23046,1.6966378
9815000.0,1496.3169,5763.157,3907.9868,247.41434,106.89119,106.89119,106.89119,5785.5561,5823.1767,5680.7383,417.80328,1.6966378
9816000.0,1435.0686,5714.0225,3896.6287,246.69526,106.89119,106.89119,106.89119,5767.0986,5696.0335,5678.9355,410.14872,1.6966378
9817000.0,1494.9574,5732.228,4015.5434,254.22374,106.89119,106.89119,106.89119,5782.7967,5685.7705,5728.1169,367.54639,1.6966378
9818000.0,1491.7762,5754.2808,3943.9604,249.69183,106.89119,106.89119,106.89119,5781.9049,5768.0096,5712.9278,382.10683,1.6966378
9819000.0,1507.3668,5734.2935,3947.0961,249.89035,106.89119,106.89119,106.89119,5765.9683,5746.1338,5690.7783,374.62212,1.6966378
9820000.0,1525.145,5741.996,3882.0491,245.77223,106.89119,106.89119,106.89119,5802.3493,5708.6587,5714.98,415.6064,1.6966378
9821000.0,1451.8025,5725.6376,3905.5468,247.25986,106.89119,106.89119,106.89119,5749.627,5691.5003,5735.7854,426.9581,1.6966378
9822000.0,1463.9502,5746.0647,3964.7585,251.00855,106.89119,106.89119,106.89119,5850.262,5728.4434,5659.4887,425.66812,1.6966378
9823000.0,1470.1495,5737.6649,3994.3974,252.88499,106.89119,106.89119,106.89119,5822.9965,5712.2552,5677.7431,353.5102,1.6966378
9824000.0,1516.2485,5752.118,3944.8322,249.74702,106.89119,106.89119,106.89119,5803.7661,5697.4308,5755.1573,350.65646,1.6966378
9825000.0,1534.9034,5742.6717,3928.1194,248.68893,106.89119,106.89119,106.89119,5803.8101,5765.9797,5658.2254,349.03176,1.6966378
9826000.0,1522.1249,5746.0282,3958.9808,250.64276,106.89119,106.89119,106.89119,5788.0725,5762.4256,5687.5863,378.56947,1.6966378
9827000.0,1505.2465,5734.3177,3945.7809,249.80708,106.89119,106.89119,106.89119,5776.0889,5743.0062,5683.858,389.87108,1.6966378
9828000.0,1522.1693,5738.6836,3950.1501,250.08369,106.89119,106.89119,106.89119,5806.6581,5716.7076,5692.6852,374.31804,1.6966378
9829000.0,1466.2728,5706.1842,3934.8549,249.11536,106.89119,106.89119,106.89119,5697.3936,5696.3201,5724.839,389.24267,1.6966378
9830000.0,1525.2612,5733.8933,3927.4221,248.64479,106.89119,106.89119,106.89119,5788.0781,5698.723,5714.8788,377.69157,1.6966378
9831000.0,1436.3385,5721.7692,3985.2059,252.30308,106.89119,106.89119,106.89119,5767.1435,5676.9667,5721.1974,378.88139,1.6966378
9832000.0,1456.0667,5735.9309,3937.3551,249.27365,106.89119,106.89119,106.89119,5733.737,5736.6373,5737.4185,417.29134,1.6966378
9833000.0,1512.6586,5750.5345,3982.0664,252.10431,106.89119,106.89119,106.89119,5776.6557,5743.4831,5731.4646,419.20229,1.6966378
9834000.0,1487.5562,5718.6166,3980.5256,252.00677,106.89119,106.89119,106.89119,5747.9021,5798.8542,5609.0935,417.68504,1.6966378
9835000.0,1518.2463,5741.2574,3955.3946,250.41573,106.89119,106.89119,106.89119,5803.3333,5733.3188,5687.1202,362.81028,1.6966378
9836000.0,1548.2578,5725.8013,3841.0107,243.17409,106.89119,106.89119,106.89119,5780.8062,5705.346,5691.2518,370.61431,1.6966378
9837000.0,1492.7036,5741.9893,3926.0541,248.55818,106.89119,106.89119,106.89119,5760.2047,5805.9308,5659.8323,357.04458,1.6966378
9838000.0,1515.6352,5739.8968,4020.9555,254.56638,106.89119,106.89119,106.89119,5814.2235,5734.0887,5671.378,380.79028,1.6966378
9839000.0,1480.4286,5745.0568,3958.9166,250.6387,106.89119,106.89119,106.89119,5838.3229,5741.9266,5654.9209,385.60891,1.6966378
9840000.0,1593.5206,5730.4924,3942.6702,249.61014,106.89119,106.89119,106.89119,5770.407,5684.5576,5736.5125,380.10282,1.6966378
9841000.0,1535.9698,5754.3337,3930.3591,248.83073,106.89119,106.89119,106.89119,5804.189,5774.9282,5683.884,355.44978,1.6966378
9842000.0,1451.3815,5742.5708,3961.0408,250.77319,106.89119,106.89119,106.89119,5796.6225,5739.8863,5691.2035,362.95913,1.6966378
9843000.0,1452.3335,5726.639,4044.87,256.08041,106.89119,106.89119,106.89119,5773.476,5791.6709,5614.77,354.56197,1.6966378
9844000.0,1480.7789,5718.2428,3936.7404,249.23473,106.89119,106.89119,106.89119,5708.0647,5759.1785,5687.4853,420.76313,1.6966378
9845000.0,1509.3166,5744.0184,3928.6757,248.72415,106.89119,106.89119,106.89119,5837.9196,5738.4927,5655.643,426.81833,1.6966378
9846000.0,1454.7756,5685.7755,3982.5171,252.13285,106.89119,106.89119,106.89119,5750.3884,5694.2986,5612.6394,402.34082,1.6966378
9847000.0,1534.0181,5741.4571,3955.0636,250.39477,106.89119,106.89119,106.89119,5773.7821,5753.4442,5697.145,345.52601,1.6966378
9848000.0,1444.3218,5705.1617,3915.8563,247.91256,106.89119,106.89119,106.89119,5746.4401,5816.2568,5552.7883,337.77847,1.6966378
9849000.0,1540.5981,5737.9021,3928.6086,248.7199,106.89119,106.89119,106.89119,5769.0585,5736.9398,5707.708,343.64913,1.6966378
9850000.0,1514.9212,5710.9949,3961.0076,250.77108,106.89119,106.89119,106.89119,5783.6657,5668.7956,5680.5233,411.04929,1.6966378
9851000.0,1473.1681,5764.0241,3882.2342,245.78395,106.89119,106.89119,106.89119,5811.0976,5775.5227,5705.452,396.05114,1.6966378
9852000.0,1436.9691,5715.8237,3963.4821,250.92774,106.89119,106.89119,106.89119,5798.3788,5679.5607,5669.5316,394.41112,1.6966378
9853000.0,1525.8744,5746.662,4023.5416,254.73011,106.89119,106.89119,106.89119,5815.6489,5711.9047,5712.4323,375.8753,1.6966378
9854000.0,1537.9838,5755.3033,3968.2899,251.23213,106.89119,106.89119,106.89119,5785.9907,5764.7196,5715.1997,342.33244,1.6966378
9855000.0,1521.2122,5754.543,3993.7129,252.84165,106.89119,106.89119,106.89119,5761.7952,5737.9366,5763.8973,336.49211,1.6966378
9856000.0,1472.5718,5726.319,3970.4861,251.37117,106.89119,106.89119,106.89119,5705.7157,5737.6886,5735.5527,335.08127,1.6966378
9857000.0,1515.8131,5739.0021,3878.1925,245.52806,106.89119,106.89119,106.89119,5792.0089,5728.3965,5696.601,376.53999,1.6966378
9858000.0,1507.1468,5744.0995,3974.5755,251.63006,106.89119,106.89119,106.89119,5735.3437,5746.4936,5750.4614,378.09635,1.6966378
9859000.0,1525.7436,5725.8932,3924.1636,248.43849,106.89119,106.89119,106.89119,5777.8212,5688.2617,5711.5966,360.78844,1.6966378
9860000.0,1502.0728,5753.9341,4025.544,254.85687,106.89119,106.89119,106.89119,5782.2957,5729.3114,5750.1951,339.10792,1.6966378
9861000.0,1560.0773,5719.1151,3921.8226,248.29028,106.89119,106.89119,106.89119,5766.3924,5720.6769,5670.276,332.77629,1.6966378
9862000.0,1509.8623,5742.4255,3887.5279,246.11909,106.89119,106.89119,106.89119,5716.2673,5790.0919,5720.9174,326.36048,1.6966378
9863000.0,1501.8045,5736.9415,3958.3202,250.60094,106.89119,106.89119,106.89119,5785.5337,5721.5379,5703.753,334.79101,1.6966378
9864000.0,1488.6931,5729.9458,3901.5399,247.00619,106.89119,106.89119,106.89119,5795.5106,5757.5777,5636.7491,355.4482,1.6966378
9865000.0,1472.0206,5725.1091,3908.7009,247.45955,106.89119,106.89119,106.89119,5764.0662,5702.2119,5709.0491,355.96529,1.6966378
9866000.0,1424.9216,5724.3298,3970.1802,251.3518,106.89119,106.89119,106.89119,5753.0267,5715.882,5704.0808,345.00989,1.6966378
9867000.0,1500.1307,5737.4724,3947.3381,249.90567,106.89119,106.89119,106.89119,5755.3749,5796.8954,5660.1469,353.64401,1.6966378
9868000.0,1459.3056,5700.4666,3850.4435,243.77127,106.89119,106.89119,106.89119,5691.3823,5770.3648,5639.6528,359.92883,1.6966378
9869000.0,1463.1106,5726.6935,3978.6175,251.88596,106.89119,106.89119,106.89119,5738.859,5761.0468,5680.1748,338.58117,1.6966378
9870000.0,1522.7688,5733.4138,3863.6562,244.60777,106.89119,106.89119,106.89119,5796.9255,5717.2803,5686.0358,368.57498,1.6966378
9871000.0,1511.7162,5748.0441,3990.5926,252.64411,106.89119,106.89119,106.89119,5726.6154,5769.6488,5747.868,382.55439,1.6966378
9872000.0,1493.89,5729.5792,4009.0793,253.8145,106.89119,106.89119,106.89119,5787.4093,5749.4155,5651.9127,382.84493,1.6966378
9873000.0,1563.8709,5746.7055,3923.3298,248.38571,106.89119,106.89119,106.89119,5841.3733,5741.2988,5657.4444,354.30537,1.6966378
9874000.0,1485.3572,5750.3911,3969.9012,251.33413,106.89119,106.89119,106.89119,5848.781,5752.6613,5649.7311,341.11512,1.6966378
9875000.0,1475.5971,5731.7251,4016.1044,254.25926,106.89119,106.89119,106.89119,5760.0354,5733.3486,5701.7912,359.17257,1.6966378
9876000.0,1529.6986,5734.1188,3934.0796,249.06627,106.89119,106.89119,106.89119,5780.0431,5766.8184,5655.495,337.58343,1.6966378
9877000.0,1461.4164,5737.4465,3987.6556,252.45817,106.89119,106.89119,106.89119,5742.2568,5791.9704,5678.1122,354.25282,1.6966378
9878000.0,1430.6176,5706.3055,3949.92,250.06913,106.89119,106.89119,106.89119,5732.9631,5721.7299,5664.2235,353.55382,1.6966378
9879000.0,1525.8177,5712.6032,3981.0009,252.03685,106.89119,106.89119,106.89119,5786.8293,5682.2172,5668.7632,353.84686,1.6966378
9880000.0,1522.5395,5753.8526,3937.1304,249.25942,106.89119,106.89119,106.89119,5766.0356,5789.0559,5706.4662,333.36713,1.6966378
9881000.0,1524.1485,5724.4554,3872.0137,245.13689,106.89119,106.89119,106.89119,5760.4922,5766.4626,5646.4114,356.67299,1.6966378
9882000.0,1548.7258,5755.6475,3972.7977,251.51751,106.89119,106.89119,106.89119,5784.969,5739.8206,5742.1529,351.7118,1.6966378
9883000.0,1536.2179,5757.4737,3911.6103,247.64374,106.89119,106.89119,106.89119,5761.2981,5769.2392,5741.884,366.44069,1.6966378
9884000.0,1521.9359,5744.5639,3919.7221,248.1573,106.89119,106.89119,106.89119,5803.2697,5715.1256,5715.2964,401.40373,1.6966378
9885000.0,1594.495,5739.6346,3969.6469,251.31804,106.89119,106.89119,106.89119,5801.0841,5698.5068,5719.3131,404.02811,1.6966378
9886000.0,1530.7023,5745.7717,3886.7022,246.06681,106.89119,106.89119,106.89119,5764.9399,5736.5482,5735.8271,404.14592,1.6966378
9887000.0,1476.0772,5717.4116,3910.3716,247.56532,106.89119,106.89119,106.89119,5728.6877,5717.8378,5705.7093,344.06863,1.6966378
9888000.0,1426.8471,5730.8685,3953.5233,250.29725,106.89119,106.89119,106.89119,5752.7941,5755.7965,5684.0148,349.75651,1.6966378
9889000.0,1480.5598,5729.6653,3898.9766,246.8439,106.89119,106.89119,106.89119,5786.8133,5690.7763,5711.4064,345.82688,1.6966378
9890000.0,1447.9803,5702.8235,4005.4666,253.58578,106.89119,106.89119,106.89119,5715.4704,5696.513,5696.4871,360.41196,1.6966378
9891000.0,1478.9228,5741.8854,3975.4067,251.68269,106.89119,106.89119,106.89119,5763.2963,5783.6907,5678.6691,400.23708,1.6966378
9892000.0,1503.7708,5731.4055,3979.018,251.91132,106.89119,106.89119,106.89119,5765.8692,5733.8164,5694.5308,400.32935,1.6966378
9893000.0,1495.7916,5763.4843,3938.5272,249.34785,106.89119,106.89119,106.89119,5789.2351,5761.099,5740.1189,394.59974,1.6966378
9894000.0,1477.2109,5744.8952,3985.9076,252.3475,106.89119,106.89119,106.89119,5835.628,5729.9065,5669.1513,343.68591,1.6966378
9895000.0,1528.3337,5745.6759,3920.5441,248.20934,106.89119,106.89119,106.89119,5778.8253,5758.395,5699.8076,351.21349,1.6966378
9896000.0,1453.4904,5712.6375,3882.3382,245.79053,106.89119,106.89119,106.89119,5745.3477,5702.4221,5690.1426,353.56657,1.6966378
9897000.0,1553.3229,5777.6394,3979.4955,251.94155,106.89119,106.89119,106.89119,5765.354,5838.97,5728.594,386.51614,1.6966378
9898000.0,1514.3102,5743.8663,3871.9109,245.13038,106.89119,106.89119,106.89119,5796.0514,5743.8341,5691.7135,371.7918,1.6966378
9899000.0,1511.1795,5728.04,3975.774,251.70594,106.89119,106.89119,106.89119,5752.426,5708.9756,5722.7185,369.79554,1.6966378
9900000.0,1460.3271,5722.6653,3932.4559,248.96348,106.89119,106.89119,106.89119,5782.2961,5728.6453,5657.0546,357.72659,1.6966378
9901000.0,1441.827,5727.7373,3903.3096,247.11823,106.89119,106.89119,106.89119,5764.8551,5758.2106,5660.1461,340.79585,1.6966378
9902000.0,1499.3709,5722.0462,3929.6492,248.78579,106.89119,106.89119,106.89119,5749.08,5739.3384,5677.7201,368.0665,1.6966378
9903000.0,1559.5062,5735.6158,3927.5938,248.65566,106.89119,106.89119,106.89119,5823.9159,5722.1478,5660.7838,372.8252,1.6966378
9904000.0,1499.8812,5762.9673,4041.8259,255.88768,106.89119,106.89119,106.89119,5803.2274,5748.1485,5737.5259,421.19628,1.6966378
9905000.0,1519.5837,5740.8604,3997.1138,253.05696,106.89119,106.89119,106.89119,5765.6103,5772.1359,5684.8351,411.32456,1.6966378
9906000.0,1533.8576,5729.2319,3943.9683,249.69233,106.89119,106.89119,106.89119,5763.1249,5733.2956,5691.275,385.21805,1.6966378
9907000.0,1521.1705,5713.5027,3910.6003,247.5798,106.89119,106.89119,106.89119,5799.9344,5747.2282,5593.3456,375.58845,1.6966378
9908000.0,1481.7087,5749.3463,3981.3584,252.05949,106.89119,106.89119,106.89119,5745.8513,5769.3616,5732.826,380.07582,1.6966378
9909000.0,1437.2755,5729.2668,4035.2333,255.47031,106.89119,106.89119,106.89119,5712.2386,5789.2032,5686.3585,371.32825,1.6966378
9910000.0,1452.8838,5716.2553,3952.8562,250.25502,106.89119,106.89119,106.89119,5740.1943,5741.3819,5667.1898,418.98856,1.6966378
9911000.0,1429.105,5702.271,3927.2612,248.6346,106.89119,106.89119,106.89119,5766.0861,5669.8347,5670.8921,416.26327,1.6966378
9912000.0,1451.5169,5723.6593,3924.0886,248.43374,106.89119,106.89119,106.89119,5764.5997,5695.8087,5710.5694,395.47353,1.6966378
9913000.0,1413.894,5738.6733,3958.9867,250.64314,106.89119,106.89119,106.89119,5755.03,5738.7944,5722.1955,366.18059,1.6966378
9914000.0,1521.4468,5737.9253,3850.5698,243.77927,106.89119,106.89119,106.89119,5855.4437,5755.9349,5602.3974,363.16648,1.6966378
9915000.0,1522.1327,5740.0619,3938.3448,249.3363,106.89119,106.89119,106.89119,5787.7425,5743.6831,5688.7602,357.72762,1.6966378
9916000.0,1546.8217,5779.0398,3962.2711,250.85108,106.89119,106.89119,106.89119,5854.5919,5795.6862,5686.8415,417.76758,1.6966378
9917000.0,1472.1961,5720.1766,3952.6824,250.24401,106.89119,106.89119,106.89119,5754.163,5725.0659,5681.3007,411.65453,1.6966378
9918000.0,1592.6327,5787.2446,4013.6798,254.10575,106.89119,106.89119,106.89119,5847.9922,5825.2028,5688.5388,387.78002,1.6966378
9919000.0,1471.2854,5758.5881,3914.4631,247.82436,106.89119,106.89119,106.89119,5794.2254,5810.6571,5670.8819,360.56453,1.6966378
9920000.0,1528.8797,5726.2319,3925.8833,248.54737,106.89119,106.89119,106.89119,5795.0252,5716.9438,5666.7267,343.74757,1.6966378
9921000.0,1509.8696,5742.3995,3952.3716,250.22434,106.89119,106.89119,106.89119,5824.6193,5695.113,5707.4664,372.6722,1.6966378
9922000.0,1546.8999,5737.0951,3938.5697,249.35054,106.89119,106.89119,106.89119,5792.1777,5795.1009,5624.0068,420.08559,1.6966378
9923000.0,1516.3729,5753.3114,3868.4521,244.9114,106.89119,106.89119,106.89119,5778.1148,5763.6393,5718.1801,379.96099,1.6966378
9924000.0,1454.8142,5738.412,3962.9246,250.89245,106.89119,106.89119,106.89119,5813.5096,5768.2575,5633.4689,366.82034,1.6966378
9925000.0,1495.7873,5747.5654,3933.5535,249.03297,106.89119,106.89119,106.89119,5838.6622,5761.6386,5642.3955,366.50324,1.6966378
9926000.0,1482.7998,5753.7679,3957.681,250.56048,106.89119,106.89119,106.89119,5816.8422,5748.2081,5696.2533,368.88901,1.6966378
9927000.0,1528.6941,5754.5887,3947.7148,249.92951,106.89119,106.89119,106.89119,5800.4145,5757.3247,5706.0269,374.21511,1.6966378
9928000.0,1526.7956,5746.6601,3953.1102,250.2711,106.89119,106.89119,106.89119,5840.0956,5737.4526,5662.432,420.42101,1.6966378
9929000.0,1524.035,5744.3859,3903.2977,247.11748,106.89119,106.89119,106.89119,5821.2872,5696.7809,5715.0894,414.30505,1.6966378
9930000.0,1497.4447,5734.8385,3978.6234,251.88634,106.89119,106.89119,106.89119,5762.3166,5755.5378,5686.6612,370.78706,1.6966378
9931000.0,1455.1994,5735.9097,3996.8531,253.04046,106.89119,106.89119,106.89119,5843.3764,5680.9753,5683.3775,369.11944,1.6966378
9932000.0,1524.8285,5759.4359,3956.0886,250.45966,106.89119,106.89119,106.89119,5801.6263,5761.3953,5715.286,358.44804,1.6966378
9933000.0,1563.2729,5754.8452,3914.6375,247.83539,106.89119,106.89119,106.89119,5759.0129,5798.4489,5707.0737,344.93176,1.6966378
9934000.0,1501.5178,5744.9035,3971.1243,251.41157,106.89119,106.89119,106.89119,5792.6764,5678.0239,5764.01,365.92061,1.6966378
9935000.0,1425.2814,5716.6037,4006.7076,253.66434,106.89119,106.89119,106.89119,5750.4482,5745.0653,5654.2977,365.45526,1.6966378
9936000.0,1515.4003,5722.822,3926.0818,248.55993,106.89119,106.89119,106.89119,5754.7564,5744.9235,5668.786,346.88805,1.6966378
9937000.0,1523.8324,5762.148,3867.472,244.84935,106.89119,106.89119,106.89119,5790.6595,5754.2285,5741.556,364.14036,1.6966378
9938000.0,1560.4141,5768.9393,3949.7545,250.05865,106.89119,106.89119,106.89119,5829.6514,5751.4235,5725.743,386.05502,1.6966378
9939000.0,1436.046,5707.6246,3882.7743,245.81814,106.89119,106.89119,106.89119,5782.6159,5701.5505,5638.7073,377.03128,1.6966378
9940000.0,1397.2464,5706.7186,3919.4526,248.14024,106.89119,106.89119,106.89119,5770.7477,5676.7638,5672.6442,391.50174,1.6966378
9941000.0,1537.3938,5732.444,3956.8591,250.50844,106.89119,106.89119,106.89119,5767.2093,5703.5988,5726.524,425.20715,1.6966378
9942000.0,1489.3329,5744.0907,3938.9588,249.37517,106.89119,106.89119,106.89119,5747.4986,5764.456,5720.3174,422.75824,1.6966378
9943000.0,1483.2548,5743.1461,3996.3143,253.00635,106.89119,106.89119,106.89119,5803.4664,5733.8135,5692.1585,428.01315,1.6966378
9944000.0,1437.9827,5699.1815,3980.144,251.98261,106.89119,106.89119,106.89119,5766.31,5699.9072,5631.3272,352.57233,1.6966378
9945000.0,1485.1511,5740.2157,4047.0242,256.21678,106.89119,106.89119,106.89119,5783.1891,5746.6985,5690.7596,376.88687,1.6966378
9946000.0,1594.1448,5753.7467,3872.4758,245.16614,106.89119,106.89119,106.89119,5793.2076,5806.0708,5661.9619,381.54292,1.6966378
9947000.0,1408.565,5727.9826,3983.79,252.21343,106.89119,106.89119,106.89119,5801.2361,5737.119,5645.5927,382.3695,1.6966378
9948000.0,1508.2837,5733.7768,4014.1745,254.13707,106.89119,106.89119,106.89119,5796.0914,5707.9763,5697.2628,429.15403,1.6966378
9949000.0,1510.6988,5760.9891,4014.047,254.129,106.89119,106.89119,106.89119,5830.2815,5715.617,5737.069,373.2562,1.6966378
9950000.0,1559.1199,5747.0579,3942.7553,249.61553,106.89119,106.89119,106.89119,5799.7623,5722.7519,5718.6595,413.9447,1.6966378
9951000.0,1493.9546,5724.1488,4026.1611,254.89595,106.89119,106.89119,106.89119,5791.2989,5721.8978,5659.2498,357.34127,1.6966378
9952000.0,1419.0651,5720.7982,3967.516,251.18313,106.89119,106.89119,106.89119,5819.1649,5716.9334,5626.2962,340.20683,1.6966378
9953000.0,1531.5402,5771.3249,4007.7267,253.72887,106.89119,106.89119,106.89119,5827.3616,5805.4183,5681.1949,345.67646,1.6966378
9954000.0,1589.5753,5767.2752,4018.3705,254.40273,106.89119,106.89119,106.89119,5813.9455,5753.8423,5734.0376,325.80029,1.6966378
9955000.0,1474.416,5725.08,3922.2986,248.32042,106.89119,106.89119,106.89119,5797.9182,5750.4028,5626.919,343.51489,1.6966378
9956000.0,1536.6102,5774.399,3895.4376,246.61985,106.89119,106.89119,106.89119,5807.0559,5785.9446,5730.1966,351.67097,1.6966378
9957000.0,1492.8855,5740.7713,4018.8981,254.43613,106.89119,106.89119,106.89119,5781.7052,5803.5872,5637.0216,334.76824,1.6966378
9958000.0,1537.6203,5752.297,3916.5313,247.95529,106.89119,106.89119,106.89119,5834.8924,5724.6304,5697.3682,376.47286,1.6966378
9959000.0,1542.7591,5773.6876,3933.5741,249.03427,106.89119,106.89119,106.89119,5813.4248,5846.1285,5661.5097,364.72737,1.6966378
9960000.0,1451.3551,5744.4378,3941.9733,249.56602,106.89119,106.89119,106.89119,5788.5477,5756.6223,5688.1434,364.79973,1.6966378
9961000.0,1482.5483,5720.9739,3943.5353,249.66491,106.89119,106.89119,106.89119,5803.4874,5696.232,5663.2022,391.9723,1.6966378
9962000.0,1527.9452,5764.0835,4056.2074,256.79818,106.89119,106.89119,106.89119,5822.1746,5777.474,5692.6019,411.01248,1.6966378
9963000.0,1535.9376,5742.1598,3960.8679,250.76224,106.89119,106.89119,106.89119,5788.559,5696.2406,5741.6798,419.44797,1.6966378
9964000.0,1521.8131,5769.9718,4011.3,253.95509,106.89119,106.89119,106.89119,5829.2327,5755.383,5725.2999,415.75554,1.6966378
9965000.0,1547.0471,5759.3766,4000.0197,253.24093,106.89119,106.89119,106.89119,5810.9223,5715.8061,5751.4015,315.46333,1.6966378
9966000.0,1499.3071,5747.3949,3947.8172,249.936,106.89119,106.89119,106.89119,5815.1942,5708.6155,5718.3749,331.99727,1.6966378
9967000.0,1466.9163,5745.2886,3977.3645,251.80664,106.89119,106.89119,106.89119,5782.5275,5733.9517,5719.3866,334.7293,1.6966378
9968000.0,1509.2308,5730.075,3929.7225,248.79042,106.89119,106.89119,106.89119,5794.8549,5697.0598,5698.3104,325.15335,1.6966378
9969000.0,1549.0281,5741.1469,3952.6201,250.24007,106.89119,106.89119,106.89119,5792.4264,5735.9209,5695.0933,320.99676,1.6966378
9970000.0,1537.497,5742.0398,3988.5093,252.51221,106.89119,106.89119,106.89119,5745.5534,5753.9038,5726.6621,369.20094,1.6966378
9971000.0,1449.7751,5736.2056,3996.5285,253.01991,106.89119,106.89119,106.89119,5752.1171,5725.6917,5730.808,342.61445,1.6966378
9972000.0,1453.2909,5726.4091,3871.8459,245.12626,106.89119,106.89119,106.89119,5743.4365,5707.2961,5728.4946,322.82198,1.6966378
9973000.0,1557.4075,5753.195,3975.7879,251.70682,106.89119,106.89119,106.89119,5785.746,5768.4834,5705.3557,347.74742,1.6966378
9974000.0,1429.2973,5731.5409,3895.811,246.64349,106.89119,106.89119,106.89119,5723.1668,5757.1755,5714.2803,362.00969,1.6966378
9975000.0,1521.236,5760.1008,3985.688,252.3336,106.89119,106.89119,106.89119,5768.9323,5742.0688,5769.3013,360.41992,1.6966378
9976000.0,1546.5273,5769.3143,3941.3374,249.52577,106.89119,106.89119,106.89119,5779.0668,5783.2505,5745.6256,335.35216,1.6966378
9977000.0,1512.5636,5724.477,3960.499,250.73888,106.89119,106.89119,106.89119,5731.7467,5761.9766,5679.7076,333.56691,1.6966378
9978000.0,1561.5847,5759.4016,3906.376,247.31236,106.89119,106.89119,106.89119,5767.1041,5858.7225,5652.3782,332.90042,1.6966378
9979000.0,1562.3294,5727.3858,3978.5772,251.88341,106.89119,106.89119,106.89119,5771.5097,5711.6093,5699.0384,337.61323,1.6966378
9980000.0,1458.3955,5718.808,3948.546,249.98214,106.89119,106.89119,106.89119,5721.4254,5719.8045,5715.1941,374.93012,1.6966378
9981000.0,1485.2093,5746.0358,4048.1193,256.28612,106.89119,106.89119,106.89119,5742.318,5746.1101,5749.6793,368.14508,1.6966378
9982000.0,1478.9188,5701.1535,3907.1874,247.36373,106.89119,106.89119,106.89119,5716.2004,5695.1105,5692.1496,369.53019,1.6966378
9983000.0,1511.693,5739.539,3873.2302,245.2139,106.89119,106.89119,106.89119,5750.7424,5736.7246,5731.1499,323.45497,1.6966378
9984000.0,1541.3697,5756.6334,3941.0854,249.50981,106.89119,106.89119,106.89119,5842.3014,5736.7209,5690.8778,324.81476,1.6966378
9985000.0,1451.2358,5742.9679,3935.6861,249.16798,106.89119,106.89119,106.89119,5849.7696,5694.3583,5684.7758,322.05531,1.6966378
9986000.0,1446.2113,5735.8543,3955.5342,250.42456,106.89119,106.89119,106.89119,5723.9524,5720.4307,5763.1797,334.35658,1.6966378
9987000.0,1506.8485,5742.82,3891.3697,246.36231,106.89119,106.89119,106.89119,5735.8325,5784.7371,5707.8903,344.66222,1.6966378
9988000.0,1492.9664,5739.1248,3932.1966,248.94706,106.89119,106.89119,106.89119,5813.766,5715.9365,5687.672,345.71923,1.6966378
9989000.0,1498.4587,5764.6159,3988.2403,252.49518,106.89119,106.89119,106.89119,5860.8146,5741.6104,5691.4227,344.64897,1.6966378
9990000.0,1483.3643,5736.8505,3944.6173,249.73341,106.89119,106.89119,106.89119,5738.7188,5785.8769,5685.9557,371.68925,1.6966378
9991000.0,1459.2004,5721.1471,4022.4564,254.6614,106.89119,106.89119,106.89119,5785.5548,5680.0363,5697.8503,370.74397,1.6966378
9992000.0,1521.1299,5732.6976,3986.0082,252.35387,106.89119,106.89119,106.89119,5787.2113,5700.0688,5710.8127,317.59884,1.6966378
9993000.0,1547.6949,5765.2296,3934.4777,249.09148,106.89119,106.89119,106.89119,5779.2624,5777.6596,5738.7668,346.00558,1.6966378
9994000.0,1547.7904,5738.383,4006.9418,253.67917,106.89119,106.89119,106.89119,5744.1376,5747.0928,5723.9185,345.50654,1.6966378
9995000.0,1512.3142,5739.2611,4007.5485,253.71758,106.89119,106.89119,106.89119,5770.7787,5745.5393,5701.4654,350.95064,1.6966378
9996000.0,1484.6132,5731.4415,3958.8842,250.63665,106.89119,106.89119,106.89119,5746.388,5733.3645,5714.5719,325.52894,1.6966378
9997000.0,1518.9015,5739.578,3979.9552,251.97066,106.89119,106.89119,106.89119,5694.4931,5789.6426,5734.5983,320.31211,1.6966378
9998000.0,1601.0216,5781.3028,3915.6101,247.89697,106.89119,106.89119,106.89119,5775.2831,5841.8925,5726.7327,336.2056,1.6966378
9999000.0,1479.2919,5742.9791,3956.2399,250.46924,106.89119,106.89119,106.89119,5759.166,5758.631,5711.1403,381.57783,1.6966378
10000000.0,1446.61,5718.6685,3985.0041,252.2903,106.89119,106.89119,106.89119,5760.1415,5779.6138,5616.2501,386.71599,1.6966378
10001000.0,1599.5928,5762.5718,3989.9696,252.60467,106.89119,106.89119,106.89119,5821.9156,5783.9982,5681.8016,369.53808,1.6966378
10002000.0,1543.4754,5748.2369,3899.9986,246.90861,106.89119,106.89119,106.89119,5766.5093,5765.526,5712.6753,379.27891,1.6966378
10002971.0,1500.6105,5742.5988,4003.5781,253.46622,106.89119,106.89119,106.89119,5739.9431,5753.5346,5734.3187,373.61386,1.6966378
