Step,PotEng,Press,KinEng,Temp,Lx,Ly,Lz,Pxx,Pyy,Pzz,SPCPU,Density
3002971.0,1880.2117,5807.8696,3856.7554,244.17089,106.89119,106.89119,106.89119,5895.5288,5808.1913,5719.8886,0.0,1.6966378
3003000.0,1858.5808,5799.8784,3909.9759,247.54027,106.89119,106.89119,106.89119,5809.1371,5836.0643,5754.4336,237.58514,1.6966378
3004000.0,1844.7104,5818.0032,3859.4462,244.34124,106.89119,106.89119,106.89119,5870.7897,5793.7728,5789.4472,409.92969,1.6966378
3005000.0,1914.1554,5813.6709,3909.1714,247.48934,106.89119,106.89119,106.89119,5849.7379,5793.7291,5797.5456,494.71059,1.6966378
3006000.0,1898.8934,5831.8993,3957.2443,250.53283,106.89119,106.89119,106.89119,5854.6513,5831.2541,5809.7925,487.44204,1.6966378
3007000.0,1929.8542,5830.9351,3909.3395,247.49998,106.89119,106.89119,106.89119,5837.0673,5803.7327,5852.0054,500.61197,1.6966378
3008000.0,1933.4368,5855.3659,4005.7073,253.60102,106.89119,106.89119,106.89119,5852.5795,5852.9973,5860.5209,486.64919,1.6966378
3009000.0,1917.9818,5843.3825,3924.96,248.48891,106.89119,106.89119,106.89119,5821.9767,5834.4734,5873.6975,504.32767,1.6966378
3010000.0,1976.9402,5832.2003,3846.9386,243.54939,106.89119,106.89119,106.89119,5906.7461,5778.9536,5810.9013,503.2419,1.6966378
3011000.0,1913.2613,5828.6584,4022.301,254.65156,106.89119,106.89119,106.89119,5865.0833,5835.3733,5785.5187,506.27868,1.6966378
3012000.0,1870.3986,5827.9322,3908.729,247.46133,106.89119,106.89119,106.89119,5869.1322,5834.4486,5780.216,506.48152,1.6966378
3013000.0,1912.0984,5844.7623,4021.512,254.60161,106.89119,106.89119,106.89119,5821.2702,5880.3738,5832.643,493.13776,1.6966378
3014000.0,1939.9147,5828.2711,3905.269,247.24228,106.89119,106.89119,106.89119,5842.4379,5839.2961,5803.0792,485.41677,1.6966378
3015000.0,1901.5925,5833.869,3957.5554,250.55253,106.89119,106.89119,106.89119,5843.8077,5811.0184,5846.7808,492.26703,1.6966378
3016000.0,1989.6195,5851.8708,3960.6328,250.74736,106.89119,106.89119,106.89119,5881.2651,5836.0715,5838.2759,502.66062,1.6966378
3017000.0,1945.6304,5822.7193,3963.4587,250.92626,106.89119,106.89119,106.89119,5825.662,5854.0586,5788.4373,499.3201,1.6966378
3018000.0,2006.0551,5862.9885,3973.5082,251.5625,106.89119,106.89119,106.89119,5905.4938,5869.2695,5814.2022,498.8931,1.6966378
3019000.0,1916.6651,5828.3801,3975.1203,251.66456,106.89119,106.89119,106.89119,5874.44,5807.8275,5802.8728,495.59049,1.6966378
3020000.0,1796.7189,5778.3015,3979.0625,251.91414,106.89119,106.89119,106.89119,5831.634,5715.1335,5788.137,499.1644,1.6966378
3021000.0,1924.0624,5841.8542,3979.0249,251.91176,106.89119,106.89119,106.89119,5859.6737,5869.8103,5796.0785,496.15661,1.6966378
3022000.0,1906.0439,5817.6253,4017.262,254.33254,106.89119,106.89119,106.89119,5827.4734,5842.2848,5783.1175,509.06245,1.6966378
3023000.0,1847.5846,5796.831,3976.9681,251.78154,106.89119,106.89119,106.89119,5812.7809,5843.3104,5734.4016,500.24924,1.6966378
3024000.0,1844.4753,5799.0744,4002.0233,253.36778,106.89119,106.89119,106.89119,5832.5103,5785.4423,5779.2706,486.34674,1.6966378
3025000.0,1802.356,5789.0331,3906.0372,247.29091,106.89119,106.89119,106.89119,5792.567,5811.5681,5762.9641,503.0896,1.6966378
3026000.0,1946.6348,5839.0792,3923.6624,248.40676,106.89119,106.89119,106.89119,5839.837,5825.1196,5852.2811,500.96368,1.6966378
3027000.0,2013.0735,5847.8619,3975.823,251.70905,106.89119,106.89119,106.89119,5885.698,5808.004,5849.8838,502.36208,1.6966378
3028000.0,1899.717,5831.9305,3919.3072,248.13103,106.89119,106.89119,106.89119,5880.0503,5847.5012,5768.2399,503.94326,1.6966378
3029000.0,1812.3799,5802.3956,3943.0587,249.63474,106.89119,106.89119,106.89119,5856.2721,5799.0102,5751.9044,506.05275,1.6966378
3030000.0,1934.5898,5821.0756,3949.1799,250.02227,106.89119,106.89119,106.89119,5873.4748,5803.1207,5786.6314,496.56268,1.6966378
3031000.0,1919.6116,5804.5237,3970.4238,251.36722,106.89119,106.89119,106.89119,5843.5866,5795.0702,5774.9143,500.39435,1.6966378
3032000.0,1963.8716,5824.9222,3935.1829,249.13612,106.89119,106.89119,106.89119,5892.573,5832.4692,5749.7244,501.8291,1.6966378
3033000.0,1781.9977,5779.9008,3989.7807,252.59271,106.89119,106.89119,106.89119,5864.1171,5809.5547,5666.0306,500.9779,1.6966378
3034000.0,1917.7878,5807.948,3912.3922,247.69324,106.89119,106.89119,106.89119,5818.2436,5836.0162,5769.5843,497.23703,1.6966378
3035000.0,1900.0493,5814.7341,3999.7673,253.22495,106.89119,106.89119,106.89119,5813.036,5816.3507,5814.8157,498.05992,1.6966378
3036000.0,1886.8637,5809.7886,4000.5581,253.27502,106.89119,106.89119,106.89119,5880.9948,5762.2986,5786.0725,497.04074,1.6966378
3037000.0,1854.9928,5803.2853,3971.1073,251.4105,106.89119,106.89119,106.89119,5795.6986,5870.2101,5743.9473,498.01505,1.6966378
3038000.0,1871.9819,5828.3249,3952.7404,250.24769,106.89119,106.89119,106.89119,5845.49,5814.9323,5824.5524,492.62773,1.6966378
3039000.0,1924.4974,5808.9119,3979.056,251.91372,106.89119,106.89119,106.89119,5833.8165,5845.8437,5747.0754,496.05358,1.6966378
3040000.0,1866.8605,5780.1639,3889.5837,246.24924,106.89119,106.89119,106.89119,5809.2131,5815.272,5716.0066,492.364,1.6966378
3041000.0,1866.8189,5817.5466,3974.137,251.6023,106.89119,106.89119,106.89119,5829.5677,5831.4683,5791.6039,495.55782,1.6966378
3042000.0,1931.9754,5853.3537,3922.8054,248.3525,106.89119,106.89119,106.89119,5893.0301,5801.1068,5865.9242,492.67842,1.6966378
3043000.0,1893.5628,5808.7177,3919.9412,248.17117,106.89119,106.89119,106.89119,5847.3772,5793.1561,5785.6197,490.62835,1.6966378
3044000.0,1930.2717,5819.376,3969.3113,251.29679,106.89119,106.89119,106.89119,5869.1386,5770.3891,5818.6002,492.36213,1.6966378
3045000.0,1917.9828,5830.5412,3940.1025,249.44758,106.89119,106.89119,106.89119,5906.9573,5779.9268,5804.7396,493.15482,1.6966378
3046000.0,1986.089,5836.5602,3965.4461,251.05208,106.89119,106.89119,106.89119,5895.2358,5806.3605,5808.0843,485.31947,1.6966378
3047000.0,1906.8199,5824.9325,3903.4604,247.12777,106.89119,106.89119,106.89119,5742.7226,5918.3436,5813.7313,491.67867,1.6966378
3048000.0,1837.7175,5812.1807,3903.4248,247.12552,106.89119,106.89119,106.89119,5801.3997,5840.1333,5795.0091,499.94537,1.6966378
3049000.0,1870.5117,5812.3488,3946.6738,249.86361,106.89119,106.89119,106.89119,5837.7213,5761.823,5837.502,502.44682,1.6966378
3050000.0,2006.9473,5814.4565,3927.4814,248.64854,106.89119,106.89119,106.89119,5862.1357,5779.2511,5801.9826,494.53983,1.6966378
3051000.0,1903.0823,5839.9542,3964.569,250.99655,106.89119,106.89119,106.89119,5853.0729,5824.2292,5842.5606,501.4995,1.6966378
3052000.0,1835.6839,5787.9613,3915.3026,247.8775,106.89119,106.89119,106.89119,5759.425,5844.2664,5760.1926,507.47059,1.6966378
3053000.0,1874.5137,5786.1377,3966.6208,251.12645,106.89119,106.89119,106.89119,5803.8638,5812.5697,5741.9796,505.01502,1.6966378
3054000.0,1949.4886,5831.2601,4040.4113,255.79813,106.89119,106.89119,106.89119,5894.4028,5835.5634,5763.8142,505.91227,1.6966378
3055000.0,1863.2895,5786.2315,3959.4014,250.66939,106.89119,106.89119,106.89119,5880.6222,5771.5564,5706.5159,500.72352,1.6966378
3056000.0,1911.2203,5820.3208,3988.2096,252.49324,106.89119,106.89119,106.89119,5849.9834,5831.8957,5779.0834,491.22793,1.6966378
3057000.0,1908.8396,5820.8895,3985.4183,252.31652,106.89119,106.89119,106.89119,5848.6151,5791.6411,5822.4123,474.72135,1.6966378
3058000.0,1912.3045,5798.5625,3943.3115,249.65075,106.89119,106.89119,106.89119,5817.5265,5816.4582,5761.7029,501.98856,1.6966378
3059000.0,1921.7067,5814.5547,3969.0551,251.28057,106.89119,106.89119,106.89119,5882.2236,5832.2023,5729.2382,495.51867,1.6966378
3060000.0,1852.5159,5797.8395,3939.5408,249.41202,106.89119,106.89119,106.89119,5813.2527,5781.3246,5798.9412,476.76067,1.6966378
3061000.0,1905.4931,5812.3995,4081.6634,258.40979,106.89119,106.89119,106.89119,5842.5167,5803.0979,5791.5841,493.13649,1.6966378
3062000.0,1913.2547,5817.1436,3861.0804,244.4447,106.89119,106.89119,106.89119,5831.1353,5790.186,5830.1093,485.23902,1.6966378
3063000.0,1956.7752,5837.5815,3934.5233,249.09437,106.89119,106.89119,106.89119,5873.7673,5817.5179,5821.4593,499.80717,1.6966378
3064000.0,1919.0281,5810.3991,3933.6452,249.03877,106.89119,106.89119,106.89119,5842.0852,5804.4782,5784.6339,492.4423,1.6966378
3065000.0,1940.6118,5803.4109,3955.4316,250.41806,106.89119,106.89119,106.89119,5818.5208,5801.0738,5790.6382,502.75929,1.6966378
3066000.0,1894.981,5809.5674,3995.2741,252.94049,106.89119,106.89119,106.89119,5823.4165,5791.9823,5813.3034,495.32208,1.6966378
3067000.0,1935.8982,5827.6385,3994.4204,252.88644,106.89119,106.89119,106.89119,5811.1596,5817.9568,5853.799,464.80435,1.6966378
3068000.0,1815.2512,5791.993,3935.2405,249.13977,106.89119,106.89119,106.89119,5809.2724,5764.944,5801.7626,494.46412,1.6966378
3069000.0,1928.1758,5809.1342,3913.0895,247.73739,106.89119,106.89119,106.89119,5803.3675,5824.4334,5799.6016,485.48081,1.6966378
3070000.0,1892.8615,5831.5391,3931.4499,248.89979,106.89119,106.89119,106.89119,5798.282,5837.1394,5859.1958,490.64319,1.6966378
3071000.0,1865.3011,5812.5901,3920.4222,248.20162,106.89119,106.89119,106.89119,5810.126,5826.7834,5800.8609,497.75323,1.6966378
3072000.0,1959.8061,5845.5385,4008.2129,253.75965,106.89119,106.89119,106.89119,5853.685,5851.8772,5831.0532,501.56693,1.6966378
3073000.0,1978.5853,5837.888,3892.0343,246.40439,106.89119,106.89119,106.89119,5859.2379,5843.5327,5810.8935,489.95966,1.6966378
3074000.0,1918.6829,5835.7394,3953.8963,250.32087,106.89119,106.89119,106.89119,5862.4003,5856.5087,5788.3093,481.29087,1.6966378
3075000.0,1904.7177,5816.1444,4075.3512,258.01017,106.89119,106.89119,106.89119,5842.8499,5818.6264,5786.9571,495.97032,1.6966378
3076000.0,1912.0871,5808.824,3912.634,247.70855,106.89119,106.89119,106.89119,5868.15,5803.965,5754.3571,486.5781,1.6966378
3077000.0,1809.7823,5788.3014,3914.9072,247.85247,106.89119,106.89119,106.89119,5768.052,5829.9998,5766.8523,498.18727,1.6966378
3078000.0,1836.9094,5796.9893,3961.9547,250.83104,106.89119,106.89119,106.89119,5830.1163,5793.9063,5766.9453,500.90196,1.6966378
3079000.0,1959.3196,5833.121,3949.8014,250.06162,106.89119,106.89119,106.89119,5848.5876,5825.7722,5825.0034,503.69579,1.6966378
3080000.0,1895.8341,5817.4481,4024.0147,254.76006,106.89119,106.89119,106.89119,5889.4066,5758.1125,5804.8252,499.82759,1.6966378
3081000.0,1928.7714,5830.9378,3906.2404,247.30378,106.89119,106.89119,106.89119,5854.9649,5826.7979,5811.0507,502.90688,1.6966378
3082000.0,1853.8389,5789.68,3991.6589,252.71161,106.89119,106.89119,106.89119,5838.5831,5790.6389,5739.8179,497.23771,1.6966378
3083000.0,1829.2814,5795.1435,4029.2227,255.08977,106.89119,106.89119,106.89119,5809.4874,5819.6735,5756.2697,502.07204,1.6966378
3084000.0,1882.8587,5820.3927,3917.9741,248.04663,106.89119,106.89119,106.89119,5814.5069,5804.5391,5842.1321,504.87302,1.6966378
3085000.0,1899.4961,5817.9355,4045.378,256.11256,106.89119,106.89119,106.89119,5864.4021,5796.0802,5793.3243,494.49914,1.6966378
3086000.0,1925.4008,5815.8959,3918.6202,248.08754,106.89119,106.89119,106.89119,5828.249,5829.1005,5790.3382,500.52138,1.6966378
3087000.0,1848.1879,5806.6452,3903.1652,247.10908,106.89119,106.89119,106.89119,5841.3613,5811.6029,5766.9714,498.8476,1.6966378
3088000.0,1908.0903,5817.1765,3915.9466,247.91827,106.89119,106.89119,106.89119,5848.2434,5839.8495,5763.4367,495.31898,1.6966378
3089000.0,1835.0401,5804.045,3933.1085,249.00479,106.89119,106.89119,106.89119,5779.0911,5843.7709,5789.273,503.66583,1.6966378
3090000.0,1854.3332,5807.8173,3952.7741,250.24982,106.89119,106.89119,106.89119,5816.2461,5772.0497,5835.1562,498.12713,1.6966378
3091000.0,1979.8263,5828.4671,3944.0295,249.6962,106.89119,106.89119,106.89119,5829.5484,5832.2969,5823.5559,496.1793,1.6966378
3092000.0,1891.8985,5817.9411,3963.8857,250.95329,106.89119,106.89119,106.89119,5858.6113,5790.39,5804.822,498.63828,1.6966378
3093000.0,1901.7791,5823.5253,3866.9504,244.81633,106.89119,106.89119,106.89119,5862.3074,5841.7935,5766.4752,498.00679,1.6966378
3094000.0,1796.7399,5785.0557,3932.8451,248.98811,106.89119,106.89119,106.89119,5828.6585,5774.37,5752.1387,487.24399,1.6966378
3095000.0,1848.8868,5806.5424,3927.7735,248.66704,106.89119,106.89119,106.89119,5808.0839,5807.1427,5804.4004,500.61264,1.6966378
3096000.0,1930.9111,5828.7446,3957.9716,250.57888,106.89119,106.89119,106.89119,5903.5243,5836.2698,5746.4397,491.68031,1.6966378
3097000.0,1827.7851,5818.8709,3982.8349,252.15297,106.89119,106.89119,106.89119,5850.1844,5836.6809,5769.7474,497.35514,1.6966378
3098000.0,1810.7588,5803.7969,3970.6179,251.37951,106.89119,106.89119,106.89119,5805.0101,5811.2178,5795.163,505.19399,1.6966378
3099000.0,1910.1795,5798.3525,3951.4268,250.16452,106.89119,106.89119,106.89119,5811.1998,5823.7512,5760.1065,499.25329,1.6966378
3100000.0,1921.6197,5806.8868,4018.9167,254.4373,106.89119,106.89119,106.89119,5830.7272,5894.5397,5695.3934,498.96065,1.6966378
3101000.0,1856.9648,5810.0979,3909.9332,247.53757,106.89119,106.89119,106.89119,5853.1064,5836.67,5740.5173,497.03021,1.6966378
3102000.0,1944.7673,5818.7508,3942.6293,249.60755,106.89119,106.89119,106.89119,5839.0413,5874.817,5742.3941,498.72492,1.6966378
3103000.0,1901.6557,5815.454,3912.4563,247.69731,106.89119,106.89119,106.89119,5836.3099,5798.6051,5811.447,494.46046,1.6966378
3104000.0,1907.0855,5816.0276,3956.0867,250.45954,106.89119,106.89119,106.89119,5866.2296,5769.2813,5812.572,499.91654,1.6966378
3105000.0,1946.4802,5838.5054,3891.6863,246.38235,106.89119,106.89119,106.89119,5842.6988,5776.0276,5896.7897,497.83071,1.6966378
3106000.0,1973.4537,5831.7875,3940.8179,249.49287,106.89119,106.89119,106.89119,5842.6692,5852.8372,5799.8563,498.26674,1.6966378
3107000.0,1916.5259,5835.1432,3938.8213,249.36647,106.89119,106.89119,106.89119,5878.3934,5857.6424,5769.3937,498.76843,1.6966378
3108000.0,1878.1466,5814.1094,3946.3394,249.84244,106.89119,106.89119,106.89119,5850.4665,5812.6626,5779.1991,500.97373,1.6966378
3109000.0,1917.0872,5830.107,3903.112,247.10572,106.89119,106.89119,106.89119,5847.0946,5805.0574,5838.1691,497.42566,1.6966378
3110000.0,1905.2817,5805.5459,3897.4844,246.74943,106.89119,106.89119,106.89119,5873.4704,5786.5632,5756.6043,485.28958,1.6966378
3111000.0,1980.5301,5847.338,3939.1493,249.38724,106.89119,106.89119,106.89119,5904.2247,5869.6907,5768.0986,493.35233,1.6966378
3112000.0,1925.6773,5839.9521,4026.0849,254.89112,106.89119,106.89119,106.89119,5867.9989,5829.0096,5822.8479,494.09021,1.6966378
3113000.0,1818.769,5815.8663,3931.0328,248.87338,106.89119,106.89119,106.89119,5871.0944,5799.9941,5776.5105,495.60155,1.6966378
3114000.0,1934.132,5849.1778,4038.5384,255.67955,106.89119,106.89119,106.89119,5814.559,5921.0815,5811.8927,495.5665,1.6966378
3115000.0,1851.5321,5819.3426,4000.5517,253.27462,106.89119,106.89119,106.89119,5871.5179,5796.5647,5789.9452,502.87761,1.6966378
3116000.0,1898.595,5795.8874,3974.6341,251.63377,106.89119,106.89119,106.89119,5778.4935,5804.6579,5804.5108,493.26674,1.6966378
3117000.0,1867.9328,5801.0293,3956.5433,250.48845,106.89119,106.89119,106.89119,5860.3568,5747.2579,5795.4733,495.77342,1.6966378
3118000.0,1927.591,5845.6712,3937.8708,249.30629,106.89119,106.89119,106.89119,5860.3418,5811.8873,5864.7845,496.24058,1.6966378
3119000.0,1877.0513,5811.2022,3940.046,249.44401,106.89119,106.89119,106.89119,5828.1825,5782.1214,5823.3026,495.69169,1.6966378
3120000.0,1933.4918,5816.2112,3875.8871,245.38211,106.89119,106.89119,106.89119,5881.4456,5806.0037,5761.1844,501.79382,1.6966378
3121000.0,1893.3335,5823.7059,3885.5575,245.99435,106.89119,106.89119,106.89119,5831.7576,5823.7972,5815.5631,508.19369,1.6966378
3122000.0,1893.7306,5824.5596,3933.2501,249.01376,106.89119,106.89119,106.89119,5820.6842,5851.7952,5801.1995,508.24968,1.6966378
3123000.0,1914.8519,5830.1421,3941.9731,249.56601,106.89119,106.89119,106.89119,5874.1453,5779.0315,5837.2494,501.42518,1.6966378
3124000.0,1878.1052,5797.5891,4013.5891,254.10001,106.89119,106.89119,106.89119,5839.5412,5781.898,5771.3281,499.83616,1.6966378
3125000.0,1894.5089,5821.9045,3967.703,251.19497,106.89119,106.89119,106.89119,5781.6944,5827.6304,5856.3886,497.25543,1.6966378
3126000.0,1943.9249,5824.2725,3946.0065,249.82136,106.89119,106.89119,106.89119,5896.9138,5828.7967,5747.1071,494.66974,1.6966378
3127000.0,1881.3354,5820.8266,3989.4636,252.57263,106.89119,106.89119,106.89119,5873.899,5797.4443,5791.1363,504.44981,1.6966378
3128000.0,1817.9499,5810.0686,3975.756,251.70481,106.89119,106.89119,106.89119,5795.9491,5839.6497,5794.6071,493.96267,1.6966378
3129000.0,1884.3481,5826.4449,4005.908,253.61373,106.89119,106.89119,106.89119,5842.5316,5802.3029,5834.5001,495.51408,1.6966378
3130000.0,1883.6962,5826.6502,3992.5938,252.7708,106.89119,106.89119,106.89119,5883.3972,5833.7381,5762.8154,504.18945,1.6966378
3131000.0,1911.192,5807.9085,3938.791,249.36455,106.89119,106.89119,106.89119,5866.9245,5806.3731,5750.4279,493.57122,1.6966378
3132000.0,1950.6284,5844.0679,3959.9658,250.70512,106.89119,106.89119,106.89119,5872.0196,5861.449,5798.7349,498.15412,1.6966378
3133000.0,1915.2931,5834.7915,3911.3552,247.62759,106.89119,106.89119,106.89119,5918.8729,5796.2629,5789.2387,503.23522,1.6966378
3134000.0,1891.5414,5854.3193,3930.753,248.85566,106.89119,106.89119,106.89119,5889.2202,5880.867,5792.8707,497.20788,1.6966378
3135000.0,1883.1824,5805.0211,3973.2236,251.54448,106.89119,106.89119,106.89119,5787.2747,5784.8329,5842.9558,497.76224,1.6966378
3136000.0,1896.9128,5801.6761,3940.3539,249.4635,106.89119,106.89119,106.89119,5850.9854,5804.1671,5749.8758,496.76518,1.6966378
3137000.0,1886.2635,5819.2256,3978.7355,251.89343,106.89119,106.89119,106.89119,5910.171,5785.6495,5761.8562,496.22169,1.6966378
3138000.0,1904.1557,5850.0956,3959.7257,250.68993,106.89119,106.89119,106.89119,5842.8579,5891.205,5816.2238,456.37223,1.6966378
3139000.0,1855.0395,5789.19,4017.9463,254.37587,106.89119,106.89119,106.89119,5784.5597,5788.0134,5794.9969,484.02059,1.6966378
3140000.0,1856.1569,5806.9579,3946.2362,249.83591,106.89119,106.89119,106.89119,5802.4626,5826.9839,5791.4272,498.72323,1.6966378
3141000.0,1890.6019,5818.0609,3973.5998,251.56829,106.89119,106.89119,106.89119,5857.4191,5802.2989,5794.4648,498.18738,1.6966378
3142000.0,1899.489,5829.108,3943.0864,249.63649,106.89119,106.89119,106.89119,5841.6878,5870.246,5775.3903,497.95642,1.6966378
3143000.0,1873.5717,5803.1975,3977.7722,251.83245,106.89119,106.89119,106.89119,5855.8866,5808.6941,5745.0117,495.42349,1.6966378
3144000.0,1852.8078,5793.0772,3967.6528,251.19179,106.89119,106.89119,106.89119,5833.9665,5800.0961,5745.1689,448.9447,1.6966378
3145000.0,1849.5067,5823.2966,3983.7912,252.21351,106.89119,106.89119,106.89119,5847.263,5831.7601,5790.8665,460.26059,1.6966378
3146000.0,1896.4709,5823.1424,3977.4881,251.81446,106.89119,106.89119,106.89119,5848.0699,5841.9997,5779.3577,463.8349,1.6966378
3147000.0,1881.9818,5821.3151,3919.9798,248.17362,106.89119,106.89119,106.89119,5877.4147,5794.5338,5791.9969,488.73114,1.6966378
3148000.0,1889.3104,5839.3798,3970.3794,251.36441,106.89119,106.89119,106.89119,5881.9235,5850.8674,5785.3487,451.03219,1.6966378
3149000.0,1909.9864,5814.6041,3967.8837,251.20641,106.89119,106.89119,106.89119,5862.8173,5809.5575,5771.4374,503.20752,1.6966378
3150000.0,1861.3214,5797.9382,3935.0236,249.12604,106.89119,106.89119,106.89119,5843.8204,5776.8334,5773.1608,490.58572,1.6966378
3151000.0,1887.5459,5808.739,3872.4764,245.16618,106.89119,106.89119,106.89119,5822.1617,5816.548,5787.5074,498.54549,1.6966378
3152000.0,1894.0473,5805.7528,4008.0239,253.74768,106.89119,106.89119,106.89119,5854.7464,5759.9408,5802.5712,501.13329,1.6966378
3153000.0,1910.9795,5806.8477,3902.6301,247.0752,106.89119,106.89119,106.89119,5804.8359,5830.7111,5784.996,503.18977,1.6966378
3154000.0,1963.4424,5850.3575,3915.7034,247.90288,106.89119,106.89119,106.89119,5893.6079,5819.9608,5837.5039,504.61627,1.6966378
3155000.0,1892.1184,5823.6088,3916.1456,247.93087,106.89119,106.89119,106.89119,5782.5628,5867.179,5821.0845,501.25472,1.6966378
3156000.0,1899.6882,5835.1255,3988.0921,252.4858,106.89119,106.89119,106.89119,5832.3211,5864.5868,5808.4686,499.03858,1.6966378
3157000.0,1848.4365,5804.0684,3937.7253,249.29708,106.89119,106.89119,106.89119,5851.6376,5836.3198,5724.2478,500.82533,1.6966378
3158000.0,1881.8383,5831.2759,3959.2387,250.6591,106.89119,106.89119,106.89119,5809.8561,5874.3632,5809.6085,502.68441,1.6966378
3159000.0,1877.4034,5835.5196,3961.304,250.78985,106.89119,106.89119,106.89119,5808.8908,5832.452,5865.2162,496.08276,1.6966378
3160000.0,1943.3389,5820.5168,3916.575,247.95806,106.89119,106.89119,106.89119,5817.1951,5821.0308,5823.3243,500.48805,1.6966378
3161000.0,1879.0358,5804.6114,3996.9686,253.04777,106.89119,106.89119,106.89119,5812.4977,5782.1595,5819.1771,506.02818,1.6966378
3162000.0,1878.2488,5811.3655,3961.6312,250.81056,106.89119,106.89119,106.89119,5782.9861,5811.5215,5839.5889,505.11626,1.6966378
3163000.0,1904.5256,5822.9341,3981.3607,252.05964,106.89119,106.89119,106.89119,5839.464,5813.515,5815.8232,503.9215,1.6966378
3164000.0,1903.4622,5799.2777,3999.7564,253.22427,106.89119,106.89119,106.89119,5838.4285,5794.1653,5765.2394,499.594,1.6966378
3165000.0,1827.37,5795.9765,3997.7501,253.09725,106.89119,106.89119,106.89119,5806.9584,5759.3576,5821.6137,446.88578,1.6966378
3166000.0,1899.006,5836.9474,3949.486,250.04165,106.89119,106.89119,106.89119,5897.2501,5835.124,5778.4681,441.43891,1.6966378
3167000.0,1853.9751,5849.4852,3903.8362,247.15156,106.89119,106.89119,106.89119,5858.3769,5838.9111,5851.1676,453.93849,1.6966378
3168000.0,1848.1905,5809.0491,3970.5012,251.37212,106.89119,106.89119,106.89119,5855.0739,5792.5108,5779.5625,447.86635,1.6966378
3169000.0,1844.1586,5804.7759,3904.3083,247.18145,106.89119,106.89119,106.89119,5762.5565,5828.9082,5822.863,470.05968,1.6966378
3170000.0,1855.4777,5786.1354,3931.9407,248.93086,106.89119,106.89119,106.89119,5814.2361,5784.7241,5759.446,474.36035,1.6966378
3171000.0,1908.2804,5805.0826,3916.9435,247.98139,106.89119,106.89119,106.89119,5798.3787,5838.8903,5777.9788,486.5353,1.6966378
3172000.0,1937.7849,5849.1146,3993.5683,252.8325,106.89119,106.89119,106.89119,5869.8921,5846.2644,5831.1872,482.18031,1.6966378
3173000.0,1937.9316,5796.2441,3907.9486,247.41192,106.89119,106.89119,106.89119,5806.8753,5782.0077,5799.8494,494.24268,1.6966378
3174000.0,1849.9944,5802.8535,4003.6211,253.46894,106.89119,106.89119,106.89119,5818.0515,5847.6091,5742.8999,501.2653,1.6966378
3175000.0,1858.1906,5810.5304,3894.2208,246.54281,106.89119,106.89119,106.89119,5842.6016,5778.3567,5810.6328,480.32137,1.6966378
3176000.0,1950.0876,5827.5213,3973.6226,251.56974,106.89119,106.89119,106.89119,5906.1424,5806.9133,5769.5083,474.40632,1.6966378
3177000.0,1855.8426,5803.7639,4036.7207,255.56448,106.89119,106.89119,106.89119,5824.4012,5791.8819,5795.0086,443.14023,1.6966378
3178000.0,1983.2122,5850.1471,3969.5534,251.31212,106.89119,106.89119,106.89119,5899.9967,5831.1478,5819.2968,468.72242,1.6966378
3179000.0,1914.1217,5831.0191,3935.8232,249.17666,106.89119,106.89119,106.89119,5862.7078,5843.7017,5786.6477,484.00645,1.6966378
3180000.0,1905.563,5807.3188,3965.5707,251.05997,106.89119,106.89119,106.89119,5855.4179,5789.6651,5776.8735,498.96579,1.6966378
3181000.0,1907.4586,5836.6129,3950.4564,250.10309,106.89119,106.89119,106.89119,5879.4335,5807.5886,5822.8167,466.71742,1.6966378
3182000.0,1864.6362,5810.9918,4005.182,253.56776,106.89119,106.89119,106.89119,5843.9204,5784.7843,5804.2708,455.35938,1.6966378
3183000.0,1892.9082,5801.8591,3988.2706,252.4971,106.89119,106.89119,106.89119,5830.715,5800.2054,5774.6568,469.12044,1.6966378
3184000.0,1905.6191,5811.9806,3881.8455,245.75934,106.89119,106.89119,106.89119,5809.8091,5820.8449,5805.2877,468.08454,1.6966378
3185000.0,1931.3023,5836.6069,3995.5333,252.9569,106.89119,106.89119,106.89119,5855.6396,5821.5916,5832.5896,442.14353,1.6966378
3186000.0,1862.1287,5800.3844,3949.4495,250.03934,106.89119,106.89119,106.89119,5835.3051,5793.2413,5772.6069,499.46386,1.6966378
3187000.0,1897.7788,5802.4263,4032.5441,255.30005,106.89119,106.89119,106.89119,5843.5686,5727.1837,5836.5264,502.53253,1.6966378
3188000.0,1923.6415,5841.0571,3962.9064,250.8913,106.89119,106.89119,106.89119,5831.3057,5866.003,5825.8624,496.45594,1.6966378
3189000.0,1890.2222,5815.9681,3947.4314,249.91157,106.89119,106.89119,106.89119,5897.446,5782.5463,5767.9119,464.59432,1.6966378
3190000.0,1881.8536,5800.1433,3969.4859,251.30784,106.89119,106.89119,106.89119,5868.962,5754.7698,5776.6982,492.00426,1.6966378
3191000.0,1893.0053,5806.1663,3916.2215,247.93568,106.89119,106.89119,106.89119,5809.9437,5805.0248,5803.5304,493.44938,1.6966378
3192000.0,1901.9754,5821.6107,3960.4963,250.73871,106.89119,106.89119,106.89119,5868.9838,5830.3393,5765.509,468.39971,1.6966378
3193000.0,1845.2663,5795.8878,3931.9324,248.93034,106.89119,106.89119,106.89119,5811.5017,5782.8491,5793.3126,487.71022,1.6966378
3194000.0,1862.3851,5785.1336,3991.6608,252.71173,106.89119,106.89119,106.89119,5860.6111,5746.5433,5748.2464,449.56064,1.6966378
3195000.0,1862.1107,5803.0472,3980.4495,252.00195,106.89119,106.89119,106.89119,5804.3535,5784.4425,5820.3456,454.09517,1.6966378
3196000.0,1945.4791,5822.195,4040.2209,255.78607,106.89119,106.89119,106.89119,5860.2083,5812.7694,5793.6071,489.41086,1.6966378
3197000.0,1876.4254,5832.547,3947.3512,249.9065,106.89119,106.89119,106.89119,5851.4219,5842.7687,5803.4505,497.36261,1.6966378
3198000.0,1866.4209,5808.881,4007.5291,253.71636,106.89119,106.89119,106.89119,5885.9481,5765.4153,5775.2796,487.67733,1.6966378
3199000.0,1936.6884,5831.1229,3917.0026,247.98513,106.89119,106.89119,106.89119,5933.5661,5767.5951,5792.2075,479.27709,1.6966378
3200000.0,1901.3735,5830.0371,3933.4116,249.02398,106.89119,106.89119,106.89119,5908.6023,5804.7073,5776.8017,500.0929,1.6966378
3201000.0,1943.4255,5831.0989,3968.7269,251.25979,106.89119,106.89119,106.89119,5910.5675,5793.0377,5789.6916,441.10308,1.6966378
3202000.0,1952.406,5821.9961,3874.3172,245.28272,106.89119,106.89119,106.89119,5882.3788,5777.3338,5806.2756,500.95111,1.6966378
3203000.0,1862.1213,5800.175,3875.6375,245.36631,106.89119,106.89119,106.89119,5832.6231,5779.7136,5788.1884,488.19031,1.6966378
3204000.0,1940.7425,5815.7834,3891.4882,246.36981,106.89119,106.89119,106.89119,5879.9901,5832.0652,5735.2949,490.07859,1.6966378
3205000.0,1927.1278,5846.6568,3975.9349,251.71613,106.89119,106.89119,106.89119,5915.9633,5803.7698,5820.2374,488.65553,1.6966378
3206000.0,1911.4531,5841.3609,3897.1546,246.72855,106.89119,106.89119,106.89119,5854.3732,5902.6028,5767.1066,504.31765,1.6966378
3207000.0,1942.6137,5839.2502,3952.845,250.25431,106.89119,106.89119,106.89119,5840.0455,5845.511,5832.1942,502.48492,1.6966378
3208000.0,1913.102,5824.4367,3960.6489,250.74837,106.89119,106.89119,106.89119,5894.6742,5787.5283,5791.1075,480.07245,1.6966378
3209000.0,1917.0397,5856.3891,4009.957,253.87007,106.89119,106.89119,106.89119,5891.1851,5895.3548,5782.6273,453.66255,1.6966378
3210000.0,1885.6407,5794.2791,3897.6542,246.76019,106.89119,106.89119,106.89119,5814.4362,5799.3735,5769.0274,460.83464,1.6966378
3211000.0,1900.0335,5833.9125,4014.8905,254.1824,106.89119,106.89119,106.89119,5873.78,5848.942,5779.0153,465.46501,1.6966378
3212000.0,1905.5001,5810.9071,3936.6413,249.22845,106.89119,106.89119,106.89119,5905.9237,5775.4871,5751.3105,489.4528,1.6966378
3213000.0,1828.6052,5804.8194,3962.222,250.84797,106.89119,106.89119,106.89119,5812.3922,5791.2604,5810.8057,463.1264,1.6966378
3214000.0,1910.1892,5794.335,3927.7701,248.66682,106.89119,106.89119,106.89119,5811.0629,5828.7118,5743.2302,478.38205,1.6966378
3215000.0,1928.8867,5842.3258,3979.9404,251.96972,106.89119,106.89119,106.89119,5862.4256,5834.1281,5830.4235,411.16089,1.6966378
3216000.0,1911.7205,5826.1696,3944.502,249.72611,106.89119,106.89119,106.89119,5847.9933,5852.6763,5777.8392,405.01908,1.6966378
3217000.0,1881.2016,5792.0299,3987.6724,252.45923,106.89119,106.89119,106.89119,5828.7782,5778.6332,5768.6782,501.21836,1.6966378
3218000.0,1895.9786,5831.3567,3902.6053,247.07364,106.89119,106.89119,106.89119,5877.1833,5821.5108,5795.3758,498.98146,1.6966378
3219000.0,1881.5818,5813.8162,3916.2238,247.93582,106.89119,106.89119,106.89119,5876.5497,5777.8414,5787.0574,482.74618,1.6966378
3220000.0,1899.7801,5823.0032,3909.2436,247.49391,106.89119,106.89119,106.89119,5885.9129,5790.9821,5792.1145,503.54241,1.6966378
3221000.0,1820.3143,5812.6891,4028.1517,255.02197,106.89119,106.89119,106.89119,5840.0106,5835.7503,5762.3065,501.66814,1.6966378
3222000.0,1954.4065,5847.153,3965.6291,251.06367,106.89119,106.89119,106.89119,5858.9605,5788.3211,5894.1773,481.31641,1.6966378
3223000.0,1879.4563,5833.3448,3931.5073,248.90342,106.89119,106.89119,106.89119,5879.1748,5808.9282,5811.9314,502.56525,1.6966378
3224000.0,1877.1509,5816.5852,3897.9479,246.77878,106.89119,106.89119,106.89119,5848.2279,5821.6455,5779.8823,493.52784,1.6966378
3225000.0,1938.1143,5829.1343,3955.9455,250.4506,106.89119,106.89119,106.89119,5820.7786,5848.1723,5818.452,491.50606,1.6966378
3226000.0,1906.4645,5841.3334,3940.3398,249.4626,106.89119,106.89119,106.89119,5882.9132,5813.8334,5827.2536,495.54075,1.6966378
3227000.0,1891.0474,5823.6637,3907.8509,247.40574,106.89119,106.89119,106.89119,5868.9825,5815.4971,5786.5116,487.12968,1.6966378
3228000.0,1936.7344,5825.7188,3993.0817,252.80169,106.89119,106.89119,106.89119,5869.7348,5846.1619,5761.2598,488.1816,1.6966378
3229000.0,1950.6428,5841.6342,3952.0559,250.20435,106.89119,106.89119,106.89119,5879.6611,5895.1763,5750.0653,494.94777,1.6966378
3230000.0,1859.6077,5817.3529,4010.5693,253.90883,106.89119,106.89119,106.89119,5792.0318,5863.6581,5796.3687,492.88691,1.6966378
3231000.0,1849.844,5811.3926,3950.7007,250.11855,106.89119,106.89119,106.89119,5841.9018,5838.2281,5754.0479,496.83024,1.6966378
3232000.0,1881.4001,5827.1458,3891.6568,246.38049,106.89119,106.89119,106.89119,5895.7953,5799.0659,5786.5763,503.23008,1.6966378
3233000.0,2010.1643,5850.2188,3907.8117,247.40326,106.89119,106.89119,106.89119,5919.194,5813.2038,5818.2586,500.40143,1.6966378
3234000.0,1873.591,5794.7806,3968.7024,251.25824,106.89119,106.89119,106.89119,5799.5225,5770.808,5814.0112,500.23862,1.6966378
3235000.0,1861.6351,5850.5036,4015.8825,254.24521,106.89119,106.89119,106.89119,5925.0118,5839.6598,5786.8391,502.91496,1.6966378
3236000.0,1796.1381,5800.4277,3875.7435,245.37302,106.89119,106.89119,106.89119,5850.8839,5812.9994,5737.3998,495.28343,1.6966378
3237000.0,1900.7315,5813.5913,3947.16,249.89439,106.89119,106.89119,106.89119,5822.0781,5813.059,5805.6368,496.50612,1.6966378
3238000.0,1810.6979,5798.027,3888.8909,246.20538,106.89119,106.89119,106.89119,5825.9105,5815.1053,5753.0654,440.92221,1.6966378
3239000.0,1881.459,5831.7869,3935.9752,249.18628,106.89119,106.89119,106.89119,5849.3147,5815.0903,5830.9556,464.96754,1.6966378
3240000.0,1862.5497,5836.708,4004.7955,253.54329,106.89119,106.89119,106.89119,5938.0711,5810.8116,5761.2412,494.81962,1.6966378
3241000.0,1925.9187,5833.7752,3864.7783,244.67882,106.89119,106.89119,106.89119,5839.8151,5844.6469,5816.8635,478.89553,1.6966378
3242000.0,1906.3482,5854.1892,3910.169,247.5525,106.89119,106.89119,106.89119,5917.3857,5828.8608,5816.3213,474.20919,1.6966378
3243000.0,1924.9531,5829.9134,4005.6758,253.59902,106.89119,106.89119,106.89119,5849.0132,5832.1439,5808.5833,483.32589,1.6966378
3244000.0,1825.3039,5807.2032,3995.4435,252.95122,106.89119,106.89119,106.89119,5852.0881,5750.69,5818.8315,499.32635,1.6966378
3245000.0,1832.6523,5798.9709,3986.6767,252.39619,106.89119,106.89119,106.89119,5819.468,5803.076,5774.3685,498.38642,1.6966378
3246000.0,1878.8727,5830.3772,3993.5372,252.83053,106.89119,106.89119,106.89119,5924.7314,5767.7657,5798.6343,500.77435,1.6966378
3247000.0,1912.0318,5815.6054,3907.0723,247.35644,106.89119,106.89119,106.89119,5822.848,5790.1539,5833.8142,490.47895,1.6966378
3248000.0,1971.0033,5851.692,3923.874,248.42016,106.89119,106.89119,106.89119,5881.2195,5862.055,5811.8016,490.39412,1.6966378
3249000.0,1820.6707,5786.0914,3864.095,244.63555,106.89119,106.89119,106.89119,5801.4985,5791.1717,5765.6042,502.60682,1.6966378
3250000.0,1944.1778,5848.2308,3974.1941,251.60592,106.89119,106.89119,106.89119,5888.8169,5843.0737,5812.8018,504.70405,1.6966378
3251000.0,1880.3516,5826.1486,3945.2744,249.77502,106.89119,106.89119,106.89119,5836.8294,5799.3837,5842.2327,501.31859,1.6966378
3252000.0,1887.1753,5823.3848,3975.5839,251.69391,106.89119,106.89119,106.89119,5799.4483,5839.1983,5831.5078,497.13466,1.6966378
3253000.0,1854.6695,5840.9801,3931.4875,248.90217,106.89119,106.89119,106.89119,5832.5406,5830.6278,5859.7719,500.68495,1.6966378
3254000.0,1844.2809,5811.9074,3939.5096,249.41005,106.89119,106.89119,106.89119,5829.2408,5788.2675,5818.2139,504.41306,1.6966378
3255000.0,1821.1455,5795.2503,3957.7702,250.56612,106.89119,106.89119,106.89119,5796.3087,5764.179,5825.2632,493.76784,1.6966378
3256000.0,1954.1987,5858.9921,3903.1506,247.10816,106.89119,106.89119,106.89119,5814.8025,5938.5648,5823.609,446.54588,1.6966378
3257000.0,1894.7367,5827.6376,3915.5594,247.89376,106.89119,106.89119,106.89119,5812.5516,5878.3002,5792.0611,481.60611,1.6966378
3258000.0,1906.5365,5843.9591,3892.9231,246.46066,106.89119,106.89119,106.89119,5861.5333,5869.4714,5800.8728,504.99974,1.6966378
3259000.0,1855.664,5807.0304,4048.1162,256.28592,106.89119,106.89119,106.89119,5832.2124,5847.1346,5741.7443,498.42443,1.6966378
3260000.0,1872.3305,5830.4056,3991.1421,252.67889,106.89119,106.89119,106.89119,5817.7546,5889.7684,5783.6939,505.96213,1.6966378
3261000.0,1870.5662,5810.8598,3890.8547,246.32971,106.89119,106.89119,106.89119,5859.8778,5806.2071,5766.4945,505.78993,1.6966378
3262000.0,1898.0903,5820.8186,3965.9727,251.08543,106.89119,106.89119,106.89119,5837.6123,5848.872,5775.9714,503.63227,1.6966378
3263000.0,1896.7946,5813.49,3907.0464,247.3548,106.89119,106.89119,106.89119,5807.5707,5834.1917,5798.7076,499.83516,1.6966378
3264000.0,1850.2893,5830.4963,3930.7283,248.85411,106.89119,106.89119,106.89119,5913.1217,5769.2023,5809.165,497.75881,1.6966378
3265000.0,1936.5021,5857.5396,3993.6019,252.83462,106.89119,106.89119,106.89119,5894.2876,5884.2422,5794.0889,501.86217,1.6966378
3266000.0,1873.3245,5833.058,3932.4865,248.96541,106.89119,106.89119,106.89119,5790.2937,5867.9715,5840.9086,493.61821,1.6966378
3267000.0,1876.3166,5848.469,3938.313,249.33429,106.89119,106.89119,106.89119,5843.5481,5890.5948,5811.2639,494.93878,1.6966378
3268000.0,1903.7131,5855.5505,4008.6505,253.78735,106.89119,106.89119,106.89119,5842.2819,5882.3013,5842.0684,492.85754,1.6966378
3269000.0,1895.2596,5838.6733,3948.6966,249.99167,106.89119,106.89119,106.89119,5862.5441,5854.9815,5798.4943,500.91406,1.6966378
3270000.0,1951.8202,5869.8713,3939.0971,249.38393,106.89119,106.89119,106.89119,5849.4649,5856.8499,5903.2991,503.83578,1.6966378
3271000.0,1962.3972,5840.3811,3944.2296,249.70887,106.89119,106.89119,106.89119,5837.2667,5902.16,5781.7165,493.10499,1.6966378
3272000.0,1920.5078,5845.5691,3925.1116,248.49851,106.89119,106.89119,106.89119,5872.0145,5828.9433,5835.7494,493.17819,1.6966378
3273000.0,1846.7539,5835.4725,3960.2428,250.72266,106.89119,106.89119,106.89119,5833.1729,5835.3008,5837.9439,497.25459,1.6966378
3274000.0,1822.5821,5808.5062,4040.0618,255.776,106.89119,106.89119,106.89119,5799.7069,5802.1219,5823.69,492.37317,1.6966378
3275000.0,1956.1365,5855.2278,3916.2437,247.93708,106.89119,106.89119,106.89119,5857.2758,5915.612,5792.7955,495.60566,1.6966378
3276000.0,1847.3067,5785.0121,3956.905,250.51135,106.89119,106.89119,106.89119,5777.2029,5791.4284,5786.405,501.08895,1.6966378
3277000.0,1954.4521,5835.7803,3912.6687,247.71075,106.89119,106.89119,106.89119,5831.0718,5911.7196,5764.5496,497.78267,1.6966378
3278000.0,1899.143,5805.2898,3979.6024,251.94832,106.89119,106.89119,106.89119,5826.8673,5823.7005,5765.3017,504.46545,1.6966378
3279000.0,1807.7086,5799.0035,3947.4149,249.91053,106.89119,106.89119,106.89119,5783.898,5796.3575,5816.7549,496.57135,1.6966378
3280000.0,1798.8601,5797.5405,3859.1461,244.32224,106.89119,106.89119,106.89119,5853.5934,5785.2747,5753.7535,500.94444,1.6966378
3281000.0,1979.0654,5854.1516,3951.1686,250.14818,106.89119,106.89119,106.89119,5888.7434,5838.5699,5835.1414,505.9315,1.6966378
3282000.0,1928.5405,5809.797,3932.0095,248.93522,106.89119,106.89119,106.89119,5837.0977,5797.9343,5794.3589,504.29511,1.6966378
3283000.0,1894.3612,5800.9422,3966.2335,251.10193,106.89119,106.89119,106.89119,5865.7056,5745.9613,5791.1595,498.1587,1.6966378
3284000.0,1818.5214,5813.0961,3999.9937,253.23929,106.89119,106.89119,106.89119,5855.3401,5828.5395,5755.4088,502.01129,1.6966378
3285000.0,1819.5456,5819.4735,3906.406,247.31426,106.89119,106.89119,106.89119,5766.5623,5841.0005,5850.8578,500.55162,1.6966378
3286000.0,1851.3115,5816.8713,3953.482,250.29464,106.89119,106.89119,106.89119,5833.5008,5813.4609,5803.6523,496.18481,1.6966378
3287000.0,1899.3408,5824.4325,3995.2966,252.94191,106.89119,106.89119,106.89119,5857.0385,5818.909,5797.3499,504.38222,1.6966378
3288000.0,1888.3792,5808.7287,3889.3842,246.23661,106.89119,106.89119,106.89119,5835.2582,5820.9338,5769.9941,502.78535,1.6966378
3289000.0,1936.5819,5848.4914,3899.2968,246.86418,106.89119,106.89119,106.89119,5862.4177,5876.1099,5806.9467,501.92909,1.6966378
3290000.0,1904.4842,5823.4433,3886.7689,246.07104,106.89119,106.89119,106.89119,5861.9265,5829.3917,5779.0118,486.34763,1.6966378
3291000.0,1924.3373,5835.817,3902.2878,247.05353,106.89119,106.89119,106.89119,5853.4028,5836.7835,5817.2646,473.26544,1.6966378
3292000.0,1958.2045,5839.315,3985.0537,252.29344,106.89119,106.89119,106.89119,5850.1917,5856.161,5811.5921,497.36796,1.6966378
3293000.0,1879.3117,5834.007,3936.0562,249.19141,106.89119,106.89119,106.89119,5868.8616,5828.9536,5804.2058,475.51827,1.6966378
3294000.0,1889.0169,5830.2059,4003.6079,253.46811,106.89119,106.89119,106.89119,5923.4288,5806.6121,5760.5768,474.49104,1.6966378
3295000.0,1921.8062,5824.7595,3964.3686,250.98387,106.89119,106.89119,106.89119,5885.2115,5827.9193,5761.1478,497.30221,1.6966378
3296000.0,1887.92,5789.2134,4025.3678,254.84572,106.89119,106.89119,106.89119,5831.0081,5797.5923,5739.0398,471.2018,1.6966378
3297000.0,1817.7775,5814.625,3940.1844,249.45277,106.89119,106.89119,106.89119,5837.2005,5817.6933,5788.9811,428.38332,1.6966378
3298000.0,1871.0454,5820.2236,3995.4471,252.95144,106.89119,106.89119,106.89119,5873.5829,5839.2428,5747.845,417.09963,1.6966378
3299000.0,1832.9964,5815.709,3952.7555,250.24864,106.89119,106.89119,106.89119,5823.9978,5807.6857,5815.4436,465.55746,1.6966378
3300000.0,1811.5752,5802.6976,3926.6571,248.59635,106.89119,106.89119,106.89119,5856.5526,5762.24,5789.3003,452.86287,1.6966378
3301000.0,1904.5284,5820.5613,4001.3463,253.32492,106.89119,106.89119,106.89119,5823.4627,5872.2567,5765.9644,471.0764,1.6966378
3302000.0,1914.7753,5820.082,3902.7875,247.08517,106.89119,106.89119,106.89119,5827.1017,5858.3651,5774.7791,487.34351,1.6966378
3303000.0,1884.6148,5816.3007,3927.6358,248.65832,106.89119,106.89119,106.89119,5822.7756,5848.7924,5777.3341,489.99301,1.6966378
3304000.0,1835.4857,5784.8696,4018.4477,254.40761,106.89119,106.89119,106.89119,5767.7388,5854.5005,5732.3694,470.71842,1.6966378
3305000.0,1835.3373,5817.1243,3933.762,249.04617,106.89119,106.89119,106.89119,5854.1148,5860.0827,5737.1754,475.77402,1.6966378
3306000.0,1871.9281,5835.5477,3970.0867,251.34588,106.89119,106.89119,106.89119,5875.2627,5843.2895,5788.0908,456.31003,1.6966378
3307000.0,1823.938,5812.0746,3943.8013,249.68175,106.89119,106.89119,106.89119,5803.1379,5819.9189,5813.1671,502.63202,1.6966378
3308000.0,1894.6395,5808.244,4003.8839,253.48558,106.89119,106.89119,106.89119,5827.3444,5809.5172,5787.8705,505.08392,1.6966378
3309000.0,1936.1734,5840.1179,4066.9167,257.47618,106.89119,106.89119,106.89119,5800.7171,5872.3797,5847.257,501.40398,1.6966378
3310000.0,1866.2338,5805.4953,3950.3734,250.09783,106.89119,106.89119,106.89119,5808.1227,5818.0009,5790.3623,502.11031,1.6966378
3311000.0,1926.5512,5832.3866,3957.9723,250.57892,106.89119,106.89119,106.89119,5807.3274,5855.719,5834.1135,489.73455,1.6966378
3312000.0,1899.826,5834.9194,4022.0509,254.63573,106.89119,106.89119,106.89119,5811.5942,5833.8573,5859.3068,497.15958,1.6966378
3313000.0,1943.4705,5843.6704,4046.3863,256.1764,106.89119,106.89119,106.89119,5867.1703,5862.6041,5801.2368,494.77915,1.6966378
3314000.0,1882.636,5819.7412,3920.2262,248.18922,106.89119,106.89119,106.89119,5776.5632,5836.1604,5846.4999,489.12965,1.6966378
3315000.0,1884.8636,5809.533,3988.6965,252.52407,106.89119,106.89119,106.89119,5822.8586,5823.4262,5782.3142,499.69796,1.6966378
3316000.0,1916.9113,5829.4026,3944.2034,249.70721,106.89119,106.89119,106.89119,5862.2277,5819.7502,5806.2298,489.36284,1.6966378
3317000.0,1841.1809,5809.5834,3929.9756,248.80645,106.89119,106.89119,106.89119,5889.7461,5760.9215,5778.0825,403.16535,1.6966378
3318000.0,1872.4212,5811.5666,3963.8892,250.95352,106.89119,106.89119,106.89119,5842.2264,5805.2222,5787.2513,453.95526,1.6966378
3319000.0,1931.1762,5831.8847,3945.5664,249.7935,106.89119,106.89119,106.89119,5868.482,5825.5567,5801.6154,500.06615,1.6966378
3320000.0,1816.484,5790.5537,3982.1313,252.10842,106.89119,106.89119,106.89119,5775.4947,5790.9058,5805.2606,496.92537,1.6966378
3321000.0,1842.2764,5816.8263,3954.0113,250.32814,106.89119,106.89119,106.89119,5895.7513,5836.6083,5718.1193,500.67996,1.6966378
3322000.0,1881.0329,5818.3039,3926.1611,248.56495,106.89119,106.89119,106.89119,5786.2932,5873.6238,5794.9948,504.76953,1.6966378
3323000.0,1961.4923,5824.1731,3934.5862,249.09834,106.89119,106.89119,106.89119,5838.1669,5864.3171,5770.0354,502.69059,1.6966378
3324000.0,1864.5008,5845.865,3964.9554,251.02102,106.89119,106.89119,106.89119,5813.1505,5847.4269,5877.0177,490.20253,1.6966378
3325000.0,1933.5045,5840.5531,3909.5332,247.51224,106.89119,106.89119,106.89119,5824.314,5848.7897,5848.5556,464.95761,1.6966378
3326000.0,1902.0062,5848.5872,3940.7062,249.4858,106.89119,106.89119,106.89119,5802.9081,5874.7895,5868.064,481.09111,1.6966378
3327000.0,1940.0957,5830.7506,3902.4097,247.06125,106.89119,106.89119,106.89119,5857.9056,5845.7441,5788.6019,467.50383,1.6966378
3328000.0,1814.6053,5783.4051,3997.4878,253.08064,106.89119,106.89119,106.89119,5759.6086,5798.0287,5792.5779,495.77027,1.6966378
3329000.0,1921.6591,5839.216,4001.7521,253.35061,106.89119,106.89119,106.89119,5863.0059,5887.9661,5766.6759,481.13539,1.6966378
3330000.0,1921.0545,5843.7087,3939.8829,249.43368,106.89119,106.89119,106.89119,5887.6087,5825.2924,5818.225,476.32428,1.6966378
3331000.0,1910.1363,5817.0324,3898.7612,246.83027,106.89119,106.89119,106.89119,5850.3228,5827.8281,5772.9462,489.61884,1.6966378
3332000.0,1853.0605,5798.1788,3949.1089,250.01778,106.89119,106.89119,106.89119,5818.7007,5816.8982,5758.9377,500.12006,1.6966378
3333000.0,1846.6821,5802.4993,3832.3901,242.62832,106.89119,106.89119,106.89119,5812.4441,5807.4036,5787.6501,499.66409,1.6966378
3334000.0,1814.7953,5781.8298,3901.0462,246.97493,106.89119,106.89119,106.89119,5799.1489,5824.5434,5721.7972,491.61887,1.6966378
3335000.0,1775.4886,5793.2777,3932.8088,248.98582,106.89119,106.89119,106.89119,5815.768,5816.0192,5748.0458,487.88787,1.6966378
3336000.0,1936.5909,5844.4637,3957.1997,250.53001,106.89119,106.89119,106.89119,5837.666,5880.5827,5815.1425,469.08204,1.6966378
3337000.0,1810.1618,5809.5199,3939.1813,249.38926,106.89119,106.89119,106.89119,5826.8503,5825.0506,5776.6588,465.66981,1.6966378
3338000.0,1868.7214,5807.0446,3920.6056,248.21323,106.89119,106.89119,106.89119,5830.1768,5819.9123,5771.0449,493.9591,1.6966378
3339000.0,1881.3735,5848.2841,3949.7752,250.05996,106.89119,106.89119,106.89119,5871.6887,5863.2524,5809.9113,496.05781,1.6966378
3340000.0,1851.7969,5805.2706,4009.5348,253.84334,106.89119,106.89119,106.89119,5840.5467,5790.8196,5784.4456,494.33101,1.6966378
3341000.0,1867.38,5812.4872,3965.2392,251.03899,106.89119,106.89119,106.89119,5821.2922,5807.7357,5808.4338,480.37462,1.6966378
3342000.0,1934.6746,5834.0527,3896.6509,246.69666,106.89119,106.89119,106.89119,5851.946,5842.4743,5807.7377,487.04367,1.6966378
3343000.0,1805.2368,5784.7345,3854.0024,243.99659,106.89119,106.89119,106.89119,5799.123,5782.1361,5772.9444,460.14075,1.6966378
3344000.0,1880.4105,5820.4503,3877.4194,245.47912,106.89119,106.89119,106.89119,5847.7615,5789.9559,5823.6335,436.19424,1.6966378
3345000.0,1921.6573,5853.4407,3997.0737,253.05442,106.89119,106.89119,106.89119,5886.2493,5874.6182,5799.4545,484.58493,1.6966378
3346000.0,1914.3327,5817.5486,3897.7851,246.76847,106.89119,106.89119,106.89119,5899.0881,5793.5796,5759.978,491.94989,1.6966378
3347000.0,1851.4307,5836.7631,3943.7997,249.68165,106.89119,106.89119,106.89119,5868.5593,5818.6997,5823.0305,445.2059,1.6966378
3348000.0,1882.7018,5806.7435,3945.1411,249.76657,106.89119,106.89119,106.89119,5816.5662,5823.321,5780.3433,492.19055,1.6966378
3349000.0,1870.2599,5807.146,3995.4911,252.95423,106.89119,106.89119,106.89119,5817.2399,5805.1319,5799.0661,496.29213,1.6966378
3350000.0,1904.4758,5807.5149,3929.2628,248.76132,106.89119,106.89119,106.89119,5843.5357,5758.6696,5820.3395,469.33879,1.6966378
3351000.0,1872.9935,5799.6492,3942.7053,249.61236,106.89119,106.89119,106.89119,5832.9983,5803.504,5762.4452,488.26966,1.6966378
3352000.0,1948.9694,5836.2528,3886.0282,246.02414,106.89119,106.89119,106.89119,5834.7792,5810.216,5863.7632,491.10145,1.6966378
3353000.0,1911.8272,5830.8722,3893.4853,246.49625,106.89119,106.89119,106.89119,5848.7842,5801.2256,5842.6068,485.46547,1.6966378
3354000.0,1840.4912,5833.9922,3994.8377,252.91287,106.89119,106.89119,106.89119,5916.1618,5767.1692,5818.6457,487.39629,1.6966378
3355000.0,1895.5826,5807.1991,3958.8147,250.63225,106.89119,106.89119,106.89119,5836.5463,5782.6524,5802.3988,497.05026,1.6966378
3356000.0,1909.9181,5806.6013,3865.2869,244.71101,106.89119,106.89119,106.89119,5884.9852,5757.3408,5777.4779,482.95267,1.6966378
3357000.0,1887.413,5842.6169,3998.3916,253.13786,106.89119,106.89119,106.89119,5927.452,5834.0444,5766.3544,498.73247,1.6966378
3358000.0,1876.097,5842.0519,4012.5207,254.03237,106.89119,106.89119,106.89119,5926.2912,5819.1922,5780.6721,487.03103,1.6966378
3359000.0,1850.5577,5828.027,4048.0091,256.27914,106.89119,106.89119,106.89119,5819.0745,5826.3118,5838.6946,482.96563,1.6966378
3360000.0,1819.2964,5805.3272,3931.8941,248.92791,106.89119,106.89119,106.89119,5827.4656,5773.4443,5815.0716,449.9179,1.6966378
3361000.0,1892.4717,5815.784,3976.3548,251.74271,106.89119,106.89119,106.89119,5814.1506,5837.4486,5795.7528,485.71274,1.6966378
3362000.0,1880.5734,5834.4423,4003.8544,253.48371,106.89119,106.89119,106.89119,5805.4442,5868.1514,5829.7313,499.42891,1.6966378
3363000.0,1849.9455,5802.4429,3926.5852,248.5918,106.89119,106.89119,106.89119,5778.3172,5788.8447,5840.1667,500.86684,1.6966378
3364000.0,1891.8638,5815.7375,3999.4867,253.20719,106.89119,106.89119,106.89119,5814.6466,5817.6883,5814.8776,488.87016,1.6966378
3365000.0,1804.9748,5815.5473,3985.0145,252.29096,106.89119,106.89119,106.89119,5853.4283,5859.6836,5733.53,487.97703,1.6966378
3366000.0,1830.3828,5789.9233,4066.4028,257.44364,106.89119,106.89119,106.89119,5745.2273,5846.0576,5778.4849,473.04979,1.6966378
3367000.0,1867.0497,5806.81,3959.7035,250.68852,106.89119,106.89119,106.89119,5821.6956,5830.5532,5768.1812,472.00413,1.6966378
3368000.0,1938.423,5825.4184,3886.7319,246.06869,106.89119,106.89119,106.89119,5923.2911,5769.0288,5783.9355,467.28921,1.6966378
3369000.0,1887.6691,5808.8488,3942.9379,249.62709,106.89119,106.89119,106.89119,5801.5042,5813.9827,5811.0594,477.95447,1.6966378
3370000.0,1969.6751,5846.2364,3911.7106,247.65009,106.89119,106.89119,106.89119,5853.1882,5877.1222,5808.3989,469.42751,1.6966378
3371000.0,1821.7265,5788.0051,3928.3927,248.70623,106.89119,106.89119,106.89119,5803.4448,5802.9778,5757.5928,454.69069,1.6966378
3372000.0,1896.2235,5818.6354,3898.8941,246.83868,106.89119,106.89119,106.89119,5815.5985,5834.4448,5805.8628,461.67663,1.6966378
3373000.0,1814.9393,5824.4874,3954.7803,250.37683,106.89119,106.89119,106.89119,5883.7224,5737.887,5851.8529,482.71343,1.6966378
3374000.0,1903.9568,5817.427,3945.9196,249.81587,106.89119,106.89119,106.89119,5830.5924,5822.0267,5799.662,469.03456,1.6966378
3375000.0,1905.1907,5816.2604,3982.822,252.15215,106.89119,106.89119,106.89119,5817.5746,5800.0983,5831.1083,452.49067,1.6966378
3376000.0,1911.308,5837.679,3934.4722,249.09113,106.89119,106.89119,106.89119,5858.7286,5792.421,5861.8875,429.6932,1.6966378
3377000.0,1931.4004,5843.8695,3899.084,246.85071,106.89119,106.89119,106.89119,5881.8962,5846.326,5803.3862,447.04839,1.6966378
3378000.0,1938.5204,5837.8383,3954.5175,250.36019,106.89119,106.89119,106.89119,5853.6162,5856.6136,5803.285,425.89112,1.6966378
3379000.0,1856.0256,5787.5131,3966.0148,251.08809,106.89119,106.89119,106.89119,5807.3737,5744.7096,5810.4561,407.88049,1.6966378
3380000.0,1880.4837,5817.1473,3923.1556,248.37467,106.89119,106.89119,106.89119,5825.5908,5829.1098,5796.7413,481.36843,1.6966378
3381000.0,1838.5529,5811.7359,4026.9402,254.94527,106.89119,106.89119,106.89119,5836.431,5796.2551,5802.5215,456.83581,1.6966378
3382000.0,1941.6572,5854.1981,3922.1048,248.30815,106.89119,106.89119,106.89119,5854.6089,5888.6264,5819.3591,439.09972,1.6966378
3383000.0,1872.5204,5810.8159,3850.7362,243.78981,106.89119,106.89119,106.89119,5823.1352,5822.8299,5786.4827,455.36461,1.6966378
3384000.0,1749.4434,5773.125,4020.667,254.54811,106.89119,106.89119,106.89119,5759.1652,5765.0559,5795.1538,463.05438,1.6966378
3385000.0,1766.8787,5778.0768,3892.4872,246.43306,106.89119,106.89119,106.89119,5780.3352,5776.623,5777.2723,472.65738,1.6966378
3386000.0,1928.2209,5830.3413,3957.5993,250.55531,106.89119,106.89119,106.89119,5812.9806,5824.9215,5853.1217,444.66551,1.6966378
3387000.0,1868.6214,5837.2548,3927.8721,248.67328,106.89119,106.89119,106.89119,5854.7605,5839.3327,5817.6712,452.57686,1.6966378
3388000.0,1813.7377,5778.2522,3947.4227,249.91103,106.89119,106.89119,106.89119,5796.8025,5784.661,5753.2932,455.62017,1.6966378
3389000.0,1847.2768,5791.5024,3957.5807,250.55413,106.89119,106.89119,106.89119,5815.1578,5805.0124,5754.3369,476.3394,1.6966378
3390000.0,1909.5145,5824.7184,3925.214,248.50499,106.89119,106.89119,106.89119,5877.4773,5789.718,5806.96,499.86294,1.6966378
3391000.0,1803.5094,5813.2557,3949.9307,250.06981,106.89119,106.89119,106.89119,5795.8686,5833.5202,5810.3782,503.27906,1.6966378
3392000.0,1867.6077,5799.5495,3946.0534,249.82433,106.89119,106.89119,106.89119,5828.9783,5779.8048,5789.8654,500.63605,1.6966378
3393000.0,1851.7025,5830.1694,3933.9091,249.05548,106.89119,106.89119,106.89119,5848.481,5794.2218,5847.8054,503.88219,1.6966378
3394000.0,1799.1717,5800.6384,3938.5484,249.34919,106.89119,106.89119,106.89119,5832.7028,5798.5232,5770.6891,501.17736,1.6966378
3395000.0,1859.5241,5807.6115,3930.5595,248.84341,106.89119,106.89119,106.89119,5826.3614,5783.9492,5812.524,502.45378,1.6966378
3396000.0,1884.7025,5836.0685,4011.7695,253.98482,106.89119,106.89119,106.89119,5859.1153,5876.9651,5772.1251,496.18685,1.6966378
3397000.0,1896.6163,5826.5405,4044.3841,256.04964,106.89119,106.89119,106.89119,5845.5543,5795.9073,5838.1599,498.84624,1.6966378
3398000.0,1923.3386,5823.6897,4009.175,253.82056,106.89119,106.89119,106.89119,5822.1968,5831.2416,5817.6308,488.44724,1.6966378
3399000.0,1840.2148,5815.4652,3997.9624,253.11069,106.89119,106.89119,106.89119,5758.2636,5903.7089,5784.4232,455.43683,1.6966378
3400000.0,1851.5968,5835.8806,4027.2558,254.96525,106.89119,106.89119,106.89119,5802.9155,5880.6903,5824.036,499.32677,1.6966378
3401000.0,1898.6787,5806.5341,3911.4562,247.63398,106.89119,106.89119,106.89119,5863.1667,5800.8406,5755.5951,497.54548,1.6966378
3402000.0,1813.748,5804.7579,3901.2814,246.98982,106.89119,106.89119,106.89119,5821.0921,5805.4349,5787.7466,502.41928,1.6966378
3403000.0,1890.5622,5816.1455,3935.9356,249.18378,106.89119,106.89119,106.89119,5795.5805,5812.678,5840.1782,503.82826,1.6966378
3404000.0,1806.7422,5782.0676,3962.1941,250.8462,106.89119,106.89119,106.89119,5806.4006,5737.4036,5802.3985,491.24468,1.6966378
3405000.0,1808.8685,5800.4405,3942.5967,249.60549,106.89119,106.89119,106.89119,5735.5552,5813.295,5852.4711,480.06127,1.6966378
3406000.0,1796.4893,5819.6126,3902.7228,247.08108,106.89119,106.89119,106.89119,5830.7272,5809.801,5818.3094,490.79098,1.6966378
3407000.0,1938.1157,5843.7851,3937.6881,249.29473,106.89119,106.89119,106.89119,5802.952,5893.4123,5834.991,486.56022,1.6966378
3408000.0,1900.4815,5827.9042,3932.2579,248.95094,106.89119,106.89119,106.89119,5841.292,5830.5553,5811.8654,491.23054,1.6966378
3409000.0,1899.9872,5820.4517,4026.042,254.88841,106.89119,106.89119,106.89119,5826.0962,5828.6559,5806.603,491.4935,1.6966378
3410000.0,1840.0793,5805.9325,3910.9534,247.60215,106.89119,106.89119,106.89119,5856.8856,5810.1152,5750.7966,486.27341,1.6966378
3411000.0,1935.476,5834.1454,3882.0369,245.77145,106.89119,106.89119,106.89119,5883.4473,5823.5448,5795.4441,483.31317,1.6966378
3412000.0,1904.781,5812.1328,3976.244,251.7357,106.89119,106.89119,106.89119,5838.8865,5814.3892,5783.1227,492.98181,1.6966378
3413000.0,1916.6977,5833.1413,3941.6142,249.54329,106.89119,106.89119,106.89119,5882.4933,5811.0759,5805.8546,488.12039,1.6966378
3414000.0,1924.8195,5838.3854,3964.5348,250.99439,106.89119,106.89119,106.89119,5906.5298,5831.943,5776.6835,484.14142,1.6966378
3415000.0,1888.5424,5841.3251,3939.5208,249.41075,106.89119,106.89119,106.89119,5891.352,5815.2886,5817.3348,507.30316,1.6966378
3416000.0,1864.4467,5825.6045,3962.3421,250.85557,106.89119,106.89119,106.89119,5910.7437,5767.6642,5798.4054,502.7398,1.6966378
3417000.0,1837.3129,5810.8216,3982.8901,252.15646,106.89119,106.89119,106.89119,5842.3473,5791.931,5798.1863,498.97713,1.6966378
3418000.0,1912.3885,5829.4032,3904.2098,247.17522,106.89119,106.89119,106.89119,5901.2635,5779.9241,5807.0219,500.39229,1.6966378
3419000.0,1829.4518,5812.0294,3938.2804,249.33223,106.89119,106.89119,106.89119,5888.7056,5795.0324,5752.3503,458.21009,1.6966378
3420000.0,1911.0458,5830.9853,3912.199,247.68101,106.89119,106.89119,106.89119,5869.5818,5822.7333,5800.6409,488.81293,1.6966378
3421000.0,1869.7782,5795.9508,3882.3899,245.7938,106.89119,106.89119,106.89119,5827.3207,5783.2102,5777.3215,497.38757,1.6966378
3422000.0,1911.9369,5820.8551,3910.3001,247.56079,106.89119,106.89119,106.89119,5902.6715,5732.3628,5827.5311,438.75607,1.6966378
3423000.0,1881.256,5805.1613,4010.5008,253.90449,106.89119,106.89119,106.89119,5815.9021,5841.6783,5757.9035,451.30907,1.6966378
3424000.0,1827.2019,5774.2409,3925.785,248.54114,106.89119,106.89119,106.89119,5809.7093,5769.665,5743.3485,487.35621,1.6966378
3425000.0,1916.9733,5826.1286,3978.5074,251.87899,106.89119,106.89119,106.89119,5869.9144,5828.81,5779.6614,489.19652,1.6966378
3426000.0,1887.4118,5805.8726,3992.0916,252.73901,106.89119,106.89119,106.89119,5847.4116,5772.9104,5797.2959,489.73088,1.6966378
3427000.0,1870.2632,5845.0225,3904.9735,247.22357,106.89119,106.89119,106.89119,5879.2736,5844.581,5811.213,447.81379,1.6966378
3428000.0,1869.7456,5809.346,3942.2518,249.58366,106.89119,106.89119,106.89119,5861.0694,5753.2941,5813.6746,480.45729,1.6966378
3429000.0,1849.1101,5812.9128,3949.5418,250.04518,106.89119,106.89119,106.89119,5805.8073,5808.0362,5824.8949,474.97503,1.6966378
3430000.0,1810.2667,5770.6321,3903.4194,247.12518,106.89119,106.89119,106.89119,5827.9716,5716.4942,5767.4306,435.50124,1.6966378
3431000.0,1869.8296,5824.3825,3932.8242,248.98679,106.89119,106.89119,106.89119,5818.8896,5837.4308,5816.8273,467.63038,1.6966378
3432000.0,1895.9412,5819.8283,3907.2286,247.36634,106.89119,106.89119,106.89119,5867.7735,5793.9414,5797.77,493.10656,1.6966378
3433000.0,1912.447,5819.8677,3919.2146,248.12517,106.89119,106.89119,106.89119,5830.8257,5825.4016,5803.3759,499.50315,1.6966378
3434000.0,1914.9385,5816.1719,4003.9936,253.49252,106.89119,106.89119,106.89119,5836.2275,5783.5142,5828.7741,500.51532,1.6966378
3435000.0,1820.9502,5804.7773,4048.8265,256.33089,106.89119,106.89119,106.89119,5835.5625,5842.2367,5736.5327,497.80914,1.6966378
3436000.0,1805.5104,5798.0231,3969.0892,251.28273,106.89119,106.89119,106.89119,5803.3347,5810.5534,5780.1813,503.6209,1.6966378
3437000.0,1905.978,5847.3522,3923.9558,248.42534,106.89119,106.89119,106.89119,5859.3091,5848.5247,5834.2228,499.19956,1.6966378
3438000.0,1958.9239,5850.1514,3910.8786,247.59742,106.89119,106.89119,106.89119,5922.4967,5811.6163,5816.3411,503.07368,1.6966378
3439000.0,1898.747,5817.1401,3910.294,247.56041,106.89119,106.89119,106.89119,5875.0174,5784.0046,5792.3983,500.09446,1.6966378
3440000.0,1918.0568,5848.6795,3942.6286,249.60751,106.89119,106.89119,106.89119,5927.6386,5769.2605,5849.1393,502.82318,1.6966378
3441000.0,1893.5798,5834.8554,3956.0088,250.45461,106.89119,106.89119,106.89119,5837.2224,5836.9648,5830.3792,499.25181,1.6966378
3442000.0,1924.2248,5821.3635,3981.3151,252.05675,106.89119,106.89119,106.89119,5838.6215,5812.6853,5812.7837,495.60676,1.6966378
3443000.0,1847.909,5809.8312,3849.2576,243.6962,106.89119,106.89119,106.89119,5862.323,5756.4615,5810.7092,495.29276,1.6966378
3444000.0,1843.0572,5804.287,3941.8025,249.55521,106.89119,106.89119,106.89119,5795.0942,5803.2876,5814.4792,492.12884,1.6966378
3445000.0,1826.0852,5804.4038,3994.4548,252.88862,106.89119,106.89119,106.89119,5807.9965,5817.145,5788.0699,493.67556,1.6966378
3446000.0,1894.9973,5839.9917,3943.2388,249.64614,106.89119,106.89119,106.89119,5894.4942,5833.6883,5791.7926,491.16175,1.6966378
3447000.0,1759.2649,5805.1701,3982.0491,252.10322,106.89119,106.89119,106.89119,5812.6417,5842.5646,5760.3041,480.32684,1.6966378
3448000.0,1913.2894,5828.937,3900.1217,246.9164,106.89119,106.89119,106.89119,5854.3252,5852.7836,5779.7023,497.88948,1.6966378
3449000.0,1929.4689,5828.6896,3995.3509,252.94535,106.89119,106.89119,106.89119,5853.2937,5843.2987,5789.4765,490.89381,1.6966378
3450000.0,1837.2894,5798.767,3994.7015,252.90424,106.89119,106.89119,106.89119,5857.2639,5795.8156,5743.2214,502.9024,1.6966378
3451000.0,1850.8746,5812.7719,3857.8317,244.23902,106.89119,106.89119,106.89119,5866.6555,5809.2607,5762.3994,497.73583,1.6966378
3452000.0,1889.1891,5817.0962,3963.2819,250.91507,106.89119,106.89119,106.89119,5829.3837,5811.4752,5810.4298,488.74873,1.6966378
3453000.0,1830.634,5813.7036,3953.6586,250.30582,106.89119,106.89119,106.89119,5855.3865,5806.7581,5778.9663,485.97747,1.6966378
3454000.0,1864.5192,5814.5335,3970.2402,251.3556,106.89119,106.89119,106.89119,5829.457,5813.6391,5800.5044,508.23767,1.6966378
3455000.0,1929.391,5815.7462,4005.9051,253.61354,106.89119,106.89119,106.89119,5837.2011,5843.0069,5767.0304,503.83152,1.6966378
3456000.0,1942.2191,5844.9593,3943.0484,249.63409,106.89119,106.89119,106.89119,5866.1674,5851.5696,5817.1407,476.23939,1.6966378
3457000.0,1874.4102,5828.3112,3942.7005,249.61206,106.89119,106.89119,106.89119,5881.5637,5844.5575,5758.8124,494.82847,1.6966378
3458000.0,1862.9432,5813.142,3942.8175,249.61947,106.89119,106.89119,106.89119,5842.6609,5767.5593,5829.2057,483.62797,1.6966378
3459000.0,1857.2083,5839.5065,3992.3806,252.75731,106.89119,106.89119,106.89119,5873.9328,5812.9163,5831.6704,455.06501,1.6966378
3460000.0,1804.9659,5837.8456,4000.2907,253.25809,106.89119,106.89119,106.89119,5870.1113,5802.1079,5841.3176,499.53342,1.6966378
3461000.0,1806.4818,5810.9372,3888.0582,246.15266,106.89119,106.89119,106.89119,5842.0092,5770.022,5820.7805,497.30023,1.6966378
3462000.0,1885.7963,5811.2006,3943.3311,249.65199,106.89119,106.89119,106.89119,5844.8961,5739.2276,5849.4781,501.34675,1.6966378
3463000.0,1810.5444,5820.1441,3896.588,246.69268,106.89119,106.89119,106.89119,5862.436,5795.1538,5802.8424,492.22711,1.6966378
3464000.0,1913.1496,5849.3668,3884.4935,245.92698,106.89119,106.89119,106.89119,5904.4104,5824.7071,5818.9827,432.96519,1.6966378
3465000.0,1888.3987,5828.6711,3915.2634,247.87502,106.89119,106.89119,106.89119,5872.1729,5794.4608,5819.3795,482.26117,1.6966378
3466000.0,1866.9986,5820.5955,3915.4754,247.88844,106.89119,106.89119,106.89119,5860.6672,5786.7062,5814.4131,496.3576,1.6966378
3467000.0,1793.2549,5811.3787,3957.7089,250.56224,106.89119,106.89119,106.89119,5786.4638,5801.4146,5846.2578,470.91429,1.6966378
3468000.0,1983.8035,5844.7794,3920.4472,248.20321,106.89119,106.89119,106.89119,5899.2744,5790.2401,5844.8236,438.10758,1.6966378
3469000.0,1818.8094,5784.3691,3986.2081,252.36653,106.89119,106.89119,106.89119,5865.0694,5742.5346,5745.5033,462.08881,1.6966378
3470000.0,1808.8455,5790.3902,3894.3158,246.54883,106.89119,106.89119,106.89119,5873.8369,5714.1717,5783.162,458.04568,1.6966378
3471000.0,1865.8884,5835.5308,3929.3913,248.76946,106.89119,106.89119,106.89119,5868.2039,5773.4157,5864.9729,474.83807,1.6966378
3472000.0,1884.5452,5781.901,3963.1817,250.90873,106.89119,106.89119,106.89119,5801.2188,5718.9337,5825.5506,495.70609,1.6966378
3473000.0,1833.2923,5823.6895,3952.7966,250.25124,106.89119,106.89119,106.89119,5845.7954,5813.663,5811.6101,494.5432,1.6966378
3474000.0,1861.4072,5818.4309,3922.2585,248.31788,106.89119,106.89119,106.89119,5829.7511,5853.969,5771.5726,479.2962,1.6966378
3475000.0,1957.7323,5810.7218,3956.3864,250.47852,106.89119,106.89119,106.89119,5876.0704,5789.9493,5766.1458,498.80807,1.6966378
3476000.0,1887.7193,5798.7273,4021.7665,254.61772,106.89119,106.89119,106.89119,5786.0223,5747.064,5863.0955,498.08866,1.6966378
3477000.0,1835.8733,5807.9666,3964.2916,250.97899,106.89119,106.89119,106.89119,5928.9981,5718.073,5776.8286,495.92758,1.6966378
3478000.0,1925.3995,5842.7273,3958.0736,250.58533,106.89119,106.89119,106.89119,5857.5248,5765.8176,5904.8395,487.2051,1.6966378
3479000.0,1928.7478,5827.6619,3946.8195,249.87283,106.89119,106.89119,106.89119,5865.2962,5812.5358,5805.1537,490.80489,1.6966378
3480000.0,1929.3813,5825.7991,3934.4516,249.08983,106.89119,106.89119,106.89119,5868.1941,5771.2625,5837.9407,494.20663,1.6966378
3481000.0,1883.4037,5816.7294,3950.504,250.1061,106.89119,106.89119,106.89119,5920.9665,5707.5426,5821.6792,490.47777,1.6966378
3482000.0,1810.6108,5801.1734,3938.4896,249.34547,106.89119,106.89119,106.89119,5863.7839,5754.0736,5785.6628,483.0302,1.6966378
3483000.0,1760.3144,5803.5846,3922.0247,248.30308,106.89119,106.89119,106.89119,5828.6269,5766.8845,5815.2426,451.19691,1.6966378
3484000.0,1886.2079,5829.5459,3986.2909,252.37176,106.89119,106.89119,106.89119,5917.1723,5773.5882,5797.8771,496.52375,1.6966378
3485000.0,1863.8665,5837.2212,4001.8069,253.35409,106.89119,106.89119,106.89119,5880.8852,5821.8091,5808.9693,473.48513,1.6966378
3486000.0,1816.9379,5791.1094,3961.2498,250.78641,106.89119,106.89119,106.89119,5842.4147,5731.5931,5799.3204,495.8151,1.6966378
3487000.0,1831.2426,5830.5406,3968.5744,251.25014,106.89119,106.89119,106.89119,5854.6183,5854.319,5782.6844,492.28337,1.6966378
3488000.0,1807.3366,5817.6224,4044.4041,256.05091,106.89119,106.89119,106.89119,5885.754,5740.2203,5826.8929,493.08569,1.6966378
3489000.0,1823.0639,5804.6791,3954.596,250.36517,106.89119,106.89119,106.89119,5830.4902,5774.8697,5808.6773,452.60614,1.6966378
3490000.0,1907.6816,5831.8402,3932.643,248.97532,106.89119,106.89119,106.89119,5889.62,5759.3615,5846.539,466.26275,1.6966378
3491000.0,1858.8606,5818.8843,3885.0356,245.9613,106.89119,106.89119,106.89119,5846.8276,5812.8251,5797.0001,475.96202,1.6966378
3492000.0,1956.3107,5834.021,3982.4693,252.12982,106.89119,106.89119,106.89119,5831.9475,5799.4837,5870.632,490.65533,1.6966378
3493000.0,1874.3043,5803.9886,3972.8713,251.52217,106.89119,106.89119,106.89119,5832.2854,5785.3103,5794.37,475.43976,1.6966378
3494000.0,1923.4649,5831.7591,3953.8739,250.31945,106.89119,106.89119,106.89119,5863.8108,5843.7915,5787.6748,460.65347,1.6966378
3495000.0,1821.8922,5805.9595,3885.6381,245.99945,106.89119,106.89119,106.89119,5819.5639,5779.893,5818.4216,482.34437,1.6966378
3496000.0,1853.4099,5819.0862,3983.7208,252.20906,106.89119,106.89119,106.89119,5863.042,5824.7442,5769.4724,485.00738,1.6966378
3497000.0,1856.8748,5800.8694,3946.2112,249.83433,106.89119,106.89119,106.89119,5860.4461,5792.2185,5749.9437,474.67053,1.6966378
3498000.0,1917.3301,5820.3592,4052.8331,256.58455,106.89119,106.89119,106.89119,5860.4244,5846.7391,5753.9141,485.37467,1.6966378
3499000.0,1882.9607,5791.6785,3893.3568,246.48811,106.89119,106.89119,106.89119,5819.1222,5794.7766,5761.1366,472.2559,1.6966378
3500000.0,1769.1133,5790.3888,3899.54,246.87957,106.89119,106.89119,106.89119,5852.7365,5740.7372,5777.6927,476.60842,1.6966378
3501000.0,1954.5907,5828.4228,3957.3792,250.54137,106.89119,106.89119,106.89119,5856.222,5788.2758,5840.7706,490.72046,1.6966378
3502000.0,1868.1616,5829.5432,3983.4592,252.19249,106.89119,106.89119,106.89119,5906.8968,5808.3009,5773.4319,501.70215,1.6966378
3503000.0,1893.5321,5842.3678,3997.123,253.05755,106.89119,106.89119,106.89119,5885.518,5868.7258,5772.8596,502.5498,1.6966378
3504000.0,1893.4889,5815.5482,4010.0936,253.87871,106.89119,106.89119,106.89119,5823.8974,5791.8853,5830.8618,501.45114,1.6966378
3505000.0,1840.9609,5809.6566,3973.1807,251.54176,106.89119,106.89119,106.89119,5862.5169,5794.5315,5771.9214,491.21439,1.6966378
3506000.0,1797.1469,5823.285,3990.2852,252.62465,106.89119,106.89119,106.89119,5874.0597,5811.2539,5784.5413,495.69734,1.6966378
3507000.0,1915.8032,5827.8572,3955.1728,250.40168,106.89119,106.89119,106.89119,5846.0863,5823.7591,5813.7262,496.82291,1.6966378
3508000.0,1808.2783,5815.0136,3959.3751,250.66773,106.89119,106.89119,106.89119,5779.203,5853.5736,5812.2643,495.63322,1.6966378
3509000.0,1774.7597,5783.5918,3950.6302,250.11409,106.89119,106.89119,106.89119,5854.9782,5744.5006,5751.2965,496.92274,1.6966378
3510000.0,1974.9258,5842.3024,4025.2264,254.83677,106.89119,106.89119,106.89119,5897.674,5834.5256,5794.7075,496.17752,1.6966378
3511000.0,1758.8699,5783.2104,3993.4051,252.82216,106.89119,106.89119,106.89119,5828.0645,5752.9256,5768.6411,495.93676,1.6966378
3512000.0,1892.5243,5822.2829,3961.6603,250.8124,106.89119,106.89119,106.89119,5875.3669,5803.206,5788.2759,501.75306,1.6966378
3513000.0,1902.8019,5825.7112,3956.5063,250.4861,106.89119,106.89119,106.89119,5935.4827,5716.2167,5825.4343,503.093,1.6966378
3514000.0,1885.0677,5831.0683,3924.3952,248.45315,106.89119,106.89119,106.89119,5882.2229,5830.7175,5780.2645,497.81201,1.6966378
3515000.0,1914.6086,5824.4117,3879.9862,245.64163,106.89119,106.89119,106.89119,5831.4319,5829.4079,5812.3953,494.24348,1.6966378
3516000.0,1790.715,5805.6433,3928.1122,248.68848,106.89119,106.89119,106.89119,5847.0438,5813.9308,5755.9554,501.26087,1.6966378
3517000.0,1882.7701,5838.985,3953.3702,250.28756,106.89119,106.89119,106.89119,5868.131,5878.6015,5770.2224,490.99954,1.6966378
3518000.0,1874.7415,5810.3332,3942.0764,249.57255,106.89119,106.89119,106.89119,5813.203,5808.8702,5808.9264,497.38833,1.6966378
3519000.0,1852.7923,5814.881,3916.4984,247.95321,106.89119,106.89119,106.89119,5865.3877,5779.4227,5799.8327,471.81249,1.6966378
3520000.0,1818.3835,5834.465,3975.2552,251.6731,106.89119,106.89119,106.89119,5820.0977,5795.8791,5887.4182,456.61505,1.6966378
3521000.0,1868.5681,5800.1016,3917.6475,248.02596,106.89119,106.89119,106.89119,5845.6241,5760.0849,5794.5958,491.5913,1.6966378
3522000.0,1828.0771,5792.7356,3975.0418,251.65959,106.89119,106.89119,106.89119,5841.8216,5790.8497,5745.5356,491.37061,1.6966378
3523000.0,1848.0585,5809.1686,3951.3736,250.16116,106.89119,106.89119,106.89119,5845.4516,5792.4646,5789.5896,494.12431,1.6966378
3524000.0,1925.867,5801.8,3946.0529,249.8243,106.89119,106.89119,106.89119,5824.36,5773.8455,5807.1944,500.95391,1.6966378
3525000.0,1864.8196,5793.3623,3938.6741,249.35715,106.89119,106.89119,106.89119,5754.8645,5820.6976,5804.5248,495.63235,1.6966378
3526000.0,1820.0782,5798.6326,3910.2966,247.56057,106.89119,106.89119,106.89119,5838.5166,5773.2199,5784.1613,493.1115,1.6966378
3527000.0,1845.9755,5813.857,4014.0065,254.12644,106.89119,106.89119,106.89119,5865.7395,5827.7671,5748.0644,494.55499,1.6966378
3528000.0,1879.1019,5823.4208,3982.2064,252.11318,106.89119,106.89119,106.89119,5846.7522,5846.6468,5776.8633,489.6332,1.6966378
3529000.0,1804.9657,5788.9492,3991.8131,252.72138,106.89119,106.89119,106.89119,5821.4091,5809.127,5736.3117,487.64129,1.6966378
3530000.0,1952.2342,5841.352,3954.4216,250.35412,106.89119,106.89119,106.89119,5882.0182,5843.7412,5798.2968,488.27597,1.6966378
3531000.0,1864.2267,5833.3933,3956.2849,250.47209,106.89119,106.89119,106.89119,5888.7428,5787.6791,5823.758,486.28564,1.6966378
3532000.0,1885.95,5853.9062,3991.4829,252.70047,106.89119,106.89119,106.89119,5916.5892,5863.7496,5781.3799,486.80436,1.6966378
3533000.0,1887.2817,5828.7152,3998.7332,253.15949,106.89119,106.89119,106.89119,5901.2636,5776.0333,5808.8486,504.83346,1.6966378
3534000.0,1900.9245,5830.1898,3887.9967,246.14877,106.89119,106.89119,106.89119,5816.736,5819.4462,5854.3872,507.97964,1.6966378
3535000.0,1870.3581,5823.3376,3961.2633,250.78727,106.89119,106.89119,106.89119,5805.5637,5827.6922,5836.7569,505.14023,1.6966378
3536000.0,1882.8793,5825.7305,3956.74,250.5009,106.89119,106.89119,106.89119,5810.6487,5879.088,5787.455,498.56566,1.6966378
3537000.0,1861.3386,5823.2259,3940.9817,249.50325,106.89119,106.89119,106.89119,5792.8886,5877.213,5799.5761,494.22415,1.6966378
3538000.0,1923.7401,5866.7451,3960.8099,250.75857,106.89119,106.89119,106.89119,5899.5054,5844.7613,5855.9686,504.4961,1.6966378
3539000.0,1859.0621,5845.1785,3940.9078,249.49857,106.89119,106.89119,106.89119,5865.1629,5823.5898,5846.7827,499.3598,1.6966378
3540000.0,1808.365,5818.2208,3870.4741,245.03941,106.89119,106.89119,106.89119,5824.5939,5855.7048,5774.3636,493.60526,1.6966378
3541000.0,1839.541,5801.0267,3977.8319,251.83622,106.89119,106.89119,106.89119,5815.9122,5803.0103,5784.1575,490.60112,1.6966378
3542000.0,1840.4095,5821.4961,3964.1143,250.96777,106.89119,106.89119,106.89119,5879.7281,5786.5597,5798.2004,492.59529,1.6966378
3543000.0,1945.432,5848.3987,3993.8209,252.84849,106.89119,106.89119,106.89119,5823.9025,5864.4364,5856.8572,493.45556,1.6966378
3544000.0,1922.2754,5842.5546,3907.3667,247.37508,106.89119,106.89119,106.89119,5904.8892,5808.196,5814.5784,492.54105,1.6966378
3545000.0,1788.7641,5823.0994,3963.2302,250.91179,106.89119,106.89119,106.89119,5837.3291,5852.5975,5779.3718,490.32252,1.6966378
3546000.0,1823.6459,5807.1195,3922.1821,248.31305,106.89119,106.89119,106.89119,5818.9207,5823.7595,5778.6784,498.19514,1.6966378
3547000.0,1817.3266,5799.9938,3989.9279,252.60203,106.89119,106.89119,106.89119,5775.7786,5811.3395,5812.8633,493.46251,1.6966378
3548000.0,1850.4827,5778.4924,3887.4834,246.11627,106.89119,106.89119,106.89119,5786.2767,5782.2627,5766.9378,495.60108,1.6966378
3549000.0,1857.0534,5821.2296,3944.6825,249.73754,106.89119,106.89119,106.89119,5892.8677,5811.4608,5759.3602,497.55989,1.6966378
3550000.0,1896.6227,5831.3103,4007.9804,253.74493,106.89119,106.89119,106.89119,5870.5103,5845.0964,5778.3244,498.12578,1.6966378
3551000.0,1835.7454,5812.235,3928.6049,248.71967,106.89119,106.89119,106.89119,5849.2078,5832.5572,5754.9399,486.25985,1.6966378
3552000.0,1905.3051,5826.1419,3965.7064,251.06857,106.89119,106.89119,106.89119,5863.5819,5818.0109,5796.8329,491.57307,1.6966378
3553000.0,1924.427,5831.3097,3996.4147,253.0127,106.89119,106.89119,106.89119,5854.012,5768.7358,5871.1813,498.54229,1.6966378
3554000.0,1815.5048,5802.7765,3898.6671,246.82431,106.89119,106.89119,106.89119,5819.8443,5731.0324,5857.4526,490.1692,1.6966378
3555000.0,1887.1915,5826.6472,3941.9865,249.56686,106.89119,106.89119,106.89119,5840.3226,5824.2484,5815.3708,487.38808,1.6966378
3556000.0,1797.3994,5819.2799,3948.4617,249.9768,106.89119,106.89119,106.89119,5863.5225,5812.3479,5781.9694,487.75094,1.6966378
3557000.0,1982.1579,5851.5609,3888.072,246.15353,106.89119,106.89119,106.89119,5870.7474,5819.5801,5864.3553,485.18244,1.6966378
3558000.0,1861.728,5815.6244,3995.6494,252.96425,106.89119,106.89119,106.89119,5879.9026,5796.4481,5770.5224,487.98241,1.6966378
3559000.0,1863.6066,5829.4578,3987.6037,252.45488,106.89119,106.89119,106.89119,5859.9817,5794.6715,5833.7203,488.71564,1.6966378
3560000.0,1868.8671,5812.5278,3964.843,251.0139,106.89119,106.89119,106.89119,5871.9536,5753.5268,5812.1029,489.10609,1.6966378
3561000.0,1914.9799,5821.9523,3876.9813,245.45138,106.89119,106.89119,106.89119,5862.1847,5811.053,5792.6192,489.67873,1.6966378
3562000.0,1826.8486,5805.6399,3978.2431,251.86226,106.89119,106.89119,106.89119,5842.6861,5776.7125,5797.5212,493.3198,1.6966378
3563000.0,1846.8209,5782.7826,3958.6093,250.61924,106.89119,106.89119,106.89119,5771.1436,5804.8319,5772.3723,489.29165,1.6966378
3564000.0,1939.6597,5828.9147,3826.8706,242.27888,106.89119,106.89119,106.89119,5917.8113,5760.49,5808.4427,498.4171,1.6966378
3565000.0,1842.1092,5828.569,3906.5595,247.32398,106.89119,106.89119,106.89119,5867.4918,5826.6745,5791.5405,498.4256,1.6966378
3566000.0,1840.5701,5817.6008,3943.2168,249.64475,106.89119,106.89119,106.89119,5865.5507,5813.8751,5773.3767,499.81398,1.6966378
3567000.0,1870.7357,5815.5393,4043.2509,255.9779,106.89119,106.89119,106.89119,5807.2036,5786.4166,5852.9976,491.55089,1.6966378
3568000.0,1908.7374,5830.3986,3929.2075,248.75782,106.89119,106.89119,106.89119,5900.2203,5789.9995,5800.9759,491.79536,1.6966378
3569000.0,1932.5683,5808.2346,3982.9121,252.15785,106.89119,106.89119,106.89119,5823.8211,5834.3478,5766.5349,499.64018,1.6966378
3570000.0,1896.144,5837.9918,3969.0538,251.28048,106.89119,106.89119,106.89119,5874.4129,5840.0531,5799.5096,497.35353,1.6966378
3571000.0,1823.1367,5786.6385,3916.353,247.944,106.89119,106.89119,106.89119,5802.1394,5778.3643,5779.4117,495.18684,1.6966378
3572000.0,1857.9743,5830.6619,3986.3438,252.37511,106.89119,106.89119,106.89119,5850.4477,5789.9562,5851.5819,495.10312,1.6966378
3573000.0,1853.5035,5815.7444,3968.1683,251.22443,106.89119,106.89119,106.89119,5848.1597,5804.5929,5794.4805,479.97421,1.6966378
3574000.0,1806.1302,5788.9771,3937.5663,249.28701,106.89119,106.89119,106.89119,5798.9421,5753.6573,5814.332,486.9066,1.6966378
3575000.0,1767.0373,5782.7225,3914.1219,247.80275,106.89119,106.89119,106.89119,5805.2571,5794.4105,5748.4998,498.94616,1.6966378
3576000.0,1857.5789,5816.7041,3971.1233,251.4115,106.89119,106.89119,106.89119,5843.1295,5797.4747,5809.5079,495.99721,1.6966378
3577000.0,1783.9754,5791.1006,3899.7399,246.89223,106.89119,106.89119,106.89119,5800.1302,5765.7574,5807.4142,500.71539,1.6966378
3578000.0,1782.1345,5790.1466,3990.2738,252.62392,106.89119,106.89119,106.89119,5859.3152,5718.5178,5792.6068,504.66009,1.6966378
3579000.0,1867.1975,5819.4475,3955.7696,250.43947,106.89119,106.89119,106.89119,5849.3365,5806.3626,5802.6433,496.93037,1.6966378
3580000.0,1905.5637,5837.5228,3972.9785,251.52896,106.89119,106.89119,106.89119,5867.5218,5775.2101,5869.8367,495.30184,1.6966378
3581000.0,1814.863,5790.9159,3931.6056,248.90965,106.89119,106.89119,106.89119,5814.3237,5771.2556,5787.1683,499.15281,1.6966378
3582000.0,1828.5793,5826.4057,3942.7439,249.61481,106.89119,106.89119,106.89119,5843.6651,5835.2121,5800.34,498.06658,1.6966378
3583000.0,1806.627,5806.6697,3937.4113,249.27721,106.89119,106.89119,106.89119,5940.1427,5730.9555,5748.911,473.83803,1.6966378
3584000.0,1832.993,5819.7665,3993.0788,252.80151,106.89119,106.89119,106.89119,5806.4854,5887.073,5765.7412,476.1926,1.6966378
3585000.0,1844.27,5829.1436,3988.4192,252.50651,106.89119,106.89119,106.89119,5838.5192,5750.0148,5898.8969,484.92238,1.6966378
3586000.0,1832.9362,5814.0412,3887.125,246.09358,106.89119,106.89119,106.89119,5784.5955,5810.7474,5846.7806,476.89698,1.6966378
3587000.0,1968.0852,5846.2444,3943.8517,249.68495,106.89119,106.89119,106.89119,5866.4344,5836.6329,5835.6658,481.5916,1.6966378
3588000.0,1822.62,5802.4252,3969.5417,251.31137,106.89119,106.89119,106.89119,5855.0166,5791.7079,5760.5512,484.7728,1.6966378
3589000.0,1879.1987,5811.4042,3989.5226,252.57637,106.89119,106.89119,106.89119,5840.0111,5760.432,5833.7695,489.81433,1.6966378
3590000.0,1834.3539,5828.7495,3902.5262,247.06863,106.89119,106.89119,106.89119,5829.2848,5860.0332,5796.9305,494.0517,1.6966378
3591000.0,1848.7605,5839.3553,3974.2319,251.60831,106.89119,106.89119,106.89119,5917.0537,5872.5547,5728.4575,451.10336,1.6966378
3592000.0,1821.8205,5812.5627,3909.118,247.48595,106.89119,106.89119,106.89119,5821.0027,5856.3559,5760.3295,490.94597,1.6966378
3593000.0,1884.1975,5819.6519,3961.6756,250.81337,106.89119,106.89119,106.89119,5792.6636,5855.6918,5810.6002,498.8347,1.6966378
3594000.0,1885.2923,5815.2513,3897.2777,246.73635,106.89119,106.89119,106.89119,5812.5005,5819.0944,5814.159,492.532,1.6966378
3595000.0,1849.1925,5821.1202,3926.7179,248.6002,106.89119,106.89119,106.89119,5854.5225,5814.613,5794.2252,500.91128,1.6966378
3596000.0,1896.8008,5819.8587,3924.4267,248.45515,106.89119,106.89119,106.89119,5858.6919,5821.328,5779.5562,493.11683,1.6966378
3597000.0,1864.5147,5840.3813,3899.7959,246.89577,106.89119,106.89119,106.89119,5822.9373,5851.0543,5847.1522,485.92961,1.6966378
3598000.0,1843.8273,5806.5805,3966.2049,251.10012,106.89119,106.89119,106.89119,5844.8461,5854.1796,5720.7158,490.41373,1.6966378
3599000.0,1870.456,5832.1227,3852.3747,243.89354,106.89119,106.89119,106.89119,5891.5827,5831.5498,5773.2358,462.64241,1.6966378
3600000.0,1860.142,5825.6985,4028.9061,255.06973,106.89119,106.89119,106.89119,5842.4059,5828.1072,5806.5825,434.88819,1.6966378
3601000.0,1786.6937,5825.6279,3873.4208,245.22597,106.89119,106.89119,106.89119,5850.6532,5810.6583,5815.5722,490.23015,1.6966378
3602000.0,1826.8887,5804.9391,3897.1749,246.72984,106.89119,106.89119,106.89119,5819.3742,5794.6537,5800.7893,499.57585,1.6966378
3603000.0,1933.028,5805.2638,3940.7305,249.48734,106.89119,106.89119,106.89119,5875.6701,5848.8886,5691.2326,489.07535,1.6966378
3604000.0,1738.0716,5797.9525,3949.416,250.03722,106.89119,106.89119,106.89119,5835.9384,5779.7051,5778.2141,497.84323,1.6966378
3605000.0,1790.2314,5817.5326,3919.1438,248.12069,106.89119,106.89119,106.89119,5822.6964,5841.6225,5788.279,475.98741,1.6966378
3606000.0,1857.1168,5832.6764,3916.7403,247.96852,106.89119,106.89119,106.89119,5801.5343,5901.0486,5795.4462,485.62797,1.6966378
3607000.0,1785.4322,5798.0856,3923.7157,248.41014,106.89119,106.89119,106.89119,5835.5182,5787.9019,5770.8365,478.57856,1.6966378
3608000.0,1842.5813,5783.1998,3879.3984,245.60441,106.89119,106.89119,106.89119,5823.4495,5763.2971,5762.8529,482.7769,1.6966378
3609000.0,1843.9448,5808.9427,4041.5572,255.87067,106.89119,106.89119,106.89119,5851.631,5825.807,5749.3899,488.47007,1.6966378
3610000.0,1854.9408,5814.1063,3986.4587,252.38239,106.89119,106.89119,106.89119,5876.2009,5778.9862,5787.1318,490.93379,1.6966378
3611000.0,1847.7995,5823.1567,3933.0063,248.99832,106.89119,106.89119,106.89119,5861.5892,5804.8087,5803.0721,455.33743,1.6966378
3612000.0,1835.1153,5797.7688,3932.8079,248.98576,106.89119,106.89119,106.89119,5757.6284,5875.6381,5760.0398,448.23926,1.6966378
3613000.0,1824.098,5820.957,3943.554,249.6661,106.89119,106.89119,106.89119,5871.5873,5791.7366,5799.5472,454.2558,1.6966378
3614000.0,1892.899,5807.2566,3860.9415,244.4359,106.89119,106.89119,106.89119,5898.0639,5814.5326,5709.1735,495.88141,1.6966378
3615000.0,1857.8796,5814.5181,3987.5792,252.45333,106.89119,106.89119,106.89119,5792.3829,5803.3875,5847.7841,499.57494,1.6966378
3616000.0,1770.631,5803.1913,3934.3088,249.08078,106.89119,106.89119,106.89119,5803.6179,5799.3134,5806.6427,497.54276,1.6966378
3617000.0,1812.9858,5810.9068,3920.0086,248.17544,106.89119,106.89119,106.89119,5840.4128,5790.0032,5802.3045,497.80016,1.6966378
3618000.0,1855.0887,5805.4308,3945.4744,249.78767,106.89119,106.89119,106.89119,5799.4391,5841.9791,5774.8743,477.63498,1.6966378
3619000.0,1822.6068,5797.0929,3967.0956,251.15651,106.89119,106.89119,106.89119,5823.0074,5784.9576,5783.3138,473.21906,1.6966378
3620000.0,1805.3655,5807.7057,3903.317,247.1187,106.89119,106.89119,106.89119,5886.9174,5736.0714,5800.1282,427.33977,1.6966378
3621000.0,1889.6314,5850.5577,3980.0613,251.97737,106.89119,106.89119,106.89119,5840.8787,5895.2576,5815.5368,458.68977,1.6966378
3622000.0,1828.9017,5798.3199,4020.6807,254.54898,106.89119,106.89119,106.89119,5847.4341,5866.0125,5681.513,468.75565,1.6966378
3623000.0,1868.362,5801.1867,4015.7131,254.23448,106.89119,106.89119,106.89119,5819.823,5764.5108,5819.2264,494.18842,1.6966378
3624000.0,1878.521,5818.7222,3977.6705,251.82601,106.89119,106.89119,106.89119,5829.5741,5823.8995,5802.6931,483.35733,1.6966378
3625000.0,1884.0042,5832.3016,3958.1959,250.59307,106.89119,106.89119,106.89119,5875.8577,5836.9749,5784.0722,483.89697,1.6966378
3626000.0,1847.4716,5801.8795,3975.4459,251.68517,106.89119,106.89119,106.89119,5800.6743,5833.1713,5771.7928,475.04311,1.6966378
3627000.0,1792.5276,5793.316,3951.5014,250.16924,106.89119,106.89119,106.89119,5817.0571,5845.6332,5717.2577,492.60991,1.6966378
3628000.0,1902.4557,5836.0659,3908.0888,247.4208,106.89119,106.89119,106.89119,5889.9257,5829.0765,5789.1955,444.7792,1.6966378
3629000.0,1776.4545,5787.4892,3947.5333,249.91803,106.89119,106.89119,106.89119,5856.5628,5760.1926,5745.7122,494.50745,1.6966378
3630000.0,1844.4574,5823.8741,3932.9165,248.99264,106.89119,106.89119,106.89119,5881.3833,5803.7531,5786.4857,452.79814,1.6966378
3631000.0,1861.3965,5822.8678,3909.5478,247.51317,106.89119,106.89119,106.89119,5841.9126,5816.4936,5810.1973,497.53988,1.6966378
3632000.0,1851.5973,5827.5535,3996.2302,253.00102,106.89119,106.89119,106.89119,5823.7731,5846.8563,5812.031,486.6603,1.6966378
3633000.0,1822.4664,5816.8918,3889.0323,246.21433,106.89119,106.89119,106.89119,5852.5105,5810.4139,5787.751,483.25779,1.6966378
3634000.0,1937.1302,5819.558,3921.4658,248.2677,106.89119,106.89119,106.89119,5867.3385,5838.1837,5753.1518,467.51341,1.6966378
3635000.0,1848.1139,5813.0034,3978.3218,251.86724,106.89119,106.89119,106.89119,5879.4082,5787.9236,5771.6783,489.90714,1.6966378
3636000.0,1802.9771,5805.4997,4009.5915,253.84692,106.89119,106.89119,106.89119,5849.8748,5793.4738,5773.1505,443.69719,1.6966378
3637000.0,1769.9878,5787.6541,3965.1797,251.03522,106.89119,106.89119,106.89119,5807.0828,5813.4985,5742.3811,498.46488,1.6966378
3638000.0,1794.2345,5790.2275,3930.3947,248.83298,106.89119,106.89119,106.89119,5895.1556,5793.8947,5681.6323,500.27764,1.6966378
3639000.0,1782.7295,5799.8255,3965.5258,251.05713,106.89119,106.89119,106.89119,5841.7632,5827.6326,5730.0807,495.63826,1.6966378
3640000.0,1843.815,5810.3347,4033.4817,255.35941,106.89119,106.89119,106.89119,5868.214,5796.9371,5765.853,498.4992,1.6966378
3641000.0,1817.8872,5799.892,3984.5198,252.25964,106.89119,106.89119,106.89119,5858.7539,5758.7808,5782.1414,490.11707,1.6966378
3642000.0,1819.9866,5828.9885,3977.0608,251.78741,106.89119,106.89119,106.89119,5819.2274,5828.9536,5838.7846,495.64629,1.6966378
3643000.0,1889.3509,5814.7896,3972.4995,251.49863,106.89119,106.89119,106.89119,5869.2017,5835.068,5740.0991,486.08464,1.6966378
3644000.0,1832.5252,5820.804,3985.1194,252.2976,106.89119,106.89119,106.89119,5853.6138,5830.8853,5777.9128,488.3697,1.6966378
3645000.0,1825.1953,5805.9185,3863.142,244.57522,106.89119,106.89119,106.89119,5846.3152,5800.7082,5770.7321,491.06778,1.6966378
3646000.0,1853.3906,5801.1233,3935.6759,249.16734,106.89119,106.89119,106.89119,5864.7415,5779.667,5758.9614,494.97895,1.6966378
3647000.0,1852.0291,5799.8649,3957.5013,250.5491,106.89119,106.89119,106.89119,5843.8107,5758.7998,5796.9843,491.17161,1.6966378
3648000.0,1813.1664,5806.5197,3895.2121,246.60557,106.89119,106.89119,106.89119,5880.1213,5831.9959,5707.442,384.7934,1.6966378
3649000.0,1779.4136,5802.1993,3887.2225,246.09976,106.89119,106.89119,106.89119,5860.8586,5796.6579,5749.0814,475.06044,1.6966378
3650000.0,1817.9859,5813.2789,3950.7486,250.12158,106.89119,106.89119,106.89119,5823.6669,5830.3224,5785.8476,502.43938,1.6966378
3651000.0,1800.5476,5827.0929,3960.7615,250.7555,106.89119,106.89119,106.89119,5870.8253,5768.9823,5841.4712,500.40551,1.6966378
3652000.0,1792.1437,5821.6473,3979.6676,251.95244,106.89119,106.89119,106.89119,5869.7707,5797.3473,5797.8238,498.91043,1.6966378
3653000.0,1782.6682,5814.6579,3995.5204,252.95609,106.89119,106.89119,106.89119,5836.4689,5840.1014,5767.4032,493.92892,1.6966378
3654000.0,1737.7418,5784.6167,3950.9777,250.13609,106.89119,106.89119,106.89119,5821.9346,5780.2987,5751.6167,483.55188,1.6966378
3655000.0,1873.0249,5843.6111,3886.3316,246.04335,106.89119,106.89119,106.89119,5918.9932,5799.6437,5812.1965,488.09459,1.6966378
3656000.0,1791.5957,5794.0144,3927.1577,248.62805,106.89119,106.89119,106.89119,5853.1037,5777.2085,5751.7311,497.14166,1.6966378
3657000.0,1906.9428,5838.9005,3945.6742,249.80032,106.89119,106.89119,106.89119,5913.3467,5876.3702,5726.9846,478.99889,1.6966378
3658000.0,1860.8116,5834.295,4014.3303,254.14694,106.89119,106.89119,106.89119,5890.8815,5816.3986,5795.605,475.08379,1.6966378
3659000.0,1766.478,5810.1744,3912.5997,247.70638,106.89119,106.89119,106.89119,5815.1273,5814.04,5801.356,500.17687,1.6966378
3660000.0,1894.7676,5831.7694,3945.9898,249.82031,106.89119,106.89119,106.89119,5860.2724,5841.0541,5793.9817,502.59882,1.6966378
3661000.0,1840.6854,5814.3527,3940.5603,249.47657,106.89119,106.89119,106.89119,5864.32,5813.5991,5765.1388,393.31111,1.6966378
3662000.0,1812.1569,5795.8304,3846.4831,243.52055,106.89119,106.89119,106.89119,5826.2757,5786.7819,5774.4334,397.10317,1.6966378
3663000.0,1860.8974,5835.7686,3938.8446,249.36794,106.89119,106.89119,106.89119,5891.0977,5773.2419,5842.9661,421.96981,1.6966378
3664000.0,1840.1931,5799.5399,3976.9263,251.77889,106.89119,106.89119,106.89119,5832.8026,5758.5105,5807.3066,400.23765,1.6966378
3665000.0,1898.8386,5831.0696,3855.197,244.07222,106.89119,106.89119,106.89119,5838.1094,5834.8229,5820.2765,384.95588,1.6966378
3666000.0,1888.4005,5820.4364,3908.2732,247.43247,106.89119,106.89119,106.89119,5856.4659,5795.7874,5809.056,436.07737,1.6966378
3667000.0,1883.6249,5818.2124,3909.6716,247.521,106.89119,106.89119,106.89119,5817.2741,5764.634,5872.7291,497.20255,1.6966378
3668000.0,1807.6972,5830.3395,3965.5313,251.05748,106.89119,106.89119,106.89119,5868.5253,5789.6644,5832.8288,501.64032,1.6966378
3669000.0,1846.9051,5793.0764,3945.9823,249.81983,106.89119,106.89119,106.89119,5836.3742,5759.2609,5783.5941,493.12355,1.6966378
3670000.0,1845.9352,5809.7439,3991.3787,252.69387,106.89119,106.89119,106.89119,5760.9939,5831.3266,5836.9111,489.76292,1.6966378
3671000.0,1833.3942,5800.5078,3846.0101,243.4906,106.89119,106.89119,106.89119,5801.418,5809.2233,5790.8822,495.23401,1.6966378
3672000.0,1863.1333,5802.388,3971.7929,251.4539,106.89119,106.89119,106.89119,5756.994,5827.0578,5823.1121,491.06105,1.6966378
3673000.0,1785.7459,5793.7049,3965.5211,251.05683,106.89119,106.89119,106.89119,5768.7951,5807.2542,5805.0656,501.83869,1.6966378
3674000.0,1887.4799,5823.5788,3959.955,250.70444,106.89119,106.89119,106.89119,5870.7439,5779.0918,5820.9006,499.76763,1.6966378
3675000.0,1881.1523,5822.7629,3925.5488,248.52619,106.89119,106.89119,106.89119,5839.6404,5869.4232,5759.2251,502.31881,1.6966378
3676000.0,1821.1853,5806.6196,3949.3645,250.03396,106.89119,106.89119,106.89119,5820.342,5825.424,5774.0929,499.25452,1.6966378
3677000.0,1856.5867,5823.8948,4025.4591,254.8515,106.89119,106.89119,106.89119,5897.9443,5819.7742,5753.966,499.94938,1.6966378
3678000.0,1847.612,5805.0672,3872.8428,245.18938,106.89119,106.89119,106.89119,5826.312,5793.4945,5795.3951,502.77376,1.6966378
3679000.0,1831.6928,5814.259,3991.9435,252.72963,106.89119,106.89119,106.89119,5843.7488,5837.5974,5761.4307,500.53556,1.6966378
3680000.0,1813.003,5820.6516,3981.8494,252.09058,106.89119,106.89119,106.89119,5817.8932,5851.1134,5792.9481,498.21113,1.6966378
3681000.0,1838.9551,5816.3698,3999.0249,253.17796,106.89119,106.89119,106.89119,5834.7565,5830.849,5783.5039,492.95166,1.6966378
3682000.0,1862.5489,5821.0672,3910.3187,247.56197,106.89119,106.89119,106.89119,5847.0132,5855.1591,5761.0293,500.05505,1.6966378
3683000.0,1810.712,5791.6103,4033.805,255.37988,106.89119,106.89119,106.89119,5840.9232,5734.4038,5799.5038,497.87043,1.6966378
3684000.0,1809.0438,5816.793,4018.1911,254.39137,106.89119,106.89119,106.89119,5825.0854,5770.7772,5854.5164,496.63453,1.6966378
3685000.0,1766.4961,5800.1967,3956.3766,250.4779,106.89119,106.89119,106.89119,5829.4315,5784.9698,5786.1888,495.33058,1.6966378
3686000.0,1858.6531,5789.5032,3971.859,251.45808,106.89119,106.89119,106.89119,5769.8349,5748.3669,5850.3077,492.65106,1.6966378
3687000.0,1836.9695,5819.0282,3973.2956,251.54904,106.89119,106.89119,106.89119,5896.6452,5791.2986,5769.1408,487.36449,1.6966378
3688000.0,1841.8126,5803.2932,3967.1079,251.15729,106.89119,106.89119,106.89119,5838.3723,5766.1252,5805.382,499.88206,1.6966378
3689000.0,1917.5994,5824.2413,3863.8965,244.62298,106.89119,106.89119,106.89119,5862.2133,5839.5998,5770.9108,497.89411,1.6966378
3690000.0,1832.1101,5804.6054,3935.8605,249.17902,106.89119,106.89119,106.89119,5870.4328,5816.8237,5726.5597,503.34006,1.6966378
3691000.0,1814.3414,5787.713,3942.6026,249.60586,106.89119,106.89119,106.89119,5888.3805,5783.4701,5691.2882,491.44366,1.6966378
3692000.0,1885.3537,5822.726,3973.8949,251.58698,106.89119,106.89119,106.89119,5894.6716,5768.0207,5805.4859,492.32833,1.6966378
3693000.0,1846.3957,5816.0603,3968.8752,251.26918,106.89119,106.89119,106.89119,5841.9291,5837.6703,5768.5815,502.22484,1.6966378
3694000.0,1892.1756,5821.972,3933.6403,249.03846,106.89119,106.89119,106.89119,5840.4665,5870.8824,5754.5672,492.15644,1.6966378
3695000.0,1803.9981,5832.7742,4065.9113,257.41253,106.89119,106.89119,106.89119,5844.0088,5852.8427,5801.471,498.85025,1.6966378
3696000.0,1801.0565,5811.6463,3945.0375,249.76002,106.89119,106.89119,106.89119,5850.944,5851.4985,5732.4964,493.00806,1.6966378
3697000.0,1849.3671,5824.4993,3958.7221,250.62639,106.89119,106.89119,106.89119,5824.121,5834.9454,5814.4314,493.57339,1.6966378
3698000.0,1827.3663,5819.5918,3972.2062,251.48007,106.89119,106.89119,106.89119,5890.1977,5780.7546,5787.8232,488.93336,1.6966378
3699000.0,1829.6356,5816.2563,3954.5055,250.35944,106.89119,106.89119,106.89119,5860.2137,5845.9752,5742.5801,495.00209,1.6966378
3700000.0,1798.6384,5810.1241,4047.3247,256.23581,106.89119,106.89119,106.89119,5794.3986,5841.9179,5794.0559,493.4306,1.6966378
3701000.0,1845.5038,5820.5837,3978.9168,251.90491,106.89119,106.89119,106.89119,5877.536,5843.9297,5740.2855,491.3908,1.6966378
3702000.0,1810.2114,5811.86,3985.5837,252.32699,106.89119,106.89119,106.89119,5833.1187,5805.1074,5797.354,495.63139,1.6966378
3703000.0,1764.4826,5782.1455,3905.8992,247.28217,106.89119,106.89119,106.89119,5817.2367,5733.0412,5796.1586,490.15908,1.6966378
3704000.0,1867.4017,5816.0864,3910.2185,247.55563,106.89119,106.89119,106.89119,5885.323,5782.7874,5780.1488,487.79586,1.6966378
3705000.0,1953.4156,5860.1811,3950.2002,250.08687,106.89119,106.89119,106.89119,5926.9485,5810.1289,5843.466,501.91455,1.6966378
3706000.0,1806.2404,5817.9455,3949.4786,250.04118,106.89119,106.89119,106.89119,5897.1906,5809.3638,5747.282,494.07268,1.6966378
3707000.0,1879.4948,5817.1703,3939.1539,249.38753,106.89119,106.89119,106.89119,5840.5005,5825.2872,5785.7232,494.24218,1.6966378
3708000.0,1790.8179,5818.0211,3969.1944,251.28939,106.89119,106.89119,106.89119,5852.3914,5816.7331,5784.9386,490.97954,1.6966378
3709000.0,1842.3796,5803.2709,3993.5348,252.83038,106.89119,106.89119,106.89119,5772.0715,5823.2193,5814.5219,502.86022,1.6966378
3710000.0,1836.3555,5814.2074,3998.0088,253.11363,106.89119,106.89119,106.89119,5823.075,5856.5187,5763.0285,506.27358,1.6966378
3711000.0,1763.8767,5808.8976,3964.0476,250.96354,106.89119,106.89119,106.89119,5805.0782,5850.0445,5771.5701,505.99606,1.6966378
3712000.0,1843.2257,5812.3256,3905.0803,247.23033,106.89119,106.89119,106.89119,5797.1257,5826.9407,5812.9103,506.3399,1.6966378
3713000.0,1841.368,5820.5796,3914.4596,247.82413,106.89119,106.89119,106.89119,5833.3175,5851.816,5776.6053,494.56409,1.6966378
3714000.0,1878.2297,5813.7126,3980.4023,251.99896,106.89119,106.89119,106.89119,5824.2004,5895.7506,5721.1869,486.00231,1.6966378
3715000.0,1870.6496,5822.1475,3953.479,250.29445,106.89119,106.89119,106.89119,5878.2387,5828.4081,5759.7959,497.87992,1.6966378
3716000.0,1834.0858,5825.7569,4063.5669,257.2641,106.89119,106.89119,106.89119,5838.7431,5835.4204,5803.1071,503.52818,1.6966378
3717000.0,1813.2369,5801.9971,3946.6715,249.86346,106.89119,106.89119,106.89119,5831.5355,5817.5132,5756.9428,500.80758,1.6966378
3718000.0,1810.4589,5793.7203,3952.1325,250.2092,106.89119,106.89119,106.89119,5813.2556,5795.9573,5771.948,500.93426,1.6966378
3719000.0,1830.6168,5836.5392,3871.8616,245.12726,106.89119,106.89119,106.89119,5863.2515,5854.1881,5792.178,498.92587,1.6966378
3720000.0,1872.0672,5829.2711,3972.4325,251.49439,106.89119,106.89119,106.89119,5878.8748,5813.3732,5795.5652,494.58293,1.6966378
3721000.0,1794.479,5791.0912,3902.9901,247.098,106.89119,106.89119,106.89119,5830.1833,5820.9823,5722.1079,489.66386,1.6966378
3722000.0,1821.8619,5812.3757,3956.1103,250.46104,106.89119,106.89119,106.89119,5873.575,5788.2887,5775.2634,493.2524,1.6966378
3723000.0,1830.353,5809.3974,3999.4664,253.20591,106.89119,106.89119,106.89119,5863.8573,5845.4345,5718.9005,492.41866,1.6966378
3724000.0,1771.5321,5784.0363,3963.888,250.95344,106.89119,106.89119,106.89119,5771.7706,5813.1061,5767.232,495.65583,1.6966378
3725000.0,1738.4565,5790.7973,3902.8754,247.09074,106.89119,106.89119,106.89119,5810.6551,5795.3493,5766.3877,503.60847,1.6966378
3726000.0,1815.4167,5776.0734,3958.5957,250.61838,106.89119,106.89119,106.89119,5796.3863,5845.873,5685.9608,501.48374,1.6966378
3727000.0,1842.5954,5804.9997,3904.8134,247.21343,106.89119,106.89119,106.89119,5863.3846,5764.0068,5787.6078,495.91695,1.6966378
3728000.0,1841.8808,5823.0757,3911.3309,247.62605,106.89119,106.89119,106.89119,5806.8499,5837.8943,5824.483,494.65386,1.6966378
3729000.0,1859.4777,5826.9766,3934.8791,249.11689,106.89119,106.89119,106.89119,5934.3175,5785.9916,5760.6207,492.0536,1.6966378
3730000.0,1887.7048,5827.2241,3938.2141,249.32802,106.89119,106.89119,106.89119,5851.3653,5827.6586,5802.6484,500.4485,1.6966378
3731000.0,1825.1097,5787.1321,3957.8384,250.57044,106.89119,106.89119,106.89119,5814.7626,5807.1107,5739.5231,500.49646,1.6966378
3732000.0,1817.7349,5812.3959,3988.4614,252.50918,106.89119,106.89119,106.89119,5892.3334,5760.5463,5784.308,496.30632,1.6966378
3733000.0,1809.4036,5810.0084,3907.8639,247.40656,106.89119,106.89119,106.89119,5827.3624,5845.151,5757.5119,493.91411,1.6966378
3734000.0,1819.1554,5809.8129,3957.0496,250.5205,106.89119,106.89119,106.89119,5887.0142,5765.9363,5776.4882,499.07539,1.6966378
3735000.0,1798.3976,5795.939,3981.5182,252.06961,106.89119,106.89119,106.89119,5886.7047,5788.1057,5713.0067,502.42765,1.6966378
3736000.0,1871.1037,5800.8354,3959.2308,250.65859,106.89119,106.89119,106.89119,5857.0831,5767.7075,5777.7156,496.01166,1.6966378
3737000.0,1794.2141,5771.191,3945.5663,249.79349,106.89119,106.89119,106.89119,5792.0821,5765.6798,5755.8111,491.33974,1.6966378
3738000.0,1818.9959,5797.7768,4005.692,253.60005,106.89119,106.89119,106.89119,5856.8249,5781.2058,5755.2997,498.72403,1.6966378
3739000.0,1909.1903,5843.5461,3984.63,252.26661,106.89119,106.89119,106.89119,5869.0378,5833.4668,5828.1339,483.93983,1.6966378
3740000.0,1805.2646,5781.1228,3940.4526,249.46975,106.89119,106.89119,106.89119,5847.6877,5720.5706,5775.1103,498.81561,1.6966378
3741000.0,1877.3108,5815.5369,3953.3798,250.28817,106.89119,106.89119,106.89119,5862.6062,5802.9332,5781.0713,493.64581,1.6966378
3742000.0,1836.789,5789.7619,3988.2416,252.49527,106.89119,106.89119,106.89119,5814.6045,5760.859,5793.8222,495.11085,1.6966378
3743000.0,1818.8751,5815.7616,3966.9779,251.14906,106.89119,106.89119,106.89119,5846.8612,5835.987,5764.4366,493.8288,1.6966378
3744000.0,1833.4552,5802.2126,3976.9687,251.78158,106.89119,106.89119,106.89119,5813.2956,5820.2849,5773.0574,498.65963,1.6966378
3745000.0,1884.7524,5830.5297,3957.6627,250.55932,106.89119,106.89119,106.89119,5866.696,5845.7737,5779.1196,494.74454,1.6966378
3746000.0,1824.1984,5821.9894,4035.5122,255.48796,106.89119,106.89119,106.89119,5862.8196,5797.4184,5805.7302,492.31611,1.6966378
3747000.0,1825.6526,5824.7295,3934.9176,249.11933,106.89119,106.89119,106.89119,5851.9833,5854.4435,5767.7619,494.12727,1.6966378
3748000.0,1798.7363,5832.9249,4033.127,255.33696,106.89119,106.89119,106.89119,5857.3878,5850.8385,5790.5485,499.34857,1.6966378
3749000.0,1831.7331,5824.5785,3910.3262,247.56245,106.89119,106.89119,106.89119,5853.4717,5825.9667,5794.2971,486.44108,1.6966378
3750000.0,1824.7769,5826.9618,3966.9388,251.14659,106.89119,106.89119,106.89119,5870.474,5823.7001,5786.7112,487.30569,1.6966378
3751000.0,1883.5245,5822.3049,3967.2532,251.16649,106.89119,106.89119,106.89119,5883.656,5795.7632,5787.4956,483.57284,1.6966378
3752000.0,1802.8839,5814.4723,3959.5319,250.67766,106.89119,106.89119,106.89119,5928.4226,5772.5842,5742.41,493.72211,1.6966378
3753000.0,1822.2751,5803.9539,3890.3659,246.29876,106.89119,106.89119,106.89119,5865.9852,5787.5724,5758.304,493.89052,1.6966378
3754000.0,1839.0565,5807.2451,3943.7553,249.67884,106.89119,106.89119,106.89119,5873.9083,5768.4529,5779.3741,494.14313,1.6966378
3755000.0,1875.3126,5823.0698,3979.1345,251.9187,106.89119,106.89119,106.89119,5856.6752,5827.3166,5785.2175,493.06789,1.6966378
3756000.0,1867.3999,5803.7627,3939.8381,249.43085,106.89119,106.89119,106.89119,5843.1158,5789.8482,5778.3241,491.11924,1.6966378
3757000.0,1840.6988,5813.6583,3939.8878,249.43399,106.89119,106.89119,106.89119,5793.1739,5814.5545,5833.2466,487.10881,1.6966378
3758000.0,1839.1487,5825.5479,3900.3324,246.92974,106.89119,106.89119,106.89119,5881.2101,5793.8621,5801.5714,501.94189,1.6966378
3759000.0,1833.7307,5810.4377,4009.9456,253.86934,106.89119,106.89119,106.89119,5841.5632,5805.2516,5784.4985,494.00442,1.6966378
3760000.0,1841.6865,5773.4621,3925.2419,248.50676,106.89119,106.89119,106.89119,5810.4278,5775.0635,5734.895,460.80335,1.6966378
3761000.0,1913.8394,5812.1832,3988.8576,252.53426,106.89119,106.89119,106.89119,5820.3695,5831.4418,5784.7382,499.18677,1.6966378
3762000.0,1792.5125,5791.3595,3882.4532,245.79781,106.89119,106.89119,106.89119,5859.976,5787.6709,5726.4316,484.80476,1.6966378
3763000.0,1825.512,5803.6181,3963.4218,250.92393,106.89119,106.89119,106.89119,5838.841,5801.8744,5770.1389,390.68921,1.6966378
3764000.0,1833.1745,5813.0122,3909.9553,247.53897,106.89119,106.89119,106.89119,5797.8541,5831.7598,5809.4226,460.2573,1.6966378
3765000.0,1766.7446,5809.9911,3978.1768,251.85806,106.89119,106.89119,106.89119,5801.7324,5822.9179,5805.3231,480.91823,1.6966378
3766000.0,1779.1078,5800.0417,3992.5835,252.77015,106.89119,106.89119,106.89119,5845.7946,5806.3839,5747.9467,466.65982,1.6966378
3767000.0,1785.9291,5793.1036,3939.4426,249.40581,106.89119,106.89119,106.89119,5895.2443,5707.3831,5776.6835,486.66947,1.6966378
3768000.0,1863.8252,5823.1144,3953.6968,250.30823,106.89119,106.89119,106.89119,5846.2743,5852.176,5770.8929,503.23051,1.6966378
3769000.0,1848.7876,5822.8628,3932.5146,248.96719,106.89119,106.89119,106.89119,5840.1751,5824.6644,5803.7491,502.79165,1.6966378
3770000.0,1768.3278,5800.5808,3958.8493,250.63444,106.89119,106.89119,106.89119,5889.6752,5789.8306,5722.2366,497.25365,1.6966378
3771000.0,1870.122,5821.9643,3971.5231,251.43682,106.89119,106.89119,106.89119,5890.6159,5795.0519,5780.225,500.17804,1.6966378
3772000.0,1809.5499,5829.5524,3949.1398,250.01973,106.89119,106.89119,106.89119,5868.9334,5839.806,5779.9179,491.64808,1.6966378
3773000.0,1768.6141,5831.6765,3967.2163,251.16415,106.89119,106.89119,106.89119,5940.0746,5773.821,5781.134,496.25308,1.6966378
3774000.0,1828.2655,5807.9913,4013.714,254.10792,106.89119,106.89119,106.89119,5848.2616,5792.4702,5783.242,500.43216,1.6966378
3775000.0,1864.1651,5826.9417,3930.7367,248.85463,106.89119,106.89119,106.89119,5889.7374,5751.7386,5839.349,503.18334,1.6966378
3776000.0,1832.2198,5829.0861,3942.91,249.62533,106.89119,106.89119,106.89119,5869.3986,5814.757,5803.1027,500.1455,1.6966378
3777000.0,1782.6856,5838.8587,3936.6691,249.23021,106.89119,106.89119,106.89119,5890.8884,5826.5288,5799.1588,498.82945,1.6966378
3778000.0,1788.9902,5800.5873,3915.4334,247.88579,106.89119,106.89119,106.89119,5821.4557,5818.2087,5762.0975,495.10244,1.6966378
3779000.0,1862.2284,5836.3988,3950.2124,250.08764,106.89119,106.89119,106.89119,5892.8282,5840.8724,5775.4957,498.4966,1.6966378
3780000.0,1864.8584,5809.7828,3909.456,247.50735,106.89119,106.89119,106.89119,5823.7564,5842.62,5762.972,498.73635,1.6966378
3781000.0,1898.0663,5814.1725,3925.0829,248.49669,106.89119,106.89119,106.89119,5841.2481,5800.1228,5801.1466,500.68239,1.6966378
3782000.0,1823.2679,5820.258,4004.0222,253.49433,106.89119,106.89119,106.89119,5838.6489,5848.6536,5773.4715,504.79776,1.6966378
3783000.0,1773.7156,5812.7569,3944.5149,249.72693,106.89119,106.89119,106.89119,5857.0332,5787.7107,5793.5269,507.98768,1.6966378
3784000.0,1832.4578,5799.1185,4017.1304,254.32421,106.89119,106.89119,106.89119,5819.5327,5799.6768,5778.1459,505.35259,1.6966378
3785000.0,1764.5966,5797.5107,4002.5287,253.39978,106.89119,106.89119,106.89119,5864.0444,5792.0578,5736.4298,502.01335,1.6966378
3786000.0,1897.0154,5821.7021,4044.9258,256.08393,106.89119,106.89119,106.89119,5846.5942,5845.6829,5772.8293,499.55884,1.6966378
3787000.0,1828.441,5814.1621,3961.2425,250.78596,106.89119,106.89119,106.89119,5842.2399,5825.6714,5774.5749,498.64905,1.6966378
3788000.0,1869.3882,5830.333,3963.2851,250.91527,106.89119,106.89119,106.89119,5896.2433,5802.3801,5792.3756,498.39418,1.6966378
3789000.0,1857.9364,5830.3993,3863.1797,244.57761,106.89119,106.89119,106.89119,5943.1668,5816.9567,5731.0745,500.09057,1.6966378
3790000.0,1768.8027,5796.4938,3887.4531,246.11435,106.89119,106.89119,106.89119,5807.8647,5832.699,5748.9178,497.41047,1.6966378
3791000.0,1854.186,5801.8129,3917.1649,247.9954,106.89119,106.89119,106.89119,5863.4704,5834.2333,5707.7349,497.34973,1.6966378
3792000.0,1855.18,5799.9846,3965.8526,251.07782,106.89119,106.89119,106.89119,5797.2109,5787.2544,5815.4885,500.98232,1.6966378
3793000.0,1821.6517,5816.1344,3984.5003,252.2584,106.89119,106.89119,106.89119,5852.0528,5816.4669,5779.8834,496.3058,1.6966378
3794000.0,1792.491,5816.8889,3921.2192,248.25208,106.89119,106.89119,106.89119,5898.3421,5804.0521,5748.2725,499.54393,1.6966378
3795000.0,1822.7172,5805.8821,3997.2622,253.06636,106.89119,106.89119,106.89119,5874.9021,5767.9467,5774.7975,499.91833,1.6966378
3796000.0,1789.634,5813.637,4068.4409,257.57268,106.89119,106.89119,106.89119,5933.2208,5716.7703,5790.9197,495.54683,1.6966378
3797000.0,1736.4561,5788.7703,4011.0543,253.93954,106.89119,106.89119,106.89119,5898.8722,5725.0053,5742.4334,502.97098,1.6966378
3798000.0,1800.3002,5794.87,3975.1711,251.66777,106.89119,106.89119,106.89119,5835.2552,5802.5522,5746.8027,502.67176,1.6966378
3799000.0,1793.3973,5799.2039,3848.9161,243.67458,106.89119,106.89119,106.89119,5858.625,5789.0843,5749.9023,496.35119,1.6966378
3800000.0,1730.1873,5758.5924,3879.7498,245.62666,106.89119,106.89119,106.89119,5804.8213,5761.5549,5709.4012,493.08585,1.6966378
3801000.0,1872.1134,5829.7053,4011.3338,253.95723,106.89119,106.89119,106.89119,5941.3364,5759.4638,5788.3158,499.21855,1.6966378
3802000.0,1859.8099,5791.5571,3904.5017,247.1937,106.89119,106.89119,106.89119,5845.0366,5735.4637,5794.1709,506.09705,1.6966378
3803000.0,1780.6625,5798.4444,3873.6926,245.24318,106.89119,106.89119,106.89119,5926.0782,5743.1319,5726.1229,496.19361,1.6966378
3804000.0,1816.7846,5808.1464,3964.1195,250.96809,106.89119,106.89119,106.89119,5865.7765,5755.3016,5803.3611,498.57971,1.6966378
3805000.0,1805.6324,5801.623,3959.7904,250.69402,106.89119,106.89119,106.89119,5892.6553,5751.6783,5760.5355,495.92019,1.6966378
3806000.0,1807.204,5843.6695,3986.0259,252.35499,106.89119,106.89119,106.89119,5944.24,5789.4284,5797.3402,500.44134,1.6966378
3807000.0,1785.7855,5774.5704,3944.9429,249.75403,106.89119,106.89119,106.89119,5827.4374,5787.2642,5709.0097,502.73781,1.6966378
3808000.0,1853.1094,5801.3965,3958.2395,250.59583,106.89119,106.89119,106.89119,5874.6706,5775.8341,5753.6848,498.04951,1.6966378
3809000.0,1803.9676,5811.1156,3861.2655,244.45642,106.89119,106.89119,106.89119,5851.941,5826.0788,5755.3269,503.83953,1.6966378
3810000.0,1825.2275,5830.8062,4043.422,255.98873,106.89119,106.89119,106.89119,5888.8711,5767.0653,5836.4824,500.08262,1.6966378
3811000.0,1786.4172,5791.1024,3991.2566,252.68614,106.89119,106.89119,106.89119,5809.1337,5754.3873,5809.7862,493.83597,1.6966378
3812000.0,1783.9953,5796.0693,3930.7238,248.85382,106.89119,106.89119,106.89119,5833.6452,5784.0256,5770.5371,495.84574,1.6966378
3813000.0,1815.0351,5810.0,3896.6961,246.69952,106.89119,106.89119,106.89119,5876.3485,5765.6506,5788.0009,487.56933,1.6966378
3814000.0,1883.8189,5824.6556,4014.0524,254.12934,106.89119,106.89119,106.89119,5847.3484,5811.5473,5815.071,489.06886,1.6966378
3815000.0,1798.4146,5824.1996,3967.2355,251.16537,106.89119,106.89119,106.89119,5864.9903,5797.6565,5809.9521,493.61443,1.6966378
3816000.0,1842.3571,5810.0078,3983.1344,252.17193,106.89119,106.89119,106.89119,5856.8418,5760.7792,5812.4024,486.01344,1.6966378
3817000.0,1808.663,5815.7533,3951.8121,250.18891,106.89119,106.89119,106.89119,5864.8334,5774.0366,5808.3899,491.20618,1.6966378
3818000.0,1833.4263,5828.1523,3983.2172,252.17717,106.89119,106.89119,106.89119,5909.1395,5811.7199,5763.5977,501.73196,1.6966378
3819000.0,1899.2919,5809.2968,3946.0509,249.82417,106.89119,106.89119,106.89119,5870.4954,5813.9849,5743.41,502.02902,1.6966378
3820000.0,1823.4703,5814.3019,3965.2853,251.0419,106.89119,106.89119,106.89119,5878.4842,5774.2343,5790.1873,508.98445,1.6966378
3821000.0,1892.619,5829.3573,3905.2529,247.24126,106.89119,106.89119,106.89119,5872.9652,5754.9612,5860.1455,503.67326,1.6966378
3822000.0,1951.5124,5856.3232,3927.7803,248.66746,106.89119,106.89119,106.89119,5924.2778,5844.8923,5799.7994,507.41728,1.6966378
3823000.0,1762.2192,5803.9429,3929.2501,248.76052,106.89119,106.89119,106.89119,5882.7971,5792.3457,5736.6859,506.52481,1.6966378
3824000.0,1806.9493,5846.0555,4069.5825,257.64495,106.89119,106.89119,106.89119,5913.1682,5794.1887,5830.8095,507.19098,1.6966378
3825000.0,1808.4575,5817.5849,3940.9221,249.49947,106.89119,106.89119,106.89119,5817.8261,5828.3005,5806.628,510.03657,1.6966378
3826000.0,1876.6748,5845.7152,4055.3122,256.7415,106.89119,106.89119,106.89119,5862.8491,5812.3918,5861.9047,501.15917,1.6966378
3827000.0,1826.5633,5811.1175,3954.8823,250.38329,106.89119,106.89119,106.89119,5880.2413,5791.3859,5761.7253,495.32695,1.6966378
3828000.0,1845.4925,5835.3619,4024.8365,254.81209,106.89119,106.89119,106.89119,5907.2799,5777.5429,5821.2629,499.19201,1.6966378
3829000.0,1819.701,5820.7832,3951.2331,250.15226,106.89119,106.89119,106.89119,5868.5095,5771.5431,5822.2971,500.11489,1.6966378
3830000.0,1817.2468,5827.6161,4014.7965,254.17645,106.89119,106.89119,106.89119,5919.4237,5823.2662,5740.1585,496.65326,1.6966378
3831000.0,1849.4348,5811.6072,3919.5965,248.14935,106.89119,106.89119,106.89119,5856.479,5801.1547,5777.188,507.03193,1.6966378
3832000.0,1838.3761,5820.7246,3966.1492,251.0966,106.89119,106.89119,106.89119,5869.0374,5759.9542,5833.1822,504.78244,1.6966378
3833000.0,1826.0975,5789.0696,3945.9093,249.81521,106.89119,106.89119,106.89119,5862.2761,5802.6273,5702.3054,502.11575,1.6966378
3834000.0,1805.9844,5812.0973,3961.751,250.81815,106.89119,106.89119,106.89119,5843.7395,5796.6099,5795.9424,498.39689,1.6966378
3835000.0,1778.7371,5826.2079,3927.3278,248.63882,106.89119,106.89119,106.89119,5881.2912,5798.2411,5799.0914,500.51531,1.6966378
3836000.0,1838.8126,5794.8475,3872.7134,245.18118,106.89119,106.89119,106.89119,5855.8345,5740.4748,5788.2332,499.03139,1.6966378
3837000.0,1909.1608,5852.5394,3908.4865,247.44597,106.89119,106.89119,106.89119,5926.2855,5844.344,5786.9886,493.69826,1.6966378
3838000.0,1761.3096,5800.3458,3896.3333,246.67656,106.89119,106.89119,106.89119,5841.0281,5799.9738,5760.0355,488.90817,1.6966378
3839000.0,1935.3125,5846.0942,3970.2491,251.35616,106.89119,106.89119,106.89119,5888.6518,5868.1157,5781.515,492.42354,1.6966378
3840000.0,1835.7113,5817.0175,3978.6384,251.88728,106.89119,106.89119,106.89119,5822.0976,5835.7237,5793.2313,498.90885,1.6966378
3841000.0,1784.6587,5793.9182,3844.0067,243.36376,106.89119,106.89119,106.89119,5820.3588,5795.411,5765.9849,499.86218,1.6966378
3842000.0,1768.9817,5816.9616,3975.2349,251.67181,106.89119,106.89119,106.89119,5865.2552,5803.7573,5781.8723,501.95761,1.6966378
3843000.0,1806.6449,5807.3218,3922.0043,248.30179,106.89119,106.89119,106.89119,5832.0829,5828.5608,5761.3216,500.75698,1.6966378
3844000.0,1788.0436,5819.1801,3966.9545,251.14758,106.89119,106.89119,106.89119,5839.6413,5841.5621,5776.3368,501.09545,1.6966378
3845000.0,1740.2182,5794.0814,3891.2163,246.3526,106.89119,106.89119,106.89119,5796.899,5770.9135,5814.4318,505.51701,1.6966378
3846000.0,1858.8224,5820.1052,3926.3555,248.57726,106.89119,106.89119,106.89119,5876.4325,5795.2687,5788.6145,502.36562,1.6966378
3847000.0,1811.5327,5810.4174,3945.4045,249.78325,106.89119,106.89119,106.89119,5814.1959,5845.6637,5771.3928,500.14941,1.6966378
3848000.0,1924.123,5821.1404,3887.0337,246.0878,106.89119,106.89119,106.89119,5859.0456,5821.9242,5782.4514,498.49301,1.6966378
3849000.0,1843.385,5814.0792,3980.2457,251.98905,106.89119,106.89119,106.89119,5854.5196,5815.9273,5771.7907,498.34273,1.6966378
3850000.0,1866.0009,5829.4662,3971.58,251.44042,106.89119,106.89119,106.89119,5947.5877,5730.6476,5810.1632,511.23514,1.6966378
3851000.0,1805.5085,5813.251,3934.9557,249.12174,106.89119,106.89119,106.89119,5846.2474,5850.6113,5742.8944,503.59874,1.6966378
3852000.0,1975.9676,5860.4891,3993.4384,252.82427,106.89119,106.89119,106.89119,5948.709,5838.7467,5794.0116,504.0347,1.6966378
3853000.0,1916.8917,5831.4341,3973.2965,251.54909,106.89119,106.89119,106.89119,5831.0191,5866.7295,5796.5537,499.30065,1.6966378
3854000.0,1822.1581,5784.8343,4005.8765,253.61173,106.89119,106.89119,106.89119,5846.0493,5807.1846,5701.2688,497.17396,1.6966378
3855000.0,1850.511,5815.5414,3957.5006,250.54906,106.89119,106.89119,106.89119,5831.3223,5789.4569,5825.845,505.83142,1.6966378
3856000.0,1781.9074,5815.5599,3998.1383,253.12183,106.89119,106.89119,106.89119,5862.2254,5798.2856,5786.1686,508.86522,1.6966378
3857000.0,1869.3453,5822.4945,3997.681,253.09287,106.89119,106.89119,106.89119,5870.1347,5797.7616,5799.5871,507.98689,1.6966378
3858000.0,1880.0302,5821.4036,4024.8787,254.81475,106.89119,106.89119,106.89119,5831.8832,5862.2553,5770.0723,499.37392,1.6966378
3859000.0,1842.7487,5813.3046,4005.7144,253.60147,106.89119,106.89119,106.89119,5867.639,5779.5254,5792.7495,495.48968,1.6966378
3860000.0,1787.8475,5782.2306,3921.4987,248.26978,106.89119,106.89119,106.89119,5809.3144,5780.6444,5756.7329,496.05809,1.6966378
3861000.0,1864.2056,5840.6057,3945.1805,249.76907,106.89119,106.89119,106.89119,5895.8668,5833.2804,5792.67,498.5728,1.6966378
3862000.0,1807.7952,5816.5205,3909.1405,247.48738,106.89119,106.89119,106.89119,5885.5184,5776.9302,5787.1129,501.42371,1.6966378
3863000.0,1798.7815,5787.0706,3901.7535,247.01971,106.89119,106.89119,106.89119,5809.6683,5776.8941,5774.6493,495.1289,1.6966378
3864000.0,1775.2377,5792.2208,3960.6618,250.74919,106.89119,106.89119,106.89119,5834.3471,5780.9817,5761.3337,501.48246,1.6966378
3865000.0,1861.3275,5815.3338,3906.0375,247.29093,106.89119,106.89119,106.89119,5879.8306,5781.7253,5784.4456,496.33031,1.6966378
3866000.0,1824.9297,5805.9046,3910.9561,247.60233,106.89119,106.89119,106.89119,5869.3674,5774.5263,5773.8202,497.96009,1.6966378
3867000.0,1795.3368,5782.6812,3931.6294,248.91115,106.89119,106.89119,106.89119,5855.6577,5788.6121,5703.7736,502.34639,1.6966378
3868000.0,1885.6767,5836.9391,3984.6013,252.2648,106.89119,106.89119,106.89119,5912.899,5817.5006,5780.4178,499.50897,1.6966378
3869000.0,1802.7511,5817.8071,3929.4424,248.77269,106.89119,106.89119,106.89119,5876.0966,5795.0074,5782.3174,494.39703,1.6966378
3870000.0,1785.2612,5814.3881,3924.2384,248.44323,106.89119,106.89119,106.89119,5886.8857,5784.85,5771.4285,498.75129,1.6966378
3871000.0,1789.0539,5828.3644,3954.2712,250.3446,106.89119,106.89119,106.89119,5893.6714,5769.8179,5821.6039,498.54028,1.6966378
3872000.0,1780.7685,5826.5903,3949.1898,250.0229,106.89119,106.89119,106.89119,5914.1631,5818.2861,5747.3217,482.85354,1.6966378
3873000.0,1872.1488,5823.0401,3912.589,247.7057,106.89119,106.89119,106.89119,5891.8007,5779.6946,5797.625,498.5787,1.6966378
3874000.0,1817.5789,5811.1343,3968.8875,251.26996,106.89119,106.89119,106.89119,5885.5464,5767.134,5780.7224,506.17467,1.6966378
3875000.0,1808.1575,5808.3584,4013.8997,254.11968,106.89119,106.89119,106.89119,5845.1568,5801.5139,5778.4044,507.38473,1.6966378
3876000.0,1826.7099,5824.8776,3872.8454,245.18954,106.89119,106.89119,106.89119,5846.1898,5849.4055,5779.0374,506.24799,1.6966378
3877000.0,1909.7259,5853.8714,3941.4567,249.53331,106.89119,106.89119,106.89119,5900.0318,5865.9943,5795.5879,480.84712,1.6966378
3878000.0,1876.8306,5823.4315,3942.7143,249.61294,106.89119,106.89119,106.89119,5903.8264,5812.836,5753.632,503.54153,1.6966378
3879000.0,1914.8365,5849.0187,3932.7945,248.98491,106.89119,106.89119,106.89119,5917.0479,5829.248,5800.7603,491.16212,1.6966378
3880000.0,1830.6088,5819.4989,3933.445,249.0261,106.89119,106.89119,106.89119,5877.7719,5772.47,5808.2549,498.16483,1.6966378
3881000.0,1790.6933,5803.6099,3918.5911,248.0857,106.89119,106.89119,106.89119,5840.3271,5830.0434,5740.4592,495.55773,1.6966378
3882000.0,1841.0334,5838.9474,4009.0773,253.81437,106.89119,106.89119,106.89119,5901.3204,5817.2542,5798.2676,500.37169,1.6966378
3883000.0,1832.437,5842.9335,3933.1202,249.00554,106.89119,106.89119,106.89119,5890.1673,5856.1643,5782.4689,501.04581,1.6966378
3884000.0,1916.5928,5822.3624,3986.3935,252.37826,106.89119,106.89119,106.89119,5854.7249,5796.0333,5816.3289,506.35829,1.6966378
3885000.0,1825.3267,5819.3121,3926.8536,248.60879,106.89119,106.89119,106.89119,5843.9381,5796.6136,5817.3847,502.05427,1.6966378
3886000.0,1810.4632,5818.0292,3938.2354,249.32937,106.89119,106.89119,106.89119,5828.4256,5855.1473,5770.5145,497.06829,1.6966378
3887000.0,1742.2924,5808.489,3894.0663,246.53303,106.89119,106.89119,106.89119,5905.5145,5767.4644,5752.4882,506.34112,1.6966378
3888000.0,1844.8859,5823.1234,3936.4699,249.2176,106.89119,106.89119,106.89119,5886.0988,5790.1603,5793.111,499.80394,1.6966378
3889000.0,1794.6166,5798.4455,3931.6456,248.91218,106.89119,106.89119,106.89119,5857.3404,5733.4306,5804.5655,501.22577,1.6966378
3890000.0,1871.3409,5836.027,3976.3758,251.74404,106.89119,106.89119,106.89119,5902.5551,5791.959,5813.567,501.46136,1.6966378
3891000.0,1870.3352,5826.2578,4010.5926,253.9103,106.89119,106.89119,106.89119,5859.1145,5748.2552,5871.4038,488.81594,1.6966378
3892000.0,1793.212,5802.6573,3987.27,252.43375,106.89119,106.89119,106.89119,5813.3118,5847.4457,5747.2144,490.48324,1.6966378
3893000.0,1800.5457,5818.4697,3827.6446,242.32788,106.89119,106.89119,106.89119,5849.1866,5777.1985,5829.024,497.98104,1.6966378
3894000.0,1725.5265,5796.8296,3963.6351,250.93743,106.89119,106.89119,106.89119,5826.2726,5836.021,5728.1954,499.71182,1.6966378
3895000.0,1852.1342,5833.5182,3955.6581,250.43241,106.89119,106.89119,106.89119,5873.7185,5802.2963,5824.5399,504.97933,1.6966378
3896000.0,1818.5752,5799.632,4026.0223,254.88716,106.89119,106.89119,106.89119,5834.5846,5811.2586,5753.0528,506.00608,1.6966378
3897000.0,1761.386,5788.923,3883.9273,245.89113,106.89119,106.89119,106.89119,5901.3599,5749.1181,5716.2909,500.15238,1.6966378
3898000.0,1774.5156,5812.1928,3946.2114,249.83433,106.89119,106.89119,106.89119,5868.3242,5783.9844,5784.2697,504.49513,1.6966378
3899000.0,1855.5768,5837.9747,4031.1629,255.21261,106.89119,106.89119,106.89119,5881.0172,5784.6561,5848.2506,502.97816,1.6966378
3900000.0,1847.7212,5859.8642,3983.2815,252.18124,106.89119,106.89119,106.89119,5887.5134,5825.661,5866.4184,501.27067,1.6966378
3901000.0,1827.3093,5829.8289,3882.8938,245.82571,106.89119,106.89119,106.89119,5849.1666,5819.3538,5820.9662,502.58568,1.6966378
3902000.0,1784.0503,5794.6449,3957.6641,250.55941,106.89119,106.89119,106.89119,5778.7028,5808.311,5796.9209,505.626,1.6966378
3903000.0,1794.2943,5808.628,4041.9238,255.89388,106.89119,106.89119,106.89119,5841.8981,5733.7542,5850.2317,498.60822,1.6966378
3904000.0,1811.4771,5826.8678,4016.2543,254.26875,106.89119,106.89119,106.89119,5907.9568,5798.4868,5774.16,492.32874,1.6966378
3905000.0,1784.6862,5802.3391,3890.0983,246.28182,106.89119,106.89119,106.89119,5840.9758,5767.4145,5798.627,490.52549,1.6966378
3906000.0,1855.7327,5828.1063,3983.1067,252.17017,106.89119,106.89119,106.89119,5833.3708,5883.2371,5767.7108,491.32606,1.6966378
3907000.0,1752.263,5784.1999,4001.2365,253.31797,106.89119,106.89119,106.89119,5794.9929,5826.4431,5731.1637,489.34425,1.6966378
3908000.0,1713.4064,5782.9847,3994.5936,252.89741,106.89119,106.89119,106.89119,5857.833,5760.8331,5730.2879,484.6242,1.6966378
3909000.0,1825.976,5804.7472,3925.5059,248.52347,106.89119,106.89119,106.89119,5783.2816,5838.8733,5792.0868,482.52305,1.6966378
3910000.0,1828.6002,5808.1863,3956.2055,250.46706,106.89119,106.89119,106.89119,5845.5787,5802.2163,5776.764,502.01785,1.6966378
3911000.0,1892.9337,5833.228,3988.8824,252.53583,106.89119,106.89119,106.89119,5861.4019,5823.5523,5814.73,503.59244,1.6966378
3912000.0,1829.8709,5787.7412,3935.6295,249.1644,106.89119,106.89119,106.89119,5883.7049,5826.3939,5653.1248,464.73383,1.6966378
3913000.0,1800.8781,5811.1639,4046.1804,256.16336,106.89119,106.89119,106.89119,5855.2811,5775.9621,5802.2485,498.57663,1.6966378
3914000.0,1829.3552,5808.6148,3930.0775,248.8129,106.89119,106.89119,106.89119,5870.2134,5760.4816,5795.1493,494.77299,1.6966378
3915000.0,1786.4891,5797.3447,3986.4477,252.38169,106.89119,106.89119,106.89119,5842.9733,5776.0846,5772.9762,501.02141,1.6966378
3916000.0,1793.2792,5813.8066,3968.5145,251.24635,106.89119,106.89119,106.89119,5850.8177,5794.1421,5796.4599,493.59972,1.6966378
3917000.0,1839.2422,5825.2458,3937.767,249.29972,106.89119,106.89119,106.89119,5883.1755,5822.7159,5769.846,490.93093,1.6966378
3918000.0,1850.6756,5819.1573,3905.7991,247.27584,106.89119,106.89119,106.89119,5816.9661,5850.8863,5789.6193,496.12047,1.6966378
3919000.0,1801.0006,5778.0391,3850.7559,243.79106,106.89119,106.89119,106.89119,5821.5116,5769.606,5742.9997,500.03881,1.6966378
3920000.0,1838.8773,5823.036,3927.4715,248.64791,106.89119,106.89119,106.89119,5900.7649,5825.2387,5743.1043,509.7047,1.6966378
3921000.0,1859.7218,5820.1205,3974.0372,251.59599,106.89119,106.89119,106.89119,5827.6091,5841.2446,5791.5079,502.88958,1.6966378
3922000.0,1847.4111,5797.554,3909.8087,247.52968,106.89119,106.89119,106.89119,5800.9366,5815.3816,5776.3437,499.75765,1.6966378
3923000.0,1770.5025,5789.6525,3977.0252,251.78516,106.89119,106.89119,106.89119,5857.9644,5769.5531,5741.44,504.9793,1.6966378
3924000.0,1808.4388,5810.4383,4018.2686,254.39627,106.89119,106.89119,106.89119,5854.596,5782.5761,5794.1427,502.178,1.6966378
3925000.0,1779.8829,5799.9455,3844.9857,243.42575,106.89119,106.89119,106.89119,5821.3381,5774.8252,5803.6731,501.60116,1.6966378
3926000.0,1786.0354,5809.9623,3933.5616,249.03348,106.89119,106.89119,106.89119,5880.1252,5767.4306,5782.3311,509.54751,1.6966378
3927000.0,1810.8564,5810.2183,3921.8273,248.29058,106.89119,106.89119,106.89119,5865.9383,5798.3065,5766.4102,507.95573,1.6966378
3928000.0,1823.7271,5820.2681,3986.8447,252.40682,106.89119,106.89119,106.89119,5926.2134,5816.9084,5717.6826,506.20647,1.6966378
3929000.0,1840.4649,5816.663,3968.5532,251.24879,106.89119,106.89119,106.89119,5918.7953,5770.6334,5760.5603,508.09267,1.6966378
3930000.0,1830.819,5822.3201,3951.1845,250.14918,106.89119,106.89119,106.89119,5856.9516,5814.2289,5795.7799,507.62559,1.6966378
3931000.0,1850.9559,5819.6533,3957.1205,250.52499,106.89119,106.89119,106.89119,5858.0583,5790.9468,5809.9548,502.78179,1.6966378
3932000.0,1803.5764,5809.7439,3919.8016,248.16233,106.89119,106.89119,106.89119,5851.3793,5821.4613,5756.3912,506.477,1.6966378
3933000.0,1820.9322,5793.1159,3924.391,248.45289,106.89119,106.89119,106.89119,5847.6189,5794.6641,5737.0647,500.32904,1.6966378
3934000.0,1830.9303,5813.6521,3952.5289,250.23429,106.89119,106.89119,106.89119,5839.8423,5795.4293,5805.6847,497.14813,1.6966378
3935000.0,1802.2698,5805.2452,3954.3557,250.34995,106.89119,106.89119,106.89119,5890.5098,5787.6765,5737.5493,501.96985,1.6966378
3936000.0,1800.9545,5809.3714,3932.1825,248.94617,106.89119,106.89119,106.89119,5871.1118,5844.8019,5712.2006,500.20079,1.6966378
3937000.0,1887.5006,5840.7367,3963.8369,250.9502,106.89119,106.89119,106.89119,5848.661,5852.1658,5821.3833,498.61492,1.6966378
3938000.0,1804.0983,5815.7576,4036.7922,255.569,106.89119,106.89119,106.89119,5836.6912,5799.9687,5810.6129,501.50714,1.6966378
3939000.0,1851.1746,5832.2024,3949.4762,250.04103,106.89119,106.89119,106.89119,5901.0514,5809.6294,5785.9265,502.30242,1.6966378
3940000.0,1859.4258,5810.9189,3947.1231,249.89206,106.89119,106.89119,106.89119,5829.4993,5810.7058,5792.5517,501.84174,1.6966378
3941000.0,1801.2106,5798.0839,4016.4526,254.2813,106.89119,106.89119,106.89119,5866.8538,5767.3974,5760.0004,498.17075,1.6966378
3942000.0,1862.5693,5837.3443,3959.1338,250.65245,106.89119,106.89119,106.89119,5898.0684,5844.5793,5769.3852,487.67312,1.6966378
3943000.0,1829.5635,5774.341,3921.6975,248.28237,106.89119,106.89119,106.89119,5864.7107,5720.3175,5737.9947,495.1337,1.6966378
3944000.0,1837.8263,5827.5608,4035.8908,255.51193,106.89119,106.89119,106.89119,5891.4026,5786.8352,5804.4445,484.87109,1.6966378
3945000.0,1882.2263,5819.5791,3935.5759,249.16101,106.89119,106.89119,106.89119,5900.1814,5782.2416,5776.3145,498.72699,1.6966378
3946000.0,1816.1797,5802.3759,3966.4466,251.11542,106.89119,106.89119,106.89119,5859.8431,5813.0126,5734.272,500.81619,1.6966378
3947000.0,1808.0489,5814.0781,3906.7865,247.33835,106.89119,106.89119,106.89119,5900.8791,5742.2031,5799.152,493.11933,1.6966378
3948000.0,1845.714,5807.0687,3901.6184,247.01115,106.89119,106.89119,106.89119,5835.4229,5776.6866,5809.0965,488.44323,1.6966378
3949000.0,1749.0395,5799.8431,3928.9555,248.74186,106.89119,106.89119,106.89119,5840.3188,5820.8778,5738.3327,493.20617,1.6966378
3950000.0,1860.5866,5840.8825,3973.207,251.54343,106.89119,106.89119,106.89119,5882.8592,5856.2225,5783.5659,486.68654,1.6966378
3951000.0,1871.0708,5841.7105,3901.5057,247.00402,106.89119,106.89119,106.89119,5932.8016,5830.8796,5761.4504,497.36865,1.6966378
3952000.0,1870.5005,5788.4055,3992.3673,252.75646,106.89119,106.89119,106.89119,5840.5,5793.3595,5731.357,498.30002,1.6966378
3953000.0,1857.4765,5818.9149,3985.1286,252.29818,106.89119,106.89119,106.89119,5829.3384,5862.6378,5764.7685,498.9121,1.6966378
3954000.0,1810.6097,5805.3055,3899.0777,246.8503,106.89119,106.89119,106.89119,5883.3834,5799.3553,5733.1779,496.68867,1.6966378
3955000.0,1771.1903,5781.7558,3872.4322,245.16338,106.89119,106.89119,106.89119,5793.4477,5790.6006,5761.219,496.44063,1.6966378
3956000.0,1935.8291,5836.5977,4075.7191,258.03346,106.89119,106.89119,106.89119,5908.1861,5791.1444,5810.4627,496.1143,1.6966378
3957000.0,1832.3889,5788.2802,3956.8112,250.50541,106.89119,106.89119,106.89119,5779.9466,5804.1378,5780.7561,507.56801,1.6966378
3958000.0,1767.2223,5813.168,3843.3886,243.32464,106.89119,106.89119,106.89119,5826.0233,5826.7683,5786.7124,503.39614,1.6966378
3959000.0,1768.729,5790.6154,3996.209,252.99968,106.89119,106.89119,106.89119,5809.403,5806.8896,5755.5535,504.894,1.6966378
3960000.0,1817.729,5835.7979,3963.046,250.90013,106.89119,106.89119,106.89119,5887.8454,5794.3145,5825.2339,502.16417,1.6966378
3961000.0,1768.0388,5797.6807,4001.0321,253.30503,106.89119,106.89119,106.89119,5847.0309,5821.4772,5724.5342,503.36579,1.6966378
3962000.0,1780.2934,5759.9073,3930.7071,248.85276,106.89119,106.89119,106.89119,5779.6452,5750.9396,5749.1371,501.70474,1.6966378
3963000.0,1807.1607,5805.1091,4026.4902,254.91678,106.89119,106.89119,106.89119,5883.4211,5833.5441,5698.3621,505.70495,1.6966378
3964000.0,1854.8389,5790.6307,3985.492,252.32119,106.89119,106.89119,106.89119,5798.261,5799.6515,5773.9795,499.32838,1.6966378
3965000.0,1806.8282,5809.4465,3970.2534,251.35644,106.89119,106.89119,106.89119,5893.3568,5797.8821,5737.1007,504.79337,1.6966378
3966000.0,1803.5731,5772.3719,3900.6913,246.95246,106.89119,106.89119,106.89119,5807.6678,5753.4222,5756.0255,497.77677,1.6966378
3967000.0,1848.4279,5832.8248,3954.1498,250.33692,106.89119,106.89119,106.89119,5886.6142,5847.7073,5764.1529,504.44605,1.6966378
3968000.0,1834.8451,5814.4924,3896.0645,246.65954,106.89119,106.89119,106.89119,5871.599,5829.608,5742.2702,505.06161,1.6966378
3969000.0,1764.9545,5789.5056,4001.4184,253.32949,106.89119,106.89119,106.89119,5812.0249,5793.132,5763.3598,504.80729,1.6966378
3970000.0,1826.025,5811.1268,3969.6756,251.31986,106.89119,106.89119,106.89119,5873.1538,5770.8924,5789.3343,507.34661,1.6966378
3971000.0,1752.744,5801.6934,3934.826,249.11353,106.89119,106.89119,106.89119,5887.0213,5772.6564,5745.4026,506.79957,1.6966378
3972000.0,1725.3354,5785.256,3905.187,247.23709,106.89119,106.89119,106.89119,5851.5896,5773.2165,5730.9619,505.04752,1.6966378
3973000.0,1843.2643,5827.854,3852.7434,243.91688,106.89119,106.89119,106.89119,5895.2337,5779.8322,5808.496,503.70019,1.6966378
3974000.0,1800.7166,5785.0029,3967.082,251.15565,106.89119,106.89119,106.89119,5813.8175,5778.9702,5762.221,496.79451,1.6966378
3975000.0,1796.8913,5794.2859,3948.1608,249.95775,106.89119,106.89119,106.89119,5869.6939,5755.8305,5757.3332,507.63389,1.6966378
3976000.0,1761.6691,5784.0267,3949.2018,250.02366,106.89119,106.89119,106.89119,5805.1545,5816.5848,5730.3409,504.452,1.6966378
3977000.0,1812.9883,5821.1201,3976.1363,251.72888,106.89119,106.89119,106.89119,5887.847,5813.3872,5762.1262,507.20841,1.6966378
3978000.0,1833.7241,5812.0503,3923.7318,248.41116,106.89119,106.89119,106.89119,5904.8137,5765.327,5766.0102,501.02191,1.6966378
3979000.0,1813.3011,5810.7352,3925.621,248.53076,106.89119,106.89119,106.89119,5881.6001,5783.6538,5766.9516,500.13769,1.6966378
3980000.0,1828.6951,5825.989,3997.654,253.09116,106.89119,106.89119,106.89119,5907.272,5782.2982,5788.3968,504.20652,1.6966378
3981000.0,1835.7371,5808.7631,3923.4755,248.39493,106.89119,106.89119,106.89119,5809.3011,5852.4552,5764.5329,499.06807,1.6966378
3982000.0,1783.488,5798.3296,3953.4829,250.2947,106.89119,106.89119,106.89119,5880.4645,5783.7376,5730.7868,498.75742,1.6966378
3983000.0,1783.8743,5795.3472,3985.1109,252.29706,106.89119,106.89119,106.89119,5815.1852,5819.0172,5751.8391,510.03906,1.6966378
3984000.0,1885.0045,5834.8478,3926.127,248.56279,106.89119,106.89119,106.89119,5879.694,5814.1384,5810.7112,487.94107,1.6966378
3985000.0,1841.8347,5811.7252,3997.0145,253.05067,106.89119,106.89119,106.89119,5836.7665,5837.5777,5760.8314,496.5159,1.6966378
3986000.0,1743.7416,5795.1903,3982.6913,252.14388,106.89119,106.89119,106.89119,5834.6184,5804.4605,5746.4919,494.63983,1.6966378
3987000.0,1867.2242,5821.5887,3946.8823,249.87681,106.89119,106.89119,106.89119,5847.3125,5835.6421,5781.8115,496.84578,1.6966378
3988000.0,1849.7582,5800.3949,3976.6536,251.76163,106.89119,106.89119,106.89119,5857.9721,5801.1096,5742.103,502.9665,1.6966378
3989000.0,1770.5615,5805.9984,3932.9272,248.99332,106.89119,106.89119,106.89119,5868.1187,5814.2879,5735.5886,497.47511,1.6966378
3990000.0,1810.6627,5802.5891,3946.272,249.83817,106.89119,106.89119,106.89119,5843.3125,5731.2147,5833.2402,498.15722,1.6966378
3991000.0,1805.1654,5803.813,3974.8197,251.64553,106.89119,106.89119,106.89119,5892.7769,5766.7011,5751.961,496.79779,1.6966378
3992000.0,1836.2048,5807.682,3963.9059,250.95457,106.89119,106.89119,106.89119,5879.1719,5792.1989,5751.6754,504.39834,1.6966378
3993000.0,1839.4714,5816.651,3847.1848,243.56497,106.89119,106.89119,106.89119,5862.7823,5792.7495,5794.4212,495.15225,1.6966378
3994000.0,1817.2554,5802.9826,3955.2324,250.40546,106.89119,106.89119,106.89119,5837.9875,5828.6256,5742.3346,499.79212,1.6966378
3995000.0,1792.4503,5801.6918,3871.6443,245.1135,106.89119,106.89119,106.89119,5862.7236,5788.5689,5753.783,493.12586,1.6966378
3996000.0,1776.8322,5797.2525,4014.9143,254.18391,106.89119,106.89119,106.89119,5785.22,5811.1854,5795.3522,486.24938,1.6966378
3997000.0,1711.4752,5779.1985,3939.5906,249.41518,106.89119,106.89119,106.89119,5783.8017,5790.5785,5763.2152,488.08196,1.6966378
3998000.0,1804.9888,5832.651,3915.3864,247.88281,106.89119,106.89119,106.89119,5903.6587,5772.8077,5821.4864,489.28913,1.6966378
3999000.0,1784.724,5805.3343,3908.2971,247.43398,106.89119,106.89119,106.89119,5841.3564,5805.4882,5769.1583,502.09222,1.6966378
4000000.0,1766.2456,5777.6615,4042.6863,255.94215,106.89119,106.89119,106.89119,5851.7833,5753.5064,5727.6948,506.49316,1.6966378
4001000.0,1784.9288,5799.4781,3992.9822,252.79539,106.89119,106.89119,106.89119,5787.2524,5804.8839,5806.298,502.04317,1.6966378
4002000.0,1786.329,5808.8758,3984.8829,252.28263,106.89119,106.89119,106.89119,5826.4633,5796.7825,5803.3816,507.36964,1.6966378
4003000.0,1768.904,5806.689,4029.6104,255.11432,106.89119,106.89119,106.89119,5857.5253,5800.5661,5761.9755,509.73131,1.6966378
4004000.0,1823.8696,5810.225,4041.3216,255.85575,106.89119,106.89119,106.89119,5833.5314,5798.0983,5799.0454,505.1854,1.6966378
4005000.0,1806.2878,5804.7449,3867.564,244.85517,106.89119,106.89119,106.89119,5865.9088,5784.0102,5764.3155,490.32692,1.6966378
4006000.0,1824.3462,5831.0822,3885.227,245.97342,106.89119,106.89119,106.89119,5836.9067,5829.2707,5827.0691,493.52253,1.6966378
4007000.0,1892.519,5844.2443,3938.6626,249.35642,106.89119,106.89119,106.89119,5871.6364,5870.3349,5790.7617,500.62407,1.6966378
4008000.0,1814.5184,5808.9116,3962.475,250.86398,106.89119,106.89119,106.89119,5837.9428,5774.541,5814.2508,502.00029,1.6966378
4009000.0,1829.4658,5816.7911,3974.7387,251.6404,106.89119,106.89119,106.89119,5798.317,5816.5958,5835.4606,504.61914,1.6966378
4010000.0,1808.7115,5812.9058,3902.4241,247.06216,106.89119,106.89119,106.89119,5819.7883,5835.7732,5783.1557,496.82684,1.6966378
4011000.0,1767.4932,5807.0876,3917.6867,248.02844,106.89119,106.89119,106.89119,5845.9828,5803.9915,5771.2886,502.64485,1.6966378
4012000.0,1875.6481,5808.9122,3938.2573,249.33076,106.89119,106.89119,106.89119,5844.3166,5788.2189,5794.2011,502.95741,1.6966378
4013000.0,1852.4516,5808.249,3924.1623,248.43841,106.89119,106.89119,106.89119,5871.9785,5766.1978,5786.5707,502.62006,1.6966378
4014000.0,1713.1943,5764.8913,3935.1242,249.13241,106.89119,106.89119,106.89119,5769.4385,5771.1645,5754.071,485.95281,1.6966378
4015000.0,1802.9834,5813.1492,3990.4901,252.63762,106.89119,106.89119,106.89119,5929.2706,5756.7893,5753.3876,490.43943,1.6966378
4016000.0,1803.2279,5796.899,4083.0966,258.50053,106.89119,106.89119,106.89119,5849.639,5738.7838,5802.2741,491.11272,1.6966378
4017000.0,1890.2411,5808.9227,3974.2753,251.61106,106.89119,106.89119,106.89119,5883.2214,5774.6576,5768.8891,495.06845,1.6966378
4018000.0,1777.4803,5804.1891,3892.1244,246.41009,106.89119,106.89119,106.89119,5829.3386,5813.0306,5770.198,497.034,1.6966378
4019000.0,1793.9958,5824.7587,3928.0132,248.68221,106.89119,106.89119,106.89119,5897.6995,5774.0335,5802.5431,487.45155,1.6966378
4020000.0,1876.5397,5821.1834,3971.5495,251.43849,106.89119,106.89119,106.89119,5841.5737,5817.4804,5804.4962,492.67366,1.6966378
4021000.0,1932.7807,5832.2199,3924.5773,248.46468,106.89119,106.89119,106.89119,5886.5003,5777.7751,5832.3842,500.41877,1.6966378
4022000.0,1799.2793,5809.7753,3965.6521,251.06512,106.89119,106.89119,106.89119,5836.9144,5822.4743,5769.9373,471.03331,1.6966378
4023000.0,1828.4061,5806.8481,3975.3044,251.67621,106.89119,106.89119,106.89119,5902.2633,5752.6997,5765.5814,509.80083,1.6966378
4024000.0,1834.6823,5836.0229,3994.4872,252.89067,106.89119,106.89119,106.89119,5900.5204,5800.2148,5807.3335,499.19923,1.6966378
4025000.0,1841.1567,5806.5898,3892.1873,246.41407,106.89119,106.89119,106.89119,5827.8228,5792.4287,5799.5178,498.91621,1.6966378
4026000.0,1887.5252,5829.3837,3959.9954,250.707,106.89119,106.89119,106.89119,5816.8541,5829.1351,5842.1619,508.97604,1.6966378
4027000.0,1717.855,5779.6585,3952.9854,250.26319,106.89119,106.89119,106.89119,5781.8389,5737.5858,5819.5507,505.28252,1.6966378
4028000.0,1782.2603,5804.0414,3939.288,249.39601,106.89119,106.89119,106.89119,5897.919,5798.3596,5715.8456,504.77295,1.6966378
4029000.0,1841.1911,5818.7013,3948.7226,249.99332,106.89119,106.89119,106.89119,5929.7074,5744.4728,5781.9236,506.79599,1.6966378
4030000.0,1812.595,5813.3118,3963.2026,250.91005,106.89119,106.89119,106.89119,5866.2599,5815.53,5758.1455,503.55336,1.6966378
4031000.0,1811.6753,5781.9724,3916.9879,247.9842,106.89119,106.89119,106.89119,5830.6188,5796.8983,5718.4002,506.75035,1.6966378
4032000.0,1836.563,5795.9592,3951.8152,250.18911,106.89119,106.89119,106.89119,5865.169,5798.1576,5724.551,502.60831,1.6966378
4033000.0,1841.704,5823.9888,3866.0647,244.76025,106.89119,106.89119,106.89119,5813.934,5860.4299,5797.6024,501.61058,1.6966378
4034000.0,1825.1852,5811.2367,3925.4495,248.5199,106.89119,106.89119,106.89119,5885.4385,5810.9662,5737.3055,494.94451,1.6966378
4035000.0,1851.0025,5842.0863,3928.1967,248.69383,106.89119,106.89119,106.89119,5927.5126,5813.0897,5785.6564,491.84093,1.6966378
4036000.0,1823.5408,5826.2378,3943.2183,249.64485,106.89119,106.89119,106.89119,5869.3709,5810.114,5799.2285,487.34401,1.6966378
4037000.0,1807.3009,5826.4414,3947.1042,249.89086,106.89119,106.89119,106.89119,5863.736,5810.9103,5804.6779,488.40567,1.6966378
4038000.0,1800.3652,5786.3391,3999.5771,253.21291,106.89119,106.89119,106.89119,5865.4648,5768.2933,5725.259,490.76941,1.6966378
4039000.0,1748.8434,5778.2588,3923.8446,248.4183,106.89119,106.89119,106.89119,5842.9462,5777.5627,5714.2675,487.8859,1.6966378
4040000.0,1828.0211,5845.777,3968.4135,251.23995,106.89119,106.89119,106.89119,5926.8526,5779.0606,5831.4179,484.09198,1.6966378
4041000.0,1827.9699,5834.734,3853.2666,243.95001,106.89119,106.89119,106.89119,5858.4852,5824.3537,5821.3632,503.47167,1.6966378
4042000.0,1803.0348,5817.6635,3937.5223,249.28423,106.89119,106.89119,106.89119,5879.7282,5767.802,5805.4602,501.28965,1.6966378
4043000.0,1839.116,5838.1663,4001.5843,253.33999,106.89119,106.89119,106.89119,5934.5931,5803.3131,5776.5928,501.00353,1.6966378
4044000.0,1851.0413,5791.8117,3878.3002,245.53489,106.89119,106.89119,106.89119,5835.5423,5755.2339,5784.659,506.94141,1.6966378
4045000.0,1873.6623,5827.1339,3954.2345,250.34227,106.89119,106.89119,106.89119,5863.1377,5811.3204,5806.9437,508.45654,1.6966378
4046000.0,1803.9028,5825.6054,3912.7912,247.7185,106.89119,106.89119,106.89119,5902.0952,5776.9595,5797.7616,494.42435,1.6966378
4047000.0,1873.6815,5816.3469,3951.8467,250.19111,106.89119,106.89119,106.89119,5862.1499,5789.2904,5797.6004,492.48194,1.6966378
4048000.0,1894.7579,5859.7658,3994.764,252.9082,106.89119,106.89119,106.89119,5915.4215,5788.8171,5875.0588,495.91728,1.6966378
4049000.0,1917.9759,5832.1962,3959.9848,250.70633,106.89119,106.89119,106.89119,5899.1666,5768.1784,5829.2436,499.51733,1.6966378
4050000.0,1769.7359,5821.9908,3913.4551,247.76053,106.89119,106.89119,106.89119,5889.2013,5774.4052,5802.3659,493.23431,1.6966378
4051000.0,1822.457,5819.232,3986.4305,252.38061,106.89119,106.89119,106.89119,5833.9407,5812.0487,5811.7066,482.86664,1.6966378
4052000.0,1834.0325,5825.8779,3934.9227,249.11965,106.89119,106.89119,106.89119,5845.0185,5788.4497,5844.1655,495.89856,1.6966378
4053000.0,1844.1977,5835.7061,3976.8806,251.776,106.89119,106.89119,106.89119,5945.0423,5766.4617,5795.6143,498.24394,1.6966378
4054000.0,1806.9713,5785.8269,3969.2368,251.29207,106.89119,106.89119,106.89119,5816.477,5787.7296,5753.274,499.45124,1.6966378
4055000.0,1798.8796,5823.8285,4004.3368,253.51425,106.89119,106.89119,106.89119,5898.6402,5808.7649,5764.0804,491.98935,1.6966378
4056000.0,1846.3456,5790.3432,3910.8014,247.59253,106.89119,106.89119,106.89119,5898.2261,5756.9917,5715.8118,493.06084,1.6966378
4057000.0,1862.9439,5794.5328,3885.4703,245.98882,106.89119,106.89119,106.89119,5841.5003,5801.8903,5740.208,495.64792,1.6966378
4058000.0,1780.7953,5831.086,3978.0327,251.84894,106.89119,106.89119,106.89119,5908.6214,5825.3349,5759.3018,482.22787,1.6966378
4059000.0,1801.3758,5831.6898,4018.0922,254.3851,106.89119,106.89119,106.89119,5852.4902,5832.1379,5810.4413,512.05509,1.6966378
4060000.0,1779.5875,5803.4397,3923.5564,248.40005,106.89119,106.89119,106.89119,5827.696,5769.4004,5813.2228,508.44033,1.6966378
4061000.0,1915.8143,5843.2165,3986.6787,252.39632,106.89119,106.89119,106.89119,5858.283,5867.3571,5804.0095,505.29925,1.6966378
4062000.0,1844.4998,5804.9361,3924.3815,248.45229,106.89119,106.89119,106.89119,5858.6839,5779.095,5777.0293,497.56774,1.6966378
4063000.0,1880.1445,5811.8245,3910.2636,247.55848,106.89119,106.89119,106.89119,5886.5395,5751.5644,5797.3697,493.61107,1.6966378
4064000.0,1890.0183,5807.9919,3932.076,248.93943,106.89119,106.89119,106.89119,5912.2159,5780.108,5731.6517,504.57255,1.6966378
4065000.0,1787.7215,5845.2962,3990.3169,252.62665,106.89119,106.89119,106.89119,5877.9798,5842.2859,5815.623,497.90089,1.6966378
4066000.0,1767.3039,5762.6241,3947.1232,249.89206,106.89119,106.89119,106.89119,5835.905,5738.4471,5713.5201,503.99739,1.6966378
4067000.0,1807.4113,5795.9981,3990.6174,252.64567,106.89119,106.89119,106.89119,5875.0499,5748.8253,5764.1191,502.53342,1.6966378
4068000.0,1782.5163,5825.4932,3936.8974,249.24467,106.89119,106.89119,106.89119,5896.4237,5775.2549,5804.8011,502.50813,1.6966378
4069000.0,1733.9305,5803.5927,3981.8964,252.09355,106.89119,106.89119,106.89119,5859.6826,5764.9048,5786.1907,501.59795,1.6966378
4070000.0,1881.8231,5838.2096,3931.6725,248.91388,106.89119,106.89119,106.89119,5933.8237,5829.5293,5751.2759,497.58057,1.6966378
4071000.0,1782.4065,5807.9904,3922.1247,248.30941,106.89119,106.89119,106.89119,5859.9222,5827.7814,5736.2676,509.80994,1.6966378
4072000.0,1774.4553,5809.1356,3991.9657,252.73103,106.89119,106.89119,106.89119,5874.4959,5774.8212,5778.0897,501.91983,1.6966378
4073000.0,1789.7212,5788.8678,3917.7038,248.02952,106.89119,106.89119,106.89119,5828.1618,5763.0952,5775.3465,500.31,1.6966378
4074000.0,1724.7156,5810.0634,3954.268,250.3444,106.89119,106.89119,106.89119,5922.6683,5720.6817,5786.8403,497.27449,1.6966378
4075000.0,1825.9182,5807.0478,4051.6893,256.51213,106.89119,106.89119,106.89119,5850.4475,5741.8211,5828.8748,502.77702,1.6966378
4076000.0,1783.4367,5793.4732,3989.2713,252.56046,106.89119,106.89119,106.89119,5841.8579,5797.1135,5741.4484,502.74331,1.6966378
4077000.0,1818.7902,5804.9301,3953.3753,250.28788,106.89119,106.89119,106.89119,5896.713,5769.0281,5749.0493,504.15927,1.6966378
4078000.0,1808.6583,5807.3714,3950.4477,250.10254,106.89119,106.89119,106.89119,5913.0842,5792.8272,5716.2026,499.64009,1.6966378
4079000.0,1841.9992,5824.779,3983.1858,252.17519,106.89119,106.89119,106.89119,5935.6871,5783.8008,5754.8491,502.77987,1.6966378
4080000.0,1848.3755,5844.429,3917.2852,248.00302,106.89119,106.89119,106.89119,5913.3761,5822.0153,5797.8958,492.0503,1.6966378
4081000.0,1795.9089,5804.1766,3889.6671,246.25452,106.89119,106.89119,106.89119,5890.4825,5755.7079,5766.3394,493.30468,1.6966378
4082000.0,1790.2745,5778.1556,3925.1933,248.50368,106.89119,106.89119,106.89119,5848.3025,5767.4878,5718.6766,497.36274,1.6966378
4083000.0,1716.3018,5771.8841,4017.9122,254.37371,106.89119,106.89119,106.89119,5804.7442,5776.9633,5733.9449,493.70634,1.6966378
4084000.0,1765.0017,5802.9006,3958.6488,250.62175,106.89119,106.89119,106.89119,5871.6106,5800.9201,5736.171,502.7888,1.6966378
4085000.0,1760.6172,5803.7043,4015.5169,254.22206,106.89119,106.89119,106.89119,5864.2842,5801.5005,5745.3281,500.17558,1.6966378
4086000.0,1854.4918,5812.3756,4008.6712,253.78866,106.89119,106.89119,106.89119,5872.9132,5787.0013,5777.2123,502.60545,1.6966378
4087000.0,1837.428,5822.5431,3957.1153,250.52466,106.89119,106.89119,106.89119,5914.9638,5786.159,5766.5065,499.7885,1.6966378
4088000.0,1806.0493,5831.622,3949.2852,250.02894,106.89119,106.89119,106.89119,5862.0871,5842.627,5790.1519,500.71134,1.6966378
4089000.0,1812.7662,5835.1974,3952.6574,250.24243,106.89119,106.89119,106.89119,5852.5679,5815.0044,5838.0197,499.5262,1.6966378
4090000.0,1781.3747,5817.1908,3955.6769,250.4336,106.89119,106.89119,106.89119,5847.7569,5842.5023,5761.3134,499.87349,1.6966378
4091000.0,1840.0187,5813.2404,4007.5777,253.71943,106.89119,106.89119,106.89119,5898.8295,5754.6736,5786.218,498.06224,1.6966378
4092000.0,1882.5214,5805.5037,3924.1973,248.44062,106.89119,106.89119,106.89119,5888.0365,5749.7486,5778.7259,502.49661,1.6966378
4093000.0,1784.422,5808.0137,3876.2833,245.4072,106.89119,106.89119,106.89119,5859.1107,5785.3309,5779.5996,504.32585,1.6966378
4094000.0,1791.7576,5811.1907,4000.8999,253.29666,106.89119,106.89119,106.89119,5924.7173,5748.1126,5760.7423,491.73389,1.6966378
4095000.0,1796.9724,5829.4558,3932.2776,248.95219,106.89119,106.89119,106.89119,5948.6147,5782.7243,5757.0285,493.51681,1.6966378
4096000.0,1829.469,5817.1761,4027.1886,254.961,106.89119,106.89119,106.89119,5872.3238,5819.4178,5759.7867,497.25961,1.6966378
4097000.0,1798.227,5785.7659,3800.4633,240.60704,106.89119,106.89119,106.89119,5828.8714,5803.7416,5724.6846,503.72096,1.6966378
4098000.0,1813.8402,5787.6606,3940.3533,249.46346,106.89119,106.89119,106.89119,5817.3392,5743.4464,5802.1963,508.55856,1.6966378
4099000.0,1844.9314,5831.97,3964.1941,250.97282,106.89119,106.89119,106.89119,5898.2187,5792.1011,5805.5901,496.40502,1.6966378
4100000.0,1803.6098,5795.8007,3974.7707,251.64242,106.89119,106.89119,106.89119,5876.934,5775.8291,5734.639,495.1699,1.6966378
4101000.0,1788.429,5792.9092,3985.4592,252.31911,106.89119,106.89119,106.89119,5865.1344,5811.4266,5702.1666,499.53547,1.6966378
4102000.0,1744.7947,5821.8632,3935.7952,249.17489,106.89119,106.89119,106.89119,5896.6807,5757.8795,5811.0293,495.43719,1.6966378
4103000.0,1773.5412,5806.3015,3968.4196,251.24033,106.89119,106.89119,106.89119,5880.5094,5756.6684,5781.7265,496.36867,1.6966378
4104000.0,1821.0031,5833.3185,3957.2591,250.53376,106.89119,106.89119,106.89119,5926.7393,5783.5533,5789.663,494.13251,1.6966378
4105000.0,1799.6916,5813.2596,3942.3057,249.58706,106.89119,106.89119,106.89119,5889.5437,5766.8448,5783.3902,491.02531,1.6966378
4106000.0,1782.9527,5812.1322,3903.5075,247.13076,106.89119,106.89119,106.89119,5907.0116,5765.5735,5763.8114,504.9599,1.6966378
4107000.0,1780.3392,5810.7568,3981.1589,252.04686,106.89119,106.89119,106.89119,5820.0794,5784.3023,5827.8887,498.22157,1.6966378
4108000.0,1821.6332,5813.0574,3981.0038,252.03704,106.89119,106.89119,106.89119,5885.7539,5772.5741,5780.8441,507.44531,1.6966378
4109000.0,1868.5002,5825.9675,3912.8551,247.72255,106.89119,106.89119,106.89119,5843.1178,5738.0388,5896.7458,505.00816,1.6966378
4110000.0,1747.1355,5789.8255,3958.1216,250.58837,106.89119,106.89119,106.89119,5882.6611,5802.7532,5684.0622,504.70925,1.6966378
4111000.0,1834.8573,5805.7889,3982.1739,252.11112,106.89119,106.89119,106.89119,5882.1145,5753.5313,5781.721,504.8514,1.6966378
4112000.0,1705.7915,5790.628,3920.5264,248.20822,106.89119,106.89119,106.89119,5831.15,5772.3979,5768.336,501.79893,1.6966378
4113000.0,1801.0473,5811.5675,4017.1852,254.32768,106.89119,106.89119,106.89119,5851.4539,5815.9166,5767.3319,506.29395,1.6966378
4114000.0,1838.0044,5818.5319,4040.4358,255.79967,106.89119,106.89119,106.89119,5916.1528,5810.1562,5729.2866,503.62618,1.6966378
4115000.0,1783.5719,5813.5567,4081.1192,258.37534,106.89119,106.89119,106.89119,5830.1717,5822.1948,5788.3035,501.44702,1.6966378
4116000.0,1764.105,5800.3141,3896.5871,246.69263,106.89119,106.89119,106.89119,5870.2568,5761.2918,5769.3936,500.65612,1.6966378
4117000.0,1782.48,5813.6267,4016.7214,254.29832,106.89119,106.89119,106.89119,5870.0789,5774.4515,5796.3496,505.3289,1.6966378
4118000.0,1764.3608,5794.3001,3968.9305,251.27268,106.89119,106.89119,106.89119,5924.5796,5755.3474,5702.9733,502.96182,1.6966378
4119000.0,1805.0513,5802.9967,3868.4865,244.91358,106.89119,106.89119,106.89119,5925.7153,5700.0642,5783.2105,504.37372,1.6966378
4120000.0,1648.3599,5783.9745,3995.4721,252.95303,106.89119,106.89119,106.89119,5882.4398,5728.5056,5740.978,505.33471,1.6966378
4121000.0,1825.0333,5802.0769,3936.9772,249.24972,106.89119,106.89119,106.89119,5840.8332,5810.6193,5754.7784,506.01863,1.6966378
4122000.0,1807.4982,5819.3645,4025.8207,254.8744,106.89119,106.89119,106.89119,5850.9023,5796.3972,5810.7941,503.15067,1.6966378
4123000.0,1786.8302,5809.1862,3914.5225,247.82811,106.89119,106.89119,106.89119,5859.6197,5762.0275,5805.9114,492.29818,1.6966378
4124000.0,1851.0648,5835.3075,3977.6322,251.82359,106.89119,106.89119,106.89119,5902.5229,5834.7212,5768.6783,502.88931,1.6966378
4125000.0,1775.1836,5794.3572,3840.218,243.1239,106.89119,106.89119,106.89119,5860.984,5754.5266,5767.561,502.78554,1.6966378
4126000.0,1799.9172,5812.6759,3976.8714,251.77542,106.89119,106.89119,106.89119,5857.8726,5786.8672,5793.288,504.18815,1.6966378
4127000.0,1899.1542,5828.4016,3928.4504,248.70989,106.89119,106.89119,106.89119,5832.9255,5806.2142,5846.0649,501.23114,1.6966378
4128000.0,1885.2285,5832.983,3937.1847,249.26286,106.89119,106.89119,106.89119,5909.1613,5773.1797,5816.6081,503.0985,1.6966378
4129000.0,1768.5005,5827.8708,3932.651,248.97583,106.89119,106.89119,106.89119,5863.8054,5764.3669,5855.4401,502.89754,1.6966378
4130000.0,1789.6102,5782.6265,4003.8116,253.481,106.89119,106.89119,106.89119,5847.3004,5757.3325,5743.2467,500.88971,1.6966378
4131000.0,1779.4306,5799.9736,3999.0627,253.18035,106.89119,106.89119,106.89119,5847.7183,5782.0698,5770.1325,497.6639,1.6966378
4132000.0,1845.8793,5808.4024,3922.3803,248.32559,106.89119,106.89119,106.89119,5843.8835,5779.4441,5801.8795,503.56047,1.6966378
4133000.0,1803.6057,5809.2898,3919.4717,248.14145,106.89119,106.89119,106.89119,5916.6797,5761.2719,5749.9177,504.04547,1.6966378
4134000.0,1829.0031,5815.105,3950.1403,250.08307,106.89119,106.89119,106.89119,5866.6539,5756.8471,5821.8139,501.41305,1.6966378
4135000.0,1829.7621,5798.3206,3875.6028,245.36411,106.89119,106.89119,106.89119,5791.2788,5823.2468,5780.4364,500.55744,1.6966378
4136000.0,1762.7092,5808.5927,3941.2274,249.5188,106.89119,106.89119,106.89119,5880.5663,5818.3168,5726.8949,501.98251,1.6966378
4137000.0,1811.2323,5815.2196,3941.9358,249.56365,106.89119,106.89119,106.89119,5891.2705,5778.4604,5775.9279,497.05461,1.6966378
4138000.0,1858.0716,5832.616,4001.6161,253.342,106.89119,106.89119,106.89119,5812.6349,5837.9458,5847.2673,495.12584,1.6966378
4139000.0,1787.8783,5829.1195,4017.6794,254.35897,106.89119,106.89119,106.89119,5898.4394,5770.0417,5818.8772,504.97969,1.6966378
4140000.0,1784.663,5816.3253,3967.055,251.15394,106.89119,106.89119,106.89119,5850.3625,5810.5002,5788.1132,504.40864,1.6966378
4141000.0,1810.425,5801.0515,3933.19,249.00995,106.89119,106.89119,106.89119,5837.0519,5846.4016,5719.7011,499.9559,1.6966378
4142000.0,1769.6602,5777.8536,3873.1579,245.20933,106.89119,106.89119,106.89119,5857.1652,5796.2346,5680.1611,490.81651,1.6966378
4143000.0,1754.4467,5798.0169,4024.1152,254.76642,106.89119,106.89119,106.89119,5840.2959,5760.4377,5793.3171,486.17357,1.6966378
4144000.0,1804.5432,5809.9071,4007.4402,253.71073,106.89119,106.89119,106.89119,5857.2803,5795.2376,5777.2034,488.89713,1.6966378
4145000.0,1827.7953,5822.5497,3968.9328,251.27283,106.89119,106.89119,106.89119,5909.9991,5768.2225,5789.4274,488.44445,1.6966378
4146000.0,1812.5,5803.8124,3947.9691,249.94561,106.89119,106.89119,106.89119,5839.4985,5795.8089,5776.1297,489.44406,1.6966378
4147000.0,1767.4954,5796.2501,3890.9004,246.3326,106.89119,106.89119,106.89119,5872.674,5757.6829,5758.3932,487.4644,1.6966378
4148000.0,1739.331,5847.7296,3961.2608,250.78711,106.89119,106.89119,106.89119,5921.3969,5839.2082,5782.5839,493.41516,1.6966378
4149000.0,1896.6747,5839.9625,3919.7908,248.16165,106.89119,106.89119,106.89119,5869.7598,5877.6836,5772.4441,485.6709,1.6966378
4150000.0,1864.6753,5835.5653,3954.3384,250.34886,106.89119,106.89119,106.89119,5953.597,5746.1595,5806.9394,486.22516,1.6966378
4151000.0,1819.5818,5814.6345,4013.944,254.12248,106.89119,106.89119,106.89119,5901.3706,5722.4017,5820.1312,492.67229,1.6966378
4152000.0,1817.918,5804.2395,3975.5573,251.69222,106.89119,106.89119,106.89119,5870.6526,5770.9721,5771.094,478.52392,1.6966378
4153000.0,1846.852,5813.8821,3927.0968,248.62419,106.89119,106.89119,106.89119,5859.1644,5736.1149,5846.3671,475.29548,1.6966378
4154000.0,1740.5141,5769.6941,3964.7943,251.01082,106.89119,106.89119,106.89119,5851.2491,5664.9013,5792.9319,481.79649,1.6966378
4155000.0,1845.3779,5813.8826,4014.5989,254.16394,106.89119,106.89119,106.89119,5878.7702,5735.3412,5827.5364,496.48137,1.6966378
4156000.0,1725.3523,5799.8966,3898.893,246.83861,106.89119,106.89119,106.89119,5927.3266,5739.4132,5732.9499,499.46956,1.6966378
4157000.0,1888.5481,5835.1515,3949.4321,250.03824,106.89119,106.89119,106.89119,5864.4254,5761.8414,5879.1877,501.01322,1.6966378
4158000.0,1857.3701,5840.2856,3997.5181,253.08256,106.89119,106.89119,106.89119,5912.5933,5745.6199,5862.6435,500.77707,1.6966378
4159000.0,1743.721,5775.4425,3944.0437,249.6971,106.89119,106.89119,106.89119,5845.7601,5719.7326,5760.8349,499.64,1.6966378
4160000.0,1826.0081,5801.8629,3930.7715,248.85684,106.89119,106.89119,106.89119,5872.8401,5800.2553,5732.4932,494.91018,1.6966378
4161000.0,1837.966,5809.6548,3868.452,244.91139,106.89119,106.89119,106.89119,5923.7857,5772.0027,5733.176,501.19389,1.6966378
4162000.0,1836.981,5793.6871,3922.1731,248.31248,106.89119,106.89119,106.89119,5868.8402,5713.2438,5798.9771,498.1217,1.6966378
4163000.0,1841.058,5827.0311,3913.063,247.73571,106.89119,106.89119,106.89119,5927.1979,5760.9589,5792.9365,496.82488,1.6966378
4164000.0,1762.0438,5769.1806,3909.2655,247.49529,106.89119,106.89119,106.89119,5840.3091,5708.4332,5758.7994,503.51144,1.6966378
4165000.0,1857.512,5819.7279,3974.7336,251.64007,106.89119,106.89119,106.89119,5863.8577,5807.9813,5787.3448,495.68281,1.6966378
4166000.0,1749.5881,5805.5806,4050.9545,256.46561,106.89119,106.89119,106.89119,5837.8073,5804.6515,5774.2831,490.31098,1.6966378
4167000.0,1774.2575,5788.7543,3864.5051,244.66152,106.89119,106.89119,106.89119,5861.2574,5757.2062,5747.7994,494.7836,1.6966378
4168000.0,1780.2167,5780.1405,3937.5636,249.28684,106.89119,106.89119,106.89119,5838.5376,5742.5894,5759.2946,503.30265,1.6966378
4169000.0,1839.0771,5823.9032,3927.3178,248.63819,106.89119,106.89119,106.89119,5873.1693,5793.795,5804.7453,496.55345,1.6966378
4170000.0,1822.6529,5832.1052,3926.9074,248.6122,106.89119,106.89119,106.89119,5917.3253,5774.2823,5804.7081,498.51591,1.6966378
4171000.0,1815.3273,5809.1657,3902.2692,247.05236,106.89119,106.89119,106.89119,5846.4508,5775.346,5805.7003,497.34896,1.6966378
4172000.0,1772.5253,5804.6034,3998.315,253.13301,106.89119,106.89119,106.89119,5883.8369,5775.2266,5754.7468,505.43489,1.6966378
4173000.0,1820.9078,5804.619,3987.8579,252.47097,106.89119,106.89119,106.89119,5881.0436,5726.4813,5806.3321,493.36625,1.6966378
4174000.0,1830.9521,5820.9235,3943.5115,249.66341,106.89119,106.89119,106.89119,5834.9054,5825.6074,5802.2576,498.91732,1.6966378
4175000.0,1714.0842,5808.145,3891.3555,246.36141,106.89119,106.89119,106.89119,5859.5774,5786.7357,5778.1219,503.1355,1.6966378
4176000.0,1720.0356,5794.0598,4000.7851,253.28939,106.89119,106.89119,106.89119,5799.324,5770.6877,5812.1677,501.13426,1.6966378
4177000.0,1745.4432,5797.7338,3984.0471,252.22971,106.89119,106.89119,106.89119,5811.5698,5793.6877,5787.944,504.85245,1.6966378
4178000.0,1761.8555,5826.2282,3940.5308,249.4747,106.89119,106.89119,106.89119,5886.7176,5773.3216,5818.6454,499.77393,1.6966378
4179000.0,1747.8085,5758.009,3891.2586,246.35528,106.89119,106.89119,106.89119,5806.6024,5692.3868,5775.0378,507.9448,1.6966378
4180000.0,1731.2496,5782.7726,3967.1996,251.1631,106.89119,106.89119,106.89119,5794.5398,5765.2159,5788.5621,493.60115,1.6966378
4181000.0,1827.6864,5820.4344,3931.5456,248.90585,106.89119,106.89119,106.89119,5809.4332,5795.6556,5856.2142,499.07024,1.6966378
4182000.0,1749.6301,5809.8113,3989.2666,252.56016,106.89119,106.89119,106.89119,5825.233,5772.6871,5831.5139,495.12731,1.6966378
4183000.0,1796.014,5812.2949,3947.4989,249.91585,106.89119,106.89119,106.89119,5863.0783,5747.7716,5826.0346,500.431,1.6966378
4184000.0,1798.59,5809.4753,3934.1758,249.07236,106.89119,106.89119,106.89119,5888.2899,5766.572,5773.5639,498.88647,1.6966378
4185000.0,1840.9092,5818.8825,4023.1918,254.70796,106.89119,106.89119,106.89119,5899.9298,5789.03,5767.6876,496.55953,1.6966378
4186000.0,1916.6251,5815.9501,4007.108,253.68969,106.89119,106.89119,106.89119,5889.9599,5706.2798,5851.6107,501.69084,1.6966378
4187000.0,1827.8163,5815.9524,3936.7023,249.23232,106.89119,106.89119,106.89119,5830.386,5785.5557,5831.9156,498.73697,1.6966378
4188000.0,1792.8371,5783.3717,4008.0931,253.75206,106.89119,106.89119,106.89119,5864.6446,5708.6247,5776.8458,500.30982,1.6966378
4189000.0,1777.9968,5821.3184,3967.2869,251.16862,106.89119,106.89119,106.89119,5832.6601,5825.9926,5805.3024,493.2394,1.6966378
4190000.0,1762.4398,5812.5522,3980.2562,251.98971,106.89119,106.89119,106.89119,5868.0389,5837.08,5732.5377,497.62577,1.6966378
4191000.0,1796.4225,5799.4693,3923.9423,248.42448,106.89119,106.89119,106.89119,5845.3272,5799.9211,5753.1598,489.75179,1.6966378
4192000.0,1769.9139,5792.3289,3947.9869,249.94674,106.89119,106.89119,106.89119,5834.254,5707.5509,5835.1818,490.22627,1.6966378
4193000.0,1836.5502,5818.4132,3977.7465,251.83082,106.89119,106.89119,106.89119,5896.6792,5763.5981,5794.9623,491.43577,1.6966378
4194000.0,1727.4761,5788.6946,3945.0189,249.75884,106.89119,106.89119,106.89119,5849.7083,5801.8766,5714.499,500.49804,1.6966378
4195000.0,1745.6688,5786.5956,3992.6892,252.77684,106.89119,106.89119,106.89119,5831.0418,5766.1864,5762.5585,506.04617,1.6966378
4196000.0,1816.548,5782.0797,3913.8011,247.78244,106.89119,106.89119,106.89119,5832.1522,5769.4084,5744.6784,507.48217,1.6966378
4197000.0,1806.6096,5809.7541,3934.4231,249.08802,106.89119,106.89119,106.89119,5839.3971,5794.2108,5795.6543,499.63298,1.6966378
4198000.0,1797.2839,5804.2562,3920.5635,248.21057,106.89119,106.89119,106.89119,5930.5846,5761.9808,5720.2033,499.94114,1.6966378
4199000.0,1807.9197,5816.2841,3910.0465,247.54474,106.89119,106.89119,106.89119,5878.3419,5795.9593,5774.5511,490.45582,1.6966378
4200000.0,1776.118,5812.8469,3978.5868,251.88402,106.89119,106.89119,106.89119,5847.8099,5836.8616,5753.869,497.87066,1.6966378
4201000.0,1779.5559,5812.2853,3851.9564,243.86706,106.89119,106.89119,106.89119,5822.8944,5831.9009,5782.0605,488.86199,1.6966378
4202000.0,1780.8842,5811.3802,3972.8247,251.51922,106.89119,106.89119,106.89119,5794.7649,5813.4609,5825.9148,486.75784,1.6966378
4203000.0,1871.5718,5844.4634,3973.4838,251.56095,106.89119,106.89119,106.89119,5888.9125,5814.551,5829.9267,485.11478,1.6966378
4204000.0,1836.4011,5802.113,3984.3303,252.24764,106.89119,106.89119,106.89119,5867.1906,5780.6614,5758.487,489.00222,1.6966378
4205000.0,1825.9296,5821.7403,3965.5926,251.06136,106.89119,106.89119,106.89119,5872.2496,5824.7575,5768.2137,495.28159,1.6966378
4206000.0,1825.7328,5822.3936,4014.0878,254.13159,106.89119,106.89119,106.89119,5928.2243,5747.2362,5791.7204,496.81067,1.6966378
4207000.0,1872.7399,5804.3968,3928.2049,248.69435,106.89119,106.89119,106.89119,5918.6828,5706.0772,5788.4304,491.44238,1.6966378
4208000.0,1692.4683,5760.0061,4005.8233,253.60836,106.89119,106.89119,106.89119,5810.7868,5743.3019,5725.9296,500.39878,1.6966378
4209000.0,1771.9966,5781.9871,3986.2456,252.3689,106.89119,106.89119,106.89119,5827.7173,5708.543,5809.7011,496.99774,1.6966378
4210000.0,1730.3293,5803.2826,3913.0579,247.73539,106.89119,106.89119,106.89119,5889.0874,5778.8175,5741.9428,499.40632,1.6966378
4211000.0,1801.4984,5813.1973,3951.1499,250.147,106.89119,106.89119,106.89119,5838.5667,5819.9129,5781.1122,495.24836,1.6966378
4212000.0,1808.6324,5802.9412,3982.5184,252.13293,106.89119,106.89119,106.89119,5871.9861,5739.2765,5797.561,501.79323,1.6966378
4213000.0,1813.1283,5797.1949,4007.3901,253.70755,106.89119,106.89119,106.89119,5891.4091,5747.1975,5752.9782,498.38482,1.6966378
4214000.0,1777.243,5796.2981,3961.9371,250.82993,106.89119,106.89119,106.89119,5794.8675,5813.2767,5780.75,495.58939,1.6966378
4215000.0,1805.9378,5836.6604,3966.2423,251.10249,106.89119,106.89119,106.89119,5838.5464,5838.0117,5833.4232,483.92881,1.6966378
4216000.0,1762.6177,5816.9994,3953.7493,250.31156,106.89119,106.89119,106.89119,5838.0928,5832.953,5779.9524,494.31756,1.6966378
4217000.0,1777.8781,5822.1685,3965.6884,251.06742,106.89119,106.89119,106.89119,5828.7688,5793.9912,5843.7456,487.1316,1.6966378
4218000.0,1753.1829,5787.6889,3897.9657,246.7799,106.89119,106.89119,106.89119,5829.5432,5770.4549,5763.0685,489.83003,1.6966378
4219000.0,1763.026,5784.171,3946.0522,249.82426,106.89119,106.89119,106.89119,5842.9764,5767.6216,5741.915,491.89003,1.6966378
4220000.0,1833.5049,5791.3712,3992.748,252.78057,106.89119,106.89119,106.89119,5846.5002,5813.816,5713.7974,490.89959,1.6966378
4221000.0,1828.174,5800.1039,3908.0726,247.41977,106.89119,106.89119,106.89119,5791.5776,5749.5168,5859.2172,504.09048,1.6966378
4222000.0,1886.8331,5842.1304,3972.579,251.50366,106.89119,106.89119,106.89119,5911.7805,5810.9754,5803.6352,506.46874,1.6966378
4223000.0,1819.856,5812.455,4016.2863,254.27077,106.89119,106.89119,106.89119,5863.1486,5759.3232,5814.8932,505.58832,1.6966378
4224000.0,1899.1102,5824.0665,3949.7029,250.05538,106.89119,106.89119,106.89119,5884.3221,5801.4896,5786.3878,500.17191,1.6966378
4225000.0,1867.7661,5804.053,4030.0713,255.1435,106.89119,106.89119,106.89119,5893.3013,5781.8485,5737.0092,497.90369,1.6966378
4226000.0,1853.6219,5798.4851,3922.7269,248.34753,106.89119,106.89119,106.89119,5833.3336,5784.3855,5777.7363,497.2961,1.6966378
4227000.0,1793.4523,5801.878,3962.3682,250.85722,106.89119,106.89119,106.89119,5870.1957,5788.8592,5746.579,499.35705,1.6966378
4228000.0,1787.9538,5814.9631,3954.3188,250.34762,106.89119,106.89119,106.89119,5891.6698,5783.965,5769.2544,496.80176,1.6966378
4229000.0,1750.897,5787.6814,3947.6481,249.92529,106.89119,106.89119,106.89119,5836.1883,5756.7443,5770.1117,497.37223,1.6966378
4230000.0,1796.8413,5810.5048,3871.0241,245.07423,106.89119,106.89119,106.89119,5892.47,5758.7803,5780.2641,497.22633,1.6966378
4231000.0,1863.7083,5857.683,3921.7158,248.28352,106.89119,106.89119,106.89119,5925.837,5842.4737,5804.7382,501.61068,1.6966378
4232000.0,1809.8537,5781.1116,3925.1131,248.4986,106.89119,106.89119,106.89119,5848.9865,5711.5962,5782.7522,494.29629,1.6966378
4233000.0,1734.6201,5774.5246,3910.1752,247.55289,106.89119,106.89119,106.89119,5810.4276,5790.3015,5722.8447,493.68949,1.6966378
4234000.0,1800.8996,5814.8285,3879.7783,245.62846,106.89119,106.89119,106.89119,5912.0559,5769.8409,5762.5889,495.28149,1.6966378
4235000.0,1811.0527,5809.9445,4019.0852,254.44797,106.89119,106.89119,106.89119,5827.6416,5772.0492,5830.1427,493.61756,1.6966378
4236000.0,1813.3615,5829.9438,3957.9747,250.57907,106.89119,106.89119,106.89119,5849.0569,5847.252,5793.5225,492.81316,1.6966378
4237000.0,1832.2,5846.8915,4020.6631,254.54787,106.89119,106.89119,106.89119,5934.2116,5809.5795,5796.8834,494.63905,1.6966378
4238000.0,1818.3034,5829.4851,3932.933,248.99368,106.89119,106.89119,106.89119,5884.0587,5802.8469,5801.5496,491.27503,1.6966378
4239000.0,1821.3154,5802.5797,3981.4927,252.06799,106.89119,106.89119,106.89119,5830.6122,5770.0574,5807.0695,486.89757,1.6966378
4240000.0,1825.3858,5829.6589,3942.3442,249.58951,106.89119,106.89119,106.89119,5915.5472,5783.7087,5789.7207,499.50296,1.6966378
4241000.0,1822.1952,5830.1707,3920.4169,248.20129,106.89119,106.89119,106.89119,5905.4314,5805.1359,5779.945,507.43883,1.6966378
4242000.0,1759.9798,5791.1958,3957.5327,250.55109,106.89119,106.89119,106.89119,5836.8796,5768.8996,5767.8082,502.42441,1.6966378
4243000.0,1709.9964,5799.3448,3944.0441,249.69712,106.89119,106.89119,106.89119,5856.5652,5782.9059,5758.5633,500.70842,1.6966378
4244000.0,1805.7099,5797.0173,3969.5788,251.31373,106.89119,106.89119,106.89119,5874.7037,5760.2594,5756.0887,503.37804,1.6966378
4245000.0,1844.6602,5822.6085,3947.0641,249.88832,106.89119,106.89119,106.89119,5917.0364,5771.279,5779.51,504.37995,1.6966378
4246000.0,1830.4556,5805.4066,3925.194,248.50373,106.89119,106.89119,106.89119,5851.8276,5779.4745,5784.9176,508.0223,1.6966378
4247000.0,1788.0305,5809.7389,4004.7798,253.5423,106.89119,106.89119,106.89119,5842.0141,5813.8139,5773.3887,508.947,1.6966378
4248000.0,1800.0536,5797.349,3955.9095,250.44832,106.89119,106.89119,106.89119,5805.0715,5779.5198,5807.4557,504.02525,1.6966378
4249000.0,1786.9324,5797.1233,3894.3339,246.54997,106.89119,106.89119,106.89119,5874.1876,5734.7007,5782.4817,501.14121,1.6966378
4250000.0,1809.1441,5823.1461,3979.2208,251.92416,106.89119,106.89119,106.89119,5852.7161,5787.8847,5828.8375,499.99906,1.6966378
4251000.0,1832.4452,5805.1112,4055.5065,256.7538,106.89119,106.89119,106.89119,5872.2498,5752.5725,5790.5115,501.43807,1.6966378
4252000.0,1819.2225,5803.0139,3970.2402,251.3556,106.89119,106.89119,106.89119,5871.1164,5726.4813,5811.4439,501.21302,1.6966378
4253000.0,1745.1115,5797.9993,4016.4013,254.27805,106.89119,106.89119,106.89119,5856.3872,5702.9181,5834.6926,497.17388,1.6966378
4254000.0,1815.6259,5828.8537,3937.1763,249.26232,106.89119,106.89119,106.89119,5879.7696,5809.9475,5796.8439,492.45084,1.6966378
4255000.0,1742.7947,5786.4761,3989.8351,252.59615,106.89119,106.89119,106.89119,5830.4489,5717.3436,5811.6359,493.50546,1.6966378
4256000.0,1794.9242,5811.173,3907.7154,247.39716,106.89119,106.89119,106.89119,5904.6329,5774.9998,5753.8862,497.94102,1.6966378
4257000.0,1790.6656,5812.9559,3971.8785,251.45932,106.89119,106.89119,106.89119,5887.1115,5735.8864,5815.8697,495.52195,1.6966378
4258000.0,1758.5625,5811.1383,3940.3254,249.4617,106.89119,106.89119,106.89119,5885.2138,5773.3307,5774.8704,491.20141,1.6966378
4259000.0,1793.2005,5831.5594,3905.7965,247.27567,106.89119,106.89119,106.89119,5885.6411,5745.8583,5863.1789,500.61751,1.6966378
4260000.0,1825.2033,5806.3631,3942.9594,249.62845,106.89119,106.89119,106.89119,5914.4729,5712.7672,5791.8493,497.10725,1.6966378
4261000.0,1817.0316,5829.0868,3861.909,244.49716,106.89119,106.89119,106.89119,5877.4419,5779.2492,5830.5694,499.98002,1.6966378
4262000.0,1889.5164,5825.9545,4015.034,254.19149,106.89119,106.89119,106.89119,5860.1075,5784.5271,5833.2291,502.42373,1.6966378
4263000.0,1819.5625,5782.3371,3948.4901,249.9786,106.89119,106.89119,106.89119,5805.7808,5752.2655,5788.9651,497.17985,1.6966378
4264000.0,1827.5521,5839.7855,3975.0314,251.65893,106.89119,106.89119,106.89119,5870.9799,5827.5984,5820.7781,496.34683,1.6966378
4265000.0,1827.8991,5830.3879,3934.78,249.11061,106.89119,106.89119,106.89119,5877.8772,5790.7436,5822.5428,492.58315,1.6966378
4266000.0,1731.2791,5799.0344,3929.6254,248.78428,106.89119,106.89119,106.89119,5835.2323,5748.5923,5813.2787,494.0002,1.6966378
4267000.0,1813.9043,5829.2519,3961.2655,250.78741,106.89119,106.89119,106.89119,5858.4785,5771.9905,5857.2867,508.89088,1.6966378
4268000.0,1823.3026,5813.7887,3980.5015,252.00524,106.89119,106.89119,106.89119,5881.6162,5764.9349,5794.8148,508.17581,1.6966378
4269000.0,1827.5248,5805.5276,3901.609,247.01056,106.89119,106.89119,106.89119,5880.6332,5773.9989,5761.9505,501.7646,1.6966378
4270000.0,1737.7047,5773.6884,3907.2405,247.36709,106.89119,106.89119,106.89119,5779.5679,5776.9549,5764.5423,504.66926,1.6966378
4271000.0,1795.3978,5807.159,3874.4514,245.29121,106.89119,106.89119,106.89119,5833.9677,5814.1077,5773.4016,502.29922,1.6966378
4272000.0,1769.8658,5805.1416,3931.1997,248.88394,106.89119,106.89119,106.89119,5864.5055,5769.8107,5781.1086,506.76428,1.6966378
4273000.0,1840.494,5837.3076,3913.8645,247.78646,106.89119,106.89119,106.89119,5908.8907,5761.0449,5841.9871,502.57613,1.6966378
4274000.0,1747.6748,5780.7866,3877.1098,245.45952,106.89119,106.89119,106.89119,5864.6651,5671.7461,5805.9487,495.82611,1.6966378
4275000.0,1738.7866,5790.2297,4003.5286,253.46308,106.89119,106.89119,106.89119,5871.9336,5741.4893,5757.2662,503.75787,1.6966378
4276000.0,1796.1981,5795.8784,3911.9464,247.66502,106.89119,106.89119,106.89119,5881.3003,5761.9659,5744.3688,502.70729,1.6966378
4277000.0,1745.5594,5807.9118,4007.1939,253.69513,106.89119,106.89119,106.89119,5907.4425,5726.4739,5789.8191,502.44446,1.6966378
4278000.0,1769.7869,5813.0166,3945.1481,249.76702,106.89119,106.89119,106.89119,5931.3214,5732.3678,5775.3606,503.65659,1.6966378
4279000.0,1828.1947,5777.0751,3909.0065,247.4789,106.89119,106.89119,106.89119,5825.4173,5701.0247,5804.7833,503.29812,1.6966378
4280000.0,1760.2903,5803.1039,3927.8075,248.66919,106.89119,106.89119,106.89119,5831.0978,5790.2667,5787.947,500.72807,1.6966378
4281000.0,1812.3906,5822.8784,4004.8509,253.5468,106.89119,106.89119,106.89119,5896.4511,5779.7722,5792.4119,496.97068,1.6966378
4282000.0,1794.9101,5808.1274,3990.1379,252.61532,106.89119,106.89119,106.89119,5880.9976,5763.7228,5779.6619,497.61259,1.6966378
4283000.0,1790.6881,5819.4689,3966.545,251.12166,106.89119,106.89119,106.89119,5892.209,5799.774,5766.4235,494.50644,1.6966378
4284000.0,1803.9714,5808.2721,3897.0601,246.72257,106.89119,106.89119,106.89119,5866.7293,5766.7315,5791.3556,497.40842,1.6966378
4285000.0,1846.9095,5824.1505,3928.3102,248.70101,106.89119,106.89119,106.89119,5919.0981,5779.3259,5774.0274,497.5849,1.6966378
4286000.0,1856.7449,5827.1816,3980.9287,252.03229,106.89119,106.89119,106.89119,5866.1397,5813.5384,5801.8667,504.48035,1.6966378
4287000.0,1861.3854,5819.1352,4011.4791,253.96643,106.89119,106.89119,106.89119,5877.5239,5786.4845,5793.3973,502.4475,1.6966378
4288000.0,1807.8703,5786.3717,3883.0169,245.8335,106.89119,106.89119,106.89119,5837.256,5792.8126,5729.0466,504.7737,1.6966378
4289000.0,1802.5685,5794.0885,4005.1236,253.56407,106.89119,106.89119,106.89119,5820.7145,5757.3995,5804.1515,499.07614,1.6966378
4290000.0,1768.0978,5816.2788,4018.954,254.43967,106.89119,106.89119,106.89119,5849.9352,5731.0922,5867.8089,499.97092,1.6966378
4291000.0,1805.7293,5804.5345,3905.3445,247.24706,106.89119,106.89119,106.89119,5861.7549,5809.7482,5742.1005,492.68786,1.6966378
4292000.0,1832.796,5828.9966,3946.647,249.86191,106.89119,106.89119,106.89119,5900.8911,5802.9253,5783.1736,502.51888,1.6966378
4293000.0,1868.5262,5806.2282,3938.1457,249.3237,106.89119,106.89119,106.89119,5897.6671,5771.0079,5750.0095,491.55063,1.6966378
4294000.0,1716.8998,5799.8762,3978.3739,251.87054,106.89119,106.89119,106.89119,5845.3964,5780.0628,5774.1693,501.58794,1.6966378
4295000.0,1760.2703,5782.9109,3934.9836,249.1235,106.89119,106.89119,106.89119,5784.5888,5767.594,5796.5498,497.21401,1.6966378
4296000.0,1840.1115,5814.2112,3936.1408,249.19677,106.89119,106.89119,106.89119,5843.6776,5797.7554,5801.2006,499.00272,1.6966378
4297000.0,1852.072,5801.5648,3950.2672,250.09111,106.89119,106.89119,106.89119,5826.2334,5807.8945,5770.5666,500.30692,1.6966378
4298000.0,1821.0021,5827.5047,3939.6202,249.41704,106.89119,106.89119,106.89119,5898.0751,5764.4044,5820.0346,496.85384,1.6966378
4299000.0,1770.0208,5804.975,3994.9335,252.91893,106.89119,106.89119,106.89119,5877.9489,5759.4487,5777.5274,491.82252,1.6966378
4300000.0,1866.9645,5851.3473,4005.985,253.6186,106.89119,106.89119,106.89119,5867.406,5874.5797,5812.0563,499.16148,1.6966378
4301000.0,1748.8101,5796.6092,3901.1022,246.97847,106.89119,106.89119,106.89119,5864.3287,5764.3199,5761.179,494.90733,1.6966378
4302000.0,1791.2692,5776.8646,4011.4348,253.96363,106.89119,106.89119,106.89119,5848.0284,5737.2395,5745.3258,494.15184,1.6966378
4303000.0,1736.0582,5835.4231,4015.652,254.23062,106.89119,106.89119,106.89119,5895.6989,5797.7894,5812.7809,498.88736,1.6966378
4304000.0,1791.3141,5823.1164,4007.3434,253.7046,106.89119,106.89119,106.89119,5865.1223,5781.698,5822.5289,496.66744,1.6966378
4305000.0,1812.7623,5813.7393,3982.3446,252.12193,106.89119,106.89119,106.89119,5920.9104,5765.6159,5754.6915,485.12294,1.6966378
4306000.0,1796.8945,5787.0506,3961.905,250.8279,106.89119,106.89119,106.89119,5838.7484,5780.8901,5741.5133,494.9461,1.6966378
4307000.0,1783.121,5783.1591,3919.0246,248.11314,106.89119,106.89119,106.89119,5816.48,5775.838,5757.1594,490.34881,1.6966378
4308000.0,1766.2766,5772.171,3944.6694,249.73672,106.89119,106.89119,106.89119,5791.1862,5799.1358,5726.1909,496.07605,1.6966378
4309000.0,1836.7017,5815.387,3916.7464,247.96891,106.89119,106.89119,106.89119,5837.4763,5771.1418,5837.543,497.06871,1.6966378
4310000.0,1764.3697,5799.6157,3936.023,249.18931,106.89119,106.89119,106.89119,5794.8548,5798.5674,5805.4249,501.6957,1.6966378
4311000.0,1784.2458,5806.8397,3986.9404,252.41289,106.89119,106.89119,106.89119,5834.4344,5799.3537,5786.7311,495.74289,1.6966378
4312000.0,1784.9639,5799.3193,3923.7575,248.41278,106.89119,106.89119,106.89119,5879.6034,5745.0767,5773.2778,494.03614,1.6966378
4313000.0,1835.1261,5811.6023,3881.4004,245.73115,106.89119,106.89119,106.89119,5895.0066,5760.7821,5779.018,503.91837,1.6966378
4314000.0,1826.4738,5822.9423,3937.1575,249.26114,106.89119,106.89119,106.89119,5857.4126,5821.5585,5789.856,507.93681,1.6966378
4315000.0,1773.7972,5805.2782,3932.9099,248.99222,106.89119,106.89119,106.89119,5851.2678,5754.5166,5810.0502,505.98756,1.6966378
4316000.0,1757.7386,5780.0403,3886.7413,246.06929,106.89119,106.89119,106.89119,5866.3075,5763.7383,5710.0751,504.76052,1.6966378
4317000.0,1833.0644,5817.6301,3974.755,251.64143,106.89119,106.89119,106.89119,5873.6669,5822.7547,5756.4688,495.15509,1.6966378
4318000.0,1831.895,5810.3584,3960.6674,250.74955,106.89119,106.89119,106.89119,5832.6201,5774.9506,5823.5043,505.97366,1.6966378
4319000.0,1750.3378,5786.9762,3957.25,250.53319,106.89119,106.89119,106.89119,5778.741,5808.4089,5773.7788,497.64532,1.6966378
4320000.0,1793.5742,5787.0665,3980.8406,252.02671,106.89119,106.89119,106.89119,5877.1159,5710.5301,5773.5534,506.43983,1.6966378
4321000.0,1781.4116,5785.1123,3947.1809,249.89572,106.89119,106.89119,106.89119,5804.6531,5792.5172,5758.1665,501.07274,1.6966378
4322000.0,1791.4273,5794.3496,3913.8157,247.78337,106.89119,106.89119,106.89119,5847.6316,5724.494,5810.9231,500.97475,1.6966378
4323000.0,1851.3705,5829.8965,3969.3658,251.30024,106.89119,106.89119,106.89119,5884.7853,5760.7878,5844.1163,500.69804,1.6966378
4324000.0,1769.3615,5772.3382,3960.1612,250.7175,106.89119,106.89119,106.89119,5778.4103,5816.9427,5721.6615,502.90379,1.6966378
4325000.0,1794.7882,5805.7716,3945.4587,249.78668,106.89119,106.89119,106.89119,5858.1371,5764.684,5794.4936,500.95721,1.6966378
4326000.0,1776.1924,5775.1656,3868.3735,244.90642,106.89119,106.89119,106.89119,5863.5993,5750.3494,5711.548,500.30998,1.6966378
4327000.0,1809.699,5778.9784,3934.4656,249.09071,106.89119,106.89119,106.89119,5826.3797,5735.2195,5775.3361,503.10214,1.6966378
4328000.0,1773.0969,5795.0902,3934.6902,249.10493,106.89119,106.89119,106.89119,5887.7246,5678.5659,5818.9799,500.11182,1.6966378
4329000.0,1852.9704,5822.5952,4030.6391,255.17944,106.89119,106.89119,106.89119,5884.9384,5760.8322,5822.015,501.01282,1.6966378
4330000.0,1717.0855,5763.1752,3944.0258,249.69596,106.89119,106.89119,106.89119,5870.3312,5705.1799,5714.0144,483.52777,1.6966378
4331000.0,1782.5248,5788.1961,3911.9561,247.66564,106.89119,106.89119,106.89119,5850.6585,5764.3218,5749.6081,491.99396,1.6966378
4332000.0,1819.6842,5811.736,4018.4465,254.40753,106.89119,106.89119,106.89119,5827.7874,5789.7897,5817.6308,490.46208,1.6966378
4333000.0,1826.0139,5819.7193,3935.0935,249.13046,106.89119,106.89119,106.89119,5843.9416,5797.4039,5817.8125,494.34118,1.6966378
4334000.0,1807.3707,5809.4935,3999.176,253.18752,106.89119,106.89119,106.89119,5805.4838,5850.6482,5772.3484,489.27628,1.6966378
4335000.0,1792.2737,5777.9185,4006.8074,253.67067,106.89119,106.89119,106.89119,5802.7695,5790.3491,5740.637,490.15738,1.6966378
4336000.0,1782.3944,5787.5926,3973.3482,251.55237,106.89119,106.89119,106.89119,5786.3503,5794.3292,5782.0982,497.64623,1.6966378
4337000.0,1823.0599,5801.8282,3931.3913,248.89608,106.89119,106.89119,106.89119,5833.3626,5783.4639,5788.6582,495.86839,1.6966378
4338000.0,1804.3956,5806.217,3949.7681,250.05951,106.89119,106.89119,106.89119,5844.8717,5754.0533,5819.7261,491.42276,1.6966378
4339000.0,1804.9934,5794.6074,3998.2321,253.12776,106.89119,106.89119,106.89119,5852.1592,5826.9153,5704.7478,496.79662,1.6966378
4340000.0,1745.0446,5771.6584,3882.047,245.77209,106.89119,106.89119,106.89119,5818.2734,5745.9585,5750.7432,495.44971,1.6966378
4341000.0,1732.0859,5781.4106,3915.6589,247.90006,106.89119,106.89119,106.89119,5852.3347,5716.1921,5775.705,492.68755,1.6966378
4342000.0,1834.7579,5804.8975,3983.9058,252.22076,106.89119,106.89119,106.89119,5810.4338,5810.721,5793.5377,478.9501,1.6966378
4343000.0,1747.531,5766.8197,3991.9218,252.72826,106.89119,106.89119,106.89119,5816.617,5735.455,5748.387,504.81132,1.6966378
4344000.0,1821.4411,5797.2866,3976.0714,251.72477,106.89119,106.89119,106.89119,5890.6268,5729.6051,5771.6279,502.30421,1.6966378
4345000.0,1823.2859,5811.7142,3987.7612,252.46485,106.89119,106.89119,106.89119,5860.6945,5795.8292,5778.619,502.90439,1.6966378
4346000.0,1820.0924,5823.0402,3952.0348,250.20301,106.89119,106.89119,106.89119,5883.1156,5812.9198,5773.0854,498.06382,1.6966378
4347000.0,1758.5297,5783.6631,3913.2562,247.74795,106.89119,106.89119,106.89119,5864.0779,5753.2377,5733.6736,499.65751,1.6966378
4348000.0,1766.4599,5794.572,3899.7582,246.89338,106.89119,106.89119,106.89119,5863.313,5781.4623,5738.9407,502.95954,1.6966378
4349000.0,1838.5626,5828.2025,3977.9829,251.84579,106.89119,106.89119,106.89119,5840.8007,5775.6987,5868.108,504.71282,1.6966378
4350000.0,1738.9021,5793.7119,4012.1672,254.00999,106.89119,106.89119,106.89119,5848.5154,5744.4579,5788.1623,507.45466,1.6966378
4351000.0,1879.2282,5829.0697,3982.0257,252.10174,106.89119,106.89119,106.89119,5873.6763,5746.9683,5866.5644,501.73451,1.6966378
4352000.0,1747.4392,5807.352,3952.1152,250.20811,106.89119,106.89119,106.89119,5858.9937,5793.9861,5769.0761,497.4313,1.6966378
4353000.0,1754.5629,5766.5934,3910.1609,247.55198,106.89119,106.89119,106.89119,5786.5499,5723.7365,5789.4939,498.70212,1.6966378
4354000.0,1778.0502,5817.2382,4015.6938,254.23326,106.89119,106.89119,106.89119,5868.1994,5806.6065,5776.9088,494.47368,1.6966378
4355000.0,1756.6278,5804.7636,3912.257,247.68469,106.89119,106.89119,106.89119,5868.0215,5752.514,5793.7554,492.67564,1.6966378
4356000.0,1754.4456,5809.8448,3971.4959,251.4351,106.89119,106.89119,106.89119,5867.8473,5733.9267,5827.7604,489.05027,1.6966378
4357000.0,1809.7938,5808.5399,3965.1881,251.03575,106.89119,106.89119,106.89119,5893.3469,5744.3978,5787.8751,495.34369,1.6966378
4358000.0,1789.3378,5811.8105,3894.6338,246.56896,106.89119,106.89119,106.89119,5876.7223,5728.5537,5830.1556,494.88492,1.6966378
4359000.0,1811.5802,5807.9469,3994.9539,252.92022,106.89119,106.89119,106.89119,5853.0847,5822.4817,5748.2741,494.91462,1.6966378
4360000.0,1878.0072,5810.1273,3977.0002,251.78357,106.89119,106.89119,106.89119,5884.2142,5734.5299,5811.6377,498.08219,1.6966378
4361000.0,1802.2155,5785.6866,3981.2543,252.0529,106.89119,106.89119,106.89119,5809.3127,5739.76,5807.9871,503.70716,1.6966378
4362000.0,1755.3746,5777.1195,3912.1085,247.67529,106.89119,106.89119,106.89119,5786.5708,5803.5861,5741.2016,496.15416,1.6966378
4363000.0,1790.6799,5816.4476,3999.75,253.22386,106.89119,106.89119,106.89119,5893.1779,5766.2542,5789.9108,502.6096,1.6966378
4364000.0,1769.2014,5788.636,3933.0479,249.00096,106.89119,106.89119,106.89119,5799.5189,5745.9121,5820.4771,503.73945,1.6966378
4365000.0,1772.657,5808.6369,3979.3522,251.93247,106.89119,106.89119,106.89119,5835.9995,5793.6134,5796.2977,501.47826,1.6966378
4366000.0,1777.5404,5791.5735,3934.4595,249.09032,106.89119,106.89119,106.89119,5826.7584,5808.0085,5739.9536,490.14923,1.6966378
4367000.0,1784.118,5820.2461,3913.4158,247.75805,106.89119,106.89119,106.89119,5890.9846,5815.0554,5754.6981,497.54626,1.6966378
4368000.0,1758.6422,5772.092,3936.7779,249.2371,106.89119,106.89119,106.89119,5825.517,5727.7613,5762.9976,501.25047,1.6966378
4369000.0,1867.4569,5798.0048,3871.2723,245.08995,106.89119,106.89119,106.89119,5808.6008,5767.2272,5818.1863,490.34047,1.6966378
4370000.0,1738.6183,5789.9037,3965.3972,251.04899,106.89119,106.89119,106.89119,5833.6149,5760.073,5776.0232,496.70185,1.6966378
4371000.0,1780.505,5762.8969,3914.4297,247.82224,106.89119,106.89119,106.89119,5777.6582,5737.3771,5773.6554,487.46033,1.6966378
4372000.0,1854.5811,5797.2369,3952.9355,250.26004,106.89119,106.89119,106.89119,5811.1957,5832.8294,5747.6856,484.91007,1.6966378
4373000.0,1841.8975,5806.5123,3979.6507,251.95137,106.89119,106.89119,106.89119,5835.3892,5787.0656,5797.0823,502.51523,1.6966378
4374000.0,1811.1262,5827.4371,3946.2534,249.83699,106.89119,106.89119,106.89119,5898.3897,5733.3764,5850.545,496.26436,1.6966378
4375000.0,1786.1583,5795.8863,3950.0355,250.07644,106.89119,106.89119,106.89119,5836.5252,5730.7791,5820.3546,497.87255,1.6966378
4376000.0,1762.0111,5792.9293,3949.5882,250.04812,106.89119,106.89119,106.89119,5807.7907,5777.4016,5793.5957,500.00566,1.6966378
4377000.0,1757.4044,5803.8421,3924.0258,248.42977,106.89119,106.89119,106.89119,5789.5929,5761.055,5860.8784,505.58986,1.6966378
4378000.0,1779.33,5772.753,3991.8459,252.72345,106.89119,106.89119,106.89119,5801.8923,5763.6296,5752.7369,507.34072,1.6966378
4379000.0,1726.0425,5802.0404,4000.4649,253.26912,106.89119,106.89119,106.89119,5857.6754,5785.1457,5763.3001,504.31647,1.6966378
4380000.0,1842.9176,5797.9259,4000.7546,253.28746,106.89119,106.89119,106.89119,5841.1045,5839.8328,5712.8405,498.41618,1.6966378
4381000.0,1734.5546,5779.3917,3899.7173,246.8908,106.89119,106.89119,106.89119,5779.9603,5799.8521,5758.3627,492.75518,1.6966378
4382000.0,1788.8795,5823.8702,3980.9669,252.0347,106.89119,106.89119,106.89119,5867.4412,5864.3149,5739.8546,497.82177,1.6966378
4383000.0,1753.8451,5797.6695,3886.8002,246.07302,106.89119,106.89119,106.89119,5836.4338,5783.507,5773.0676,495.89984,1.6966378
4384000.0,1774.4973,5779.9778,3860.5099,244.40858,106.89119,106.89119,106.89119,5807.8352,5775.052,5757.0462,492.04297,1.6966378
4385000.0,1765.4441,5771.3323,3972.0001,251.46701,106.89119,106.89119,106.89119,5813.3752,5804.6355,5695.9863,495.73083,1.6966378
4386000.0,1789.9914,5779.3009,3968.6747,251.25648,106.89119,106.89119,106.89119,5813.757,5776.924,5747.2218,495.51577,1.6966378
4387000.0,1828.1251,5802.1479,3943.7781,249.68028,106.89119,106.89119,106.89119,5846.3686,5754.0285,5806.0468,500.16528,1.6966378
4388000.0,1814.6196,5804.1157,3921.8675,248.29313,106.89119,106.89119,106.89119,5868.4256,5745.9531,5797.9685,499.59525,1.6966378
4389000.0,1777.1057,5777.9407,3855.9464,244.11966,106.89119,106.89119,106.89119,5820.1148,5755.1359,5758.5713,492.34629,1.6966378
4390000.0,1765.5954,5802.0723,4015.6932,254.23323,106.89119,106.89119,106.89119,5783.304,5797.147,5825.7658,497.0331,1.6966378
4391000.0,1729.0886,5756.5512,3904.8865,247.21806,106.89119,106.89119,106.89119,5796.2613,5731.5351,5741.8571,487.18307,1.6966378
4392000.0,1802.9365,5802.7105,3972.5431,251.50139,106.89119,106.89119,106.89119,5811.1102,5781.5505,5815.4708,498.11054,1.6966378
4393000.0,1803.8258,5807.2358,3966.7827,251.13671,106.89119,106.89119,106.89119,5842.3588,5813.2114,5766.1372,499.79127,1.6966378
4394000.0,1803.0802,5804.6479,3907.8304,247.40444,106.89119,106.89119,106.89119,5866.9032,5769.7745,5777.2662,500.44223,1.6966378
4395000.0,1773.0026,5810.0652,3956.547,250.48868,106.89119,106.89119,106.89119,5881.9064,5743.0388,5805.2504,495.06299,1.6966378
4396000.0,1952.1051,5815.1243,3949.2257,250.02517,106.89119,106.89119,106.89119,5905.0353,5762.9396,5777.3979,501.65151,1.6966378
4397000.0,1767.9336,5762.9019,3986.7324,252.39972,106.89119,106.89119,106.89119,5869.1658,5718.4575,5701.0823,497.16152,1.6966378
4398000.0,1756.8925,5774.2417,3953.7295,250.31031,106.89119,106.89119,106.89119,5797.2253,5771.2843,5754.2155,495.96546,1.6966378
4399000.0,1762.2962,5822.1735,3946.1514,249.83053,106.89119,106.89119,106.89119,5895.2837,5774.8972,5796.3397,493.17369,1.6966378
4400000.0,1812.6649,5797.3441,3939.7195,249.42333,106.89119,106.89119,106.89119,5796.7573,5765.951,5829.3241,502.45323,1.6966378
4401000.0,1781.9402,5774.9236,3897.4284,246.74589,106.89119,106.89119,106.89119,5881.462,5707.9743,5735.3345,497.16815,1.6966378
4402000.0,1887.321,5813.1763,3875.7838,245.37557,106.89119,106.89119,106.89119,5895.838,5722.8651,5820.8259,492.43138,1.6966378
4403000.0,1757.3229,5820.3531,3993.6138,252.83538,106.89119,106.89119,106.89119,5871.8646,5818.2497,5770.9449,496.72067,1.6966378
4404000.0,1684.7992,5755.9601,4004.0237,253.49443,106.89119,106.89119,106.89119,5891.0436,5700.5852,5676.2514,497.24379,1.6966378
4405000.0,1759.1987,5792.8335,3938.2798,249.33219,106.89119,106.89119,106.89119,5854.6197,5777.1152,5746.7657,495.63825,1.6966378
4406000.0,1798.9324,5782.813,4004.9632,253.55391,106.89119,106.89119,106.89119,5880.1717,5741.4307,5726.8367,496.47654,1.6966378
4407000.0,1795.6331,5816.9682,3939.0817,249.38296,106.89119,106.89119,106.89119,5893.0991,5735.9527,5821.853,503.48745,1.6966378
4408000.0,1834.0112,5819.8833,3976.1824,251.7318,106.89119,106.89119,106.89119,5879.945,5809.926,5769.7789,494.87683,1.6966378
4409000.0,1805.8632,5805.189,3955.6756,250.43351,106.89119,106.89119,106.89119,5857.8291,5752.2501,5805.4877,498.56883,1.6966378
4410000.0,1799.0437,5779.228,3970.2627,251.35702,106.89119,106.89119,106.89119,5840.5639,5773.3284,5723.7917,494.64557,1.6966378
4411000.0,1811.9983,5826.6262,3885.6197,245.99828,106.89119,106.89119,106.89119,5924.3072,5800.9832,5754.5881,494.28157,1.6966378
4412000.0,1710.1529,5779.7809,4051.2252,256.48275,106.89119,106.89119,106.89119,5847.7257,5759.2814,5732.3356,497.4971,1.6966378
4413000.0,1858.3811,5811.0743,3855.1267,244.06777,106.89119,106.89119,106.89119,5884.9957,5768.1507,5780.0766,500.40144,1.6966378
4414000.0,1749.5718,5800.3211,3915.4935,247.88959,106.89119,106.89119,106.89119,5855.3583,5784.8759,5760.729,496.62482,1.6966378
4415000.0,1865.5715,5830.4287,3913.0716,247.73626,106.89119,106.89119,106.89119,5854.7621,5782.9377,5853.5862,486.41017,1.6966378
4416000.0,1822.5976,5804.6293,3897.082,246.72396,106.89119,106.89119,106.89119,5874.799,5744.1775,5794.9113,502.7414,1.6966378
4417000.0,1762.5214,5783.2315,3970.9535,251.40076,106.89119,106.89119,106.89119,5853.0156,5771.9021,5724.7767,495.14414,1.6966378
4418000.0,1840.8025,5836.59,3982.0334,252.10223,106.89119,106.89119,106.89119,5909.4633,5790.3436,5809.9631,488.88524,1.6966378
4419000.0,1852.9575,5824.7408,3976.2466,251.73586,106.89119,106.89119,106.89119,5872.9612,5796.5483,5804.713,500.1886,1.6966378
4420000.0,1750.8284,5784.7327,3861.9611,244.50045,106.89119,106.89119,106.89119,5834.7072,5806.8161,5712.6748,495.73353,1.6966378
4421000.0,1763.792,5789.3335,3894.9025,246.58597,106.89119,106.89119,106.89119,5883.7468,5744.6329,5739.6209,502.40465,1.6966378
4422000.0,1850.5116,5807.5952,3896.0266,246.65714,106.89119,106.89119,106.89119,5859.6549,5787.5047,5775.6261,499.68828,1.6966378
4423000.0,1836.4086,5829.5769,4027.4814,254.97954,106.89119,106.89119,106.89119,5893.2863,5801.7316,5793.7129,498.21857,1.6966378
4424000.0,1811.4499,5795.0493,3976.5362,251.75419,106.89119,106.89119,106.89119,5847.0163,5786.365,5751.7665,497.64963,1.6966378
4425000.0,1732.5138,5772.015,4015.9147,254.24725,106.89119,106.89119,106.89119,5824.4979,5720.74,5770.8071,491.63419,1.6966378
4426000.0,1819.2876,5790.7831,3992.2607,252.74971,106.89119,106.89119,106.89119,5825.3681,5759.8086,5787.1727,499.1435,1.6966378
4427000.0,1757.6513,5802.4488,4002.9957,253.42934,106.89119,106.89119,106.89119,5883.4574,5726.8255,5797.0636,489.90785,1.6966378
4428000.0,1814.1892,5780.3524,3990.3019,252.6257,106.89119,106.89119,106.89119,5854.8565,5763.7,5722.5008,488.20626,1.6966378
4429000.0,1790.8611,5780.1035,3915.337,247.87968,106.89119,106.89119,106.89119,5783.3036,5782.0514,5774.9554,490.89291,1.6966378
4430000.0,1807.9509,5802.9368,3961.974,250.83227,106.89119,106.89119,106.89119,5860.5383,5799.2486,5749.0235,489.73176,1.6966378
4431000.0,1762.6274,5787.3529,3923.5395,248.39898,106.89119,106.89119,106.89119,5834.62,5722.3318,5805.1069,483.02479,1.6966378
4432000.0,1765.4013,5801.7416,3940.6505,249.48228,106.89119,106.89119,106.89119,5851.7714,5782.3132,5771.1403,496.86312,1.6966378
4433000.0,1825.1715,5780.1464,3993.9668,252.85773,106.89119,106.89119,106.89119,5828.3424,5749.69,5762.407,489.57418,1.6966378
4434000.0,1783.2414,5796.5871,3939.5492,249.41255,106.89119,106.89119,106.89119,5848.3291,5727.6853,5813.7468,490.73959,1.6966378
4435000.0,1798.4291,5806.1796,3913.0156,247.73271,106.89119,106.89119,106.89119,5818.1264,5809.7497,5790.6626,471.41203,1.6966378
4436000.0,1852.1128,5801.9186,3916.4887,247.95259,106.89119,106.89119,106.89119,5915.0444,5761.891,5728.8204,491.55593,1.6966378
4437000.0,1774.178,5802.6451,4016.6224,254.29205,106.89119,106.89119,106.89119,5797.8963,5797.6157,5812.4233,491.69477,1.6966378
4438000.0,1805.7657,5829.9092,3973.0775,251.53523,106.89119,106.89119,106.89119,5931.1818,5757.001,5801.5448,498.76428,1.6966378
4439000.0,1828.6904,5800.869,3949.863,250.06552,106.89119,106.89119,106.89119,5858.7875,5781.4526,5762.3669,493.9631,1.6966378
4440000.0,1762.3493,5786.9439,3850.5819,243.78004,106.89119,106.89119,106.89119,5801.2275,5785.561,5774.0431,498.57775,1.6966378
4441000.0,1716.3434,5794.7404,3919.1215,248.11927,106.89119,106.89119,106.89119,5818.6319,5758.8318,5806.7574,498.81145,1.6966378
4442000.0,1806.8776,5823.8107,4008.7399,253.79301,106.89119,106.89119,106.89119,5856.1741,5790.1096,5825.1484,482.77182,1.6966378
4443000.0,1729.0828,5786.3883,4040.2349,255.78696,106.89119,106.89119,106.89119,5802.3883,5790.4324,5766.3443,483.38042,1.6966378
4444000.0,1766.9952,5795.6369,3920.9197,248.23312,106.89119,106.89119,106.89119,5828.7374,5822.2499,5735.9233,489.07694,1.6966378
4445000.0,1776.8013,5796.3824,3950.3221,250.09459,106.89119,106.89119,106.89119,5877.615,5747.4013,5764.1308,496.88932,1.6966378
4446000.0,1869.7368,5793.8741,4038.815,255.69707,106.89119,106.89119,106.89119,5820.605,5768.9042,5792.1132,497.33731,1.6966378
4447000.0,1789.1341,5812.1158,3947.4605,249.91342,106.89119,106.89119,106.89119,5881.4892,5782.6662,5772.192,496.85643,1.6966378
4448000.0,1745.8623,5800.8136,3991.6189,252.70908,106.89119,106.89119,106.89119,5847.5692,5783.5631,5771.3084,491.74852,1.6966378
4449000.0,1898.8526,5829.8304,3922.9522,248.3618,106.89119,106.89119,106.89119,5864.0887,5796.8303,5828.5723,493.8026,1.6966378
4450000.0,1817.344,5798.9928,3920.3124,248.19467,106.89119,106.89119,106.89119,5872.814,5730.0817,5794.0826,488.98826,1.6966378
4451000.0,1837.2136,5833.5256,3940.9935,249.50399,106.89119,106.89119,106.89119,5855.8373,5795.5275,5849.2119,485.19787,1.6966378
4452000.0,1837.2127,5810.277,3896.8014,246.70619,106.89119,106.89119,106.89119,5858.1169,5787.2284,5785.4858,482.50054,1.6966378
4453000.0,1804.5686,5801.6095,3987.6475,252.45765,106.89119,106.89119,106.89119,5841.17,5791.1461,5772.5125,490.28272,1.6966378
4454000.0,1759.2747,5802.9072,3957.8365,250.57032,106.89119,106.89119,106.89119,5854.702,5800.9047,5753.1148,495.73139,1.6966378
4455000.0,1735.1937,5806.35,3895.5036,246.62403,106.89119,106.89119,106.89119,5844.7245,5826.3345,5747.991,486.41983,1.6966378
4456000.0,1845.2346,5838.5941,3970.7686,251.38905,106.89119,106.89119,106.89119,5874.6801,5829.178,5811.9241,488.82157,1.6966378
4457000.0,1891.7683,5804.2666,3997.6411,253.09034,106.89119,106.89119,106.89119,5807.7914,5787.9831,5817.0255,497.94021,1.6966378
4458000.0,1769.7852,5809.9056,3951.8324,250.1902,106.89119,106.89119,106.89119,5820.6149,5806.0566,5803.0454,495.3686,1.6966378
4459000.0,1809.0319,5797.95,3956.902,250.51116,106.89119,106.89119,106.89119,5803.1485,5793.8887,5796.8129,491.76055,1.6966378
4460000.0,1854.8502,5839.1402,3932.5227,248.96771,106.89119,106.89119,106.89119,5879.5379,5792.4281,5845.4547,499.54071,1.6966378
4461000.0,1785.6751,5785.0459,3832.1711,242.61446,106.89119,106.89119,106.89119,5825.2208,5772.9619,5756.9549,498.64553,1.6966378
4462000.0,1814.2766,5818.316,3929.4978,248.7762,106.89119,106.89119,106.89119,5857.6496,5748.7373,5848.561,501.15455,1.6966378
4463000.0,1849.9842,5800.1665,3929.5488,248.77943,106.89119,106.89119,106.89119,5859.736,5765.4552,5775.3084,487.3226,1.6966378
4464000.0,1679.4526,5756.599,3886.75,246.06984,106.89119,106.89119,106.89119,5742.4391,5742.7714,5784.5866,505.71912,1.6966378
4465000.0,1789.7856,5783.9053,3986.0601,252.35715,106.89119,106.89119,106.89119,5793.3339,5757.976,5800.4061,496.00672,1.6966378
4466000.0,1793.9783,5802.5651,3928.6443,248.72216,106.89119,106.89119,106.89119,5817.1357,5803.7979,5786.7618,492.72927,1.6966378
4467000.0,1644.1197,5773.7301,3995.1043,252.92974,106.89119,106.89119,106.89119,5802.156,5758.9092,5760.125,496.33337,1.6966378
4468000.0,1847.1071,5822.8166,3940.0026,249.44126,106.89119,106.89119,106.89119,5893.097,5780.8489,5794.5038,489.68793,1.6966378
4469000.0,1864.3382,5834.7149,4002.8724,253.42154,106.89119,106.89119,106.89119,5870.4472,5835.4888,5798.2088,490.5395,1.6966378
4470000.0,1826.3462,5810.5589,3957.9124,250.57512,106.89119,106.89119,106.89119,5864.029,5810.4347,5757.213,476.50555,1.6966378
4471000.0,1752.5752,5806.2134,3965.2861,251.04196,106.89119,106.89119,106.89119,5769.822,5817.8896,5830.9287,496.01044,1.6966378
4472000.0,1803.2395,5815.8072,4044.5154,256.05795,106.89119,106.89119,106.89119,5883.5587,5828.019,5735.8439,480.34767,1.6966378
4473000.0,1795.7106,5790.9782,3863.8976,244.62306,106.89119,106.89119,106.89119,5852.257,5793.4005,5727.2771,461.47577,1.6966378
4474000.0,1725.2816,5776.5061,3942.7915,249.61782,106.89119,106.89119,106.89119,5828.6851,5762.881,5737.9521,490.70958,1.6966378
4475000.0,1825.5445,5800.136,3905.6383,247.26565,106.89119,106.89119,106.89119,5836.51,5816.5554,5747.3426,489.70353,1.6966378
4476000.0,1815.7208,5771.8264,3929.2207,248.75866,106.89119,106.89119,106.89119,5789.447,5822.7867,5703.2456,501.94628,1.6966378
4477000.0,1757.1397,5819.3512,3899.6643,246.88744,106.89119,106.89119,106.89119,5895.0247,5802.2925,5760.7364,501.39516,1.6966378
4478000.0,1698.2421,5781.5072,4007.2076,253.696,106.89119,106.89119,106.89119,5815.323,5780.4742,5748.7243,493.4471,1.6966378
4479000.0,1787.1386,5812.9916,3914.4703,247.82481,106.89119,106.89119,106.89119,5885.0283,5799.4556,5754.4909,498.2162,1.6966378
4480000.0,1824.6881,5800.7066,3954.4671,250.35701,106.89119,106.89119,106.89119,5880.2475,5766.7191,5755.1533,497.1406,1.6966378
4481000.0,1853.8753,5817.4595,3862.7724,244.55182,106.89119,106.89119,106.89119,5823.4515,5821.1052,5807.8218,495.6684,1.6966378
4482000.0,1794.3538,5795.0959,3993.2722,252.81375,106.89119,106.89119,106.89119,5870.9196,5786.4963,5727.8719,492.39874,1.6966378
4483000.0,1856.079,5803.2988,3896.7086,246.70032,106.89119,106.89119,106.89119,5817.1024,5813.7945,5778.9996,495.68136,1.6966378
4484000.0,1769.7391,5809.6963,3947.1219,249.89198,106.89119,106.89119,106.89119,5848.3881,5799.9616,5780.7391,486.85893,1.6966378
4485000.0,1816.4663,5800.6592,4005.1855,253.56798,106.89119,106.89119,106.89119,5822.1916,5827.3111,5752.4749,489.94414,1.6966378
4486000.0,1730.6791,5767.3246,3854.3891,244.02107,106.89119,106.89119,106.89119,5850.0628,5732.1677,5719.7433,494.0177,1.6966378
4487000.0,1794.3887,5808.4307,4005.2484,253.57197,106.89119,106.89119,106.89119,5892.5653,5786.0865,5746.6404,492.65863,1.6966378
4488000.0,1840.2999,5818.1522,3986.5731,252.38963,106.89119,106.89119,106.89119,5805.6657,5870.6325,5778.1584,487.05037,1.6966378
4489000.0,1860.8586,5846.8818,3936.2628,249.20449,106.89119,106.89119,106.89119,5878.6534,5829.7885,5832.2033,485.39218,1.6966378
4490000.0,1766.3768,5791.9405,3894.8951,246.5855,106.89119,106.89119,106.89119,5824.4531,5749.3028,5802.0656,500.4108,1.6966378
4491000.0,1781.2044,5813.1518,3985.9211,252.34835,106.89119,106.89119,106.89119,5827.4302,5813.7675,5798.2577,501.40969,1.6966378
4492000.0,1829.7198,5801.3581,3945.8185,249.80946,106.89119,106.89119,106.89119,5843.6599,5785.4938,5774.9205,498.26133,1.6966378
4493000.0,1772.708,5782.0598,3861.0041,244.43987,106.89119,106.89119,106.89119,5824.9324,5813.9218,5707.3251,495.43396,1.6966378
4494000.0,1772.7946,5794.8315,3921.8541,248.29227,106.89119,106.89119,106.89119,5808.5379,5761.2385,5814.7181,489.98062,1.6966378
4495000.0,1737.4251,5794.4148,3983.3778,252.18734,106.89119,106.89119,106.89119,5868.0812,5745.7601,5769.4031,493.98083,1.6966378
4496000.0,1769.1762,5781.4718,3978.5124,251.87931,106.89119,106.89119,106.89119,5860.3691,5736.417,5747.6292,492.93327,1.6966378
4497000.0,1779.6771,5771.6886,3965.5803,251.06058,106.89119,106.89119,106.89119,5801.8461,5803.1942,5710.0256,496.64592,1.6966378
4498000.0,1739.7023,5783.3789,3992.3286,252.75401,106.89119,106.89119,106.89119,5870.6429,5746.9707,5732.523,496.69395,1.6966378
4499000.0,1840.9027,5802.949,4037.2576,255.59846,106.89119,106.89119,106.89119,5864.4397,5799.7785,5744.6288,489.6843,1.6966378
4500000.0,1724.095,5779.1541,3954.1459,250.33667,106.89119,106.89119,106.89119,5817.6562,5769.2915,5750.5146,495.14188,1.6966378
4501000.0,1791.8757,5817.0339,3915.8466,247.91194,106.89119,106.89119,106.89119,5926.6994,5762.3402,5762.062,497.0815,1.6966378
4502000.0,1718.8616,5807.8092,3975.547,251.69157,106.89119,106.89119,106.89119,5847.6588,5801.9494,5773.8194,490.99413,1.6966378
4503000.0,1775.2663,5784.1809,3867.1791,244.83081,106.89119,106.89119,106.89119,5866.1195,5744.7903,5741.633,496.45528,1.6966378
4504000.0,1715.0214,5769.1234,4001.7112,253.34802,106.89119,106.89119,106.89119,5793.7437,5745.1431,5768.4836,477.43554,1.6966378
4505000.0,1758.1958,5794.7766,3943.5648,249.66678,106.89119,106.89119,106.89119,5790.2241,5858.4156,5735.6902,496.04794,1.6966378
4506000.0,1825.4262,5793.9649,3966.9094,251.14473,106.89119,106.89119,106.89119,5845.9776,5771.0728,5764.8441,493.80635,1.6966378
4507000.0,1768.8808,5807.9456,3925.5331,248.5252,106.89119,106.89119,106.89119,5870.5279,5807.3968,5745.9122,499.65698,1.6966378
4508000.0,1797.7619,5801.2441,3916.2467,247.93727,106.89119,106.89119,106.89119,5820.1577,5773.0087,5810.5658,501.64781,1.6966378
4509000.0,1727.4488,5767.6657,3927.0069,248.6185,106.89119,106.89119,106.89119,5835.3473,5753.2872,5714.3626,499.65809,1.6966378
4510000.0,1795.878,5788.5437,3881.1668,245.71637,106.89119,106.89119,106.89119,5836.5456,5807.6162,5721.4692,494.58182,1.6966378
4511000.0,1718.3656,5792.3716,3921.4781,248.26848,106.89119,106.89119,106.89119,5877.1228,5779.2287,5720.7633,495.48503,1.6966378
4512000.0,1792.1358,5816.224,3923.4166,248.3912,106.89119,106.89119,106.89119,5817.6713,5796.1131,5834.8876,494.85574,1.6966378
4513000.0,1871.9878,5828.8957,3929.9472,248.80465,106.89119,106.89119,106.89119,5906.1438,5801.0464,5779.4968,494.96135,1.6966378
4514000.0,1787.5356,5790.4142,3968.6962,251.25784,106.89119,106.89119,106.89119,5855.0858,5759.0909,5757.0659,494.32983,1.6966378
4515000.0,1835.5586,5843.0038,4007.1004,253.68922,106.89119,106.89119,106.89119,5897.9984,5794.7086,5836.3043,495.85413,1.6966378
4516000.0,1766.8874,5803.6168,3951.5655,250.17331,106.89119,106.89119,106.89119,5842.1796,5810.3611,5758.3097,498.04458,1.6966378
4517000.0,1793.6272,5821.8338,3921.9166,248.29623,106.89119,106.89119,106.89119,5872.44,5818.7775,5774.2838,493.52208,1.6966378
4518000.0,1857.1188,5827.1486,4016.9506,254.31283,106.89119,106.89119,106.89119,5903.7697,5774.1704,5803.5058,490.19221,1.6966378
4519000.0,1746.1625,5799.2316,3934.5167,249.09395,106.89119,106.89119,106.89119,5833.177,5788.1691,5776.3486,493.69998,1.6966378
4520000.0,1803.7976,5779.8484,4002.0628,253.37029,106.89119,106.89119,106.89119,5817.9557,5756.5375,5765.052,485.00602,1.6966378
4521000.0,1790.1669,5788.0505,3904.7795,247.21129,106.89119,106.89119,106.89119,5762.9637,5810.942,5790.2459,495.25448,1.6966378
4522000.0,1754.6524,5792.1097,3882.2476,245.78479,106.89119,106.89119,106.89119,5880.4633,5751.7627,5744.1031,494.18614,1.6966378
4523000.0,1718.1648,5751.4432,4002.5922,253.4038,106.89119,106.89119,106.89119,5850.2838,5698.0602,5705.9858,499.45082,1.6966378
4524000.0,1818.2465,5826.3854,3972.9845,251.52934,106.89119,106.89119,106.89119,5846.5449,5791.8553,5840.7559,500.22102,1.6966378
4525000.0,1753.7875,5773.1803,3978.6802,251.88993,106.89119,106.89119,106.89119,5852.6084,5725.593,5741.3396,495.21521,1.6966378
4526000.0,1817.6813,5805.256,3956.7209,250.49969,106.89119,106.89119,106.89119,5885.9736,5747.5877,5782.2067,493.50332,1.6966378
4527000.0,1720.4472,5758.3737,3917.0711,247.98946,106.89119,106.89119,106.89119,5823.2108,5740.0237,5711.8864,495.03964,1.6966378
4528000.0,1815.3502,5819.49,3914.5123,247.82747,106.89119,106.89119,106.89119,5877.274,5787.6903,5793.5057,504.76468,1.6966378
4529000.0,1801.1608,5780.489,3927.3729,248.64168,106.89119,106.89119,106.89119,5857.9402,5726.3516,5757.1751,501.27729,1.6966378
4530000.0,1838.8086,5818.383,3953.9136,250.32196,106.89119,106.89119,106.89119,5940.5639,5777.1639,5737.4211,496.47469,1.6966378
4531000.0,1852.7081,5814.13,4003.5034,253.46149,106.89119,106.89119,106.89119,5850.2836,5730.4214,5861.685,501.90805,1.6966378
4532000.0,1732.4425,5767.3409,4124.5754,261.12655,106.89119,106.89119,106.89119,5787.2983,5712.2603,5802.464,491.64753,1.6966378
4533000.0,1772.3779,5784.3145,3911.2247,247.61933,106.89119,106.89119,106.89119,5855.4822,5739.961,5757.5005,497.54403,1.6966378
4534000.0,1848.5433,5805.0484,3960.136,250.7159,106.89119,106.89119,106.89119,5829.3262,5827.5618,5758.257,502.70241,1.6966378
4535000.0,1726.5342,5769.2033,3992.8606,252.78769,106.89119,106.89119,106.89119,5850.1901,5722.9307,5734.4891,495.71852,1.6966378
4536000.0,1828.9502,5800.119,3950.4955,250.10556,106.89119,106.89119,106.89119,5835.3948,5748.5316,5816.4307,501.945,1.6966378
4537000.0,1767.515,5829.1209,4004.2098,253.50621,106.89119,106.89119,106.89119,5821.7097,5856.8717,5808.7812,504.28698,1.6966378
4538000.0,1756.2893,5781.4856,4003.9046,253.48689,106.89119,106.89119,106.89119,5825.209,5751.9116,5767.3362,501.64708,1.6966378
4539000.0,1821.4476,5809.4861,4043.0544,255.96546,106.89119,106.89119,106.89119,5905.251,5691.7349,5831.4724,504.34534,1.6966378
4540000.0,1774.1165,5799.9816,3905.196,247.23765,106.89119,106.89119,106.89119,5823.9227,5781.2951,5794.727,502.6423,1.6966378
4541000.0,1754.604,5747.5923,3943.434,249.6585,106.89119,106.89119,106.89119,5790.0844,5707.7143,5744.9783,500.49095,1.6966378
4542000.0,1742.1307,5780.807,3944.5868,249.73148,106.89119,106.89119,106.89119,5780.6585,5813.5134,5748.2492,495.24173,1.6966378
4543000.0,1836.487,5795.7676,3911.1294,247.6133,106.89119,106.89119,106.89119,5810.0167,5782.0298,5795.2565,498.62229,1.6966378
4544000.0,1810.848,5786.6087,3961.4478,250.79895,106.89119,106.89119,106.89119,5869.0957,5753.0541,5737.6762,497.37276,1.6966378
4545000.0,1846.4267,5817.6886,3943.4783,249.6613,106.89119,106.89119,106.89119,5825.7196,5795.6369,5831.7092,491.92804,1.6966378
4546000.0,1801.2138,5794.1027,4048.0762,256.28339,106.89119,106.89119,106.89119,5849.8738,5762.1165,5770.3179,490.80675,1.6966378
4547000.0,1744.2576,5779.4186,4013.4579,254.0917,106.89119,106.89119,106.89119,5811.9757,5770.0997,5756.1805,493.70816,1.6966378
4548000.0,1753.7478,5806.1823,3982.9172,252.15818,106.89119,106.89119,106.89119,5794.7617,5797.3179,5826.4674,497.77897,1.6966378
4549000.0,1781.0823,5779.1657,3968.4944,251.24507,106.89119,106.89119,106.89119,5863.0862,5712.0642,5762.3467,489.46607,1.6966378
4550000.0,1722.105,5778.0581,3964.0603,250.96435,106.89119,106.89119,106.89119,5847.6625,5733.9751,5752.5368,498.20858,1.6966378
4551000.0,1773.4397,5798.992,3962.9378,250.89328,106.89119,106.89119,106.89119,5858.9015,5782.1521,5755.9223,484.90023,1.6966378
4552000.0,1786.5014,5807.9561,3946.521,249.85394,106.89119,106.89119,106.89119,5930.1777,5690.6696,5803.0211,501.0919,1.6966378
4553000.0,1841.6809,5829.6431,4018.2553,254.39543,106.89119,106.89119,106.89119,5874.8794,5805.6062,5808.4436,501.82742,1.6966378
4554000.0,1769.211,5812.5262,3889.657,246.25388,106.89119,106.89119,106.89119,5891.0556,5741.5505,5804.9724,503.29238,1.6966378
4555000.0,1848.1696,5824.2352,3940.3185,249.46125,106.89119,106.89119,106.89119,5912.0746,5778.7133,5781.9177,502.42568,1.6966378
4556000.0,1819.0165,5797.3997,3919.1022,248.11805,106.89119,106.89119,106.89119,5865.5701,5729.241,5797.3881,493.37986,1.6966378
4557000.0,1838.5638,5796.8272,3947.3471,249.90624,106.89119,106.89119,106.89119,5895.5516,5751.5642,5743.3657,496.46925,1.6966378
4558000.0,1768.3617,5783.9855,3979.9447,251.96999,106.89119,106.89119,106.89119,5798.8602,5781.211,5771.8852,495.12211,1.6966378
4559000.0,1733.5965,5804.8793,3914.6866,247.8385,106.89119,106.89119,106.89119,5907.5167,5739.1588,5767.9623,502.84383,1.6966378
4560000.0,1814.1743,5819.7201,3946.5738,249.85728,106.89119,106.89119,106.89119,5880.697,5781.5187,5796.9446,503.80319,1.6966378
4561000.0,1690.4188,5785.9608,3966.2222,251.10122,106.89119,106.89119,106.89119,5817.4139,5758.5079,5781.9608,500.87536,1.6966378
4562000.0,1829.011,5791.6654,3978.7637,251.89522,106.89119,106.89119,106.89119,5822.0814,5764.9499,5787.965,500.59988,1.6966378
4563000.0,1821.764,5798.3415,3949.4079,250.03671,106.89119,106.89119,106.89119,5842.7299,5776.7055,5775.5891,491.6716,1.6966378
4564000.0,1863.5773,5810.0525,3973.1016,251.53675,106.89119,106.89119,106.89119,5833.0406,5732.372,5864.7447,500.56015,1.6966378
4565000.0,1845.259,5841.7492,3996.9317,253.04544,106.89119,106.89119,106.89119,5886.978,5853.8499,5784.4196,489.10644,1.6966378
4566000.0,1795.2265,5810.3337,3914.603,247.83321,106.89119,106.89119,106.89119,5879.0603,5771.3665,5780.5743,488.4186,1.6966378
4567000.0,1835.6161,5822.8787,3983.4065,252.18916,106.89119,106.89119,106.89119,5879.3627,5764.9691,5824.3044,495.17763,1.6966378
4568000.0,1807.1726,5808.6804,3950.3764,250.09802,106.89119,106.89119,106.89119,5949.0493,5730.4537,5746.5384,489.60174,1.6966378
4569000.0,1759.0451,5791.8022,3893.3689,246.48888,106.89119,106.89119,106.89119,5845.1833,5765.843,5764.3804,490.52041,1.6966378
4570000.0,1812.8972,5822.0818,3966.7551,251.13496,106.89119,106.89119,106.89119,5836.2279,5816.7059,5813.3116,498.46113,1.6966378
4571000.0,1772.306,5782.6229,3931.2714,248.88849,106.89119,106.89119,106.89119,5823.6346,5813.4264,5710.8076,500.23715,1.6966378
4572000.0,1788.0155,5792.0262,3885.7177,246.00449,106.89119,106.89119,106.89119,5875.6435,5768.635,5731.8,494.25645,1.6966378
4573000.0,1757.2216,5794.2462,4021.6112,254.60789,106.89119,106.89119,106.89119,5843.6909,5746.591,5792.4568,492.38974,1.6966378
4574000.0,1796.5187,5766.9932,3995.549,252.9579,106.89119,106.89119,106.89119,5825.1319,5735.0757,5740.772,499.96401,1.6966378
4575000.0,1785.4791,5772.9806,3879.2157,245.59284,106.89119,106.89119,106.89119,5816.0143,5775.1069,5727.8207,499.30516,1.6966378
4576000.0,1729.8856,5772.0069,3992.9777,252.79511,106.89119,106.89119,106.89119,5846.9451,5698.2398,5770.8359,498.55038,1.6966378
4577000.0,1774.5909,5829.3109,4005.6632,253.59823,106.89119,106.89119,106.89119,5835.2693,5828.0913,5824.5721,495.92872,1.6966378
4578000.0,1861.9458,5820.8139,3965.1346,251.03236,106.89119,106.89119,106.89119,5870.8295,5820.496,5771.1163,497.40794,1.6966378
4579000.0,1785.4683,5799.4332,3941.6441,249.54518,106.89119,106.89119,106.89119,5870.149,5775.3727,5752.7779,498.87936,1.6966378
4580000.0,1810.5114,5812.7566,3920.2068,248.18799,106.89119,106.89119,106.89119,5905.8064,5764.5503,5767.9131,492.66188,1.6966378
4581000.0,1814.0869,5807.1391,3995.0253,252.92474,106.89119,106.89119,106.89119,5834.3988,5816.6744,5770.344,498.56412,1.6966378
4582000.0,1809.9993,5789.4556,3895.5227,246.62524,106.89119,106.89119,106.89119,5851.4096,5757.0401,5759.9172,500.05396,1.6966378
4583000.0,1787.32,5807.6386,3949.5511,250.04577,106.89119,106.89119,106.89119,5858.7625,5799.8182,5764.335,488.13223,1.6966378
4584000.0,1772.6585,5785.7615,3993.4934,252.82776,106.89119,106.89119,106.89119,5878.2512,5693.202,5785.8313,496.28125,1.6966378
4585000.0,1778.3782,5807.5479,3906.898,247.34541,106.89119,106.89119,106.89119,5826.1338,5841.8741,5754.6357,492.34481,1.6966378
4586000.0,1817.1335,5797.4019,3931.0074,248.87177,106.89119,106.89119,106.89119,5866.6544,5789.7337,5735.8177,489.35846,1.6966378
4587000.0,1763.1013,5778.7904,3959.2865,250.66212,106.89119,106.89119,106.89119,5861.0197,5774.5356,5700.8159,494.26472,1.6966378
4588000.0,1809.6346,5801.647,3853.086,243.93858,106.89119,106.89119,106.89119,5760.3525,5846.1839,5798.4045,492.73712,1.6966378
4589000.0,1814.4365,5791.0589,3952.3014,250.21989,106.89119,106.89119,106.89119,5789.4992,5796.311,5787.3666,495.80793,1.6966378
4590000.0,1722.4839,5788.7978,3942.1648,249.57815,106.89119,106.89119,106.89119,5875.9225,5729.1774,5761.2936,492.11025,1.6966378
4591000.0,1751.596,5776.2126,3898.8078,246.83322,106.89119,106.89119,106.89119,5802.3672,5778.7117,5747.5587,499.60745,1.6966378
4592000.0,1859.2481,5799.3517,4038.8065,255.69652,106.89119,106.89119,106.89119,5829.2177,5749.3891,5819.4483,493.90804,1.6966378
4593000.0,1704.5975,5799.0893,3974.1866,251.60544,106.89119,106.89119,106.89119,5876.2747,5767.6162,5753.377,499.29159,1.6966378
4594000.0,1809.7881,5804.7054,4036.2891,255.53715,106.89119,106.89119,106.89119,5872.4111,5784.0702,5757.6351,500.86217,1.6966378
4595000.0,1775.198,5798.7996,3977.3857,251.80798,106.89119,106.89119,106.89119,5900.6754,5770.1486,5725.5748,496.07791,1.6966378
4596000.0,1840.6533,5831.2328,3971.1068,251.41046,106.89119,106.89119,106.89119,5918.3149,5794.5153,5780.8683,497.07051,1.6966378
4597000.0,1803.0499,5778.8818,3968.6286,251.25357,106.89119,106.89119,106.89119,5855.1703,5729.7644,5751.7107,501.72536,1.6966378
4598000.0,1805.4249,5816.4986,3967.5723,251.18669,106.89119,106.89119,106.89119,5915.481,5777.8544,5756.1605,502.54755,1.6966378
4599000.0,1834.4101,5811.9047,3986.608,252.39184,106.89119,106.89119,106.89119,5904.9551,5792.8231,5737.9361,501.18616,1.6966378
4600000.0,1816.0262,5807.8349,3972.1267,251.47503,106.89119,106.89119,106.89119,5875.5634,5799.9598,5747.9814,489.37499,1.6966378
4601000.0,1829.8572,5797.4848,4041.292,255.85388,106.89119,106.89119,106.89119,5899.9575,5761.6811,5730.8158,487.13823,1.6966378
4602000.0,1872.7367,5829.959,3978.6021,251.88499,106.89119,106.89119,106.89119,5861.8382,5791.301,5836.7377,483.73839,1.6966378
4603000.0,1870.981,5827.1854,4010.1245,253.88067,106.89119,106.89119,106.89119,5886.7293,5834.8531,5759.9739,492.89432,1.6966378
4604000.0,1881.4337,5830.1347,3942.2652,249.5845,106.89119,106.89119,106.89119,5917.318,5842.5557,5730.5303,497.60128,1.6966378
4605000.0,1778.0686,5814.4651,4018.4334,254.40671,106.89119,106.89119,106.89119,5846.4715,5824.8477,5772.076,501.03949,1.6966378
4606000.0,1822.7666,5831.2423,3937.1248,249.25906,106.89119,106.89119,106.89119,5942.6744,5766.6903,5784.3624,500.38501,1.6966378
4607000.0,1793.8499,5792.0179,3993.9815,252.85866,106.89119,106.89119,106.89119,5882.1337,5795.2731,5698.6467,495.28532,1.6966378
4608000.0,1823.0945,5819.5983,3944.1666,249.70488,106.89119,106.89119,106.89119,5895.2702,5787.3394,5776.1852,498.27627,1.6966378
4609000.0,1745.9924,5781.2374,3889.263,246.22894,106.89119,106.89119,106.89119,5824.1827,5765.7372,5753.7923,491.48342,1.6966378
4610000.0,1786.9985,5790.6962,3849.9663,243.74106,106.89119,106.89119,106.89119,5827.7225,5761.2644,5783.1017,491.25918,1.6966378
4611000.0,1790.6102,5775.925,4038.0117,255.6462,106.89119,106.89119,106.89119,5827.1362,5787.3999,5713.239,506.76493,1.6966378
4612000.0,1792.7831,5807.8213,3959.4134,250.67015,106.89119,106.89119,106.89119,5834.5719,5820.4143,5768.4777,499.98367,1.6966378
4613000.0,1745.8532,5784.086,3923.0731,248.36945,106.89119,106.89119,106.89119,5864.3391,5747.1716,5740.7472,500.90449,1.6966378
4614000.0,1809.6837,5840.9947,3942.8583,249.62205,106.89119,106.89119,106.89119,5852.1399,5845.2248,5825.6192,491.3592,1.6966378
4615000.0,1689.9574,5762.1092,3908.2461,247.43075,106.89119,106.89119,106.89119,5856.8385,5745.4368,5684.0523,503.02479,1.6966378
4616000.0,1778.5622,5796.1949,3953.9495,250.32423,106.89119,106.89119,106.89119,5853.601,5827.6955,5707.2883,497.04727,1.6966378
4617000.0,1762.1361,5790.7736,4031.5792,255.23897,106.89119,106.89119,106.89119,5855.9628,5790.973,5725.3851,497.12377,1.6966378
4618000.0,1788.7883,5799.6175,3942.1774,249.57894,106.89119,106.89119,106.89119,5749.841,5822.2696,5826.7419,493.57866,1.6966378
4619000.0,1823.2273,5841.9127,3959.817,250.6957,106.89119,106.89119,106.89119,5931.278,5815.8185,5778.6418,490.15162,1.6966378
4620000.0,1789.8308,5809.8224,3979.9982,251.97338,106.89119,106.89119,106.89119,5801.4356,5815.6531,5812.3784,495.33718,1.6966378
4621000.0,1874.3336,5804.112,3876.9491,245.44935,106.89119,106.89119,106.89119,5843.352,5792.8439,5776.14,503.08581,1.6966378
4622000.0,1816.3641,5814.9049,3986.1811,252.36481,106.89119,106.89119,106.89119,5877.7924,5806.6305,5760.2918,496.28326,1.6966378
4623000.0,1820.4013,5821.7807,3928.6944,248.72534,106.89119,106.89119,106.89119,5870.9361,5839.4462,5754.9597,497.81215,1.6966378
4624000.0,1821.7245,5797.2474,3923.6787,248.40779,106.89119,106.89119,106.89119,5877.4662,5779.5212,5734.7547,498.01562,1.6966378
4625000.0,1813.8673,5823.6597,3886.3438,246.04412,106.89119,106.89119,106.89119,5895.0153,5824.0007,5751.9631,501.37769,1.6966378
4626000.0,1827.0118,5838.174,3999.3524,253.19869,106.89119,106.89119,106.89119,5924.5761,5805.6445,5784.3016,499.1247,1.6966378
4627000.0,1752.624,5802.7007,3924.1147,248.4354,106.89119,106.89119,106.89119,5855.5791,5786.8288,5765.6942,484.1608,1.6966378
4628000.0,1712.0049,5803.7517,3910.2045,247.55474,106.89119,106.89119,106.89119,5858.3986,5821.1116,5731.7449,494.69412,1.6966378
4629000.0,1753.9895,5788.7499,3913.0904,247.73745,106.89119,106.89119,106.89119,5819.6267,5758.6525,5787.9705,499.69825,1.6966378
4630000.0,1761.1799,5781.91,3933.8832,249.05384,106.89119,106.89119,106.89119,5857.2115,5794.6858,5693.8327,497.2371,1.6966378
4631000.0,1685.9275,5791.4834,3996.3314,253.00743,106.89119,106.89119,106.89119,5850.8389,5765.2396,5758.3717,500.02186,1.6966378
4632000.0,1810.6565,5792.3546,3925.0021,248.49158,106.89119,106.89119,106.89119,5848.7805,5799.9639,5728.3194,499.46061,1.6966378
4633000.0,1746.2822,5770.0226,3917.1838,247.9966,106.89119,106.89119,106.89119,5872.7518,5739.4222,5697.8939,492.91512,1.6966378
4634000.0,1809.9153,5816.852,3822.7208,242.01615,106.89119,106.89119,106.89119,5834.3844,5884.6818,5731.4898,497.35537,1.6966378
4635000.0,1782.249,5805.4626,3958.7165,250.62603,106.89119,106.89119,106.89119,5862.274,5801.2803,5752.8334,496.55362,1.6966378
4636000.0,1831.5942,5819.9025,4046.6317,256.19194,106.89119,106.89119,106.89119,5848.7345,5847.1072,5763.8657,497.99746,1.6966378
4637000.0,1845.6943,5802.9041,3877.951,245.51278,106.89119,106.89119,106.89119,5832.0346,5791.6507,5785.0271,491.97597,1.6966378
4638000.0,1811.1981,5815.1782,3987.4599,252.44578,106.89119,106.89119,106.89119,5832.9874,5786.6077,5825.9394,490.74194,1.6966378
4639000.0,1807.8568,5814.1933,3930.4264,248.83499,106.89119,106.89119,106.89119,5860.4618,5844.126,5737.9921,489.88849,1.6966378
4640000.0,1824.2275,5827.5491,3982.8661,252.15494,106.89119,106.89119,106.89119,5834.933,5796.3398,5851.3744,495.26093,1.6966378
4641000.0,1818.187,5810.4929,3927.9404,248.6776,106.89119,106.89119,106.89119,5846.7566,5770.543,5814.179,495.14863,1.6966378
4642000.0,1714.4278,5792.9115,4015.0888,254.19496,106.89119,106.89119,106.89119,5821.2861,5816.8425,5740.6061,489.50721,1.6966378
4643000.0,1810.1894,5799.588,3894.7488,246.57625,106.89119,106.89119,106.89119,5847.3284,5760.5034,5790.9322,502.90821,1.6966378
4644000.0,1820.1833,5796.2185,3870.1371,245.01808,106.89119,106.89119,106.89119,5861.3213,5761.6059,5765.7282,500.51738,1.6966378
4645000.0,1783.7383,5799.0346,3955.8122,250.44216,106.89119,106.89119,106.89119,5839.1822,5738.0553,5819.8663,495.85305,1.6966378
4646000.0,1829.829,5818.6021,3908.2731,247.43246,106.89119,106.89119,106.89119,5841.0594,5877.4406,5737.3063,495.38391,1.6966378
4647000.0,1816.2512,5797.3407,3952.0517,250.20408,106.89119,106.89119,106.89119,5822.0599,5776.5467,5793.4156,494.84655,1.6966378
4648000.0,1728.5113,5799.1189,3974.1802,251.60504,106.89119,106.89119,106.89119,5867.522,5764.1821,5765.6527,507.44333,1.6966378
4649000.0,1905.8064,5856.0382,3989.6179,252.5824,106.89119,106.89119,106.89119,5881.6332,5837.4395,5849.042,498.31044,1.6966378
4650000.0,1776.0242,5788.2145,3952.0565,250.20439,106.89119,106.89119,106.89119,5853.574,5765.6554,5745.4143,494.99877,1.6966378
4651000.0,1838.7308,5808.3226,3965.8826,251.07972,106.89119,106.89119,106.89119,5889.0557,5783.8569,5752.0553,491.62797,1.6966378
4652000.0,1774.1665,5791.6945,3951.1188,250.14503,106.89119,106.89119,106.89119,5865.9179,5795.3888,5713.7767,495.7668,1.6966378
4653000.0,1797.3484,5843.0909,3904.6187,247.20111,106.89119,106.89119,106.89119,5894.59,5832.0804,5802.6023,498.87217,1.6966378
4654000.0,1751.5657,5822.3063,4065.2769,257.37236,106.89119,106.89119,106.89119,5876.9236,5789.9089,5800.0864,499.13081,1.6966378
4655000.0,1823.197,5807.7141,3975.8279,251.70935,106.89119,106.89119,106.89119,5809.5378,5787.1451,5826.4594,492.1252,1.6966378
4656000.0,1810.7312,5823.7264,3992.6114,252.77192,106.89119,106.89119,106.89119,5882.3228,5789.0461,5799.8103,498.62995,1.6966378
4657000.0,1771.2914,5794.8583,4022.1064,254.63925,106.89119,106.89119,106.89119,5837.6234,5726.1182,5820.8332,486.96118,1.6966378
4658000.0,1802.9808,5784.2986,3877.1043,245.45917,106.89119,106.89119,106.89119,5837.7176,5766.3337,5748.8444,500.56577,1.6966378
4659000.0,1840.772,5817.1248,4014.1477,254.13538,106.89119,106.89119,106.89119,5830.4403,5775.4571,5845.4769,503.79184,1.6966378
4660000.0,1757.8538,5770.2872,3940.4992,249.4727,106.89119,106.89119,106.89119,5771.0283,5752.4579,5787.3754,504.3805,1.6966378
4661000.0,1701.0878,5791.2617,3931.8214,248.92331,106.89119,106.89119,106.89119,5819.8487,5795.3754,5758.561,498.69299,1.6966378
4662000.0,1828.3364,5811.9292,4024.2451,254.77464,106.89119,106.89119,106.89119,5841.5271,5830.9285,5763.3321,503.07591,1.6966378
4663000.0,1788.1611,5814.1958,3933.6437,249.03867,106.89119,106.89119,106.89119,5901.1431,5778.1059,5763.3385,499.14047,1.6966378
4664000.0,1768.8119,5800.7398,3989.3531,252.56564,106.89119,106.89119,106.89119,5799.9746,5816.9117,5785.3331,502.63156,1.6966378
4665000.0,1746.1369,5779.2001,3980.8674,252.02841,106.89119,106.89119,106.89119,5834.3391,5758.3187,5744.9424,500.77208,1.6966378
4666000.0,1723.5114,5767.2445,4000.872,253.29489,106.89119,106.89119,106.89119,5809.8849,5779.7813,5712.0672,498.55144,1.6966378
4667000.0,1796.751,5806.3823,3970.5755,251.37683,106.89119,106.89119,106.89119,5906.2296,5782.1209,5730.7963,497.19985,1.6966378
4668000.0,1766.8903,5779.5196,3978.9427,251.90655,106.89119,106.89119,106.89119,5793.2249,5744.418,5800.9159,503.45816,1.6966378
4669000.0,1840.679,5819.436,3944.1095,249.70127,106.89119,106.89119,106.89119,5874.1689,5791.9955,5792.1437,497.82141,1.6966378
4670000.0,1827.6211,5851.1177,3936.4927,249.21904,106.89119,106.89119,106.89119,5896.5725,5849.3929,5807.3876,501.39931,1.6966378
4671000.0,1808.464,5781.0427,3996.3866,253.01092,106.89119,106.89119,106.89119,5826.5685,5748.1132,5768.4463,500.26472,1.6966378
4672000.0,1782.0013,5804.597,3920.6312,248.21486,106.89119,106.89119,106.89119,5812.3102,5822.1119,5779.369,501.27168,1.6966378
4673000.0,1775.1284,5796.3463,3976.4771,251.75046,106.89119,106.89119,106.89119,5839.2958,5783.079,5766.6642,503.15409,1.6966378
4674000.0,1813.0129,5804.5962,4008.1344,253.75467,106.89119,106.89119,106.89119,5847.2113,5763.0031,5803.5742,497.65643,1.6966378
4675000.0,1800.0986,5819.5863,3910.9937,247.60471,106.89119,106.89119,106.89119,5862.4418,5787.5138,5808.8032,497.88416,1.6966378
4676000.0,1863.5971,5841.0511,3942.3623,249.59065,106.89119,106.89119,106.89119,5919.6717,5792.8982,5810.5834,494.50618,1.6966378
4677000.0,1719.4855,5782.8328,3885.529,245.99254,106.89119,106.89119,106.89119,5831.9677,5773.9875,5742.5432,498.81073,1.6966378
4678000.0,1772.965,5805.195,3924.877,248.48366,106.89119,106.89119,106.89119,5853.5547,5798.9985,5763.0318,501.22688,1.6966378
4679000.0,1819.5522,5797.7846,3953.0386,250.26656,106.89119,106.89119,106.89119,5826.3776,5813.9908,5752.9855,495.58851,1.6966378
4680000.0,1801.6695,5803.2961,3935.4683,249.15419,106.89119,106.89119,106.89119,5901.8209,5769.2686,5738.799,493.72016,1.6966378
4681000.0,1797.556,5795.0507,3887.8643,246.14038,106.89119,106.89119,106.89119,5849.7572,5789.6553,5745.7397,498.37875,1.6966378
4682000.0,1862.0236,5842.1949,3935.4572,249.15349,106.89119,106.89119,106.89119,5807.7689,5863.562,5855.2539,496.86045,1.6966378
4683000.0,1753.3477,5778.9307,3976.7856,251.76998,106.89119,106.89119,106.89119,5748.7725,5756.3689,5831.6507,503.64978,1.6966378
4684000.0,1741.8818,5776.5204,3910.0801,247.54687,106.89119,106.89119,106.89119,5765.1194,5758.4132,5806.0286,504.07029,1.6966378
4685000.0,1807.6024,5814.6176,3920.1191,248.18244,106.89119,106.89119,106.89119,5846.7005,5792.216,5804.9363,511.07189,1.6966378
4686000.0,1817.2809,5828.4026,3947.3871,249.90877,106.89119,106.89119,106.89119,5943.7061,5806.2271,5735.2747,502.11583,1.6966378
4687000.0,1757.4813,5765.3673,3982.7736,252.14908,106.89119,106.89119,106.89119,5793.0718,5746.1403,5756.8897,504.0979,1.6966378
4688000.0,1777.5107,5806.7696,3905.6436,247.26599,106.89119,106.89119,106.89119,5833.9872,5799.4496,5786.872,510.28206,1.6966378
4689000.0,1797.2002,5797.1832,3879.2467,245.5948,106.89119,106.89119,106.89119,5828.473,5827.7984,5735.2784,507.83993,1.6966378
4690000.0,1743.9935,5770.3501,4000.6141,253.27856,106.89119,106.89119,106.89119,5747.4712,5780.3716,5783.2075,499.7711,1.6966378
4691000.0,1774.8907,5808.2748,3941.567,249.5403,106.89119,106.89119,106.89119,5864.3672,5848.0958,5712.3615,496.86973,1.6966378
4692000.0,1810.0821,5804.5225,4059.1238,256.98281,106.89119,106.89119,106.89119,5886.309,5796.6649,5730.5934,500.22415,1.6966378
4693000.0,1710.612,5793.8158,3931.0899,248.87699,106.89119,106.89119,106.89119,5817.7571,5758.5772,5805.1131,497.49259,1.6966378
4694000.0,1790.5237,5787.804,3960.1823,250.71883,106.89119,106.89119,106.89119,5853.9948,5821.2621,5688.1552,494.95368,1.6966378
4695000.0,1784.1947,5790.5276,4020.9088,254.56342,106.89119,106.89119,106.89119,5807.5976,5764.8017,5799.1834,500.78864,1.6966378
4696000.0,1797.2995,5791.2359,3904.4841,247.19259,106.89119,106.89119,106.89119,5791.1765,5826.4416,5756.0897,497.78332,1.6966378
4697000.0,1789.5856,5792.3028,3966.6473,251.12813,106.89119,106.89119,106.89119,5810.7998,5772.8601,5793.2484,499.62923,1.6966378
4698000.0,1793.3392,5810.7705,3907.5044,247.3838,106.89119,106.89119,106.89119,5832.2428,5809.8257,5790.2429,494.59656,1.6966378
4699000.0,1835.5438,5801.9546,4028.2511,255.02826,106.89119,106.89119,106.89119,5813.477,5830.6075,5761.7794,497.5845,1.6966378
4700000.0,1752.8857,5785.953,3964.0839,250.96584,106.89119,106.89119,106.89119,5816.0499,5791.4399,5750.3691,493.23207,1.6966378
4701000.0,1771.1477,5797.1116,4026.6858,254.92916,106.89119,106.89119,106.89119,5862.5421,5802.1838,5726.6089,488.03376,1.6966378
4702000.0,1813.2214,5803.9176,3968.57,251.24985,106.89119,106.89119,106.89119,5855.3857,5783.8911,5772.4759,505.88123,1.6966378
4703000.0,1820.0477,5790.5953,3903.472,247.12851,106.89119,106.89119,106.89119,5826.4104,5809.5083,5735.8672,505.02041,1.6966378
4704000.0,1873.8878,5831.0541,3946.9035,249.87815,106.89119,106.89119,106.89119,5849.6028,5885.7494,5757.81,497.36707,1.6966378
4705000.0,1767.6623,5771.2189,4042.371,255.92219,106.89119,106.89119,106.89119,5827.3881,5765.7082,5720.5606,499.2557,1.6966378
4706000.0,1723.9997,5784.8895,3923.1641,248.37521,106.89119,106.89119,106.89119,5823.2022,5765.3733,5766.093,497.89459,1.6966378
4707000.0,1752.958,5798.636,3919.0323,248.11363,106.89119,106.89119,106.89119,5784.1632,5810.4933,5801.2516,495.64717,1.6966378
4708000.0,1815.7413,5816.5134,3995.1109,252.93016,106.89119,106.89119,106.89119,5837.3044,5862.6194,5749.6163,498.6147,1.6966378
4709000.0,1751.6554,5764.7334,3887.9401,246.14518,106.89119,106.89119,106.89119,5774.0826,5775.4112,5744.7063,497.60254,1.6966378
4710000.0,1719.8532,5782.5752,3977.1108,251.79057,106.89119,106.89119,106.89119,5791.4855,5853.1838,5703.0562,498.73225,1.6966378
4711000.0,1717.722,5780.2065,3967.2666,251.16734,106.89119,106.89119,106.89119,5788.2512,5794.8793,5757.4889,506.22413,1.6966378
4712000.0,1813.8456,5800.8074,3950.0171,250.07528,106.89119,106.89119,106.89119,5832.8013,5827.1585,5742.4624,503.61971,1.6966378
4713000.0,1818.6677,5813.5725,3893.9678,246.5268,106.89119,106.89119,106.89119,5799.4878,5807.8865,5833.3431,500.44514,1.6966378
4714000.0,1785.3082,5818.5306,3959.9814,250.70612,106.89119,106.89119,106.89119,5901.8918,5816.907,5736.7929,499.65875,1.6966378
4715000.0,1732.1203,5818.5666,3935.5103,249.15685,106.89119,106.89119,106.89119,5879.3672,5819.8066,5756.5261,500.08328,1.6966378
4716000.0,1737.0196,5805.789,3947.8649,249.93902,106.89119,106.89119,106.89119,5825.2633,5827.9716,5764.1322,498.03832,1.6966378
4717000.0,1854.4368,5846.0625,4066.5028,257.44997,106.89119,106.89119,106.89119,5904.5332,5794.3252,5839.3291,493.59044,1.6966378
4718000.0,1833.1412,5828.653,3968.2638,251.23047,106.89119,106.89119,106.89119,5866.7933,5860.8108,5758.3548,495.7776,1.6966378
4719000.0,1799.6977,5815.013,3974.1005,251.59999,106.89119,106.89119,106.89119,5890.0636,5750.0335,5804.9418,498.02813,1.6966378
4720000.0,1800.8136,5822.4118,3924.7703,248.4769,106.89119,106.89119,106.89119,5847.8643,5865.5817,5753.7894,498.81356,1.6966378
4721000.0,1783.8633,5806.082,3954.7074,250.37222,106.89119,106.89119,106.89119,5871.4455,5799.1228,5747.6776,492.16556,1.6966378
4722000.0,1681.9366,5778.0696,3924.5522,248.46309,106.89119,106.89119,106.89119,5843.7211,5823.1928,5667.2949,493.20952,1.6966378
4723000.0,1801.676,5815.4463,3944.9614,249.7552,106.89119,106.89119,106.89119,5871.0454,5814.456,5760.8374,495.62343,1.6966378
4724000.0,1792.1542,5816.0032,3890.6573,246.31721,106.89119,106.89119,106.89119,5823.9098,5786.3324,5837.7674,496.17623,1.6966378
4725000.0,1725.8578,5780.1555,3934.5702,249.09733,106.89119,106.89119,106.89119,5836.1441,5736.1789,5768.1436,505.32873,1.6966378
4726000.0,1772.7781,5802.3473,3967.9148,251.20837,106.89119,106.89119,106.89119,5819.6564,5796.5617,5790.8239,503.31953,1.6966378
4727000.0,1749.5058,5780.3761,3852.5045,243.90176,106.89119,106.89119,106.89119,5779.7382,5781.7595,5779.6307,500.02219,1.6966378
4728000.0,1766.353,5789.3479,3979.2744,251.92755,106.89119,106.89119,106.89119,5832.7773,5784.8314,5750.435,498.53072,1.6966378
4729000.0,1781.7243,5798.446,3965.049,251.02694,106.89119,106.89119,106.89119,5835.3101,5814.0042,5746.0237,501.09018,1.6966378
4730000.0,1756.8015,5790.4722,3967.7716,251.19931,106.89119,106.89119,106.89119,5828.1545,5770.9396,5772.3224,496.43095,1.6966378
4731000.0,1872.6349,5843.7533,4015.2419,254.20465,106.89119,106.89119,106.89119,5901.7959,5809.4185,5820.0455,501.80873,1.6966378
4732000.0,1743.7888,5817.7049,3932.3013,248.95369,106.89119,106.89119,106.89119,5873.1273,5773.2753,5806.7123,497.30574,1.6966378
4733000.0,1734.6506,5799.4822,3980.8612,252.02801,106.89119,106.89119,106.89119,5845.8582,5771.2506,5781.3379,499.68638,1.6966378
4734000.0,1828.3825,5814.7501,3880.255,245.65864,106.89119,106.89119,106.89119,5882.0286,5788.4111,5773.8107,493.59188,1.6966378
4735000.0,1752.9822,5787.4133,3871.584,245.10968,106.89119,106.89119,106.89119,5800.9416,5808.7666,5752.5316,492.84697,1.6966378
4736000.0,1730.9011,5802.2167,3900.373,246.93231,106.89119,106.89119,106.89119,5842.1872,5809.765,5754.6978,488.08383,1.6966378
4737000.0,1756.59,5811.2611,3919.3658,248.13474,106.89119,106.89119,106.89119,5824.339,5812.4131,5797.0313,507.39892,1.6966378
4738000.0,1792.2191,5829.851,3963.0929,250.9031,106.89119,106.89119,106.89119,5851.879,5826.659,5811.0151,505.22288,1.6966378
4739000.0,1817.423,5832.9925,3974.1168,251.60102,106.89119,106.89119,106.89119,5854.3598,5871.1594,5773.4581,503.48457,1.6966378
4740000.0,1845.812,5821.3087,3898.7289,246.82823,106.89119,106.89119,106.89119,5927.7725,5824.579,5711.5747,500.69758,1.6966378
4741000.0,1811.6571,5823.6671,3961.6928,250.81446,106.89119,106.89119,106.89119,5903.8293,5780.7665,5786.4056,497.68806,1.6966378
4742000.0,1762.359,5779.9802,3880.0599,245.64629,106.89119,106.89119,106.89119,5821.7398,5727.9506,5790.2503,498.3481,1.6966378
4743000.0,1709.3266,5779.0495,3998.4286,253.14021,106.89119,106.89119,106.89119,5887.4484,5756.4271,5693.273,503.74774,1.6966378
4744000.0,1782.8185,5792.5247,3937.7763,249.30031,106.89119,106.89119,106.89119,5815.8404,5820.0397,5741.6941,502.22964,1.6966378
4745000.0,1711.3878,5784.4694,3987.6464,252.45758,106.89119,106.89119,106.89119,5837.8627,5779.9531,5735.5923,494.43936,1.6966378
4746000.0,1798.9312,5817.4138,3984.4728,252.25666,106.89119,106.89119,106.89119,5826.5128,5801.7587,5823.9699,484.96003,1.6966378
4747000.0,1805.8104,5786.6751,3854.3661,244.01961,106.89119,106.89119,106.89119,5785.2587,5765.1389,5809.6278,489.30726,1.6966378
4748000.0,1748.6938,5791.388,3984.0441,252.22952,106.89119,106.89119,106.89119,5828.2537,5771.7161,5774.1941,493.93313,1.6966378
4749000.0,1763.3582,5812.8101,3975.0998,251.66326,106.89119,106.89119,106.89119,5853.1741,5771.5981,5813.658,500.07536,1.6966378
4750000.0,1783.9193,5812.0612,3976.6877,251.76379,106.89119,106.89119,106.89119,5902.5558,5782.0031,5751.6246,498.03353,1.6966378
4751000.0,1757.5463,5798.377,3998.1849,253.12478,106.89119,106.89119,106.89119,5858.8186,5782.1078,5754.2046,497.88191,1.6966378
4752000.0,1705.1618,5785.7525,4008.13,253.7544,106.89119,106.89119,106.89119,5845.5117,5792.6047,5719.141,499.92487,1.6966378
4753000.0,1738.0768,5801.7393,3908.6413,247.45578,106.89119,106.89119,106.89119,5876.6829,5789.0964,5739.4386,500.01408,1.6966378
4754000.0,1812.0537,5778.5196,3904.7244,247.2078,106.89119,106.89119,106.89119,5859.4328,5735.294,5740.8321,503.46838,1.6966378
4755000.0,1821.4004,5806.9569,4018.2545,254.39538,106.89119,106.89119,106.89119,5842.1531,5760.2302,5818.4874,501.56461,1.6966378
4756000.0,1924.3144,5848.1616,3973.04,251.53285,106.89119,106.89119,106.89119,5952.0336,5823.2349,5769.2163,501.89476,1.6966378
4757000.0,1762.6158,5788.9486,3884.6782,245.93867,106.89119,106.89119,106.89119,5821.3621,5757.5502,5787.9336,494.04201,1.6966378
4758000.0,1762.3315,5776.6961,3953.7458,250.31134,106.89119,106.89119,106.89119,5831.8194,5739.4557,5758.8133,499.11054,1.6966378
4759000.0,1725.6446,5778.2533,4010.1392,253.8816,106.89119,106.89119,106.89119,5794.7048,5804.1364,5735.9186,497.29324,1.6966378
4760000.0,1809.8006,5812.3365,3969.7481,251.32445,106.89119,106.89119,106.89119,5895.2233,5783.2054,5758.5808,502.53417,1.6966378
4761000.0,1759.6818,5814.5539,4010.1242,253.88065,106.89119,106.89119,106.89119,5878.7024,5791.3877,5773.5715,498.32646,1.6966378
4762000.0,1791.368,5786.1867,3916.8495,247.97543,106.89119,106.89119,106.89119,5870.8721,5791.2363,5696.4517,503.58689,1.6966378
4763000.0,1795.4635,5817.0951,3934.5749,249.09763,106.89119,106.89119,106.89119,5882.8448,5805.6517,5762.7888,499.26841,1.6966378
4764000.0,1744.7709,5787.3937,3960.8682,250.76226,106.89119,106.89119,106.89119,5829.7657,5791.4496,5740.9657,501.84794,1.6966378
4765000.0,1808.013,5815.4839,3996.5159,253.01911,106.89119,106.89119,106.89119,5869.361,5778.2535,5798.8371,503.25171,1.6966378
4766000.0,1820.9634,5815.5849,3915.1854,247.87008,106.89119,106.89119,106.89119,5834.3132,5778.6065,5833.8349,502.91275,1.6966378
4767000.0,1809.1352,5825.4076,3939.1382,249.38653,106.89119,106.89119,106.89119,5840.1541,5829.754,5806.3147,499.47683,1.6966378
4768000.0,1775.3197,5800.8939,3935.6732,249.16716,106.89119,106.89119,106.89119,5846.1254,5732.5096,5824.0468,502.53971,1.6966378
4769000.0,1815.4778,5799.9494,3948.9786,250.00953,106.89119,106.89119,106.89119,5878.161,5780.0526,5741.6345,504.27911,1.6966378
4770000.0,1802.3997,5792.3143,3912.6347,247.7086,106.89119,106.89119,106.89119,5847.2224,5783.4063,5746.314,503.17842,1.6966378
4771000.0,1732.0279,5792.8674,3985.0755,252.29482,106.89119,106.89119,106.89119,5901.374,5776.5984,5700.6296,495.58494,1.6966378
4772000.0,1692.4061,5745.2078,3969.8453,251.3306,106.89119,106.89119,106.89119,5855.3096,5703.509,5676.8048,495.69301,1.6966378
4773000.0,1731.9541,5792.5838,3909.4847,247.50917,106.89119,106.89119,106.89119,5864.0933,5724.1499,5789.5082,502.95417,1.6966378
4774000.0,1680.5828,5762.6751,3959.102,250.65044,106.89119,106.89119,106.89119,5776.9919,5765.5868,5745.4467,505.12486,1.6966378
4775000.0,1871.6889,5827.8022,4024.5875,254.79632,106.89119,106.89119,106.89119,5869.8939,5790.4079,5823.1049,496.43385,1.6966378
4776000.0,1797.2381,5801.2708,3940.404,249.46667,106.89119,106.89119,106.89119,5852.0994,5782.5303,5769.1828,491.13019,1.6966378
4777000.0,1714.0382,5808.0932,4037.3037,255.60138,106.89119,106.89119,106.89119,5828.0969,5805.3261,5790.8566,489.88767,1.6966378
4778000.0,1734.951,5794.5832,3911.9249,247.66366,106.89119,106.89119,106.89119,5866.1806,5792.0719,5725.4971,500.94438,1.6966378
4779000.0,1790.6108,5813.7674,3971.9869,251.46618,106.89119,106.89119,106.89119,5814.4888,5857.2161,5769.5972,499.89511,1.6966378
4780000.0,1771.7065,5813.0773,3963.934,250.95635,106.89119,106.89119,106.89119,5814.8852,5858.6866,5765.6602,496.87198,1.6966378
4781000.0,1720.2051,5776.4028,3958.0255,250.58229,106.89119,106.89119,106.89119,5773.1462,5787.0218,5769.0403,495.12018,1.6966378
4782000.0,1804.8749,5806.9766,3940.7578,249.48907,106.89119,106.89119,106.89119,5884.0942,5831.9665,5704.8692,497.37443,1.6966378
4783000.0,1794.4165,5804.6473,3948.5427,249.98193,106.89119,106.89119,106.89119,5902.701,5810.7055,5700.5353,499.12274,1.6966378
4784000.0,1813.2118,5804.4587,3982.7799,252.14948,106.89119,106.89119,106.89119,5826.4275,5857.3783,5729.5703,496.3929,1.6966378
4785000.0,1696.9793,5760.204,3961.7143,250.81582,106.89119,106.89119,106.89119,5809.8736,5771.3912,5699.3471,494.07752,1.6966378
4786000.0,1840.6215,5816.4905,4019.9294,254.50142,106.89119,106.89119,106.89119,5891.1182,5830.0007,5728.3527,496.95883,1.6966378
4787000.0,1674.8373,5777.2721,3990.1728,252.61753,106.89119,106.89119,106.89119,5861.7244,5771.4922,5698.5998,495.81062,1.6966378
4788000.0,1825.8449,5816.0689,3938.927,249.37316,106.89119,106.89119,106.89119,5846.9098,5853.0629,5748.2339,501.50457,1.6966378
4789000.0,1849.5672,5815.2008,3942.4011,249.59311,106.89119,106.89119,106.89119,5880.3477,5790.6744,5774.5801,503.49829,1.6966378
4790000.0,1799.9001,5797.4295,3991.2639,252.68661,106.89119,106.89119,106.89119,5840.1583,5797.2885,5754.8419,504.02734,1.6966378
4791000.0,1781.3026,5805.5379,4052.0862,256.53726,106.89119,106.89119,106.89119,5865.9574,5793.5517,5757.1045,502.15414,1.6966378
4792000.0,1739.4219,5803.7807,3936.8956,249.24456,106.89119,106.89119,106.89119,5823.8334,5854.3745,5733.1342,501.43496,1.6966378
4793000.0,1768.5683,5798.5232,3971.0522,251.407,106.89119,106.89119,106.89119,5834.5398,5797.3892,5763.6407,502.84922,1.6966378
4794000.0,1820.8593,5827.7515,3951.8163,250.18918,106.89119,106.89119,106.89119,5845.2714,5854.5228,5783.4604,500.09818,1.6966378
4795000.0,1753.7552,5808.9725,4052.5263,256.56513,106.89119,106.89119,106.89119,5783.1663,5864.0964,5779.6549,502.41032,1.6966378
4796000.0,1774.6772,5806.8986,3937.2216,249.26519,106.89119,106.89119,106.89119,5855.5672,5808.6154,5756.5132,503.22176,1.6966378
4797000.0,1776.2959,5806.7333,3935.7038,249.1691,106.89119,106.89119,106.89119,5848.4038,5821.4211,5750.3752,499.63768,1.6966378
4798000.0,1709.3572,5766.9723,3911.5234,247.63824,106.89119,106.89119,106.89119,5890.9958,5707.9155,5702.0056,500.59615,1.6966378
4799000.0,1633.8233,5762.8912,3999.8697,253.23144,106.89119,106.89119,106.89119,5813.5658,5715.5303,5759.5776,503.58529,1.6966378
4800000.0,1746.3248,5805.9289,4000.3838,253.26399,106.89119,106.89119,106.89119,5829.2884,5784.6725,5803.8258,496.02343,1.6966378
4801000.0,1818.6857,5824.5393,3957.7781,250.56662,106.89119,106.89119,106.89119,5878.1053,5761.2827,5834.2299,498.5062,1.6966378
4802000.0,1817.8915,5792.9265,3992.7697,252.78194,106.89119,106.89119,106.89119,5814.4355,5813.369,5750.9749,501.21389,1.6966378
4803000.0,1713.0099,5808.4664,3964.1239,250.96837,106.89119,106.89119,106.89119,5890.9741,5738.0677,5796.3573,505.90996,1.6966378
4804000.0,1766.286,5790.8489,3956.0423,250.45673,106.89119,106.89119,106.89119,5850.0697,5758.1168,5764.36,500.13942,1.6966378
4805000.0,1761.5049,5809.7419,3962.091,250.83967,106.89119,106.89119,106.89119,5832.0176,5792.4768,5804.7313,498.3328,1.6966378
4806000.0,1828.9526,5806.0024,3976.1667,251.7308,106.89119,106.89119,106.89119,5827.011,5755.9707,5835.0255,509.67001,1.6966378
4807000.0,1739.014,5790.1587,3891.0037,246.33914,106.89119,106.89119,106.89119,5783.1975,5828.7299,5758.5488,502.20716,1.6966378
4808000.0,1827.7768,5821.9936,4024.3613,254.782,106.89119,106.89119,106.89119,5824.9771,5808.6141,5832.3895,495.67752,1.6966378
4809000.0,1740.9201,5778.9564,3941.2039,249.51731,106.89119,106.89119,106.89119,5790.8571,5764.5989,5781.4132,501.38662,1.6966378
4810000.0,1782.9397,5819.4816,3906.3198,247.3088,106.89119,106.89119,106.89119,5846.3095,5854.0978,5758.0375,501.64695,1.6966378
4811000.0,1756.2232,5807.5419,4012.4335,254.02685,106.89119,106.89119,106.89119,5838.9141,5792.3904,5791.3211,495.99576,1.6966378
4812000.0,1761.6813,5792.4689,3989.4197,252.56985,106.89119,106.89119,106.89119,5858.3604,5813.5473,5705.4989,496.45209,1.6966378
4813000.0,1773.7179,5794.4154,3927.2123,248.6315,106.89119,106.89119,106.89119,5870.3426,5783.8312,5729.0723,499.16229,1.6966378
4814000.0,1790.9207,5791.5435,3937.548,249.28585,106.89119,106.89119,106.89119,5812.8422,5800.4926,5761.2959,500.6151,1.6966378
4815000.0,1813.131,5807.4599,3899.5394,246.87954,106.89119,106.89119,106.89119,5826.4289,5866.0794,5729.8715,499.62481,1.6966378
4816000.0,1720.1437,5783.2111,4001.6999,253.34731,106.89119,106.89119,106.89119,5821.2676,5791.459,5736.9069,496.24145,1.6966378
4817000.0,1803.695,5775.2175,3961.2631,250.78726,106.89119,106.89119,106.89119,5784.295,5805.8706,5735.4867,497.02784,1.6966378
4818000.0,1811.3137,5811.7013,4028.5506,255.04723,106.89119,106.89119,106.89119,5849.4602,5820.6217,5765.022,498.30901,1.6966378
4819000.0,1778.395,5787.8317,3910.7271,247.58783,106.89119,106.89119,106.89119,5828.3266,5825.1255,5710.0431,499.63749,1.6966378
4820000.0,1885.3171,5838.3782,4031.9861,255.26473,106.89119,106.89119,106.89119,5775.5686,5919.1492,5820.4167,498.36962,1.6966378
4821000.0,1790.1288,5804.5322,3927.8122,248.66948,106.89119,106.89119,106.89119,5863.94,5801.4687,5748.188,499.15222,1.6966378
4822000.0,1803.7799,5835.2406,4037.6234,255.62162,106.89119,106.89119,106.89119,5810.9254,5874.3209,5820.4754,494.6269,1.6966378
4823000.0,1753.4804,5828.4776,3984.2739,252.24407,106.89119,106.89119,106.89119,5811.6965,5867.5743,5806.1619,503.7653,1.6966378
4824000.0,1874.4046,5803.7861,3980.7245,252.01936,106.89119,106.89119,106.89119,5837.6232,5821.425,5752.3102,503.86118,1.6966378
4825000.0,1647.0681,5753.9747,4026.7644,254.93414,106.89119,106.89119,106.89119,5800.1393,5771.9398,5689.8449,506.57063,1.6966378
4826000.0,1724.8367,5823.3122,4043.0019,255.96213,106.89119,106.89119,106.89119,5843.2325,5863.9542,5762.7501,502.2322,1.6966378
4827000.0,1789.2223,5813.0762,3948.2339,249.96238,106.89119,106.89119,106.89119,5848.4975,5772.1556,5818.5757,506.34351,1.6966378
4828000.0,1768.6876,5801.3306,3981.0165,252.03785,106.89119,106.89119,106.89119,5789.9143,5849.4759,5764.6017,507.36658,1.6966378
4829000.0,1804.0513,5819.6698,3894.9361,246.5881,106.89119,106.89119,106.89119,5908.061,5822.9534,5727.9949,508.26623,1.6966378
4830000.0,1833.2655,5821.0805,4011.3234,253.95657,106.89119,106.89119,106.89119,5854.7489,5765.3829,5843.1095,501.40835,1.6966378
4831000.0,1769.8607,5818.337,3930.4387,248.83577,106.89119,106.89119,106.89119,5921.6942,5796.6706,5736.6463,499.99507,1.6966378
4832000.0,1762.612,5792.6839,3980.2938,251.99209,106.89119,106.89119,106.89119,5812.3207,5799.4197,5766.3113,501.05234,1.6966378
4833000.0,1752.7615,5830.3314,3933.1061,249.00464,106.89119,106.89119,106.89119,5844.8656,5820.4315,5825.6972,500.96172,1.6966378
4834000.0,1786.0674,5808.302,3957.848,250.57105,106.89119,106.89119,106.89119,5833.5694,5798.4435,5792.8931,500.3149,1.6966378
4835000.0,1756.851,5817.5336,4000.976,253.30148,106.89119,106.89119,106.89119,5847.6563,5855.5366,5749.4079,501.64449,1.6966378
4836000.0,1819.2293,5803.7257,3950.6573,250.11581,106.89119,106.89119,106.89119,5886.7598,5812.1937,5712.2236,486.31144,1.6966378
4837000.0,1715.2778,5790.7922,3896.6616,246.69734,106.89119,106.89119,106.89119,5811.9314,5799.8017,5760.6435,489.81529,1.6966378
4838000.0,1730.1886,5788.8064,3939.1441,249.3869,106.89119,106.89119,106.89119,5856.5664,5777.2478,5732.6049,496.00632,1.6966378
4839000.0,1757.1778,5789.5816,4053.5578,256.63043,106.89119,106.89119,106.89119,5865.9652,5809.8783,5692.9013,485.28355,1.6966378
4840000.0,1775.9472,5819.745,3913.353,247.75408,106.89119,106.89119,106.89119,5861.7136,5767.8235,5829.6978,495.57207,1.6966378
4841000.0,1805.5212,5800.1895,3975.2153,251.67057,106.89119,106.89119,106.89119,5772.9678,5835.3688,5792.2319,487.56388,1.6966378
4842000.0,1803.0075,5809.2911,3965.7279,251.06993,106.89119,106.89119,106.89119,5833.4981,5857.8381,5736.5372,484.76454,1.6966378
4843000.0,1803.3069,5815.3707,3940.9373,249.50044,106.89119,106.89119,106.89119,5888.3709,5792.694,5765.0471,485.99776,1.6966378
4844000.0,1795.3969,5786.9221,3889.7129,246.25742,106.89119,106.89119,106.89119,5811.5609,5771.0783,5778.127,499.29738,1.6966378
4845000.0,1726.5526,5772.1052,3933.4061,249.02363,106.89119,106.89119,106.89119,5838.4563,5769.3235,5708.5359,500.02545,1.6966378
4846000.0,1779.6896,5812.3708,3967.666,251.19262,106.89119,106.89119,106.89119,5929.0992,5779.7923,5728.221,497.19611,1.6966378
4847000.0,1808.6989,5798.9486,3994.5492,252.8946,106.89119,106.89119,106.89119,5897.206,5772.4603,5727.1794,501.85767,1.6966378
4848000.0,1773.9619,5796.0178,3946.5602,249.85642,106.89119,106.89119,106.89119,5889.5738,5776.5882,5721.8915,496.84106,1.6966378
4849000.0,1738.4725,5775.7154,3886.2525,246.03834,106.89119,106.89119,106.89119,5812.2782,5728.2623,5786.6058,495.92158,1.6966378
4850000.0,1766.8371,5796.9554,3904.5431,247.19632,106.89119,106.89119,106.89119,5872.2517,5756.8094,5761.8051,495.02261,1.6966378
4851000.0,1798.683,5792.4129,3938.4758,249.3446,106.89119,106.89119,106.89119,5839.5837,5805.381,5732.2738,492.466,1.6966378
4852000.0,1794.0092,5799.7748,3898.4484,246.81047,106.89119,106.89119,106.89119,5857.1264,5846.8035,5695.3944,498.06816,1.6966378
4853000.0,1765.205,5787.5797,3990.1502,252.6161,106.89119,106.89119,106.89119,5834.396,5861.2891,5667.0541,499.97137,1.6966378
4854000.0,1768.3093,5806.5543,3955.4612,250.41994,106.89119,106.89119,106.89119,5902.5509,5715.8798,5801.2323,506.19434,1.6966378
4855000.0,1754.9197,5797.8106,3999.5417,253.21067,106.89119,106.89119,106.89119,5874.8689,5788.5445,5730.0185,500.13798,1.6966378
4856000.0,1719.2693,5789.9989,4004.7585,253.54095,106.89119,106.89119,106.89119,5814.7443,5821.5021,5733.7502,501.04902,1.6966378
4857000.0,1714.3686,5808.6449,3961.4726,250.80052,106.89119,106.89119,106.89119,5840.263,5818.9909,5766.6806,497.93869,1.6966378
4858000.0,1727.7728,5773.9809,3957.3458,250.53925,106.89119,106.89119,106.89119,5786.2493,5796.5503,5739.1432,500.6506,1.6966378
4859000.0,1750.012,5795.681,3944.1747,249.70539,106.89119,106.89119,106.89119,5913.9957,5748.8372,5724.21,500.28372,1.6966378
4860000.0,1736.4404,5795.0072,3904.1476,247.17128,106.89119,106.89119,106.89119,5843.5684,5741.307,5800.1462,503.48398,1.6966378
4861000.0,1837.1773,5803.1115,3984.2628,252.24337,106.89119,106.89119,106.89119,5849.184,5804.4658,5755.6846,497.41116,1.6966378
4862000.0,1785.2338,5796.9481,3977.7622,251.83181,106.89119,106.89119,106.89119,5851.9126,5782.8122,5756.1193,500.8861,1.6966378
4863000.0,1789.7647,5803.6761,3962.2035,250.8468,106.89119,106.89119,106.89119,5857.3025,5811.4089,5742.3169,500.26734,1.6966378
4864000.0,1811.9123,5808.2216,3892.7471,246.44951,106.89119,106.89119,106.89119,5859.346,5863.4501,5701.8687,499.99775,1.6966378
4865000.0,1833.5477,5823.52,3963.941,250.95679,106.89119,106.89119,106.89119,5865.89,5816.5832,5788.0868,499.40317,1.6966378
4866000.0,1764.2226,5796.8502,3945.4218,249.78435,106.89119,106.89119,106.89119,5876.9637,5761.7508,5751.8362,498.65981,1.6966378
4867000.0,1828.4242,5802.709,3920.8883,248.23113,106.89119,106.89119,106.89119,5881.1423,5835.1448,5691.84,499.91309,1.6966378
4868000.0,1802.7159,5797.1045,3966.8881,251.14338,106.89119,106.89119,106.89119,5881.1543,5766.5152,5743.6439,495.60951,1.6966378
4869000.0,1824.3854,5817.1914,3918.7819,248.09777,106.89119,106.89119,106.89119,5854.4337,5880.7492,5716.3913,497.5224,1.6966378
4870000.0,1786.3512,5822.4098,3935.7073,249.16932,106.89119,106.89119,106.89119,5839.8797,5839.4038,5787.9459,502.10752,1.6966378
4871000.0,1824.0582,5828.5287,3858.293,244.26823,106.89119,106.89119,106.89119,5910.1256,5757.7556,5817.7051,502.64161,1.6966378
4872000.0,1592.0713,5762.7251,3889.0813,246.21743,106.89119,106.89119,106.89119,5809.6553,5794.1444,5684.3756,508.51208,1.6966378
4873000.0,1732.1471,5796.0641,3937.9366,249.31046,106.89119,106.89119,106.89119,5850.328,5724.9888,5812.8756,503.48209,1.6966378
4874000.0,1785.7556,5810.0096,3935.9331,249.18362,106.89119,106.89119,106.89119,5841.8198,5801.2916,5786.9174,510.60444,1.6966378
4875000.0,1758.8369,5805.4334,3909.2502,247.49432,106.89119,106.89119,106.89119,5878.8994,5804.3729,5733.0281,502.71178,1.6966378
4876000.0,1791.0677,5816.3564,3954.33,250.34833,106.89119,106.89119,106.89119,5881.7604,5782.4523,5784.8565,508.34478,1.6966378
4877000.0,1779.3622,5804.9086,4035.4402,255.4834,106.89119,106.89119,106.89119,5852.0466,5813.0483,5749.6309,498.54637,1.6966378
4878000.0,1791.0447,5808.5194,3917.8981,248.04182,106.89119,106.89119,106.89119,5882.9322,5780.5574,5762.0687,500.84498,1.6966378
4879000.0,1779.5201,5821.2331,4003.1617,253.43986,106.89119,106.89119,106.89119,5866.8024,5805.4611,5791.4359,503.10179,1.6966378
4880000.0,1837.6645,5799.8893,3918.9079,248.10575,106.89119,106.89119,106.89119,5819.1754,5810.5535,5769.939,500.7023,1.6966378
4881000.0,1819.1654,5800.5675,3948.7529,249.99524,106.89119,106.89119,106.89119,5823.0165,5731.5851,5847.1009,500.22503,1.6966378
4882000.0,1813.7675,5813.5765,3871.7169,245.1181,106.89119,106.89119,106.89119,5822.0575,5833.2,5785.472,505.73279,1.6966378
4883000.0,1803.0393,5822.3157,4011.6602,253.97789,106.89119,106.89119,106.89119,5826.2266,5882.2328,5758.4877,498.82671,1.6966378
4884000.0,1752.0041,5819.029,3897.3212,246.7391,106.89119,106.89119,106.89119,5850.7133,5821.3414,5785.0322,504.36668,1.6966378
4885000.0,1704.4056,5790.6579,3966.9509,251.14735,106.89119,106.89119,106.89119,5841.6965,5772.6329,5757.6442,505.34186,1.6966378
4886000.0,1743.2239,5796.3027,3911.8333,247.65786,106.89119,106.89119,106.89119,5861.9265,5805.8133,5721.1683,507.43549,1.6966378
4887000.0,1774.3147,5791.6535,3884.4943,245.92703,106.89119,106.89119,106.89119,5828.0425,5825.126,5721.7919,504.27343,1.6966378
4888000.0,1786.6893,5804.3257,3950.755,250.12199,106.89119,106.89119,106.89119,5842.9985,5812.8198,5757.1587,501.67776,1.6966378
4889000.0,1726.8583,5804.6096,3962.8049,250.88487,106.89119,106.89119,106.89119,5872.2311,5764.9335,5776.6642,505.22431,1.6966378
4890000.0,1794.1378,5811.782,4031.5466,255.2369,106.89119,106.89119,106.89119,5832.6957,5844.6404,5758.0098,506.33195,1.6966378
4891000.0,1714.2368,5794.0775,3866.3412,244.77776,106.89119,106.89119,106.89119,5766.9195,5799.9985,5815.3146,497.06418,1.6966378
4892000.0,1758.2085,5787.3131,3960.2629,250.72394,106.89119,106.89119,106.89119,5868.5235,5785.0378,5708.3781,495.53204,1.6966378
4893000.0,1704.1738,5773.1982,3988.4909,252.51105,106.89119,106.89119,106.89119,5793.6783,5732.3452,5793.571,495.89718,1.6966378
4894000.0,1761.4068,5802.0229,3901.4233,246.9988,106.89119,106.89119,106.89119,5850.9951,5776.9239,5778.1496,498.60177,1.6966378
4895000.0,1676.565,5799.5128,3931.215,248.88492,106.89119,106.89119,106.89119,5814.8903,5778.9826,5804.6654,503.81652,1.6966378
4896000.0,1787.7646,5782.3593,4052.2289,256.5463,106.89119,106.89119,106.89119,5823.6881,5795.4398,5727.95,503.23451,1.6966378
4897000.0,1748.68,5798.4717,4012.6418,254.04004,106.89119,106.89119,106.89119,5846.5259,5749.0395,5799.8495,488.84034,1.6966378
4898000.0,1805.3547,5801.6847,3938.4319,249.34182,106.89119,106.89119,106.89119,5843.038,5826.9316,5735.0843,483.2021,1.6966378
4899000.0,1749.5652,5787.8886,3961.4834,250.8012,106.89119,106.89119,106.89119,5782.8138,5826.5235,5754.3286,488.49502,1.6966378
4900000.0,1751.9661,5794.8309,3934.7275,249.10729,106.89119,106.89119,106.89119,5823.6335,5856.7905,5704.0687,503.14654,1.6966378
4901000.0,1755.277,5797.9575,3908.3704,247.43862,106.89119,106.89119,106.89119,5794.0476,5809.365,5790.4599,506.26254,1.6966378
4902000.0,1661.8321,5800.07,3967.7738,251.19945,106.89119,106.89119,106.89119,5858.1639,5795.2631,5746.783,500.50097,1.6966378
4903000.0,1732.7443,5817.4025,3953.6854,250.30751,106.89119,106.89119,106.89119,5806.7544,5880.5347,5764.9185,500.81919,1.6966378
4904000.0,1759.6459,5791.3667,3982.1239,252.10795,106.89119,106.89119,106.89119,5847.4727,5757.9475,5768.6797,498.87384,1.6966378
4905000.0,1744.6836,5801.5346,3875.9009,245.38298,106.89119,106.89119,106.89119,5855.1641,5803.8918,5745.5479,498.41705,1.6966378
4906000.0,1699.7247,5794.9891,3955.8097,250.442,106.89119,106.89119,106.89119,5849.314,5737.4139,5798.2394,495.93113,1.6966378
4907000.0,1792.6067,5812.9958,4039.6761,255.75158,106.89119,106.89119,106.89119,5842.9275,5831.8333,5764.2265,494.97068,1.6966378
4908000.0,1775.1037,5805.4731,4041.7559,255.88325,106.89119,106.89119,106.89119,5892.2819,5807.4588,5716.6784,497.39339,1.6966378
4909000.0,1757.6756,5809.3883,3965.4044,251.04944,106.89119,106.89119,106.89119,5879.4643,5820.7782,5727.9223,498.00421,1.6966378
4910000.0,1767.7851,5812.2667,3968.0798,251.21882,106.89119,106.89119,106.89119,5852.9858,5863.4346,5720.3798,499.40467,1.6966378
4911000.0,1723.4106,5770.4669,3962.4709,250.86372,106.89119,106.89119,106.89119,5823.2872,5779.5954,5708.518,498.44663,1.6966378
4912000.0,1743.7208,5797.444,3913.3576,247.75436,106.89119,106.89119,106.89119,5841.7667,5795.7355,5754.8298,496.91448,1.6966378
4913000.0,1757.0935,5812.3163,4031.6293,255.24214,106.89119,106.89119,106.89119,5882.2429,5816.9274,5737.7785,499.04606,1.6966378
4914000.0,1742.6199,5800.0441,3911.3153,247.62506,106.89119,106.89119,106.89119,5867.9412,5783.9399,5748.2513,497.23867,1.6966378
4915000.0,1820.8586,5810.6957,3980.1356,251.98207,106.89119,106.89119,106.89119,5805.0656,5792.0837,5834.9378,494.28666,1.6966378
4916000.0,1757.7209,5825.8031,3975.1478,251.6663,106.89119,106.89119,106.89119,5882.8609,5811.296,5783.2523,494.03232,1.6966378
4917000.0,1691.0765,5789.8512,3927.5544,248.65316,106.89119,106.89119,106.89119,5837.3995,5777.5493,5754.605,490.2646,1.6966378
4918000.0,1779.5319,5784.118,3977.9203,251.84183,106.89119,106.89119,106.89119,5805.5294,5739.8458,5806.9787,497.32638,1.6966378
4919000.0,1754.7689,5788.7454,3937.7646,249.29957,106.89119,106.89119,106.89119,5829.8308,5744.3944,5792.0109,493.75926,1.6966378
4920000.0,1745.3974,5761.2261,3910.2244,247.556,106.89119,106.89119,106.89119,5787.1859,5762.2853,5734.2071,495.40803,1.6966378
4921000.0,1747.9948,5798.0071,3971.837,251.45669,106.89119,106.89119,106.89119,5853.62,5790.2491,5750.1521,498.50718,1.6966378
4922000.0,1794.5387,5808.371,3954.6248,250.36699,106.89119,106.89119,106.89119,5864.9151,5851.0321,5709.166,500.50529,1.6966378
4923000.0,1797.4454,5810.5815,3927.6808,248.66116,106.89119,106.89119,106.89119,5859.2991,5751.531,5820.9144,499.58263,1.6966378
4924000.0,1707.2248,5780.7114,4024.305,254.77844,106.89119,106.89119,106.89119,5786.8993,5787.668,5767.5669,498.15595,1.6966378
4925000.0,1762.6454,5788.2666,3920.1389,248.18369,106.89119,106.89119,106.89119,5806.9981,5792.9405,5764.8611,500.01608,1.6966378
4926000.0,1601.6189,5755.1337,3908.4754,247.44528,106.89119,106.89119,106.89119,5803.4775,5711.0309,5750.8927,500.27125,1.6966378
4927000.0,1739.3026,5804.9442,3968.1348,251.22231,106.89119,106.89119,106.89119,5858.2638,5797.523,5759.0458,502.83436,1.6966378
4928000.0,1722.1761,5785.909,4002.424,253.39315,106.89119,106.89119,106.89119,5805.0163,5782.3306,5770.3802,503.69906,1.6966378
4929000.0,1762.1094,5812.8067,3958.5074,250.61279,106.89119,106.89119,106.89119,5843.5351,5788.2452,5806.6399,498.13465,1.6966378
4930000.0,1822.2622,5805.2706,3978.4509,251.87542,106.89119,106.89119,106.89119,5866.9551,5786.3243,5762.5325,503.4188,1.6966378
4931000.0,1773.7305,5829.4459,3899.7794,246.89473,106.89119,106.89119,106.89119,5897.3971,5847.298,5743.6426,499.05674,1.6966378
4932000.0,1813.3993,5811.8557,3946.3081,249.84046,106.89119,106.89119,106.89119,5841.4175,5803.4584,5790.6912,492.09457,1.6966378
4933000.0,1775.4649,5798.7702,3962.7459,250.88114,106.89119,106.89119,106.89119,5891.2187,5746.4448,5758.6471,498.3369,1.6966378
4934000.0,1731.3785,5795.7945,3981.8564,252.09102,106.89119,106.89119,106.89119,5855.791,5747.1012,5784.4912,499.5444,1.6966378
4935000.0,1725.5014,5778.4011,3925.0598,248.49523,106.89119,106.89119,106.89119,5832.8625,5779.7679,5722.5728,508.70796,1.6966378
4936000.0,1735.9835,5777.6072,4002.0446,253.36913,106.89119,106.89119,106.89119,5796.4268,5791.1745,5745.2202,507.11921,1.6966378
4937000.0,1778.7551,5811.9407,3898.8918,246.83854,106.89119,106.89119,106.89119,5905.0357,5762.996,5767.7905,507.59408,1.6966378
4938000.0,1787.0555,5802.6531,3904.0434,247.16469,106.89119,106.89119,106.89119,5856.5551,5787.2406,5764.1636,507.77895,1.6966378
4939000.0,1728.7776,5790.721,3963.6815,250.94037,106.89119,106.89119,106.89119,5858.0857,5783.3252,5730.7521,504.6612,1.6966378
4940000.0,1760.851,5762.9452,4015.3111,254.20903,106.89119,106.89119,106.89119,5833.9736,5713.2079,5741.6541,503.63209,1.6966378
4941000.0,1752.2743,5806.9295,3932.637,248.97494,106.89119,106.89119,106.89119,5884.3455,5764.126,5772.3172,506.02429,1.6966378
4942000.0,1803.1464,5801.6335,4008.9285,253.80495,106.89119,106.89119,106.89119,5787.7746,5813.9546,5803.1713,504.54338,1.6966378
4943000.0,1776.872,5781.5523,3961.6548,250.81206,106.89119,106.89119,106.89119,5814.1492,5755.1452,5775.3626,499.40416,1.6966378
4944000.0,1799.7846,5806.218,3868.6938,244.9267,106.89119,106.89119,106.89119,5822.5506,5794.4475,5801.656,500.77889,1.6966378
4945000.0,1715.0436,5795.7052,3993.2392,252.81166,106.89119,106.89119,106.89119,5862.8335,5794.0841,5730.1981,501.60042,1.6966378
4946000.0,1814.8494,5815.7697,3906.3686,247.31189,106.89119,106.89119,106.89119,5828.1469,5836.0085,5783.1539,503.44442,1.6966378
4947000.0,1761.9094,5804.0608,3928.261,248.6979,106.89119,106.89119,106.89119,5859.3204,5798.7433,5754.1186,491.13941,1.6966378
4948000.0,1790.585,5832.7419,3997.6434,253.09049,106.89119,106.89119,106.89119,5844.3362,5849.6282,5804.2613,493.96327,1.6966378
4949000.0,1765.6734,5816.6892,3921.2696,248.25527,106.89119,106.89119,106.89119,5798.0831,5884.9565,5767.0281,497.30158,1.6966378
4950000.0,1806.6391,5813.9046,3898.12,246.78967,106.89119,106.89119,106.89119,5873.4251,5813.7009,5754.5879,498.09997,1.6966378
4951000.0,1771.4383,5777.0308,3982.1676,252.11072,106.89119,106.89119,106.89119,5840.1867,5786.2222,5704.6835,499.43464,1.6966378
4952000.0,1782.0705,5800.425,3935.4202,249.15114,106.89119,106.89119,106.89119,5823.487,5831.006,5746.7819,500.08163,1.6966378
4953000.0,1709.6661,5797.5476,4071.5074,257.76682,106.89119,106.89119,106.89119,5818.2143,5788.2499,5786.1785,504.83005,1.6966378
4954000.0,1679.2411,5776.8564,3988.8478,252.53365,106.89119,106.89119,106.89119,5859.9494,5713.8601,5756.7598,501.78323,1.6966378
4955000.0,1710.5703,5780.7482,3957.1508,250.52691,106.89119,106.89119,106.89119,5881.4219,5751.1373,5709.6855,501.06091,1.6966378
4956000.0,1709.3229,5786.0358,3928.8015,248.73211,106.89119,106.89119,106.89119,5845.8688,5767.6362,5744.6023,500.83456,1.6966378
4957000.0,1715.2327,5785.4317,3947.3919,249.90908,106.89119,106.89119,106.89119,5827.6624,5751.2567,5777.3759,495.5381,1.6966378
4958000.0,1738.1646,5809.2294,3933.2503,249.01377,106.89119,106.89119,106.89119,5898.5814,5774.0144,5755.0923,496.05364,1.6966378
4959000.0,1782.2729,5775.5213,3932.02,248.93588,106.89119,106.89119,106.89119,5810.816,5756.3366,5759.4113,499.31814,1.6966378
4960000.0,1726.9727,5788.471,3935.7687,249.17321,106.89119,106.89119,106.89119,5812.5079,5778.3434,5774.5617,498.39178,1.6966378
4961000.0,1794.233,5808.9509,3998.4296,253.14026,106.89119,106.89119,106.89119,5855.9322,5781.9728,5788.9476,495.16389,1.6966378
4962000.0,1734.9333,5794.3982,3968.8895,251.27009,106.89119,106.89119,106.89119,5830.3727,5756.4851,5796.3369,495.14724,1.6966378
4963000.0,1816.2937,5813.905,3934.4481,249.0896,106.89119,106.89119,106.89119,5807.3649,5821.2847,5813.0654,501.08059,1.6966378
4964000.0,1834.6886,5823.84,3914.8278,247.84744,106.89119,106.89119,106.89119,5889.512,5799.0567,5782.9513,498.82896,1.6966378
4965000.0,1783.3189,5807.1129,4000.8098,253.29096,106.89119,106.89119,106.89119,5843.4205,5799.2738,5778.6445,500.43941,1.6966378
4966000.0,1811.4948,5796.4581,3940.2738,249.45843,106.89119,106.89119,106.89119,5871.7658,5740.0428,5777.5656,489.43858,1.6966378
4967000.0,1729.3661,5832.3458,3928.0223,248.68279,106.89119,106.89119,106.89119,5904.7139,5778.5119,5813.8116,499.81496,1.6966378
4968000.0,1695.5985,5799.3448,4055.1697,256.73248,106.89119,106.89119,106.89119,5843.9074,5758.7807,5795.3464,491.71068,1.6966378
4969000.0,1739.44,5788.3128,3987.1334,252.42511,106.89119,106.89119,106.89119,5811.1175,5802.8051,5751.0158,496.69769,1.6966378
4970000.0,1761.9419,5789.1562,3913.664,247.77377,106.89119,106.89119,106.89119,5875.7374,5778.6897,5713.0415,497.16424,1.6966378
4971000.0,1745.6966,5774.4798,3996.2916,253.00491,106.89119,106.89119,106.89119,5857.1218,5774.8389,5691.4786,498.28749,1.6966378
4972000.0,1761.8704,5792.6318,3949.6996,250.05517,106.89119,106.89119,106.89119,5805.0613,5803.3292,5769.5049,494.03269,1.6966378
4973000.0,1786.4913,5818.6008,3874.9594,245.32338,106.89119,106.89119,106.89119,5810.1796,5815.3492,5830.2735,495.29508,1.6966378
4974000.0,1690.6556,5769.2126,3871.914,245.13057,106.89119,106.89119,106.89119,5783.3839,5767.6574,5756.5964,499.28285,1.6966378
4975000.0,1715.0734,5792.997,3891.9168,246.39695,106.89119,106.89119,106.89119,5794.8777,5796.8107,5787.3027,496.38727,1.6966378
4976000.0,1686.4208,5779.7233,3933.7665,249.04645,106.89119,106.89119,106.89119,5814.2018,5713.3335,5811.6346,497.36024,1.6966378
4977000.0,1808.2643,5797.4336,3896.2167,246.66917,106.89119,106.89119,106.89119,5887.2861,5760.0407,5744.9742,492.58393,1.6966378
4978000.0,1746.0546,5806.7313,3989.0308,252.54523,106.89119,106.89119,106.89119,5835.2223,5795.4645,5789.5071,494.08479,1.6966378
4979000.0,1643.4206,5751.0164,3965.7475,251.07117,106.89119,106.89119,106.89119,5809.7246,5726.1778,5717.1468,499.20323,1.6966378
4980000.0,1808.7866,5814.5949,3863.8582,244.62056,106.89119,106.89119,106.89119,5853.1922,5784.5197,5806.0727,497.0924,1.6966378
4981000.0,1729.1446,5791.3061,3917.0785,247.98993,106.89119,106.89119,106.89119,5777.2799,5779.4467,5817.1916,496.713,1.6966378
4982000.0,1723.7664,5780.0986,3920.3351,248.19611,106.89119,106.89119,106.89119,5837.4818,5698.7197,5804.0943,494.11319,1.6966378
4983000.0,1733.5478,5787.8465,3971.3546,251.42615,106.89119,106.89119,106.89119,5840.0472,5769.1067,5754.3857,503.36543,1.6966378
4984000.0,1787.489,5783.1809,3876.6097,245.42786,106.89119,106.89119,106.89119,5854.8037,5717.5282,5777.2109,499.70434,1.6966378
4985000.0,1773.0937,5801.136,3928.8422,248.73469,106.89119,106.89119,106.89119,5902.4413,5771.3276,5729.6391,492.74752,1.6966378
4986000.0,1819.7588,5825.4611,3880.7399,245.68934,106.89119,106.89119,106.89119,5882.1806,5756.6854,5837.5174,509.52644,1.6966378
4987000.0,1763.2861,5807.3325,3928.3034,248.70058,106.89119,106.89119,106.89119,5905.7259,5736.5691,5779.7024,508.1581,1.6966378
4988000.0,1723.5533,5791.601,3930.9337,248.8671,106.89119,106.89119,106.89119,5780.2328,5788.0951,5806.4752,498.70147,1.6966378
4989000.0,1756.0785,5795.1401,3926.3162,248.57477,106.89119,106.89119,106.89119,5829.9263,5823.2719,5732.222,495.57214,1.6966378
4990000.0,1780.7252,5804.9955,3939.7329,249.42418,106.89119,106.89119,106.89119,5864.688,5795.3202,5754.9782,487.65714,1.6966378
4991000.0,1769.5662,5779.6765,3934.1971,249.07371,106.89119,106.89119,106.89119,5801.5498,5723.6201,5813.8596,497.985,1.6966378
4992000.0,1831.9954,5793.6533,4034.1914,255.40434,106.89119,106.89119,106.89119,5815.3939,5825.6811,5739.885,502.75611,1.6966378
4993000.0,1717.3083,5802.0496,4013.4072,254.0885,106.89119,106.89119,106.89119,5850.7911,5838.6599,5716.6977,498.55589,1.6966378
4994000.0,1766.4085,5825.4644,3939.8265,249.43011,106.89119,106.89119,106.89119,5846.7789,5822.5933,5807.0209,495.44886,1.6966378
4995000.0,1722.419,5781.4276,3942.2847,249.58574,106.89119,106.89119,106.89119,5857.3461,5730.7729,5756.1638,485.1204,1.6966378
4996000.0,1810.7211,5807.2643,3976.5738,251.75658,106.89119,106.89119,106.89119,5869.3099,5807.9613,5744.5217,505.62868,1.6966378
4997000.0,1698.1826,5782.2863,3906.1394,247.29738,106.89119,106.89119,106.89119,5828.5418,5763.5618,5754.7554,499.45636,1.6966378
4998000.0,1774.6851,5802.5882,3927.2658,248.63489,106.89119,106.89119,106.89119,5898.8398,5767.4087,5741.5159,497.8742,1.6966378
4999000.0,1815.6589,5809.7354,3981.3081,252.05631,106.89119,106.89119,106.89119,5862.5553,5770.46,5796.1909,499.10289,1.6966378
5000000.0,1763.7518,5795.8711,3941.2343,249.51924,106.89119,106.89119,106.89119,5884.4702,5760.8925,5742.2506,499.16481,1.6966378
5001000.0,1715.1582,5796.8841,3983.32,252.18368,106.89119,106.89119,106.89119,5855.156,5799.2724,5736.2238,492.14742,1.6966378
5002000.0,1631.0845,5780.236,3981.2527,252.0528,106.89119,106.89119,106.89119,5830.9122,5711.5055,5798.2902,499.37134,1.6966378
5002971.0,1738.6666,5816.4525,4029.6099,255.11429,106.89119,106.89119,106.89119,5831.4134,5858.1682,5759.7758,497.25205,1.6966378
